#{"t_start": 1762492845.358349, "env_id": "None"}
r,l,t
-429.097704,500,2.922323
-435.818969,500,3.229349
-439.439214,500,3.534078
-439.157502,500,3.836561
-431.987126,500,4.13972
-435.042106,495,4.435146
-432.460717,493,4.730148
-428.703907,490,5.023273
-427.517073,493,5.320317
-429.526193,490,5.616549
-426.886563,488,5.91054
-426.423079,488,6.203621
-424.363766,488,6.497454
-426.383889,490,6.79243
-423.734636,490,7.087219
-422.537629,486,7.379083
-429.814315,489,7.674828
-424.247216,487,7.965749
-424.505065,488,8.258106
-424.343009,486,8.547527
-423.50604,486,8.837715
-423.929391,485,9.12755
-426.62461,485,9.419911
-424.062246,487,9.711918
-422.902146,486,10.003183
-421.805055,486,10.294303
-423.617644,487,10.586076
-421.827113,486,10.877024
-432.611426,486,11.16963-8.851932,19,11.507695
-8.95-8.236191,18,14.202646
-8.228663,18,14.213683
-8.224948,18,14.224695
-8.217108,18,14.235664
-8.214359,18,14.246574
-8.224963,18,14.257684
-8.206023,18,14.269015
-8.236934,18,14.280253
-8.226141,18,14.291217
-8.207966,18,14.30237
-8.150005,18,14.313587
-8.221206,18,14.324604
-8.218131,18,14.335546
-8.216037,18,14.346447
-8.152557,18,14.357466
-8.157287,18,14.368472
-8.11573,18,14.3794
-8.118102,18,14.390309
-8.101687,18,14.401162
-8.112471,18,14.412059
-8.106864,18,14.422987
-8.056422,18,14.433933
-8.06515,18,14.444819
-8.055892,18,14.455717
-8.055545,18,14.467132
-8.052902,18,14.478346
-8.043952,18,14.489378
-8.042864,18,14.501305
-8.04789,18,14.512283
-8.045266,18,14.523204
-8.307314,18,16.489063
-8.331238,18,16.500141
-8.255539,18,16.51126
-8.248984,18,16.522479
-8.237279,18,16.533679
-8.229157,18,16.544693
-8.243861,18,16.555664
-8.182828,18,16.56657
-8.168494,18,16.577587
-8.159571,18,16.588531
-8.158815,18,16.59949
-8.157811,18,16.610679
-8.157277,18,16.621867
-8.211479,18,16.632788
-8.244748,18,16.643701
-8.252647,18,16.654598
-8.278234,18,16.665532
-8.262734,18,16.67643
-8.258647,18,16.687772
-8.268783,18,16.69885
-8.280445,18,16.709984
-8.233302,18,16.721126
-8.23801,18,16.732033
-8.22342,18,16.742984
-8.250281,18,16.753906
-8.236146,18,16.764829
-8.225021,18,16.775784
-8.235613,18,16.786663
-8.239418,18,16.797643
-8.221245,18,16.808577
-8.635729,19,19.48851
-8.635511,19,19.500117
-8.626206,19,19.511707
-8.707215,19,19.523344
-8.667626,19,19.534998
-8.725264,19,19.546723
-8.592092,19,19.558352
-8.668466,19,19.569978
-8.70606,19,19.581472
-8.651941,19,19.593136
-8.680497,19,19.604698
-8.666617,19,19.616184
-8.684277,19,19.627698
-8.715623,19,19.639088
-8.690607,19,19.650514
-8.666432,19,19.662078
-8.694476,19,19.673817
-8.670608,19,19.68531
-8.680254,19,19.696748
-8.725719,19,19.708149
-8.687547,19,19.719675
-8.712397,19,19.731325
-8.673932,19,19.743006
-8.718847,19,19.75468
-8.695925,19,19.766237
-8.721098,19,19.777758
-8.67303,19,19.789244
-8.703242,19,19.800719
-8.687974,19,19.812159
-8.698141,19,19.823622
-6.121231,18,22.4413
-6.154004,18,22.452548
-6.116501,18,22.463448
-6.146067,18,22.474371
-6.112808,18,22.485225
-6.149668,18,22.496068
-6.131857,18,22.506918
-6.176276,18,22.517962
-6.166568,18,22.528835
-6.171663,18,22.539696
-6.105262,18,22.550725
-6.13262,18,22.561836
-6.134983,18,22.572793
-6.126313,18,22.583684
-6.131206,18,22.59461
-6.136213,18,22.605494
-6.130788,18,22.616367
-6.146755,18,22.627352
-6.118446,18,22.638214
-6.109817,18,22.649106
-6.10921,18,22.660025
-6.094766,18,22.670893
-6.105901,18,22.681751
-6.111725,18,22.69263
-6.096467,18,22.7036
-6.117531,18,22.714472
-6.148082,18,22.725232
-6.120025,18,22.736094
-6.113894,18,22.746881
-6.139072,18,22.758035
-6.147075,18,24.70007
-6.158899,18,24.711002
-6.150294,18,24.722086
-6.160389,18,24.733075
-6.162442,18,24.744038
-6.158875,18,24.755011
-6.157626,18,24.765976
-6.152588,18,24.776996
-6.15971,18,24.788213
-6.164392,18,24.799304
-6.155258,18,24.810508
-6.148581,18,24.821541
-6.149395,18,24.832536
-6.15491,18,24.843516
-6.157431,18,24.854487
-6.15406,18,24.865559
-6.140594,18,24.876685
-6.103374,18,24.887656
-6.164272,18,24.898543
-6.144605,18,24.909442
-6.18161,18,24.920542
-6.193974,18,24.931575
-6.15214,18,24.942538
-6.181017,18,24.953735
-6.17735,18,24.964859
-6.201918,18,24.975801
-6.204756,18,24.987046
-6.207313,18,24.998111
-6.20363,18,25.009145
-6.208686,18,25.020074
-6.144549,18,27.628175
-6.160688,18,27.639262
-6.168439,18,27.65058
-6.139857,18,27.661747
-6.146704,18,27.673047
-6.171817,18,27.684266
-6.162047,18,27.695323
-6.12475,18,27.706558
-6.135361,18,27.717771
-6.105653,18,27.729072
-6.197174,18,27.740228
-6.194255,18,27.751466
-6.121433,18,27.762894
-6.075702,18,27.774261
-6.097892,18,27.785571
-6.104596,18,27.797041
-6.18258,18,27.808373
-6.110087,18,27.819997
-6.061804,18,27.83155
-6.054007,18,27.843009
-6.123266,18,27.85415
-6.0896,18,27.865469
-6.150188,18,27.876588
-6.173575,18,27.887907
-6.176096,18,27.89921
-6.143538,18,27.910452
-6.134675,18,27.921693
-6.130753,18,27.933203
-6.164808,18,27.944553
-6.124014,18,27.955919
-6.115916,18,29.971982
-6.106833,18,29.983022
-6.11083,18,29.993984
-6.11321,18,30.004977
-6.111325,18,30.015915
-6.122392,18,30.026814
-6.128643,18,30.038094
-6.137212,18,30.049393
-6.143759,18,30.060713
-6.128422,18,30.072028
-6.144937,18,30.115979
-6.097629,18,30.127338
-6.107321,18,30.13845
-6.092844,18,30.149486
-6.071498,18,30.160466
-6.076888,18,30.171433
-6.101569,18,30.18236
-6.111187,18,30.193283
-6.101581,18,30.204337
-6.10082,18,30.215344
-6.116822,18,30.226339
-6.149312,18,30.237678
-6.11876,18,30.248975
-6.114684,18,30.260145
-6.097201,18,30.271161
-6.077858,18,30.282224
-6.083165,18,30.293272
-6.091741,18,30.304275
-6.08018,18,30.315252
-6.078013,18,30.326355
-6.024754,18,30.337473
-6.162731,18,30.348587
-6.204477,18,30.36001
-6.199973,18,30.371132
-6.132101,18,30.382123
-6.136063,18,30.393079
-6.12579,18,30.404077
-6.112363,18,30.415035
-6.118966,18,30.425901
-6.06848,18,30.437063
-7.557117,18,33.082752
-7.557522,18,33.09374
-7.55793,18,33.104634
-7.558323,18,33.115536
-7.558706,18,33.126659
-7.55909,18,33.13788
-7.559472,18,33.1488
-7.559854,18,33.159714
-7.560236,18,33.170583
-7.560213,18,33.181407
-7.560187,18,33.192273
-7.560162,18,33.203219
-7.560136,18,33.214068
-7.559868,18,33.224892
-7.558385,18,33.235741
-7.556928,18,33.246556
-7.555485,18,33.257386
-7.571856,18,33.268413
-7.569967,18,33.279577
-7.568111,18,33.290785
-7.562251,18,33.301731
-7.560413,18,33.312721
-7.560668,18,33.323622
-7.555002,18,33.334882
-7.557295,18,33.34608
-7.556373,18,33.357165
-7.553053,18,33.368163
-7.556682,18,33.379116
-7.555668,18,33.390005
-7.554605,18,33.40085
-7.743314,18,36.024902
-7.738322,18,36.035952
-7.735374,18,36.047158
-7.733506,18,36.058315
-7.734074,18,36.069542
-7.735649,18,36.080755
-7.734241,18,36.091875
-7.727572,18,36.103078
-7.718509,18,36.114339
-7.714739,18,36.125697
-7.707119,18,36.136936
-7.726953,18,36.148205
-7.71065,18,36.159447
-7.715147,18,36.170823
-7.715748,18,36.182079
-7.716181,18,36.193331
-7.716606,18,36.204648
-7.717427,18,36.215788
-7.717423,18,36.226958
-7.714831,18,36.238206
-7.720642,18,36.249429
-7.721061,18,36.260469
-7.721408,18,36.271633
-7.721664,18,36.282808
-7.721921,18,36.294296
-7.722492,18,36.305536
-7.72369,18,36.316798
-7.724866,18,36.328164
-7.724821,18,36.339373
-7.723908,18,36.350689
-7.722719,18,38.3494
-7.721307,18,38.360796
-7.719845,18,38.372226
-7.71056,18,38.383562
-7.721601,18,38.395015
-7.730022,18,38.40661
-7.732268,18,38.417914
-7.734487,18,38.429042
-7.72975,18,38.440277
-7.729866,18,38.451601
-7.728855,18,38.463035
-7.732614,18,38.474366
-7.730255,18,38.485817
-7.731346,18,38.497218
-7.730199,18,38.508538
-7.72958,18,38.519901
-7.729428,18,38.531342
-7.729276,18,38.542893
-7.729125,18,38.554228
-7.728973,18,38.565608
-7.728795,18,38.577182
-7.727607,18,38.588478
-7.725361,18,38.599775
-7.723376,18,38.611077
-7.726217,18,38.622382
-7.72822,18,38.633695
-7.727911,18,38.644991
-7.727488,18,38.656174
-7.727065,18,38.667334
-7.726819,18,38.678673
-8.149793,18,41.412247
-8.157694,18,41.42367
-8.161671,18,41.435151
-8.16165,18,41.446533
-8.161504,18,41.457733
-8.161179,18,41.468964
-8.160879,18,41.480151
-8.160568,18,41.491324
-8.160744,18,41.502534
-8.161256,18,41.513543
-8.161718,18,41.524844
-8.162082,18,41.536125
-8.163271,18,41.54734
-8.173282,18,41.558707
-8.183133,18,41.569874
-8.184224,18,41.581208
-8.185513,18,41.592519
-8.171866,18,41.603862
-8.186169,18,41.615101
-8.177407,18,41.626446
-8.164116,18,41.637753
-8.162565,18,41.648843
-8.158682,18,41.659832
-8.156727,18,41.670988
-8.156991,18,41.682184
-8.158464,18,41.693187
-8.152662,18,41.704353
-8.162531,18,41.715703
-8.164686,18,41.72688
-8.162107,18,41.737972
-8.153037,18,43.753204
-8.153889,18,43.764887
-8.111633,18,43.776267
-8.133917,18,43.787719
-8.133466,18,43.798913
-8.13334,18,43.810342
-8.143513,18,43.821734
-8.14734,18,43.833022
-8.140809,18,43.844384
-8.144007,18,43.855747
-8.145181,18,43.867021
-8.144805,18,43.878297
-8.145032,18,43.889721
-8.138913,18,43.900827
-8.15027,18,43.912186
-8.156821,18,43.923554
-8.162425,18,43.934811
-8.147298,18,43.946072
-8.143771,18,43.957475
-8.141812,18,43.968897
-8.14163,18,43.980365
-8.14552,18,43.99171
-8.145152,18,44.002947
-8.145819,18,44.014498
-8.146961,18,44.025961
-8.136587,18,44.037232
-8.135332,18,44.048547
-8.142528,18,44.059715
-8.139961,18,44.071109
-8.144859,18,44.082429
-8.066729,18,46.703221
-8.07031,18,46.714641
-8.075946,18,46.725928
-8.080882,18,46.737422
-8.081319,18,46.748984
-8.078867,18,46.76036
-8.082838,18,46.771671
-8.073938,18,46.78286
-8.071812,18,46.794171
-8.076893,18,46.805553
-8.081028,18,46.816713
-8.094439,18,46.828064
-8.093782,18,46.839228
-8.090632,18,46.850698
-8.077834,18,46.862157
-8.079333,18,46.873792
-8.077918,18,46.885245
-8.072825,18,46.896669
-8.074707,18,46.908019
-8.078871,18,46.919413
-8.080028,18,46.930719
-8.074235,18,46.942038
-8.062363,18,46.953235
-8.053186,18,46.964569
-8.043883,18,46.975903
-8.055141,18,46.98715
-8.060794,18,46.998512
-8.061798,18,47.009779
-8.059662,18,47.021098
-8.061515,18,47.032233
-6.903419,17,49.68418
-6.903413,17,49.694784
-6.903407,17,49.705629
-6.9034,17,49.716438
-6.903394,17,49.727279
-6.903387,17,49.73805
-6.903381,17,49.748762
-6.903375,17,49.759571
-6.903368,17,49.770736
-6.903362,17,49.781543
-6.903356,17,49.792385
-6.903349,17,49.803109
-6.903343,17,49.813824
-6.903337,17,49.824469
-6.903331,17,49.835397
-6.903325,17,49.846141
-6.903318,17,49.856885
-6.903312,17,49.867777
-6.903306,17,49.878525
-6.9033,17,49.889314
-6.903294,17,49.899853
-6.903288,17,49.910749
-6.903282,17,49.921682
-6.903275,17,49.932599
-6.903269,17,49.943102
-6.903263,17,49.953738
-6.903257,17,49.964272
-6.903251,17,49.974894
-6.903245,17,49.985626
-6.903239,17,49.996342
-8.044047,18,52.022045
-8.04402,18,52.033211
-8.043991,18,52.044484
-8.043963,18,52.055771
-8.043936,18,52.067095
-8.043918,18,52.078371
-8.043919,18,52.089695
-8.04392,18,52.100989
-8.043921,18,52.112103
-8.043922,18,52.123237
-8.043921,18,52.135558
-8.04392,18,52.147182
-8.043919,18,52.158684
-8.043917,18,52.170058
-8.043914,18,52.181615
-8.043912,18,52.193117
-8.04391,18,52.204633
-8.043907,18,52.216011
-8.043905,18,52.227462
-8.043902,18,52.238751
-8.043899,18,52.25013
-8.043897,18,52.26139
-8.043894,18,52.272637
-8.043892,18,52.284101
-8.043889,18,52.295483
-8.043886,18,52.306934
-8.043884,18,52.318176
-8.043881,18,52.329572
-8.043878,18,52.340985
-8.043875,18,52.352375
-8.043872,18,52.363834
-8.043869,18,52.375268
-8.043866,18,52.386874
-8.043863,18,52.398417
-8.04386,18,52.409714
-8.043857,18,52.420989
-8.043854,18,52.432238
-8.043851,18,52.443585
-8.043847,18,52.455003
-8.043844,18,52.466196
-6.645404,17,55.256213
-6.645325,17,55.266824
-6.645241,17,55.277567
-6.645147,17,55.288085
-6.645056,17,55.298824
-6.644966,17,55.309441
-6.644876,17,55.320098
-6.644791,17,55.330851
-6.644693,17,55.341609
-6.64461,17,55.352281
-6.644516,17,55.363217
-6.644424,17,55.373815
-6.644345,17,55.384568
-6.644252,17,55.39557
-6.644164,17,55.406474
-6.644081,17,55.417502
-6.644002,17,55.428185
-6.643925,17,55.439076
-6.643849,17,55.44981
-6.643782,17,55.460488
-6.643704,17,55.471048
-6.643626,17,55.481857
-6.643557,17,55.492777
-6.643477,17,55.503565
-6.643408,17,55.51407
-6.643334,17,55.524683
-6.643262,17,55.535183
-6.643189,17,55.545659
-6.643112,17,55.556385
-6.643041,17,55.566891
-6.642969,17,57.591257
-6.642896,17,57.602084
-6.642826,17,57.612739
-6.642742,17,57.623546
-6.642639,17,57.634463
-6.642531,17,57.645377
-6.642428,17,57.656425
-6.642321,17,57.667065
-6.642223,17,57.677798
-6.642109,17,57.688568
-6.641988,17,57.699356
-6.641874,17,57.71006
-6.641754,17,57.720748
-6.641639,17,57.731384
-6.641526,17,57.742069
-6.641407,17,57.752718
-6.641291,17,57.763368
-6.641178,17,57.77406
-6.641071,17,57.78484
-6.640943,17,57.795714
-6.640834,17,57.806543
-6.640716,17,57.817239
-6.640592,17,57.827985
-6.640492,17,57.83883
-6.64037,17,57.84976
-6.640255,17,57.860377
-6.640229,17,57.871171
-6.640206,17,57.882028
-6.640183,17,57.89267
-6.64016,17,57.903253
-6.722228,17,60.604146
-6.722193,17,60.614988
-6.722159,17,60.625711
-6.722123,17,60.636406
-6.731483,17,60.647345
-6.722049,17,60.658258
-6.722012,17,60.669013
-6.721976,17,60.67969
-6.721939,17,60.69081
-6.721903,17,60.701604
-6.721866,17,60.712645
-6.72183,17,60.72332
-6.721793,17,60.734132
-6.721756,17,60.745188
-6.72172,17,60.756226
-6.721683,17,60.76696
-6.721647,17,60.777722
-6.72161,17,60.788464
-6.721573,17,60.798995
-6.721537,17,60.809731
-6.7215,17,60.820534
-6.721464,17,60.83133
-6.721426,17,60.842148
-6.72139,17,60.852983
-6.721353,17,60.863731
-6.721318,17,60.874528
-6.72128,17,60.885113
-6.721243,17,60.895876
-6.721207,17,60.906614
-6.72117,17,60.917321
-6.699484,17,63.568029
-6.700628,17,63.578968
-6.701556,17,63.589804
-6.706732,17,63.600486
-6.679216,17,63.61123
-6.677203,17,63.621966
-6.683162,17,63.632603
-6.675272,17,63.643335
-6.665689,17,63.654023
-6.691103,17,63.664794
-6.683479,17,63.675304
-6.677164,17,63.685951
-6.677612,17,63.696635
-6.669372,17,63.707429
-6.688958,17,63.718131
-6.672267,17,63.728968
-6.675063,17,63.739794
-6.679135,17,63.750704
-6.67767,17,63.7615
-6.678987,17,63.772232
-6.691839,17,63.782911
-6.690586,17,63.793632
-6.639505,17,63.804352
-6.63901,17,63.814955
-6.638852,17,63.825601
-6.63393,17,63.8363
-6.633831,17,63.847068
-6.633331,17,63.857715
-6.615702,17,63.868369
-6.623047,17,63.878954
-6.623626,17,65.887123
-6.624492,17,65.897491
-6.62574,17,65.907832
-6.626736,17,65.918159
-6.627684,17,65.928443
-6.628569,17,65.938799
-6.628176,17,65.949279
-6.629115,17,65.95971
-6.629897,17,65.970416
-6.629817,17,65.981253
-6.630519,17,65.992032
-6.637339,17,66.002542
-6.659361,17,66.013105
-6.659628,17,66.023895
-6.659626,17,66.034291
-6.659593,17,66.044663
-6.659557,17,66.055008
-6.659519,17,66.065327
-6.6594,17,66.075689
-6.659239,17,66.086103
-6.65908,17,66.096443
-6.658917,17,66.106848
-6.65876,17,66.117148
-6.658599,17,66.127534
-6.658438,17,66.137865
-6.658277,17,66.148246
-6.658117,17,66.158608
-6.657961,17,66.168956
-6.657792,17,66.179658
-6.657629,17,66.190259
-6.595952,17,68.801086
-6.595941,17,68.811563
-6.595926,17,68.82216
-6.595913,17,68.832771
-6.595902,17,68.843302
-6.595888,17,68.853754
-6.595875,17,68.864141
-6.595862,17,68.874504
-6.59585,17,68.885109
-6.595836,17,68.895534
-6.595823,17,68.906078
-6.59581,17,68.916433
-6.595797,17,68.926808
-6.595783,17,68.937215
-6.59577,17,68.947611
-6.595757,17,68.958009
-6.595744,17,68.968417
-6.59573,17,68.978789
-6.595717,17,68.98934
-6.595704,17,68.99986
-6.59569,17,69.01065
-6.595676,17,69.021312
-6.595664,17,69.032148
-6.596832,17,69.042909
-6.596817,17,69.053392
-6.596802,17,69.063847
-6.596788,17,69.074269
-6.596772,17,69.084777
-6.596756,17,69.095219
-6.596742,17,69.105691
-6.466128,17,71.75398
-6.466143,17,71.764872
-6.466158,17,71.775639
-6.466173,17,71.786407
-6.466188,17,71.797194
-6.466203,17,71.807902
-6.466218,17,71.818856
-6.466233,17,71.82956
-6.466248,17,71.84014
-6.466263,17,71.850946
-6.466278,17,71.86159
-6.466293,17,71.872713
-6.466308,17,71.883292
-6.466323,17,71.894013
-6.466338,17,71.90484
-6.466353,17,71.915633
-6.466368,17,71.926372
-6.466383,17,71.937231
-6.466398,17,71.948027
-6.466413,17,71.958793
-6.466428,17,71.96936
-6.466443,17,71.980169
-6.466459,17,71.990967
-6.466474,17,72.001884
-6.466489,17,72.012612
-6.466504,17,72.023484
-6.466519,17,72.034194
-6.466534,17,72.045012
-6.466549,17,72.055907
-6.466564,17,72.067028
-6.51028,17,74.085073
-6.510315,17,74.09584
-6.510349,17,74.106481
-6.510384,17,74.117072
-6.510419,17,74.127623
-6.510452,17,74.138183
-6.510486,17,74.148672
-6.510522,17,74.159228
-6.510555,17,74.169693
-6.510589,17,74.180218
-6.510628,17,74.191806
-6.510664,17,74.202601
-6.510701,17,74.213385
-6.510739,17,74.224219
-6.510803,17,74.234759
-6.510886,17,74.245414
-6.510967,17,74.255921
-6.511055,17,74.266524
-6.511132,17,74.277078
-6.511212,17,74.287708
-6.511296,17,74.298425
-6.511374,17,74.309198
-6.511454,17,74.319742
-6.511538,17,74.330341
-6.511227,17,74.340989
-6.510419,17,74.351738
-6.509671,17,74.362321
-6.508884,17,74.372856
-6.508067,17,74.383466
-6.507308,17,74.394238
-6.506498,17,74.405056
-6.505681,17,74.415675
-6.504925,17,74.426398
-6.504173,17,74.436936
-6.503344,17,74.447503
-6.502583,17,74.457893
-6.501775,17,74.468518
-6.50097,17,74.479082
-6.500289,17,74.489595
-6.499099,17,74.500257
-6.341751,17,77.124249
-6.341743,17,77.135002
-6.34452,17,77.145576
-6.344591,17,77.156084
-6.344664,17,77.166564
-6.349253,17,77.177029
-6.349326,17,77.18746
-6.349415,17,77.197879
-6.349505,17,77.208251
-6.349591,17,77.218688
-6.349677,17,77.229156
-6.348189,17,77.239626
-6.348255,17,77.250072
-6.338093,17,77.260523
-6.348997,17,77.270904
-6.335617,17,77.281336
-6.336922,17,77.291728
-6.337159,17,77.302146
-6.342106,17,77.312544
-6.343685,17,77.322938
-6.331017,17,77.333558
-6.340977,17,77.344115
-6.33683,17,77.354635
-6.337592,17,77.36509
-6.339555,17,77.375811
-6.340805,17,77.386551
-6.340687,17,77.396995
-6.34041,17,77.407733
-6.340132,17,77.418295
-6.339867,17,77.428711
-6.339584,17,79.382828
-6.339303,17,79.393334
-6.343401,17,79.403886
-6.343137,17,79.414514
-6.34286,17,79.424954
-6.342588,17,79.435425
-6.342308,17,79.445843
-6.34209,17,79.456238
-6.341879,17,79.466701
-6.341659,17,79.477111
-6.341408,17,79.487507
-6.341142,17,79.497917
-6.340887,17,79.508298
-6.340631,17,79.518718
-6.340372,17,79.529119
-6.340119,17,79.539513
-6.339861,17,79.549968
-6.339735,17,79.56065
-6.339646,17,79.571187
-6.339554,17,79.581637
-6.344281,17,79.592056
-6.344194,17,79.602452
-6.344113,17,79.612778
-6.344029,17,79.623152
-6.343944,17,79.633569
-6.343855,17,79.643924
-6.343822,17,79.654323
-6.343808,17,79.664711
-6.343797,17,79.675095
-6.343782,17,79.685451
-6.34959,17,82.24517
-6.34982,17,82.255536
-6.354553,17,82.265912
-6.345297,17,82.276318
-6.345525,17,82.28671
-6.345744,17,82.29719
-6.345973,17,82.307566
-6.355372,17,82.3179
-6.346103,17,82.32819
-6.346322,17,82.338516
-6.346544,17,82.348852
-6.346806,17,82.359212
-6.347133,17,82.369541
-6.347442,17,82.379903
-6.347763,17,82.390219
-6.348066,17,82.401195
-6.348393,17,82.411777
-6.348707,17,82.422233
-6.349016,17,82.432839
-6.349278,17,82.443364
-6.3481,17,82.453859
-6.347373,17,82.464305
-6.346913,17,82.474682
-6.347801,17,82.485389
-6.337294,17,82.496279
-6.336403,17,82.506911
-6.330663,17,82.517537
-6.334807,17,82.528025
-6.334867,17,82.538399
-6.335615,17,82.548973
-5.805469,17,85.228707
-5.805417,17,85.239379
-5.805363,17,85.25017
-5.805311,17,85.260695
-5.805258,17,85.271124
-5.805236,17,85.281561
-5.805159,17,85.291896
-5.805107,17,85.302263
-5.805054,17,85.312575
-5.805001,17,85.322898
-5.804948,17,85.333226
-5.804895,17,85.343591
-5.804835,17,85.353895
-5.805328,17,85.364205
-5.805274,17,85.374592
-5.805221,17,85.385068
-5.805168,17,85.395427
-5.805136,17,85.405855
-5.805083,17,85.416231
-5.80503,17,85.426631
-5.804977,17,85.437029
-5.804923,17,85.447718
-5.80487,17,85.45822
-5.804816,17,85.46867
-5.804746,17,85.479027
-5.798492,17,85.489342
-5.798437,17,85.499737
-5.798383,17,85.51012
-5.798329,17,85.520649
-5.798275,17,85.531032
-5.798221,17,87.482194
-5.798167,17,87.492628
-5.798113,17,87.503037
-5.798658,17,87.513434
-5.798595,17,87.524042
-5.798533,17,87.534513
-5.798471,17,87.544885
-5.798409,17,87.555282
-5.798347,17,87.565696
-5.798285,17,87.576184
-5.798223,17,87.586526
-5.798161,17,87.59688
-5.798099,17,87.607263
-5.798037,17,87.617704
-5.797975,17,87.628152
-5.797914,17,87.638591
-5.797852,17,87.648963
-5.79779,17,87.659313
-5.797728,17,87.669766
-5.797666,17,87.680418
-5.797604,17,87.690854
-5.797543,17,87.701291
-5.797481,17,87.711676
-5.797429,17,87.72201
-5.797363,17,87.732333
-5.797261,17,87.742672
-5.797162,17,87.752991
-5.79706,17,87.763315
-5.796956,17,87.773687
-5.796842,17,87.784114
-5.968725,17,90.54386
-5.968276,17,90.554721
-5.967853,17,90.565536
-5.967431,17,90.576464
-5.96701,17,90.587332
-5.966685,17,90.598254
-5.966413,17,90.609325
-5.966132,17,90.620111
-5.965878,17,90.630885
-5.965726,17,90.641715
-5.965576,17,90.652403
-5.965425,17,90.663153
-5.965274,17,90.673963
-5.96512,17,90.68469
-5.964964,17,90.695538
-5.964803,17,90.706694
-5.964643,17,90.717736
-5.964482,17,90.728646
-5.964321,17,90.739664
-5.964291,17,90.750347
-5.96436,17,90.761006
-5.964431,17,90.771923
-5.964499,17,90.782798
-5.96457,17,90.793522
-5.964638,17,90.804278
-5.964706,17,90.81519
-5.964774,17,90.825902
-5.964531,17,90.836628
-5.9642,17,90.84738
-5.963868,17,90.858032
-5.967546,17,92.89776
-5.967201,17,92.908585
-5.966859,17,92.919419
-5.966507,17,92.930134
-5.966164,17,92.940989
-5.965818,17,92.952
-5.965519,17,92.962675
-5.965284,17,92.973504
-5.965047,17,92.984379
-5.964811,17,92.995038
-5.964576,17,93.005947
-5.964339,17,93.01678
-5.964104,17,93.027514
-5.963861,17,93.038462
-5.963625,17,93.049165
-5.963509,17,93.059924
-5.963851,17,93.070772
-5.964303,17,93.081571
-5.964754,17,93.092447
-5.965197,17,93.103196
-5.96564,17,93.113994
-5.966079,17,93.1248
-5.966514,17,93.135316
-5.96696,17,93.146251
-5.967389,17,93.157246
-5.967824,17,93.168058
-5.968473,17,93.178866
-5.969238,17,93.189692
-5.969898,17,93.200442
-5.969794,17,93.211028
-4.971486,17,95.875887
-4.969996,17,95.886604
-4.974779,17,95.897202
-4.968335,17,95.907863
-4.954674,17,95.918451
-4.966091,17,95.929184
-4.9651,17,95.939853
-4.964626,17,95.950508
-4.964143,17,95.961149
-4.963792,17,95.971783
-4.963412,17,95.986806
-4.964056,17,95.997852
-4.964493,17,96.008944
-4.956894,17,96.019603
-4.974411,17,96.030234
-4.974468,17,96.041061
-4.966831,17,96.05195
-4.963421,17,96.062608
-4.966402,17,96.073491
-4.968033,17,96.084299
-4.96976,17,96.095171
-4.966609,17,96.105986
-4.966895,17,96.116773
-4.961347,17,96.127558
-4.964457,17,96.138248
-4.966702,17,96.148915
-4.965656,17,96.159753
-4.964649,17,96.170402
-4.964278,17,96.181334
-4.963067,17,96.192233
-4.965066,17,96.203011
-4.965357,17,96.213948
-4.963239,17,96.224815
-4.960964,17,96.235595
-4.941309,17,96.246356
-4.939568,17,96.257076
-4.942707,17,96.267803
-4.945921,17,96.278373
-4.948369,17,96.289153
-4.948184,17,96.299818
-6.051191,17,99.016773
-6.051101,17,99.027694
-6.051022,17,99.038668
-6.050937,17,99.049623
-6.050857,17,99.060496
-6.050767,17,99.071336
-6.050684,17,99.082279
-6.050595,17,99.093009
-6.050514,17,99.10379
-6.050434,17,99.114793
-6.050352,17,99.125527
-6.050274,17,99.136348
-6.050195,17,99.147289
-6.050277,17,99.158055
-6.050196,17,99.168846
-6.050112,17,99.179703
-6.050028,17,99.190481
-6.058856,17,99.201187
-6.058793,17,99.212066
-6.058722,17,99.222834
-6.05865,17,99.233747
-6.058584,17,99.244687
-6.058513,17,99.255502
-6.058446,17,99.266358
-6.058374,17,99.277151
-6.058305,17,99.287879
-6.058235,17,99.298476
-6.05816,17,99.309099
-6.05809,17,99.319775
-6.058017,17,99.330351
-6.057946,17,101.279771
-6.057873,17,101.290249
-6.057798,17,101.300699
-6.057728,17,101.311097
-6.057648,17,101.321433
-6.057572,17,101.331773
-6.057499,17,101.342087
-6.057424,17,101.352381
-6.057348,17,101.362676
-6.05727,17,101.37311
-6.057193,17,101.383432
-6.057114,17,101.393894
-6.057038,17,101.404243
-6.057043,17,101.41463
-6.057068,17,101.42498
-6.057093,17,101.435261
-6.057118,17,101.445556
-6.057142,17,101.455881
-6.057169,17,101.466207
-6.057197,17,101.476939
-6.057219,17,101.487332
-6.057258,17,101.497679
-6.057298,17,101.508131
-6.057341,17,101.51847
-6.057386,17,101.52871
-6.057423,17,101.539053
-6.057471,17,101.549317
-6.057511,17,101.559527
-6.057552,17,101.569749
-6.057596,17,101.579995
-5.753925,17,104.147567
-5.753786,17,104.158097
-5.753854,17,104.168593
-5.75392,17,104.178988
-5.753944,17,104.189403
-5.754008,17,104.199723
-5.754073,17,104.210121
-5.754138,17,104.220481
-5.754363,17,104.230879
-5.75443,17,104.241205
-5.754495,17,104.251688
-5.754561,17,104.262058
-5.754628,17,104.27246
-5.754695,17,104.282809
-5.754761,17,104.293172
-5.754829,17,104.303565
-5.754896,17,104.314298
-5.754967,17,104.324758
-5.635039,17,104.335168
-5.635115,17,104.345585
-5.635193,17,104.355932
-5.635273,17,104.366282
-5.635176,17,104.376702
-5.635291,17,104.387038
-5.63541,17,104.397366
-5.635527,17,104.407694
-5.635646,17,104.418112
-5.641918,17,104.428444
-5.641959,17,104.438794
-5.392065,17,104.449185
-5.392177,17,106.402411
-5.392286,17,106.412702
-5.392397,17,106.422984
-5.392507,17,106.433264
-5.635255,17,106.443569
-5.753953,17,106.453876
-5.752535,17,106.464171
-5.751173,17,106.474463
-5.750155,17,106.484751
-5.801986,17,106.495024
-5.796925,17,106.505351
-5.796096,17,106.515658
-5.671547,17,106.525922
-5.669445,17,106.536406
-5.802469,17,106.546961
-5.797905,17,106.557445
-5.78294,17,106.567768
-5.783399,17,106.578022
-5.784656,17,106.588394
-5.785382,17,106.59872
-5.786457,17,106.609245
-5.787538,17,106.619503
-5.78865,17,106.629712
-5.789548,17,106.639968
-5.790627,17,106.650181
-5.808761,17,106.660406
-5.795395,17,106.670648
-5.806683,17,106.680883
-5.81451,17,106.691136
-5.815269,17,106.701344
-5.791625,17,109.415458
-5.791534,17,109.426226
-5.756421,17,109.437065
-5.756403,17,109.447824
-5.756385,17,109.45877
-5.756367,17,109.469528
-5.75635,17,109.480277
-5.756331,17,109.491178
-5.756314,17,109.502026
-5.756296,17,109.512803
-5.756279,17,109.523586
-5.75626,17,109.534244
-5.756242,17,109.545055
-5.756225,17,109.555815
-5.756208,17,109.566482
-5.756225,17,109.57731
-5.756254,17,109.588072
-5.756284,17,109.598957
-5.756313,17,109.609923
-5.756341,17,109.620646
-5.756371,17,109.631519
-5.7564,17,109.642024
-5.756429,17,109.652698
-5.756457,17,109.663496
-5.756486,17,109.674206
-5.756497,17,109.684931
-5.756456,17,109.695495
-5.756415,17,109.706076
-5.756373,17,109.716727
-5.75633,17,109.727474
-4.773244,17,112.403755
-4.774297,17,112.414769
-4.774314,17,112.425722
-4.774332,17,112.436499
-4.77435,17,112.44742
-4.774367,17,112.458252
-4.774385,17,112.468998
-4.774403,17,112.479883
-4.77442,17,112.490863
-4.774438,17,112.501605
-4.774456,17,112.512548
-4.774473,17,112.523295
-4.774491,17,112.534033
-4.774509,17,112.54474
-4.774526,17,112.555376
-4.774544,17,112.566226
-4.774562,17,112.576968
-4.77458,17,112.587723
-4.774597,17,112.59846
-4.774615,17,112.60931
-4.774632,17,112.62011
-4.77465,17,112.630918
-4.774668,17,112.641745
-4.774685,17,112.652622
-4.774703,17,112.663471
-4.774721,17,112.674224
-4.774738,17,112.684954
-4.774756,17,112.695874
-4.774774,17,112.706787
-4.774791,17,112.717768
-4.774809,17,114.689917
-4.774827,17,114.70057
-4.774844,17,114.711048
-4.774862,17,114.721553
-4.77488,17,114.732016
-4.774897,17,114.742655
-4.774915,17,114.753121
-4.774932,17,114.763814
-4.77495,17,114.774359
-4.774968,17,114.784903
-4.774985,17,114.795514
-4.775003,17,114.806101
-4.775021,17,114.816786
-4.775038,17,114.827413
-4.775056,17,114.837911
-4.775073,17,114.848643
-4.775091,17,114.859547
-4.775109,17,114.870092
-4.775126,17,114.880638
-4.775144,17,114.891341
-4.775162,17,114.901954
-4.775179,17,114.912644
-4.775197,17,114.923083
-4.775213,17,114.933488
-4.77523,17,114.943856
-4.775247,17,114.954223
-4.775264,17,114.964545
-4.775281,17,114.974951
-4.775306,17,114.985387
-4.775332,17,114.995713
-4.709898,17,117.761996
-4.709806,17,117.773049
-4.709704,17,117.783994
-4.709612,17,117.794898
-4.709512,17,117.806043
-4.70942,17,117.817045
-4.709319,17,117.827832
-4.709222,17,117.838885
-4.709128,17,117.849523
-4.709029,17,117.860487
-4.708939,17,117.875257
-4.708847,17,117.886382
-4.708751,17,117.897627
-4.708664,17,117.908809
-4.708568,17,117.919755
-4.708484,17,117.930989
-4.708389,17,117.94204
-4.7083,17,117.953117
-4.708205,17,117.964192
-4.708113,17,117.974924
-4.708023,17,117.986035
-4.707929,17,117.997104
-4.707838,17,118.008156
-4.707746,17,118.019107
-4.707658,17,118.030269
-4.707562,17,118.041221
-4.707469,17,118.052064
-4.707379,17,118.063333
-4.707285,17,118.074393
-4.707195,17,118.085363
-4.707103,17,118.096526
-4.707008,17,118.107642
-4.706921,17,118.118352
-4.706827,17,118.12934
-4.706737,17,118.140036
-4.706642,17,118.151264
-4.706554,17,118.162664
-4.706459,17,118.173565
-4.706366,17,118.184818
-4.706275,17,118.196008
-5.566722,17,121.021916
-5.566194,17,121.03248
-5.565669,17,121.042985
-5.5657,17,121.053335
-5.566087,17,121.063776
-5.566479,17,121.074109
-5.566869,17,121.084493
-5.567264,17,121.0948
-5.531036,17,121.105129
-5.255565,17,121.115428
-5.256568,17,121.126113
-5.24301,17,121.136756
-5.244032,17,121.147196
-5.245067,17,121.157991
-5.155295,17,121.168546
-5.157307,17,121.179026
-5.158288,17,121.18946
-4.909271,17,121.199795
-4.660276,17,121.210133
-4.411316,17,121.22046
-4.412365,17,121.230689
-4.413425,17,121.240975
-4.414501,17,121.251244
-4.415589,17,121.261501
-4.416682,17,121.271805
-4.417815,17,121.282063
-4.418946,17,121.292298
-4.420107,17,121.302573
-4.421286,17,121.312855
-4.422486,17,121.32326
-4.423716,17,123.287231
-4.425079,17,123.29775
-4.506639,17,123.308475
-4.422891,17,123.319329
-4.428881,17,123.33067
-4.51463,17,123.341721
-4.45984,17,123.352644
-4.443295,17,123.363796
-4.452428,17,123.374794
-4.453693,17,123.385413
-4.378914,17,123.396092
-4.376231,17,123.406865
-4.435616,17,123.417586
-4.438052,17,123.428152
-4.49143,17,123.438569
-4.458767,17,123.44893
-4.465402,17,123.459237
-4.451304,17,123.4697
-4.396307,17,123.480007
-4.396508,17,123.490403
-4.471876,17,123.5007
-4.356545,17,123.510982
-4.357988,17,123.521267
-4.358383,17,123.531518
-4.358768,17,123.541757
-4.356398,17,123.552398
-4.424673,17,123.563141
-4.410728,17,123.573563
-4.411242,17,123.583995
-4.411727,17,123.594386
-5.120879,17,126.277704
-5.113301,17,126.288538
-4.853888,17,126.299385
-4.850587,17,126.31022
-4.824031,17,126.321103
-4.566662,17,126.33207
-4.327423,17,126.342853
-4.304732,17,126.35378
-4.341958,17,126.364565
-4.339056,17,126.375352
-4.335927,17,126.3861
-4.316079,17,126.397025
-4.282299,17,126.407916
-4.27619,17,126.41894
-4.263284,17,126.429782
-4.256571,17,126.440553
-4.264516,17,126.451241
-4.394904,17,126.462032
-4.343251,17,126.472849
-4.852081,17,126.483543
-5.068904,17,126.494177
-5.306168,17,126.505241
-4.386041,17,126.516005
-4.674634,17,126.526853
-4.263851,17,126.537604
-4.26588,17,126.548306
-4.75169,17,126.559619
-5.28329,17,126.570429
-5.300833,17,126.581122
-5.066594,17,126.592009
-5.238508,17,128.664142
-4.706787,17,128.674958
-4.599973,17,128.686007
-4.423557,17,128.696804
-4.547517,17,128.707708
-5.127878,17,128.718438
-4.049991,17,128.729337
-5.145992,17,128.739995
-4.301626,17,128.750596
-4.304554,17,128.76144
-4.276885,17,128.772313
-4.270097,17,128.783029
-5.161827,17,128.793925
-5.402802,17,128.804433
-5.28735,17,128.815246
-5.077812,17,128.826131
-5.06139,17,128.837011
-5.28129,17,128.847852
-4.633993,17,128.858613
-5.414803,17,128.869371
-4.277221,17,128.880215
-4.588212,17,128.890819
-5.325219,17,128.901592
-4.075513,17,128.912298
-3.967286,17,128.923079
-3.993786,17,128.933695
-3.98757,17,128.944693
-4.491661,17,128.955934
-4.799457,17,128.967044
-4.81836,17,128.978148
-5.257327,17,131.674001
-5.258237,17,131.684915
-5.258739,17,131.695806
-5.258905,17,131.706991
-5.258745,17,131.717679
-5.275957,17,131.728335
-5.275048,17,131.739184
-5.274021,17,131.749858
-5.273485,17,131.760467
-5.272949,17,131.771251
-5.272409,17,131.78209
-5.271866,17,131.792907
-5.27037,17,131.803819
-5.269893,17,131.814706
-5.269639,17,131.825649
-5.026231,17,131.836395
-5.025584,17,131.847206
-5.024794,17,131.857795
-5.02419,17,131.868419
-5.02379,17,131.879188
-5.023515,17,131.889814
-5.023323,17,131.900786
-5.023221,17,131.911479
-5.023118,17,131.922246
-5.023014,17,131.932867
-5.02292,17,131.943583
-5.020463,17,131.954303
-5.020179,17,131.96524
-5.019933,17,131.976008
-5.018149,17,131.986759
-5.299423,17,134.676015
-5.299448,17,134.686898
-5.299476,17,134.697791
-5.299503,17,134.708315
-5.299531,17,134.719116
-5.299556,17,134.729637
-5.299583,17,134.740198
-5.299612,17,134.750689
-5.299634,17,134.761104
-5.29966,17,134.771534
-5.299689,17,134.782017
-5.299717,17,134.792347
-5.299745,17,134.802686
-5.29977,17,134.812954
-5.299797,17,134.823265
-5.299822,17,134.833978
-5.299851,17,134.844888
-5.299879,17,134.855801
-5.299902,17,134.866667
-5.29993,17,134.877487
-5.299958,17,134.888455
-5.299984,17,134.898763
-5.300008,17,134.909242
-5.300035,17,134.919628
-5.300061,17,134.92998
-5.300086,17,134.940941
-5.300113,17,134.95147
-5.300139,17,134.962461
-5.300168,17,134.973487
-5.300196,17,134.984407
-5.300219,17,137.122909
-5.300247,17,137.134108
-5.300273,17,137.145509
-5.300301,17,137.15677
-5.300327,17,137.16801
-5.300354,17,137.179188
-5.300382,17,137.190304
-5.300407,17,137.201625
-5.300436,17,137.212724
-5.300461,17,137.223846
-5.300487,17,137.234956
-5.300515,17,137.246084
-5.300541,17,137.257264
-5.300566,17,137.268603
-5.300594,17,137.279979
-5.300622,17,137.291148
-5.300646,17,137.302578
-5.300674,17,137.313694
-5.300699,17,137.325018
-5.300725,17,137.336313
-5.300755,17,137.347579
-5.30078,17,137.35879
-5.300808,17,137.369861
-5.300834,17,137.38104
-5.30086,17,137.392265
-5.300887,17,137.403798
-5.300913,17,137.415173
-5.300939,17,137.426353
-5.300965,17,137.437259
-5.300995,17,137.448163
-4.541544,17,140.356013
-4.541544,17,140.367237
-4.541543,17,140.378418
-4.541543,17,140.389439
-4.541541,17,140.400409
-4.541541,17,140.411408
-4.54154,17,140.422557
-4.54154,17,140.433597
-4.541539,17,140.444837
-4.541539,17,140.456041
-4.54154,17,140.471263
-4.541541,17,140.482469
-4.541541,17,140.493643
-4.541542,17,140.505163
-4.541561,17,140.516599
-4.541588,17,140.527968
-4.541616,17,140.5393
-4.541646,17,140.550443
-4.541672,17,140.561764
-4.541699,17,140.572743
-4.541726,17,140.583832
-4.541757,17,140.594921
-4.541783,17,140.606201
-4.541811,17,140.617425
-4.54184,17,140.628676
-4.541866,17,140.640113
-4.541894,17,140.651419
-4.541921,17,140.66255
-4.541926,17,140.673856
-4.541923,17,140.684928
-4.541919,17,140.696062
-4.541915,17,140.707047
-4.541913,17,140.718164
-4.541909,17,140.729371
-4.541906,17,140.740871
-4.541902,17,140.752198
-4.5419,17,140.763331
-4.541895,17,140.774154
-4.541893,17,140.784839
-4.541889,17,140.795667
-4.541885,17,142.876914
-4.541882,17,142.887684
-4.541879,17,142.89883
-4.541875,17,142.909846
-4.54189,17,142.920749
-4.541907,17,142.931702
-4.541928,17,142.942496
-4.541948,17,142.95317
-4.541966,17,142.964035
-4.541988,17,142.974862
-4.542008,17,142.985821
-4.542027,17,142.996846
-4.542048,17,143.007666
-4.542068,17,143.018611
-4.542088,17,143.02954
-4.542108,17,143.040204
-4.542127,17,143.051248
-4.542146,17,143.061922
-4.542167,17,143.072824
-4.542187,17,143.083877
-4.542207,17,143.094886
-4.542228,17,143.106157
-4.542246,17,143.117409
-4.542267,17,143.128767
-4.542287,17,143.140176
-4.542299,17,143.151422
-4.542277,17,143.162629
-4.542252,17,143.173766
-4.542228,17,143.185017
-4.542204,17,143.1962
-4.375224,17,146.116069
-4.375215,17,146.126766
-4.375207,17,146.137526
-4.375198,17,146.148418
-4.37519,17,146.159272
-4.375182,17,146.17005
-4.375173,17,146.180662
-4.375164,17,146.191693
-4.375155,17,146.202899
-4.375147,17,146.214315
-4.375139,17,146.225491
-4.37513,17,146.236868
-4.375122,17,146.248113
-4.375113,17,146.259325
-4.375104,17,146.270646
-4.375096,17,146.281775
-4.375087,17,146.2929
-4.375084,17,146.303977
-4.375091,17,146.314959
-4.3751,17,146.326041
-4.375107,17,146.337291
-4.375114,17,146.348264
-4.375122,17,146.359555
-4.375129,17,146.370809
-4.375126,17,146.381939
-4.375117,17,146.392959
-4.375107,17,146.404045
-4.375098,17,146.415485
-4.375088,17,146.426743
-4.375079,17,146.437991
-4.268448,17,149.393672
-4.268382,17,149.404556
-4.268301,17,149.415541
-4.268194,17,149.426414
-4.268213,17,149.43707
-4.267561,17,149.448024
-4.267028,17,149.458671
-4.266571,17,149.469458
-4.266019,17,149.480006
-4.265478,17,149.490806
-4.247105,17,149.501619
-4.246449,17,149.512402
-4.245809,17,149.52327
-4.259196,17,149.534153
-4.258854,17,149.54491
-4.25884,17,149.555887
-4.259285,17,149.566675
-4.259055,17,149.577486
-4.258698,17,149.588199
-4.258861,17,149.598884
-4.258909,17,149.609642
-4.258855,17,149.620313
-4.2588,17,149.631034
-4.258747,17,149.641659
-4.258689,17,149.652322
-4.258635,17,149.663075
-4.258581,17,149.67376
-4.25856,17,149.684463
-4.258608,17,149.695119
-4.258661,17,149.705759
-4.258708,17,151.766425
-4.258756,17,151.777213
-4.258795,17,151.787952
-4.258842,17,151.79886
-4.258895,17,151.809546
-4.258942,17,151.820336
-4.258989,17,151.831101
-4.259037,17,151.841936
-4.259082,17,151.852933
-4.259004,17,151.863742
-4.258914,17,151.874425
-4.258826,17,151.885303
-4.258725,17,151.896197
-4.258639,17,151.907053
-4.258553,17,151.91803
-4.258458,17,151.928755
-4.258368,17,151.939638
-4.258281,17,151.95051
-4.258246,17,151.961281
-4.258277,17,151.972178
-4.258309,17,151.982945
-4.258342,17,151.993909
-4.258373,17,152.004666
-4.258405,17,152.015425
-4.258439,17,152.026346
-4.25847,17,152.037038
-4.258501,17,152.048066
-4.258528,17,152.058899
-4.258559,17,152.069782
-4.258596,17,152.080521
-4.210714,17,155.612274
-4.210708,17,155.623789
-4.210703,17,155.635099
-4.210697,17,155.64613
-4.210692,17,155.657549
-4.210687,17,155.668736
-4.210682,17,155.680014
-4.210676,17,155.691271
-4.210671,17,155.702677
-4.210666,17,155.714159
-4.21066,17,155.725563
-4.210656,17,155.736948
-4.21065,17,155.748372
-4.210645,17,155.759857
-4.21064,17,155.771117
-4.210634,17,155.782366
-4.210629,17,155.793738
-4.210624,17,155.805008
-4.210619,17,155.816416
-4.210613,17,155.827651
-4.210608,17,155.838751
-4.210603,17,155.850017
-4.210597,17,155.861179
-4.210592,17,155.87239
-4.210587,17,155.883473
-4.210582,17,155.894777
-4.210576,17,155.905792
-4.210572,17,155.916933
-4.210566,17,155.928226
-4.210561,17,155.939567
-4.210555,17,158.094852
-4.21055,17,158.106194
-4.210544,17,158.117583
-4.210539,17,158.129151
-4.210534,17,158.14039
-4.210527,17,158.151334
-4.210523,17,158.162561
-4.210517,17,158.173747
-4.210512,17,158.18508
-4.210506,17,158.196295
-4.2105,17,158.207944
-4.210496,17,158.219424
-4.210491,17,158.231107
-4.210485,17,158.242614
-4.21048,17,158.253967
-4.210474,17,158.26544
-4.210468,17,158.276768
-4.210463,17,158.288109
-4.210457,17,158.299698
-4.210451,17,158.311247
-4.210447,17,158.322593
-4.210442,17,158.333984
-4.210436,17,158.345496
-4.210431,17,158.356608
-4.210426,17,158.367967
-4.21042,17,158.379441
-4.210414,17,158.391064
-4.210409,17,158.402392
-4.210403,17,158.414042
-4.210398,17,158.425465
-4.218201,17,161.6074
-4.218195,17,161.618117
-4.218188,17,161.628797
-4.218181,17,161.639828
-4.218175,17,161.650717
-4.218168,17,161.6616
-4.218161,17,161.672585
-4.218155,17,161.68373
-4.218148,17,161.694454
-4.218142,17,161.705204
-4.218135,17,161.716151
-4.218128,17,161.72719
-4.218122,17,161.738143
-4.218115,17,161.749096
-4.218108,17,161.759937
-4.218102,17,161.770742
-4.218095,17,161.781748
-4.218088,17,161.792655
-4.218082,17,161.803596
-4.218075,17,161.81434
-4.218069,17,161.825352
-4.218062,17,161.836493
-4.218055,17,161.84739
-4.218049,17,161.858052
-4.218043,17,161.868811
-4.218036,17,161.879402
-4.218029,17,161.890154
-4.218022,17,161.90077
-4.218016,17,161.911713
-4.218009,17,161.922544
-4.033865,17,164.906659
-4.033889,17,164.91837
-4.033918,17,164.929766
-4.033944,17,164.941287
-4.033972,17,164.953446
-4.033997,17,164.964747
-4.034025,17,164.975822
-4.034023,17,164.987065
-4.034014,17,164.998248
-4.034006,17,165.009551
-4.033998,17,165.024948
-4.03399,17,165.035953
-4.033981,17,165.047811
-4.033974,17,165.059345
-4.033966,17,165.070634
-4.034008,17,165.081682
-4.034101,17,165.092741
-4.034179,17,165.104019
-4.034277,17,165.11538
-4.034372,17,165.126108
-4.03446,17,165.136713
-4.03456,17,165.147571
-4.034638,17,165.158483
-4.034725,17,165.169226
-4.03481,17,165.180064
-4.034902,17,165.190869
-4.034988,17,165.201859
-4.035067,17,165.212677
-4.035162,17,165.223587
-4.035248,17,165.234351
-4.035326,17,165.245121
-4.035392,17,165.256098
-4.035436,17,165.266734
-4.035485,17,165.277689
-4.035541,17,165.288104
-4.035587,17,165.298681
-4.03563,17,165.309186
-4.035632,17,165.319717
-4.035632,17,165.330351
-4.035633,17,165.340894
-4.035634,17,167.34796
-4.035599,17,167.358695
-4.035562,17,167.369256
-4.035516,17,167.379767
-4.035461,17,167.390655
-4.035416,17,167.401209
-4.035372,17,167.411692
-4.03538,17,167.422288
-4.035619,17,167.433221
-4.035869,17,167.443793
-4.036129,17,167.454269
-4.036601,17,167.464875
-4.026481,17,167.47552
-4.026745,17,167.486026
-4.027016,17,167.496577
-4.027254,17,167.507144
-4.027446,17,167.517715
-4.027544,17,167.5282
-4.02765,17,167.538653
-4.027761,17,167.549057
-4.027877,17,167.55942
-4.027983,17,167.570069
-4.028083,17,167.580967
-4.028176,17,167.591422
-4.028273,17,167.602025
-4.028383,17,167.612694
-4.028506,17,167.623169
-4.028612,17,167.633621
-4.028714,17,167.644208
-4.028825,17,167.654652
-4.036132,17,170.349154
-4.036092,17,170.360084
-4.036051,17,170.370873
-4.03601,17,170.381847
-4.035972,17,170.392867
-4.035931,17,170.403643
-4.035891,17,170.414604
-4.035849,17,170.425333
-4.035808,17,170.436271
-4.035766,17,170.446918
-4.035728,17,170.457521
-4.035687,17,170.468141
-4.035652,17,170.478776
-4.035613,17,170.489164
-4.035576,17,170.499966
-4.03554,17,170.510612
-4.035502,17,170.52139
-4.035466,17,170.53188
-4.03543,17,170.542401
-4.035395,17,170.553299
-4.035371,17,170.564199
-4.035368,17,170.574945
-4.035364,17,170.585968
-4.03536,17,170.596891
-4.035357,17,170.607465
-4.035353,17,170.618609
-4.035349,17,170.629543
-4.035346,17,170.640345
-4.035342,17,170.651464
-4.035339,17,170.662319
-4.021223,17,173.423012
-4.021169,17,173.434209
-4.021116,17,173.445204
-4.021058,17,173.456275
-4.021005,17,173.467313
-4.020951,17,173.478408
-4.020895,17,173.489691
-4.020842,17,173.500689
-4.020787,17,173.511701
-4.020733,17,173.522909
-4.020676,17,173.534035
-4.020622,17,173.545183
-4.02057,17,173.556486
-4.020513,17,173.567718
-4.02046,17,173.579717
-4.020398,17,173.590642
-4.020329,17,173.601405
-4.020266,17,173.612135
-4.020203,17,173.622998
-4.020138,17,173.634102
-4.020076,17,173.645202
-4.020015,17,173.656282
-4.019949,17,173.667271
-4.019886,17,173.678414
-4.019824,17,173.689576
-4.019759,17,173.700788
-4.019696,17,173.711889
-4.019633,17,173.722959
-4.019568,17,173.7341
-4.019505,17,173.745153
-4.019442,17,175.887254
-4.019377,17,175.898154
-4.019314,17,175.909291
-4.019251,17,175.92037
-4.019184,17,175.931287
-4.019121,17,175.942236
-4.019059,17,175.953202
-4.018996,17,175.964178
-4.018931,17,175.974893
-4.018868,17,175.985727
-4.018805,17,175.996702
-4.018738,17,176.007517
-4.018675,17,176.018265
-4.018615,17,176.029233
-4.018547,17,176.040122
-4.018483,17,176.050831
-4.01842,17,176.061555
-4.018353,17,176.07256
-4.01829,17,176.083588
-4.018222,17,176.094525
-4.018153,17,176.105431
-4.018087,17,176.116392
-4.01802,17,176.127381
-4.017951,17,176.138175
-4.017883,17,176.149072
-4.017817,17,176.160305
-4.017748,17,176.171045
-4.017682,17,176.182194
-4.017615,17,176.19304
-4.017546,17,176.203941
-4.38532,17,179.240651
-4.385322,17,179.252267
-4.385323,17,179.263596
-4.385324,17,179.275038
-4.385326,17,179.28635
-4.385327,17,179.29784
-4.385328,17,179.309142
-4.38533,17,179.320613
-4.385335,17,179.331865
-4.385341,17,179.343399
-4.385348,17,179.354872
-4.385355,17,179.366287
-4.385361,17,179.377891
-4.385368,17,179.389226
-4.385374,17,179.400452
-4.385381,17,179.411746
-4.385388,17,179.422863
-4.385394,17,179.434057
-4.385401,17,179.445664
-4.385407,17,179.4572
-4.385414,17,179.468405
-4.385421,17,179.47989
-4.385427,17,179.491337
-4.385434,17,179.502815
-4.38544,17,179.514504
-4.385447,17,179.525896
-4.385453,17,179.537511
-4.38546,17,179.548643
-4.385467,17,179.559896
-4.385473,17,179.571132
-4.38548,17,181.677076
-4.385486,17,181.688304
-4.385493,17,181.69977
-4.3855,17,181.711121
-4.385506,17,181.722315
-4.385513,17,181.733692
-4.385519,17,181.744897
-4.385526,17,181.756119
-4.385533,17,181.767428
-4.385539,17,181.778629
-4.385546,17,181.789839
-4.385552,17,181.800877
-4.385559,17,181.812236
-4.385566,17,181.82339
-4.385572,17,181.834553
-4.385579,17,181.845895
-4.385585,17,181.857272
-4.385592,17,181.868765
-4.385599,17,181.879925
-4.385605,17,181.891169
-4.385612,17,181.902532
-4.385618,17,181.913605
-4.385625,17,181.925141
-4.385632,17,181.936124
-4.385638,17,181.947265
-4.385645,17,181.958285
-4.385651,17,181.969465
-4.385658,17,181.980161
-4.385665,17,181.991301
-4.385671,17,182.002213
-4.310522,17,185.054826
-4.31056,17,185.065673
-4.3106,17,185.076452
-4.31064,17,185.087667
-4.310678,17,185.098438
-4.311192,17,185.109309
-4.31123,17,185.120447
-4.311268,17,185.131468
-4.311306,17,185.142506
-4.311346,17,185.153504
-4.311385,17,185.164396
-4.31142,17,185.175388
-4.311461,17,185.186369
-4.311499,17,185.197209
-4.311536,17,185.207962
-4.311577,17,185.218847
-4.311616,17,185.229846
-4.311651,17,185.240669
-4.311692,17,185.251579
-4.311731,17,185.262381
-4.311767,17,185.273425
-4.311778,17,185.284261
-4.311788,17,185.295165
-4.311798,17,185.306211
-4.311809,17,185.316996
-4.311821,17,185.327794
-4.311831,17,185.33874
-4.311841,17,185.349721
-4.311853,17,185.360837
-4.311863,17,185.37187
-4.20716,17,188.126852
-4.207126,17,188.137445
-4.207092,17,188.148169
-4.207054,17,188.158794
-4.207021,17,188.169346
-4.206985,17,188.179868
-4.206949,17,188.19045
-4.206916,17,188.201104
-4.20688,17,188.211717
-4.206845,17,188.222343
-4.206811,17,188.234223
-4.206777,17,188.244919
-4.206747,17,188.255576
-4.206713,17,188.266284
-4.206677,17,188.277033
-4.206643,17,188.287744
-4.206611,17,188.298385
-4.20658,17,188.309033
-4.206547,17,188.319666
-4.206512,17,188.330358
-4.206481,17,188.341156
-4.206444,17,188.352163
-4.206411,17,188.3628
-4.20638,17,188.373528
-4.206345,17,188.384214
-4.206311,17,188.395055
-4.206276,17,188.405904
-4.206246,17,188.416592
-4.206213,17,188.427426
-4.206176,17,188.438041
-4.206142,17,188.448639
-4.20611,17,188.459201
-4.206077,17,188.469834
-4.206046,17,188.480488
-4.206013,17,188.49109
-4.20598,17,188.501889
-4.205944,17,188.512583
-4.205909,17,188.523162
-4.205875,17,188.533764
-4.205841,17,188.544485
-4.205807,17,190.67039
-4.205775,17,190.681307
-4.205741,17,190.692338
-4.205708,17,190.703723
-4.205673,17,190.715489
-4.205642,17,190.727573
-4.205607,17,190.739318
-4.205573,17,190.751025
-4.205541,17,190.763101
-4.20551,17,190.775038
-4.205476,17,190.786962
-4.205441,17,190.798678
-4.20541,17,190.810519
-4.205375,17,190.822252
-4.205342,17,190.834466
-4.205309,17,190.846272
-4.205276,17,190.858253
-4.205243,17,190.869557
-4.205208,17,190.880641
-4.205176,17,190.891665
-4.205144,17,190.902883
-4.205108,17,190.913895
-4.205074,17,190.924859
-4.205043,17,190.935832
-4.20501,17,190.947008
-4.204976,17,190.958071
-4.204943,17,190.969153
-4.204911,17,190.980248
-4.204877,17,190.991293
-4.204843,17,191.002429
-4.456526,17,193.778111
-4.456502,17,193.789074
-4.456478,17,193.799949
-4.456453,17,193.810866
-4.456429,17,193.821695
-4.456404,17,193.832826
-4.45638,17,193.84372
-4.456356,17,193.854534
-4.456331,17,193.865729
-4.456307,17,193.876689
-4.456283,17,193.887556
-4.456258,17,193.898616
-4.456234,17,193.909494
-4.45621,17,193.920191
-4.456185,17,193.931016
-4.45616,17,193.941671
-4.456136,17,193.952548
-4.456112,17,193.963486
-4.456087,17,193.974218
-4.456063,17,193.984934
-4.456039,17,193.995595
-4.456014,17,194.0064
-4.45599,17,194.017074
-4.455966,17,194.02778
-4.455942,17,194.038584
-4.455917,17,194.049368
-4.455893,17,194.060247
-4.455869,17,194.070888
-4.455844,17,194.081668
-4.45582,17,194.092187
-4.455796,17,196.038274
-4.455771,17,196.04863
-4.455747,17,196.059034
-4.455723,17,196.069389
-4.455698,17,196.079713
-4.455674,17,196.090032
-4.45565,17,196.100332
-4.455625,17,196.110619
-4.455602,17,196.120901
-4.455577,17,196.131215
-4.455553,17,196.141481
-4.455528,17,196.151836
-4.455504,17,196.162168
-4.45548,17,196.17247
-4.455455,17,196.182742
-4.455431,17,196.193024
-4.455407,17,196.20329
-4.455383,17,196.213539
-4.455358,17,196.223789
-4.455334,17,196.234034
-4.45531,17,196.244334
-4.455286,17,196.254554
-4.455261,17,196.264827
-4.455237,17,196.275054
-4.455213,17,196.285327
-4.455188,17,196.295599
-4.455164,17,196.305896
-4.45514,17,196.316159
-4.455116,17,196.326415
-4.455092,17,196.336666
-4.434861,17,199.049325
-4.434846,17,199.060229
-4.434831,17,199.071157
-4.434816,17,199.081944
-4.434801,17,199.092958
-4.434786,17,199.10398
-4.434771,17,199.114947
-4.434756,17,199.12594
-4.434741,17,199.136936
-4.434726,17,199.147913
-4.434711,17,199.158853
-4.434696,17,199.169829
-4.434681,17,199.18083
-4.434667,17,199.191731
-4.434651,17,199.20268
-4.434637,17,199.213559
-4.434622,17,199.224659
-4.434607,17,199.235547
-4.434592,17,199.246499
-4.434577,17,199.257439
-4.434561,17,199.268199
-4.434547,17,199.278971
-4.434532,17,199.289733
-4.434517,17,199.300526
-4.434501,17,199.311399
-4.434487,17,199.322333
-4.434472,17,199.333426
-4.434457,17,199.344457
-4.434441,17,199.355282
-4.434427,17,199.366076
-4.018116,17,202.058038
-4.018106,17,202.068471
-4.018099,17,202.0788
-4.01809,17,202.089179
-4.018084,17,202.099518
-4.018075,17,202.109901
-4.018065,17,202.120272
-4.018053,17,202.130624
-4.018046,17,202.140989
-4.018038,17,202.151396
-4.01803,17,202.16174
-4.018021,17,202.17215
-4.018012,17,202.182507
-4.018003,17,202.192851
-4.017995,17,202.203181
-4.017987,17,202.213529
-4.017978,17,202.223843
-4.017971,17,202.234213
-4.017959,17,202.244518
-4.017951,17,202.254862
-4.017945,17,202.26519
-4.017933,17,202.275463
-4.017924,17,202.285982
-4.017917,17,202.296271
-4.017909,17,202.306585
-4.017901,17,202.316888
-4.017892,17,202.327168
-4.017884,17,202.337479
-4.017873,17,202.347781
-4.017863,17,202.358117
-4.017853,17,204.290072
-4.017846,17,204.300394
-4.017838,17,204.310782
-4.017834,17,204.32118
-4.017822,17,204.331525
-4.017816,17,204.341828
-4.017803,17,204.352136
-4.017796,17,204.362444
-4.017786,17,204.372722
-4.01778,17,204.383042
-4.017769,17,204.393308
-4.017759,17,204.40362
-4.017754,17,204.413928
-4.017744,17,204.424228
-4.017737,17,204.434543
-4.017727,17,204.444858
-4.01772,17,204.455167
-4.017715,17,204.465497
-4.017709,17,204.475901
-4.017698,17,204.486275
-4.017686,17,204.496682
-4.017679,17,204.507026
-4.017671,17,204.517316
-4.017661,17,204.527588
-4.017655,17,204.53787
-4.017648,17,204.54812
-4.017641,17,204.558405
-4.017632,17,204.568775
-4.017618,17,204.579013
-4.017612,17,204.589311
-4.032811,17,207.208573
-4.032788,17,207.219334
-4.032762,17,207.23017
-4.032736,17,207.240965
-4.03271,17,207.251739
-4.032685,17,207.262521
-4.032659,17,207.273457
-4.032632,17,207.284268
-4.032606,17,207.295112
-4.032578,17,207.305951
-4.032551,17,207.316705
-4.032524,17,207.327511
-4.032497,17,207.338243
-4.03247,17,207.349109
-4.032444,17,207.359743
-4.032418,17,207.370448
-4.032389,17,207.381332
-4.032365,17,207.392026
-4.032335,17,207.402776
-4.032309,17,207.413646
-4.032282,17,207.42446
-4.032255,17,207.43525
-4.031451,17,207.445983
-4.031426,17,207.456962
-4.031403,17,207.467796
-4.031378,17,207.478677
-4.031352,17,207.48953
-4.031328,17,207.500255
-4.031303,17,207.510979
-4.031279,17,207.521837
-4.307794,17,209.55525
-4.307789,17,209.565918
-4.307781,17,209.576873
-4.307775,17,209.5877
-4.307768,17,209.598504
-4.307761,17,209.60937
-4.307755,17,209.620149
-4.307749,17,209.63094
-4.307742,17,209.641595
-4.307736,17,209.652389
-4.307731,17,209.663973
-4.307726,17,209.674845
-4.307718,17,209.685744
-4.307713,17,209.696652
-4.307707,17,209.707384
-4.307701,17,209.71822
-4.307695,17,209.72917
-4.30769,17,209.740183
-4.307684,17,209.751033
-4.307678,17,209.761626
-4.307672,17,209.772302
-4.307667,17,209.782873
-4.30766,17,209.793674
-4.307656,17,209.80444
-4.30765,17,209.815123
-4.307644,17,209.825942
-4.307637,17,209.836643
-4.307631,17,209.847444
-4.307626,17,209.85828
-4.30762,17,209.868892
-4.307616,17,209.879677
-4.30761,17,209.890373
-4.307604,17,209.901126
-4.307597,17,209.911811
-4.307591,17,209.922479
-4.307586,17,209.933262
-4.30758,17,209.943999
-4.307574,17,209.954836
-4.307569,17,209.965497
-4.307565,17,209.976021
-3.968455,17,212.56521
-3.968497,17,212.575531
-3.968549,17,212.585871
-3.968597,17,212.596159
-3.968656,17,212.606489
-3.968697,17,212.616801
-3.968747,17,212.627095
-3.968807,17,212.637438
-3.968856,17,212.647761
-3.968906,17,212.658064
-3.96897,17,212.668373
-3.969018,17,212.678637
-3.969069,17,212.68891
-3.969109,17,212.69914
-3.96916,17,212.709382
-3.969215,17,212.719598
-3.969256,17,212.729797
-3.969302,17,212.740053
-3.969339,17,212.750265
-3.96938,17,212.760532
-3.96943,17,212.77077
-3.969467,17,212.781022
-3.96952,17,212.791306
-3.969566,17,212.801603
-3.969621,17,212.811875
-3.969672,17,212.82224
-3.969725,17,212.832537
-3.969772,17,212.842915
-3.96981,17,212.853292
-3.969851,17,212.863589
-4.246854,17,215.415867
-4.247234,17,215.426342
-4.243558,17,215.436765
-4.235314,17,215.447142
-4.265468,17,215.45756
-4.269384,17,215.468128
-4.278098,17,215.478498
-4.279248,17,215.489125
-4.2461,17,215.499503
-4.240134,17,215.509855
-4.248997,17,215.520157
-4.251737,17,215.530563
-4.250409,17,215.540838
-4.252607,17,215.551169
-4.280557,17,215.561482
-4.252637,17,215.571822
-4.245371,17,215.582191
-4.248763,17,215.592554
-4.25366,17,215.602883
-4.25086,17,215.613268
-4.251492,17,215.623615
-4.251478,17,215.633973
-4.25015,17,215.644351
-4.249281,17,215.654692
-4.249739,17,215.665024
-4.250748,17,215.675368
-4.304031,17,215.685728
-4.300901,17,215.69605
-4.22545,17,215.706387
-4.216093,17,215.716791
-4.21432,17,217.661907
-4.215211,17,217.672301
-4.21499,17,217.682743
-4.214761,17,217.693123
-4.214576,17,217.703542
-4.214353,17,217.713951
-4.214141,17,217.724334
-4.213967,17,217.734787
-4.213766,17,217.745142
-4.213579,17,217.755545
-4.213823,17,217.765965
-4.215043,17,217.77641
-4.216441,17,217.786803
-4.217551,17,217.797189
-4.218408,17,217.807548
-4.219945,17,217.817968
-4.221219,17,217.82837
-4.222771,17,217.838816
-4.224366,17,217.849151
-4.225689,17,217.859521
-4.22732,17,217.869902
-4.229137,17,217.880326
-4.180023,17,217.890731
-4.183296,17,217.901131
-4.202709,17,217.911555
-4.29785,17,217.921967
-4.299934,17,217.932372
-4.301841,17,217.942779
-4.303833,17,217.953141
-4.280658,17,217.96353
-4.017458,17,220.581899
-4.017435,17,220.592254
-4.017409,17,220.602595
-4.017384,17,220.612908
-4.01736,17,220.623235
-4.017337,17,220.633604
-4.017312,17,220.643943
-4.017288,17,220.654292
-4.017264,17,220.664618
-4.017239,17,220.674949
-4.017216,17,220.685279
-4.017192,17,220.695588
-4.017166,17,220.70591
-4.017141,17,220.716301
-4.017118,17,220.726671
-4.017094,17,220.736927
-4.01707,17,220.747235
-4.017045,17,220.757587
-4.017019,17,220.76794
-4.016996,17,220.778229
-4.016971,17,220.788533
-4.016946,17,220.798841
-4.016923,17,220.809145
-4.016898,17,220.819472
-4.016874,17,220.829787
-4.016849,17,220.840087
-4.016825,17,220.850368
-4.016802,17,220.860648
-4.016778,17,220.870919
-4.016754,17,220.881162
-4.016729,17,222.81884
-4.016706,17,222.829165
-4.016681,17,222.839503
-4.016657,17,222.849809
-4.016633,17,222.860161
-4.016607,17,222.870404
-4.016584,17,222.880657
-4.016559,17,222.890935
-4.016535,17,222.901277
-4.01651,17,222.9116
-4.016489,17,222.921871
-4.016464,17,222.932225
-4.016439,17,222.942512
-4.016414,17,222.952803
-4.016392,17,222.9631
-4.016367,17,222.97336
-4.016343,17,222.983793
-4.016319,17,222.994068
-4.016296,17,223.004405
-4.016271,17,223.014776
-4.016247,17,223.025025
-4.016224,17,223.035299
-4.016199,17,223.045615
-4.016176,17,223.055901
-4.016152,17,223.06613
-4.016127,17,223.076416
-4.016103,17,223.086677
-4.01608,17,223.096954
-4.016056,17,223.10732
-4.016033,17,223.117728
-4.3664,17,225.792284
-4.366391,17,225.803012
-4.366381,17,225.813764
-4.366368,17,225.824499
-4.36636,17,225.835433
-4.366351,17,225.846066
-4.366342,17,225.856758
-4.366333,17,225.867335
-4.366323,17,225.878135
-4.366313,17,225.888663
-4.366304,17,225.899359
-4.366295,17,225.909982
-4.366286,17,225.920582
-4.366277,17,225.931294
-4.366266,17,225.942031
-4.366256,17,225.952699
-4.366245,17,225.963298
-4.366238,17,225.973938
-4.366226,17,225.984538
-4.366218,17,225.995213
-4.36621,17,226.005739
-4.366199,17,226.016353
-4.366191,17,226.026911
-4.366183,17,226.037666
-4.366169,17,226.04823
-4.366161,17,226.058823
-4.36615,17,226.069432
-4.366141,17,226.079961
-4.366133,17,226.090586
-4.366194,17,226.101153
-4.173989,17,228.732788
-4.173985,17,228.743501
-4.17398,17,228.75415
-4.173976,17,228.764767
-4.173971,17,228.775553
-4.173967,17,228.786251
-4.173962,17,228.796894
-4.173957,17,228.807479
-4.173953,17,228.818164
-4.173948,17,228.828719
-4.173944,17,228.839426
-4.173939,17,228.849945
-4.173935,17,228.860574
-4.17393,17,228.871122
-4.173926,17,228.881721
-4.173921,17,228.892308
-4.173917,17,228.902899
-4.173912,17,228.913612
-4.173907,17,228.924195
-4.173903,17,228.934801
-4.173898,17,228.945569
-4.173894,17,228.956114
-4.173889,17,228.966779
-4.173884,17,228.977321
-4.17388,17,228.987917
-4.173876,17,228.99852
-4.173871,17,229.009099
-4.173866,17,229.019647
-4.173862,17,229.030338
-4.173857,17,229.040977
-4.153718,17,231.057348
-4.153712,17,231.067975
-4.153705,17,231.078619
-4.153699,17,231.089165
-4.153693,17,231.099765
-4.153687,17,231.110446
-4.153681,17,231.121115
-4.153675,17,231.131897
-4.153669,17,231.142643
-4.153663,17,231.153278
-4.153658,17,231.164851
-4.153653,17,231.175751
-4.153647,17,231.186662
-4.153642,17,231.197507
-4.153637,17,231.208232
-4.153632,17,231.2191
-4.153627,17,231.229671
-4.153622,17,231.240334
-4.153617,17,231.25109
-4.153611,17,231.261814
-4.153606,17,231.272536
-4.153601,17,231.28323
-4.153596,17,231.293834
-4.153591,17,231.304381
-4.153586,17,231.315108
-4.153581,17,231.325647
-4.153575,17,231.336352
-4.15357,17,231.346976
-4.153565,17,231.357647
-4.15356,17,231.368229
-4.153555,17,231.37885
-4.15355,17,231.389558
-4.153545,17,231.400171
-4.15354,17,231.410933
-4.153535,17,231.421547
-4.15353,17,231.432234
-4.153525,17,231.442952
-4.15352,17,231.453587
-4.153514,17,231.464272
-4.153509,17,231.474877
-4.073279,17,234.105213
-4.073278,17,234.115471
-4.073277,17,234.125722
-4.073276,17,234.135944
-4.073275,17,234.146181
-4.073274,17,234.156394
-4.073274,17,234.166684
-4.073273,17,234.176912
-4.073272,17,234.187143
-4.073271,17,234.197408
-4.07327,17,234.207671
-4.073269,17,234.217913
-4.073268,17,234.228154
-4.073267,17,234.238399
-4.073266,17,234.248628
-4.073266,17,234.258916
-4.073265,17,234.269172
-4.073264,17,234.279389
-4.073263,17,234.289695
-4.073262,17,234.299933
-4.073261,17,234.310227
-4.07326,17,234.320518
-4.073259,17,234.3308
-4.073258,17,234.341062
-4.073258,17,234.351264
-4.073257,17,234.361496
-4.073256,17,234.371691
-4.073255,17,234.381863
-4.073254,17,234.392073
-4.073253,17,234.402258
-4.472301,17,236.997828
-4.4723,17,237.008382
-4.4723,17,237.01911
-4.472299,17,237.029921
-4.472299,17,237.040626
-4.472298,17,237.051367
-4.472297,17,237.062093
-4.472297,17,237.072835
-4.472296,17,237.083516
-4.472295,17,237.094136
-4.472295,17,237.104871
-4.472294,17,237.115572
-4.472293,17,237.126379
-4.472293,17,237.137141
-4.472292,17,237.147929
-4.472291,17,237.158599
-4.472291,17,237.169478
-4.47229,17,237.18002
-4.472289,17,237.190728
-4.472289,17,237.201518
-4.472288,17,237.212313
-4.472287,17,237.222956
-4.472287,17,237.233713
-4.472286,17,237.244405
-4.472286,17,237.254984
-4.472285,17,237.265734
-4.472284,17,237.276458
-4.472284,17,237.287047
-4.472283,17,237.297857
-4.472282,17,237.308504
-4.472282,17,239.358257
-4.472281,17,239.369143
-4.47228,17,239.380062
-4.47228,17,239.39088
-4.472279,17,239.401789
-4.472278,17,239.412632
-4.472278,17,239.423494
-4.472277,17,239.43441
-4.472276,17,239.445203
-4.472276,17,239.456082
-4.472275,17,239.467001
-4.472274,17,239.477835
-4.472274,17,239.488778
-4.472273,17,239.499653
-4.472272,17,239.510429
-4.472272,17,239.521244
-4.472271,17,239.532199
-4.47227,17,239.543113
-4.47227,17,239.55411
-4.472269,17,239.564887
-4.472268,17,239.575727
-4.472268,17,239.586491
-4.472267,17,239.597447
-4.472267,17,239.608428
-4.472266,17,239.619103
-4.472265,17,239.63007
-4.472265,17,239.640984
-4.472264,17,239.651908
-4.472263,17,239.66274
-4.472263,17,239.673622
-4.203611,17,242.348516
-4.203611,17,242.359159
-4.203611,17,242.369979
-4.203611,17,242.38065
-4.203611,17,242.391414
-4.203611,17,242.402119
-4.203611,17,242.412994
-4.203611,17,242.423632
-4.203611,17,242.434549
-4.203611,17,242.445138
-4.203611,17,242.4561
-4.203611,17,242.46731
-4.203612,17,242.478075
-4.203612,17,242.48894
-4.203612,17,242.499738
-4.203612,17,242.510547
-4.203612,17,242.521253
-4.203612,17,242.532173
-4.203612,17,242.543031
-4.203612,17,242.553848
-4.203612,17,242.564735
-4.203612,17,242.575574
-4.203612,17,242.586553
-4.203612,17,242.597423
-4.203612,17,242.608285
-4.203612,17,242.619128
-4.203612,17,242.629861
-4.203612,17,242.640701
-4.203612,17,242.651341
-4.203612,17,242.662274
-4.203612,17,244.699355
-4.203612,17,244.710212
-4.203613,17,244.720881
-4.203613,17,244.731671
-4.203613,17,244.74234
-4.203613,17,244.753196
-4.203613,17,244.764139
-4.203613,17,244.774785
-4.203613,17,244.785546
-4.203613,17,244.796284
-4.203613,17,244.807034
-4.203613,17,244.817827
-4.203613,17,244.828523
-4.203613,17,244.839355
-4.203613,17,244.85005
-4.203613,17,244.86076
-4.203613,17,244.871662
-4.203613,17,244.882252
-4.203613,17,244.89312
-4.203613,17,244.903819
-4.203614,17,244.914516
-4.203613,17,244.925405
-4.203613,17,244.936003
-4.203614,17,244.946846
-4.203614,17,244.957606
-4.203614,17,244.968475
-4.203614,17,244.979168
-4.203614,17,244.989908
-4.203614,17,245.000604
-4.203614,17,245.011414
-4.347708,17,247.6107
-4.347699,17,247.621228
-4.347692,17,247.631738
-4.347684,17,247.642418
-4.347676,17,247.652948
-4.347668,17,247.663474
-4.34766,17,247.673854
-4.347653,17,247.684293
-4.347645,17,247.694882
-4.347636,17,247.705326
-4.347628,17,247.715802
-4.34762,17,247.726171
-4.347612,17,247.736661
-4.347604,17,247.747109
-4.347596,17,247.757489
-4.347588,17,247.767829
-4.34758,17,247.778248
-4.347572,17,247.788599
-4.347564,17,247.79894
-4.347556,17,247.809281
-4.347549,17,247.819666
-4.347541,17,247.830028
-4.347533,17,247.840377
-4.347524,17,247.850906
-4.347516,17,247.861253
-4.347509,17,247.871714
-4.3475,17,247.882426
-4.347493,17,247.892941
-4.347485,17,247.903545
-4.347477,17,247.914086
-4.340099,17,250.756236
-4.3401,17,250.766741
-4.340101,17,250.777117
-4.340103,17,250.787518
-4.340104,17,250.797854
-4.340106,17,250.808195
-4.340107,17,250.818542
-4.340108,17,250.828913
-4.34011,17,250.839219
-4.340111,17,250.849552
-4.340112,17,250.859852
-4.340114,17,250.870182
-4.340115,17,250.880456
-4.340116,17,250.890767
-4.340118,17,250.901052
-4.340121,17,250.911354
-4.340122,17,250.921632
-4.340123,17,250.931923
-4.340124,17,250.942479
-4.340125,17,250.952945
-4.340127,17,250.963356
-4.340129,17,250.9737
-4.34013,17,250.984296
-4.340131,17,250.994908
-4.340132,17,251.005682
-4.340134,17,251.016355
-4.340135,17,251.026846
-4.340136,17,251.037569
-4.340138,17,251.047886
-4.340139,17,251.058218
-4.587403,17,253.030195
-4.587403,17,253.041103
-4.587404,17,253.0522
-4.587405,17,253.063036
-4.587406,17,253.073775
-4.587407,17,253.084225
-4.587408,17,253.094835
-4.587409,17,253.105422
-4.58741,17,253.115855
-4.58741,17,253.126359
-4.587411,17,253.137805
-4.587412,17,253.148488
-4.587414,17,253.159522
-4.587415,17,253.170282
-4.587415,17,253.180923
-4.587416,17,253.191488
-4.587417,17,253.201901
-4.587418,17,253.212489
-4.587419,17,253.222901
-4.58742,17,253.233287
-4.58742,17,253.24367
-4.587421,17,253.254023
-4.587422,17,253.264401
-4.587423,17,253.274772
-4.587423,17,253.285069
-4.587424,17,253.295368
-4.587425,17,253.305692
-4.587426,17,253.316034
-4.587427,17,253.326331
-4.587428,17,253.337011
-4.587428,17,253.347442
-4.587429,17,253.358
-4.587429,17,253.368722
-4.58743,17,253.379265
-4.58743,17,253.390008
-4.587431,17,253.400353
-4.587431,17,253.411134
-4.587432,17,253.42166
-4.587432,17,253.431981
-4.587432,17,253.442281
-4.595025,17,256.056905
-4.595023,17,256.06786
-4.595022,17,256.078779
-4.595021,17,256.089634
-4.59502,17,256.100218
-4.595018,17,256.111086
-4.595017,17,256.122102
-4.595016,17,256.132874
-4.595015,17,256.143759
-4.595014,17,256.154646
-4.595012,17,256.165416
-4.595011,17,256.176193
-4.59501,17,256.186759
-4.595009,17,256.19743
-4.595007,17,256.208261
-4.595006,17,256.219114
-4.595005,17,256.229973
-4.595004,17,256.240813
-4.595002,17,256.251689
-4.595001,17,256.262474
-4.595,17,256.273271
-4.594999,17,256.284246
-4.594997,17,256.29499
-4.594996,17,256.305783
-4.594995,17,256.316486
-4.594994,17,256.32729
-4.594992,17,256.338172
-4.594991,17,256.348733
-4.59499,17,256.359441
-4.594989,17,256.370024
-4.594987,17,258.376542
-4.594986,17,258.387633
-4.594985,17,258.398735
-4.594984,17,258.409639
-4.594982,17,258.420441
-4.594981,17,258.431315
-4.59498,17,258.442019
-4.594979,17,258.452664
-4.594977,17,258.463387
-4.594976,17,258.47405
-4.594975,17,258.48494
-4.594974,17,258.495509
-4.594972,17,258.506395
-4.594971,17,258.516929
-4.59497,17,258.52764
-4.594969,17,258.538273
-4.594967,17,258.549163
-4.594966,17,258.559832
-4.594965,17,258.570446
-4.594964,17,258.581394
-4.594963,17,258.592225
-4.594961,17,258.6029
-4.59496,17,258.613832
-4.594959,17,258.624985
-4.594958,17,258.636037
-4.594956,17,258.647052
-4.594955,17,258.658161
-4.594954,17,258.669091
-4.594953,17,258.68021
-4.594951,17,258.691127
-4.328507,17,261.603326
-4.328542,17,261.614537
-4.328588,17,261.625627
-4.328631,17,261.636715
-4.328686,17,261.647922
-4.328726,17,261.658982
-4.328776,17,261.670135
-4.328815,17,261.681367
-4.328857,17,261.692749
-4.328908,17,261.70391
-4.328948,17,261.714924
-4.329002,17,261.725913
-4.329051,17,261.737266
-4.329102,17,261.748402
-4.329157,17,261.759663
-4.329202,17,261.770935
-4.329248,17,261.781757
-4.329301,17,261.79285
-4.329352,17,261.804094
-4.329398,17,261.815067
-4.329455,17,261.826256
-4.329513,17,261.837396
-4.329558,17,261.848366
-4.329611,17,261.859338
-4.329661,17,261.870528
-4.329708,17,261.881498
-4.32977,17,261.892465
-4.329819,17,261.903575
-4.329875,17,261.91454
-4.329922,17,261.925461
-4.391921,17,264.726828
-4.391944,17,264.737672
-4.391974,17,264.748328
-4.392002,17,264.758997
-4.39203,17,264.769783
-4.392056,17,264.780275
-4.392085,17,264.790817
-4.392113,17,264.801664
-4.392144,17,264.812318
-4.392177,17,264.823613
-4.392203,17,264.834449
-4.392233,17,264.845424
-4.392258,17,264.856552
-4.392287,17,264.867401
-4.392313,17,264.878096
-4.392345,17,264.889139
-4.392371,17,264.899899
-4.3924,17,264.91051
-4.392429,17,264.921033
-4.392457,17,264.931453
-4.392472,17,264.942273
-4.392483,17,264.953012
-4.392495,17,264.963745
-4.392506,17,264.974395
-4.392519,17,264.98531
-4.392529,17,264.996142
-4.392542,17,265.006892
-4.392555,17,265.017629
-4.392566,17,265.028416
-4.392578,17,265.039013
-4.392588,17,267.088645
-4.392602,17,267.100279
-4.392612,17,267.112087
-4.392624,17,267.124016
-4.392634,17,267.13583
-4.392648,17,267.147727
-4.392662,17,267.15944
-4.392672,17,267.171302
-4.392684,17,267.182672
-4.392696,17,267.194159
-4.392708,17,267.205489
-4.392719,17,267.21685
-4.392732,17,267.228226
-4.392744,17,267.239401
-4.392755,17,267.250585
-4.392767,17,267.261771
-4.392778,17,267.272953
-4.392791,17,267.284279
-4.392802,17,267.295569
-4.392816,17,267.306954
-4.392827,17,267.318226
-4.39284,17,267.329375
-4.392851,17,267.340706
-4.392864,17,267.35212
-4.392876,17,267.363768
-4.392887,17,267.375463
-4.3929,17,267.386854
-4.39291,17,267.398308
-4.392922,17,267.409395
-4.392934,17,267.420694
-4.478036,17,270.257678
-4.478028,17,270.268098
-4.478022,17,270.278544
-4.478014,17,270.288965
-4.478007,17,270.29947
-4.477999,17,270.310245
-4.477993,17,270.321107
-4.477985,17,270.331894
-4.47798,17,270.342648
-4.477972,17,270.353209
-4.477965,17,270.363659
-4.477957,17,270.374188
-4.477951,17,270.384795
-4.477943,17,270.395479
-4.477938,17,270.406082
-4.47793,17,270.416855
-4.477924,17,270.427935
-4.477915,17,270.438772
-4.477909,17,270.449505
-4.477901,17,270.460121
-4.477894,17,270.471041
-4.477887,17,270.482144
-4.477881,17,270.492803
-4.477873,17,270.503317
-4.477867,17,270.513745
-4.477859,17,270.524167
-4.477852,17,270.534575
-4.477845,17,270.544944
-4.47782,17,270.555327
-4.477786,17,270.565716
-4.477755,17,272.568733
-4.477724,17,272.579573
-4.477695,17,272.590329
-4.477661,17,272.601536
-4.477637,17,272.612676
-4.477605,17,272.623589
-4.477577,17,272.634647
-4.477544,17,272.645461
-4.477518,17,272.656423
-4.477485,17,272.667215
-4.477459,17,272.678037
-4.477426,17,272.688689
-4.477398,17,272.69959
-4.477366,17,272.710555
-4.477335,17,272.721426
-4.477304,17,272.732142
-4.477277,17,272.742907
-4.477243,17,272.753788
-4.477215,17,272.764706
-4.477184,17,272.775659
-4.477155,17,272.786474
-4.477122,17,272.79744
-4.477097,17,272.808432
-4.477064,17,272.819279
-4.477036,17,272.830372
-4.477004,17,272.841482
-4.476976,17,272.852397
-4.476944,17,272.863119
-4.476911,17,272.873862
-4.476881,17,272.884602
-4.371763,17,275.671583
-4.371796,17,275.682503
-4.371824,17,275.693551
-4.371856,17,275.704561
-4.37191,17,275.71519
-4.371946,17,275.725728
-4.371977,17,275.73622
-4.372009,17,275.74674
-4.372051,17,275.757189
-4.372081,17,275.767562
-4.372106,17,275.779639
-4.37213,17,275.79023
-4.372163,17,275.800874
-4.372188,17,275.811677
-4.372212,17,275.822581
-4.372237,17,275.833328
-4.372262,17,275.84406
-4.372295,17,275.854591
-4.372317,17,275.865119
-4.372349,17,275.875659
-4.372387,17,275.886112
-4.372411,17,275.896721
-4.372446,17,275.907154
-4.372471,17,275.917728
-4.372495,17,275.928278
-4.37252,17,275.938795
-4.372543,17,275.949221
-4.372578,17,275.959691
-4.372604,17,275.970186
-4.37263,17,275.980849
-4.372658,17,275.991471
-4.372682,17,276.001949
-4.372728,17,276.012353
-4.372754,17,276.0228
-4.372777,17,276.03317
-4.372808,17,276.043506
-4.372833,17,276.054051
-4.372883,17,276.064545
-4.372909,17,276.075032
-4.372937,17,276.085408
-4.365729,17,278.760084
-4.365756,17,278.771074
-4.365784,17,278.782126
-4.365808,17,278.793202
-4.365834,17,278.804127
-4.615859,17,278.8152
-4.615885,17,278.826335
-4.615908,17,278.837344
-4.615933,17,278.84848
-4.615959,17,278.859397
-4.615997,17,278.870402
-4.616022,17,278.881849
-4.616067,17,278.893089
-4.616092,17,278.904317
-4.616116,17,278.915387
-4.61614,17,278.926274
-4.616165,17,278.937245
-4.616191,17,278.948156
-4.616215,17,278.959407
-4.61624,17,278.970248
-4.616263,17,278.981248
-4.616287,17,278.992266
-4.61631,17,279.003525
-4.616339,17,279.014771
-4.616362,17,279.025758
-4.616395,17,279.037046
-4.61642,17,279.048046
-4.616444,17,279.059194
-4.61647,17,279.070199
-4.616494,17,279.081355
-4.616529,17,281.200079
-4.616556,17,281.210745
-4.61658,17,281.221459
-4.616611,17,281.232117
-4.616635,17,281.242821
-4.616662,17,281.253614
-4.616687,17,281.264326
-4.616712,17,281.275089
-4.616734,17,281.28591
-4.616763,17,281.296784
-4.616785,17,281.307569
-4.616809,17,281.318336
-4.616833,17,281.328925
-4.616859,17,281.339788
-4.616884,17,281.350497
-4.616909,17,281.361126
-4.616935,17,281.371889
-4.616959,17,281.382602
-4.616982,17,281.393423
-4.617009,17,281.404898
-4.617047,17,281.41611
-4.617074,17,281.427303
-4.617099,17,281.438132
-4.617126,17,281.44919
-4.61715,17,281.460269
-4.61718,17,281.471239
-4.617202,17,281.48226
-4.617231,17,281.493411
-4.617257,17,281.504359
-4.617291,17,281.515459
-4.633169,17,284.393162
-4.633165,17,284.403953
-4.633161,17,284.41487
-4.633156,17,284.425982
-4.633152,17,284.436835
-4.633147,17,284.447838
-4.633142,17,284.458856
-4.633138,17,284.46967
-4.633135,17,284.480524
-4.63313,17,284.491426
-4.633125,17,284.502285
-4.633122,17,284.513223
-4.633118,17,284.524112
-4.633113,17,284.535036
-4.633108,17,284.545811
-4.633104,17,284.55678
-4.633099,17,284.567701
-4.633095,17,284.578599
-4.633091,17,284.589452
-4.633086,17,284.600081
-4.633081,17,284.610983
-4.633078,17,284.621762
-4.633073,17,284.632514
-4.633069,17,284.643377
-4.633065,17,284.654284
-4.633061,17,284.665074
-4.633056,17,284.675696
-4.633051,17,284.686388
-4.633048,17,284.697228
-4.633043,17,284.708073
-4.213753,17,287.731438
-4.213755,17,287.742623
-4.213756,17,287.753704
-4.213757,17,287.764848
-4.213759,17,287.776128
-4.21376,17,287.787373
-4.213762,17,287.798446
-4.213764,17,287.809792
-4.213765,17,287.821128
-4.213766,17,287.832575
-4.213768,17,287.843982
-4.213769,17,287.85548
-4.213771,17,287.866886
-4.213771,17,287.878021
-4.213773,17,287.889322
-4.213774,17,287.900633
-4.213776,17,287.911709
-4.213777,17,287.92305
-4.213779,17,287.934355
-4.213781,17,287.945605
-4.213782,17,287.956579
-4.213784,17,287.967818
-4.213784,17,287.978961
-4.213786,17,287.990123
-4.213787,17,288.001239
-4.213789,17,288.012218
-4.213791,17,288.023578
-4.213792,17,288.034794
-4.213794,17,288.045841
-4.213795,17,288.057069
-4.213797,17,290.187847
-4.213798,17,290.19916
-4.2138,17,290.210245
-4.2138,17,290.22152
-4.213801,17,290.232866
-4.213803,17,290.244087
-4.213804,17,290.255488
-4.213806,17,290.2665
-4.213808,17,290.277622
-4.213809,17,290.289113
-4.213811,17,290.300159
-4.213813,17,290.311676
-4.213814,17,290.322889
-4.213815,17,290.334073
-4.213816,17,290.345421
-4.213818,17,290.356906
-4.213819,17,290.368371
-4.213821,17,290.380136
-4.213823,17,290.39147
-4.213824,17,290.402913
-4.213826,17,290.414349
-4.213827,17,290.425577
-4.213828,17,290.43695
-4.213829,17,290.448291
-4.213831,17,290.459958
-4.213832,17,290.47121
-4.213833,17,290.482585
-4.213835,17,290.493738
-4.213837,17,290.504871
-4.213838,17,290.515986
-3.960645,17,293.600568
-3.960641,17,293.612116
-3.960638,17,293.623689
-3.960635,17,293.635079
-3.960632,17,293.646451
-3.960629,17,293.657673
-3.960626,17,293.668797
-3.960623,17,293.680082
-3.96062,17,293.691128
-3.960617,17,293.702231
-3.960614,17,293.713276
-3.960611,17,293.724343
-3.960609,17,293.735825
-3.960605,17,293.746796
-3.960602,17,293.757981
-3.960599,17,293.769065
-3.960596,17,293.780218
-3.960593,17,293.791197
-3.958719,17,293.802207
-3.958684,17,293.813194
-3.958641,17,293.824279
-3.958607,17,293.835473
-3.958568,17,293.84644
-3.958535,17,293.857634
-3.958495,17,293.868876
-3.958458,17,293.879908
-3.958421,17,293.890788
-3.958383,17,293.901888
-3.958347,17,293.91283
-3.958309,17,293.923983
-3.95827,17,296.114323
-3.958251,17,296.125449
-3.958212,17,296.136577
-3.958174,17,296.147973
-3.958136,17,296.159108
-3.958098,17,296.170228
-3.958061,17,296.181536
-3.958023,17,296.192925
-3.957986,17,296.204209
-3.957947,17,296.215473
-3.957911,17,296.226809
-3.957873,17,296.238059
-3.957838,17,296.249265
-3.957798,17,296.260067
-3.95777,17,296.270878
-3.957734,17,296.281866
-3.957696,17,296.292964
-3.95766,17,296.304155
-3.957629,17,296.31524
-3.95759,17,296.32629
-3.957572,17,296.337442
-3.957532,17,296.348575
-3.957495,17,296.359496
-3.957457,17,296.370369
-3.957422,17,296.381524
-3.957385,17,296.39226
-3.957349,17,296.403946
-3.957332,17,296.415047
-3.957297,17,296.426256
-3.957259,17,296.437333
-4.25801,17,299.348673
-4.258121,17,299.3597
-4.258285,17,299.370927
-4.258477,17,299.381988
-4.258731,17,299.393222
-4.259016,17,299.404412
-4.259225,17,299.41558
-4.259491,17,299.42691
-4.259708,17,299.438617
-4.259915,17,299.449903
-4.260135,17,299.46221
-4.260301,17,299.473724
-4.260501,17,299.485004
-4.260722,17,299.49637
-4.260877,17,299.507761
-4.26102,17,299.519006
-4.261237,17,299.5304
-4.261467,17,299.5418
-4.261621,17,299.553113
-4.26213,17,299.564409
-4.262332,17,299.575823
-4.262514,17,299.587153
-4.262706,17,299.598476
-4.261588,17,299.609751
-4.260757,17,299.621222
-4.26035,17,299.632618
-4.259728,17,299.643999
-4.25984,17,299.655134
-4.259448,17,299.666408
-4.263074,17,299.677846
-4.269338,17,299.689136
-4.260571,17,299.700475
-4.264332,17,299.711645
-4.258516,17,299.722895
-4.262343,17,299.734255
-4.267831,17,299.745502
-4.262224,17,299.75673
-4.267066,17,299.768109
-4.266441,17,299.779313
-4.265722,17,299.790578
-4.288853,17,302.805541
-4.288879,17,302.816737
-4.288936,17,302.827809
-4.288959,17,302.839072
-4.288984,17,302.850294
-4.289011,17,302.861567
-4.289034,17,302.872912
-4.289061,17,302.884349
-4.289116,17,302.895747
-4.289141,17,302.906998
-4.289164,17,302.918292
-4.289188,17,302.929445
-4.289239,17,302.940827
-4.28929,17,302.952044
-4.289361,17,302.963347
-4.289379,17,302.974613
-4.28941,17,302.985884
-4.289436,17,302.997251
-4.289455,17,303.008554
-4.289514,17,303.019757
-4.289539,17,303.031249
-4.289566,17,303.042415
-4.289596,17,303.053746
-4.289625,17,303.065013
-4.289647,17,303.076314
-4.289706,17,303.087949
-4.289732,17,303.09929
-4.289754,17,303.110506
-4.289803,17,303.121647
-4.28982,17,303.132866
-4.289846,17,305.228999
-4.289907,17,305.239815
-4.289927,17,305.25077
-4.289953,17,305.261806
-4.290021,17,305.272642
-4.290045,17,305.283541
-4.290103,17,305.294476
-4.290126,17,305.305767
-4.290148,17,305.31696
-4.290175,17,305.327734
-4.290195,17,305.338758
-4.290217,17,305.349615
-4.290277,17,305.360443
-4.290303,17,305.371176
-4.290361,17,305.381998
-4.290387,17,305.393096
-4.290407,17,305.403905
-4.290428,17,305.414651
-4.290491,17,305.425526
-4.290514,17,305.436598
-4.290539,17,305.447547
-4.290555,17,305.458404
-4.290586,17,305.469274
-4.290648,17,305.48024
-4.290709,17,305.49106
-4.290727,17,305.501916
-4.290755,17,305.513111
-4.290777,17,305.524107
-4.290801,17,305.534917
-4.290859,17,305.545877
-4.220085,17,308.489128
-4.220079,17,308.500206
-4.220073,17,308.511675
-4.220066,17,308.523023
-4.220055,17,308.534439
-4.220049,17,308.546048
-4.220042,17,308.557553
-4.220036,17,308.568989
-4.220027,17,308.580499
-4.220013,17,308.59188
-4.220003,17,308.603431
-4.219997,17,308.614995
-4.219991,17,308.626176
-4.219979,17,308.637383
-4.219971,17,308.648868
-4.219964,17,308.660368
-4.219958,17,308.67155
-4.219951,17,308.682801
-4.219945,17,308.69416
-4.219938,17,308.705626
-4.219933,17,308.716804
-4.219926,17,308.728208
-4.219913,17,308.739497
-4.219908,17,308.750834
-4.219902,17,308.761969
-4.219896,17,308.773397
-4.21989,17,308.784848
-4.219883,17,308.796053
-4.219877,17,308.80744
-4.21987,17,308.818611
-4.219864,17,310.921003
-4.219852,17,310.931999
-4.219845,17,310.942972
-4.219835,17,310.954066
-4.219828,17,310.96523
-4.219821,17,310.976632
-4.219814,17,310.987673
-4.219807,17,310.998808
-4.219793,17,311.009836
-4.219787,17,311.020945
-4.21978,17,311.031999
-4.219769,17,311.043178
-4.219763,17,311.054215
-4.219756,17,311.065381
-4.219751,17,311.07625
-4.219744,17,311.087279
-4.219738,17,311.098287
-4.219732,17,311.109
-4.219725,17,311.119978
-4.219719,17,311.131044
-4.219707,17,311.141887
-4.219701,17,311.152873
-4.219695,17,311.163866
-4.219687,17,311.175349
-4.219682,17,311.18627
-4.21967,17,311.197326
-4.219664,17,311.208534
-4.219657,17,311.219429
-4.219651,17,311.230443
-4.219641,17,311.241594
-4.338838,17,314.178844
-4.338817,17,314.1894
-4.338793,17,314.200482
-4.338751,17,314.211762
-4.338731,17,314.222681
-4.338711,17,314.233447
-4.338688,17,314.24419
-4.338663,17,314.254855
-4.338641,17,314.26569
-4.338603,17,314.276389
-4.338573,17,314.287002
-4.33855,17,314.297824
-4.338532,17,314.308686
-4.338494,17,314.31985
-4.338474,17,314.330493
-4.338434,17,314.341268
-4.338413,17,314.351856
-4.33839,17,314.362419
-4.338369,17,314.372882
-4.338348,17,314.383373
-4.3383,17,314.393795
-4.33828,17,314.404813
-4.338237,17,314.415439
-4.338216,17,314.425968
-4.338193,17,314.436505
-4.338169,17,314.446931
-4.338159,17,314.457281
-4.338138,17,314.467781
-4.33811,17,314.478137
-4.338116,17,314.488479
-4.483914,17,317.078427
-4.483659,17,317.088974
-4.484719,17,317.099516
-4.485729,17,317.110033
-4.486807,17,317.120569
-4.487869,17,317.131078
-4.488876,17,317.141633
-4.489955,17,317.152135
-4.491017,17,317.162665
-4.492154,17,317.173092
-4.492321,17,317.183574
-4.493392,17,317.194041
-4.493904,17,317.204455
-4.49466,17,317.215043
-4.494636,17,317.225572
-4.4946,17,317.236493
-4.49454,17,317.247457
-4.49447,17,317.257996
-4.494398,17,317.268492
-4.494331,17,317.278956
-4.494267,17,317.289551
-4.494196,17,317.300061
-4.494131,17,317.310654
-4.494061,17,317.321119
-4.493983,17,317.331578
-4.493916,17,317.342085
-4.493846,17,317.352555
-4.493775,17,317.363016
-4.493711,17,317.373489
-4.493663,17,317.384075
-4.493621,17,319.391291
-4.493577,17,319.401946
-4.493568,17,319.412588
-4.493523,17,319.423217
-4.493474,17,319.434005
-4.493428,17,319.444668
-4.493374,17,319.455359
-4.493331,17,319.465962
-4.493279,17,319.476747
-4.493238,17,319.487842
-4.493183,17,319.498749
-4.493138,17,319.50963
-4.493084,17,319.520473
-4.49305,17,319.531093
-4.493004,17,319.541911
-4.492955,17,319.552607
-4.492898,17,319.56316
-4.492842,17,319.573615
-4.492795,17,319.584112
-4.492733,17,319.594621
-4.492684,17,319.605041
-4.492631,17,319.615521
-4.492578,17,319.625974
-4.492525,17,319.636417
-4.492472,17,319.646842
-4.492445,17,319.657291
-4.49239,17,319.6679
-4.49233,17,319.678869
-4.49226,17,319.689415
-4.492191,17,319.700095
-4.18653,17,322.38408
-4.185742,17,322.394888
-4.185332,17,322.405703
-4.184833,17,322.416594
-4.184287,17,322.427534
-4.184525,17,322.438568
-4.184464,17,322.449507
-4.184266,17,322.460453
-4.173187,17,322.471228
-4.194769,17,322.482331
-4.190243,17,322.494227
-4.166953,17,322.505489
-4.169176,17,322.516785
-4.157502,17,322.52806
-4.153414,17,322.539197
-4.149087,17,322.55023
-4.145651,17,322.56144
-4.142322,17,322.572532
-4.138363,17,322.583568
-4.180874,17,322.594709
-4.06224,17,322.605743
-4.063428,17,322.617031
-4.063976,17,322.628017
-4.065025,17,322.639222
-4.17539,17,322.650733
-4.059949,17,322.662026
-4.060795,17,322.6732
-4.0597,17,322.684379
-4.060804,17,322.695683
-4.061938,17,322.706568
-4.062524,17,322.717877
-4.063441,17,322.729267
-4.064977,17,322.740525
-4.065928,17,322.751711
-4.064001,17,322.762788
-4.065217,17,322.77386
-4.066257,17,322.784954
-4.175563,17,322.796123
-4.060713,17,322.80729
-4.061537,17,322.818244
-4.062573,17,324.911139
-4.06388,17,324.921886
-4.064512,17,324.933186
-4.065709,17,324.944518
-4.175405,17,324.955596
-4.060631,17,324.966766
-4.059222,17,324.97794
-4.059742,17,324.988901
-4.060857,17,324.999963
-4.061992,17,325.010958
-4.062703,17,325.022003
-4.063808,17,325.032952
-4.065017,17,325.04397
-4.065966,17,325.055028
-4.175429,17,325.065872
-4.060493,17,325.07691
-4.061449,17,325.087862
-4.061455,17,325.098751
-4.06249,17,325.109905
-4.061317,17,325.120885
-4.055523,17,325.131805
-4.057266,17,325.142947
-4.057801,17,325.154183
-4.059145,17,325.165214
-4.060039,17,325.176211
-4.060839,17,325.187158
-4.061785,17,325.197952
-4.062743,17,325.209007
-4.063923,17,325.220233
-4.065221,17,325.231088
-4.367451,17,327.987018
-4.356234,17,327.998375
-4.355795,17,328.009947
-4.364482,17,328.021394
-4.366981,17,328.032756
-4.367723,17,328.044201
-4.368603,17,328.055587
-4.369215,17,328.066887
-4.370342,17,328.078264
-4.371376,17,328.08968
-4.372413,17,328.101066
-4.373239,17,328.112602
-4.373316,17,328.124191
-4.373271,17,328.135534
-4.372954,17,328.146907
-4.372825,17,328.15843
-4.372606,17,328.169772
-4.37246,17,328.181102
-4.372289,17,328.192695
-4.372133,17,328.204033
-4.371969,17,328.21556
-4.372052,17,328.226976
-4.372119,17,328.238389
-4.37219,17,328.249727
-4.372257,17,328.26105
-4.372329,17,328.27253
-4.372433,17,328.283854
-4.372499,17,328.295168
-4.372571,17,328.306379
-4.37264,17,328.317869
-4.755809,17,331.473184
-4.755797,17,331.483557
-4.755786,17,331.493905
-4.755774,17,331.504223
-4.75576,17,331.514565
-4.755749,17,331.524863
-4.755737,17,331.535278
-4.755726,17,331.54587
-4.755716,17,331.556273
-4.755704,17,331.56697
-4.755689,17,331.577775
-4.755678,17,331.588151
-4.755667,17,331.598524
-4.755656,17,331.608902
-4.755644,17,331.619392
-4.755631,17,331.629698
-4.755618,17,331.640031
-4.755604,17,331.650311
-4.755593,17,331.660674
-4.755581,17,331.670943
-4.755571,17,331.681294
-4.755554,17,331.691657
-4.755543,17,331.701982
-4.755529,17,331.712334
-4.755518,17,331.722704
-4.755506,17,331.733071
-4.755495,17,331.743415
-4.755484,17,331.753916
-4.755473,17,331.764323
-4.755458,17,331.774868
-4.755446,17,333.856496
-4.755436,17,333.867688
-4.755425,17,333.878971
-4.75541,17,333.889879
-4.755399,17,333.900632
-4.755385,17,333.911278
-4.755374,17,333.92184
-4.755363,17,333.932533
-4.755351,17,333.942954
-4.755339,17,333.954014
-4.755329,17,333.964937
-4.755317,17,333.975868
-4.755303,17,333.986847
-4.755287,17,333.997743
-4.755276,17,334.008731
-4.755264,17,334.019732
-4.755252,17,334.030689
-4.755241,17,334.041791
-4.755226,17,334.053298
-4.755215,17,334.06441
-4.755203,17,334.075505
-4.755192,17,334.086566
-4.755178,17,334.097587
-4.755167,17,334.108463
-4.755153,17,334.119473
-4.755142,17,334.13035
-4.75513,17,334.141163
-4.755119,17,334.152213
-4.755108,17,334.163177
-4.755096,17,334.174046
-4.057104,17,337.201907
-4.057044,17,337.212811
-4.056982,17,337.22406
-4.056904,17,337.235267
-4.05685,17,337.246217
-4.05677,17,337.257499
-4.05671,17,337.268656
-4.05662,17,337.27968
-4.056541,17,337.291178
-4.056476,17,337.302203
-4.056352,17,337.312934
-4.056274,17,337.324369
-4.056087,17,337.335191
-4.056003,17,337.346243
-4.055916,17,337.357256
-4.05575,17,337.36809
-4.055688,17,337.379071
-4.055598,17,337.390095
-4.055528,17,337.400987
-4.055443,17,337.412003
-4.055368,17,337.422952
-4.055244,17,337.433716
-4.055175,17,337.444423
-4.055083,17,337.455301
-4.055007,17,337.466049
-4.054944,17,337.476863
-4.054848,17,337.488104
-4.054781,17,337.49928
-4.054694,17,337.510441
-4.054517,17,337.521595
-4.383664,17,340.357299
-4.383821,17,340.368318
-4.383967,17,340.379147
-4.384136,17,340.389984
-4.384305,17,340.400852
-4.384452,17,340.411735
-4.384603,17,340.4227
-4.384747,17,340.433666
-4.384919,17,340.44491
-4.385096,17,340.455896
-4.385237,17,340.467073
-4.385391,17,340.477902
-4.38557,17,340.488612
-4.385377,17,340.499609
-4.385534,17,340.510534
-4.385624,17,340.521437
-4.385765,17,340.532301
-4.385959,17,340.54367
-4.385898,17,340.554871
-4.386069,17,340.565737
-4.386233,17,340.576634
-4.386366,17,340.587587
-4.266553,17,340.598229
-4.266661,17,340.608917
-4.26684,17,340.619845
-4.266983,17,340.630758
-4.267112,17,340.641784
-4.267289,17,340.652823
-4.267433,17,340.664137
-4.267593,17,340.675154
-4.267749,17,342.772747
-4.267879,17,342.783922
-4.268046,17,342.794723
-4.268207,17,342.805743
-4.268353,17,342.816649
-4.268493,17,342.827492
-4.268636,17,342.838331
-4.268759,17,342.849308
-4.268812,17,342.860063
-4.268863,17,342.871049
-4.268912,17,342.881786
-4.268971,17,342.892693
-4.26902,17,342.903481
-4.269074,17,342.914405
-4.269124,17,342.925335
-4.269176,17,342.936038
-4.269241,17,342.94691
-4.269278,17,342.957715
-4.269278,17,342.968747
-4.26933,17,342.979812
-4.269382,17,342.990887
-4.269421,17,343.00184
-4.26946,17,343.012665
-4.269514,17,343.023434
-4.234649,17,343.034358
-4.234805,17,343.045132
-4.234987,17,343.056067
-4.235142,17,343.066958
-4.235319,17,343.077705
-4.235512,17,343.088516
-4.443019,17,345.880827
-4.441559,17,345.891207
-4.441651,17,345.901508
-4.441747,17,345.911757
-4.441839,17,345.922009
-4.441933,17,345.932272
-4.442018,17,345.942495
-4.442088,17,345.952759
-4.442184,17,345.963045
-4.442273,17,345.973289
-4.442379,17,345.985229
-4.468879,17,345.996056
-4.46905,17,346.007487
-4.469223,17,346.018015
-4.503952,17,346.028428
-4.504059,17,346.038777
-4.504173,17,346.049098
-4.50426,17,346.059434
-4.504354,17,346.069678
-4.504449,17,346.07997
-4.503678,17,346.09029
-4.503784,17,346.100592
-4.50381,17,346.110872
-4.502631,17,346.121164
-4.503816,17,346.131474
-4.504793,17,346.141712
-4.469843,17,346.15207
-4.462686,17,346.162427
-4.462763,17,346.172804
-4.462882,17,346.183246
-4.463021,17,346.193793
-4.463167,17,346.204782
-4.478609,17,346.215285
-4.4787,17,346.225719
-4.478812,17,346.23617
-4.478065,17,346.24655
-4.478191,17,346.256918
-4.464864,17,346.267302
-4.464923,17,346.277694
-4.444353,17,346.288136
-4.444436,17,348.260766
-4.444498,17,348.271144
-4.44458,17,348.281799
-4.445441,17,348.292822
-4.444724,17,348.303538
-4.444809,17,348.314113
-4.444886,17,348.324624
-4.444971,17,348.334989
-4.44505,17,348.345553
-4.445132,17,348.355828
-4.4452,17,348.366495
-4.445281,17,348.377266
-4.44536,17,348.387663
-4.445501,17,348.398033
-4.445303,17,348.408385
-4.444147,17,348.418937
-4.443827,17,348.429663
-4.443502,17,348.440106
-4.443175,17,348.450581
-4.442858,17,348.460935
-4.442604,17,348.471173
-4.442288,17,348.481429
-4.441965,17,348.491615
-4.441656,17,348.501872
-4.469479,17,348.512099
-4.482543,17,348.522444
-4.466796,17,348.532705
-4.466996,17,348.542958
-4.505896,17,348.55334
-4.506013,17,348.563716
-4.291637,17,351.421443
-4.292214,17,351.432575
-4.292692,17,351.44322
-4.292953,17,351.453919
-4.293168,17,351.464551
-4.293346,17,351.47565
-4.293581,17,351.486569
-4.293845,17,351.497571
-4.294418,17,351.508567
-4.294696,17,351.519304
-4.294935,17,351.530245
-4.295189,17,351.54113
-4.295668,17,351.552243
-4.295998,17,351.563232
-4.248291,17,351.574219
-4.248346,17,351.585085
-4.248492,17,351.596086
-4.248788,17,351.607089
-4.249054,17,351.617865
-4.249706,17,351.628724
-4.250027,17,351.639755
-4.250339,17,351.650588
-4.25112,17,351.661546
-4.251519,17,351.672501
-4.251779,17,351.683416
-4.25247,17,351.694308
-4.252911,17,351.705211
-4.253299,17,351.716016
-4.25379,17,351.726862
-4.254553,17,351.737575
-4.077449,17,354.699468
-4.077427,17,354.710892
-4.077305,17,354.722794
-4.07821,17,354.734336
-4.07813,17,354.746246
-4.078114,17,354.75768
-4.12809,17,354.768909
-4.127902,17,354.780231
-4.127637,17,354.791414
-4.127374,17,354.802434
-4.127064,17,354.813562
-4.126082,17,354.824657
-4.125199,17,354.835834
-4.126834,17,354.846884
-4.079219,17,354.857884
-4.079151,17,354.868922
-4.075661,17,354.880101
-4.077849,17,354.891266
-4.096594,17,354.902404
-4.076674,17,354.91339
-4.083167,17,354.924483
-4.076373,17,354.935458
-4.082078,17,354.946526
-4.082463,17,354.957468
-4.063802,17,354.968466
-4.07603,17,354.979771
-4.076132,17,354.990909
-4.080762,17,355.002131
-4.082401,17,355.013127
-4.07548,17,355.024197
-4.081882,17,357.02738
-4.076539,17,357.037775
-4.080222,17,357.048079
-4.081326,17,357.05855
-4.076836,17,357.069041
-4.076604,17,357.079829
-4.082324,17,357.090683
-4.082342,17,357.101292
-4.075891,17,357.111702
-4.076566,17,357.122308
-4.080259,17,357.132734
-4.076588,17,357.143126
-4.063257,17,357.153504
-4.075695,17,357.163899
-4.080617,17,357.174277
-4.080052,17,357.184818
-4.076577,17,357.195221
-4.076598,17,357.205579
-4.082237,17,357.216
-4.078862,17,357.226358
-4.076464,17,357.236658
-4.083247,17,357.24701
-4.083197,17,357.257303
-4.082901,17,357.267636
-4.076242,17,357.277952
-4.081554,17,357.288683
-4.075421,17,357.299214
-4.083053,17,357.309672
-4.081686,17,357.320096
-4.066156,17,357.330564
-4.396815,17,360.065064
-4.372185,17,360.075891
-4.395995,17,360.086761
-4.338858,17,360.097881
-4.352127,17,360.108842
-4.354581,17,360.119905
-4.353641,17,360.130886
-4.35371,17,360.141792
-4.401581,17,360.152861
-4.364663,17,360.16384
-4.352285,17,360.17496
-4.383901,17,360.186085
-4.380137,17,360.197485
-4.406711,17,360.208263
-4.407607,17,360.21931
-4.39614,17,360.230204
-4.400241,17,360.241253
-4.369343,17,360.252401
-4.371402,17,360.263076
-4.369814,17,360.273843
-4.38743,17,360.284855
-4.396401,17,360.295752
-4.393508,17,360.306595
-4.379604,17,360.317591
-4.379603,17,360.328671
-4.376824,17,360.339596
-4.375599,17,360.350496
-4.381549,17,360.36166
-4.386209,17,360.372639
-4.386478,17,360.383617
-4.385431,17,362.451858
-4.383618,17,362.46272
-4.382169,17,362.47388
-4.400117,17,362.485142
-4.310244,17,362.496292
-4.341092,17,362.507303
-4.338608,17,362.518392
-4.335694,17,362.529398
-4.333292,17,362.540529
-4.328364,17,362.551765
-4.324103,17,362.562732
-4.3198,17,362.573605
-4.316717,17,362.584604
-4.310163,17,362.595594
-4.314791,17,362.606495
-4.311884,17,362.617455
-4.310222,17,362.628485
-4.309812,17,362.639403
-4.317093,17,362.650301
-4.311542,17,362.661378
-4.30991,17,362.672733
-4.308261,17,362.683715
-4.307691,17,362.694933
-4.305902,17,362.705989
-4.298074,17,362.717022
-4.29689,17,362.728102
-4.294209,17,362.739151
-4.290549,17,362.75004
-4.289478,17,362.761046
-4.288148,17,362.772219
-4.306124,17,365.377475
-4.306146,17,365.38806
-4.306165,17,365.398541
-4.306216,17,365.409115
-4.306229,17,365.419654
-4.30625,17,365.430095
-4.306266,17,365.440654
-4.306284,17,365.451134
-4.306308,17,365.461547
-4.30636,17,365.471928
-4.306408,17,365.482302
-4.306424,17,365.492612
-4.306439,17,365.502955
-4.306459,17,365.513297
-4.306473,17,365.523667
-4.306494,17,365.534022
-4.306543,17,365.544418
-4.306597,17,365.554719
-4.306617,17,365.565233
-4.306629,17,365.575863
-4.306644,17,365.586322
-4.306656,17,365.596745
-4.306695,17,365.607185
-4.306708,17,365.617567
-4.306721,17,365.627927
-4.306736,17,365.638248
-4.306746,17,365.648581
-4.306783,17,365.658956
-4.306794,17,365.669377
-4.306832,17,365.679885
-4.203888,17,368.458221
-4.203888,17,368.468493
-4.20389,17,368.479264
-4.203891,17,368.489757
-4.203892,17,368.500197
-4.203892,17,368.510572
-4.203892,17,368.520952
-4.203893,17,368.531403
-4.203894,17,368.541797
-4.203894,17,368.552107
-4.203897,17,368.56355
-4.203899,17,368.573955
-4.203899,17,368.584444
-4.2039,17,368.594808
-4.203901,17,368.605152
-4.203902,17,368.615499
-4.203903,17,368.625849
-4.203904,17,368.636286
-4.203905,17,368.646676
-4.203908,17,368.657028
-4.203909,17,368.667371
-4.20391,17,368.67768
-4.203912,17,368.688278
-4.203913,17,368.698778
-4.203913,17,368.709106
-4.203914,17,368.71953
-4.203915,17,368.729951
-4.203916,17,368.740348
-4.203919,17,368.750751
-4.20392,17,368.761073
-4.203921,17,368.771456
-4.203922,17,368.781836
-4.203923,17,368.792189
-4.203924,17,368.802561
-4.203925,17,368.812878
-4.203926,17,368.823145
-4.203926,17,368.833493
-4.203929,17,368.843779
-4.20393,17,368.854079
-4.203931,17,368.864537
-4.203932,17,370.817308
-4.203933,17,370.827738
-4.203933,17,370.83812
-4.203934,17,370.848459
-4.203935,17,370.858777
-4.203939,17,370.869206
-4.20394,17,370.879637
-4.20394,17,370.890014
-4.20394,17,370.900419
-4.203941,17,370.91077
-4.203942,17,370.921083
-4.203943,17,370.931546
-4.203944,17,370.942075
-4.203945,17,370.952481
-4.203947,17,370.962884
-4.203948,17,370.973349
-4.203949,17,370.983727
-4.20395,17,370.994082
-4.203951,17,371.004457
-4.203952,17,371.014908
-4.203952,17,371.025303
-4.203953,17,371.035699
-4.203954,17,371.046107
-4.203957,17,371.056502
-4.203957,17,371.066831
-4.203959,17,371.077231
-4.203959,17,371.087554
-4.20396,17,371.09792
-4.20396,17,371.108258
-4.203961,17,371.118841
-4.353244,17,374.007271
-4.353736,17,374.017915
-4.357698,17,374.02841
-4.358786,17,374.038859
-4.361412,17,374.049378
-4.361393,17,374.059848
-4.361377,17,374.070582
-4.361396,17,374.081274
-4.361378,17,374.091771
-4.361366,17,374.102235
-4.36137,17,374.112698
-4.361372,17,374.123193
-4.361353,17,374.133621
-4.362894,17,374.144073
-4.362792,17,374.154503
-4.36254,17,374.164891
-4.362603,17,374.17524
-4.362543,17,374.185824
-4.362734,17,374.19655
-4.362969,17,374.207016
-4.362839,17,374.217502
-4.362776,17,374.227848
-4.36302,17,374.238231
-4.363382,17,374.24863
-4.363573,17,374.259049
-4.363565,17,374.269414
-4.363344,17,374.279784
-4.363549,17,374.290186
-4.362314,17,374.300518
-4.362253,17,374.310885
-4.362424,17,376.267681
-4.362574,17,376.278198
-4.362777,17,376.288902
-4.362723,17,376.299691
-4.362831,17,376.310333
-4.362772,17,376.320788
-4.362928,17,376.331149
-4.363085,17,376.341579
-4.363052,17,376.352123
-4.363208,17,376.3626
-4.363422,17,376.373182
-4.363618,17,376.383982
-4.363211,17,376.394391
-4.363387,17,376.404727
-4.363579,17,376.415138
-4.363645,17,376.425984
-4.363634,17,376.436528
-4.363718,17,376.446937
-4.363676,17,376.457349
-4.363745,17,376.467884
-4.363822,17,376.478375
-4.363808,17,376.489053
-4.36388,17,376.499446
-4.363967,17,376.509794
-4.36404,17,376.520479
-4.363998,17,376.530939
-4.36407,17,376.541219
-4.364132,17,376.551585
-4.364093,17,376.561899
-4.36404,17,376.572248
-4.247456,17,379.397134
-4.247419,17,379.407498
-4.247387,17,379.417853
-4.247352,17,379.428319
-4.247312,17,379.438764
-4.247287,17,379.449173
-4.247251,17,379.459434
-4.247185,17,379.469871
-4.247146,17,379.480158
-4.247048,17,379.490499
-4.24702,17,379.500779
-4.246989,17,379.511088
-4.246953,17,379.521429
-4.24695,17,379.53204
-4.246914,17,379.542376
-4.246848,17,379.552708
-4.246807,17,379.563095
-4.246773,17,379.573656
-4.246739,17,379.584175
-4.246692,17,379.594713
-4.246599,17,379.60531
-4.246503,17,379.61575
-4.174938,17,379.626151
-4.174896,17,379.636546
-4.174863,17,379.647
-4.174828,17,379.657358
-4.17479,17,379.667909
-4.174751,17,379.67838
-4.17471,17,379.688753
-4.17468,17,379.69909
-4.051168,17,382.320892
-4.051172,17,382.331442
-4.051176,17,382.342025
-4.051162,17,382.352539
-4.051162,17,382.363104
-4.051165,17,382.373798
-4.05117,17,382.384395
-4.051176,17,382.394881
-4.051179,17,382.405313
-4.051181,17,382.415927
-4.051187,17,382.426309
-4.05119,17,382.436694
-4.051193,17,382.447066
-4.051197,17,382.457415
-4.051201,17,382.468153
-4.051207,17,382.47854
-4.051214,17,382.488957
-4.051213,17,382.499359
-4.051219,17,382.509733
-4.051221,17,382.520236
-4.051226,17,382.531104
-4.051231,17,382.541683
-4.051234,17,382.552248
-4.05124,17,382.562652
-4.051243,17,382.573257
-4.051244,17,382.583662
-4.051249,17,382.594107
-4.051253,17,382.60448
-4.051256,17,382.614941
-4.05126,17,382.625892
-4.051263,17,384.579141
-4.051269,17,384.589597
-4.051275,17,384.600041
-4.051278,17,384.610449
-4.051282,17,384.62085
-4.051286,17,384.631251
-4.051289,17,384.641623
-4.051294,17,384.652114
-4.0513,17,384.662736
-4.051297,17,384.673423
-4.051282,17,384.684181
-4.051287,17,384.694701
-4.051289,17,384.705273
-4.051292,17,384.715805
-4.051299,17,384.726197
-4.051301,17,384.736651
-4.051305,17,384.74705
-4.051287,17,384.757469
-4.05129,17,384.767913
-4.051292,17,384.778565
-4.051294,17,384.789033
-4.0513,17,384.799422
-4.051303,17,384.809824
-4.05129,17,384.820192
-4.051296,17,384.830585
-4.051299,17,384.841118
-4.051303,17,384.85154
-4.051309,17,384.862078
-4.05131,17,384.872754
-4.051316,17,384.883576
-3.970278,17,387.520854
-3.969861,17,387.531334
-3.96947,17,387.541791
-3.969107,17,387.552199
-3.968698,17,387.562649
-3.958758,17,387.57329
-3.958384,17,387.58374
-3.964849,17,387.594322
-3.960328,17,387.604781
-3.954911,17,387.615193
-3.977202,17,387.625709
-3.972374,17,387.636278
-3.967012,17,387.646728
-3.963261,17,387.657028
-3.978932,17,387.667427
-3.977312,17,387.677696
-3.976996,17,387.688112
-3.976801,17,387.698525
-3.976618,17,387.708873
-3.976434,17,387.719203
-3.97628,17,387.729586
-3.97606,17,387.739995
-3.968741,17,387.750515
-3.967897,17,387.760897
-3.970369,17,387.771279
-3.973294,17,387.78165
-3.973285,17,387.79206
-3.972746,17,387.80248
-3.97266,17,387.812912
-3.972564,17,387.823381
-4.232699,17,390.521769
-4.232691,17,390.532158
-4.232683,17,390.542962
-4.232667,17,390.553608
-4.232662,17,390.564307
-4.232655,17,390.575123
-4.232647,17,390.586131
-4.23264,17,390.597219
-4.232627,17,390.608139
-4.232621,17,390.619215
-4.23262,17,390.630991
-4.232619,17,390.642059
-4.232616,17,390.653113
-4.232606,17,390.664491
-4.232595,17,390.675277
-4.232585,17,390.685639
-4.232586,17,390.695982
-4.232585,17,390.706315
-4.232587,17,390.716946
-4.232585,17,390.7273
-4.232585,17,390.737628
-4.232577,17,390.747955
-4.232573,17,390.758334
-4.232572,17,390.768624
-4.232573,17,390.778868
-4.232571,17,390.789293
-4.232571,17,390.799612
-4.23257,17,390.809938
-4.232559,17,390.820231
-4.232561,17,390.830538
-4.232559,17,390.840763
-4.232558,17,390.851042
-4.232554,17,390.86126
-4.232552,17,390.871582
-4.232537,17,390.881829
-4.232535,17,390.892118
-4.232533,17,390.902367
-4.232522,17,390.912987
-4.232521,17,390.923455
-4.232521,17,390.93396
-4.232518,17,392.884699
-4.23251,17,392.895157
-4.232508,17,392.905595
-4.232508,17,392.916067
-4.232507,17,392.926471
-4.232505,17,392.93691
-4.232503,17,392.947298
-4.232496,17,392.957653
-4.232496,17,392.967959
-4.232493,17,392.978287
-4.232492,17,392.988642
-4.232491,17,392.99897
-4.232491,17,393.009349
-4.232481,17,393.019709
-4.232471,17,393.030053
-4.232473,17,393.040697
-4.23247,17,393.051145
-4.232471,17,393.061538
-4.232468,17,393.071987
-4.232466,17,393.082422
-4.232448,17,393.093031
-4.232447,17,393.103538
-4.232446,17,393.113879
-4.232443,17,393.12419
-4.232439,17,393.13453
-4.232439,17,393.144882
-4.232439,17,393.155235
-4.232431,17,393.165565
-4.232429,17,393.175892
-4.232426,17,393.186206
-4.418227,17,395.776512
-4.418323,17,395.786915
-4.418393,17,395.797379
-4.41851,17,395.807771
-4.418575,17,395.818209
-4.418647,17,395.828584
-4.418717,17,395.838992
-4.418794,17,395.849382
-4.418869,17,395.860018
-4.418942,17,395.870702
-4.419056,17,395.881241
-4.419124,17,395.891686
-4.419201,17,395.902217
-4.419273,17,395.912615
-4.419346,17,395.923038
-4.419409,17,395.933432
-4.419483,17,395.943864
-4.419593,17,395.954251
-4.419664,17,395.964673
-4.419739,17,395.975055
-4.419812,17,395.986215
-4.419882,17,395.997222
-4.420052,17,396.007814
-4.420105,17,396.018511
-4.420176,17,396.029146
-4.420287,17,396.039735
-4.420358,17,396.050158
-4.420423,17,396.060746
-4.420498,17,396.071387
-4.420571,17,396.081816
-4.420643,17,398.041372
-4.420709,17,398.052358
-4.420827,17,398.062955
-4.420895,17,398.073335
-4.420956,17,398.083853
-4.421025,17,398.094548
-4.421101,17,398.105174
-4.421183,17,398.115903
-4.421259,17,398.126407
-4.421364,17,398.136827
-4.421434,17,398.147274
-4.421509,17,398.158038
-4.42157,17,398.168422
-4.421649,17,398.178853
-4.421763,17,398.189385
-4.421834,17,398.200216
-4.421903,17,398.210981
-4.422017,17,398.221614
-4.422135,17,398.232089
-4.422215,17,398.24267
-4.422277,17,398.253206
-4.422348,17,398.26362
-4.422417,17,398.274236
-4.42248,17,398.284873
-4.422595,17,398.295429
-4.42266,17,398.306002
-4.422724,17,398.316626
-4.422789,17,398.327046
-4.422862,17,398.337475
-4.422928,17,398.348643
-4.907793,17,401.096607
-4.907987,17,401.106962
-4.908141,17,401.117288
-4.908286,17,401.127931
-4.908441,17,401.138273
-4.908639,17,401.14868
-4.908599,17,401.159019
-4.907797,17,401.169329
-4.907613,17,401.179609
-4.919084,17,401.190207
-4.923002,17,401.200675
-4.922909,17,401.211039
-4.92314,17,401.221717
-4.921257,17,401.232052
-4.908671,17,401.242307
-4.907838,17,401.252856
-4.913561,17,401.263473
-4.922999,17,401.274082
-4.922762,17,401.284567
-4.923101,17,401.294898
-4.924149,17,401.305273
-4.915386,17,401.315741
-4.919556,17,401.326095
-4.924138,17,401.336441
-4.923988,17,401.346771
-4.923832,17,401.357056
-4.92347,17,401.367872
-4.923203,17,401.378901
-4.922878,17,401.389379
-4.922167,17,401.399726
-4.09249,17,403.991465
-4.092515,17,404.001924
-4.092546,17,404.012706
-4.092558,17,404.023651
-4.092582,17,404.034227
-4.092577,17,404.044704
-4.092604,17,404.055351
-4.09264,17,404.065956
-4.092664,17,404.076382
-4.09269,17,404.086981
-4.092719,17,404.097465
-4.092756,17,404.107832
-4.092759,17,404.118245
-4.092787,17,404.128636
-4.092819,17,404.138885
-4.092823,17,404.149208
-4.092842,17,404.159521
-4.09287,17,404.169824
-4.092903,17,404.180185
-4.092928,17,404.190485
-4.092958,17,404.201088
-4.092983,17,404.212066
-4.092996,17,404.222839
-4.093021,17,404.233417
-4.093052,17,404.243858
-4.093077,17,404.25429
-4.093106,17,404.264769
-4.093134,17,404.275101
-4.09317,17,404.285496
-4.093194,17,404.295927
-4.09322,17,406.252987
-4.093227,17,406.263346
-4.093251,17,406.273716
-4.093284,17,406.284035
-4.09331,17,406.294351
-4.093341,17,406.304698
-4.093364,17,406.31513
-4.093367,17,406.325936
-4.093389,17,406.336479
-4.09342,17,406.346826
-4.093422,17,406.35722
-4.093433,17,406.367523
-4.09346,17,406.377784
-4.093485,17,406.388175
-4.093515,17,406.398499
-4.093544,17,406.408973
-4.093572,17,406.419315
-4.093598,17,406.429674
-4.093616,17,406.440019
-4.093647,17,406.450434
-4.093653,17,406.460783
-4.09368,17,406.471143
-4.093707,17,406.48148
-4.093737,17,406.491821
-4.093763,17,406.502109
-4.093793,17,406.512428
-4.093818,17,406.523063
-4.093847,17,406.533616
-4.093872,17,406.544136
-4.093896,17,406.554661
-4.313766,17,409.270673
-4.313862,17,409.281247
-4.314031,17,409.291749
-4.314123,17,409.302241
-4.31461,17,409.312653
-4.314736,17,409.323049
-4.31487,17,409.333839
-4.314921,17,409.344495
-4.315034,17,409.354958
-4.315196,17,409.365448
-4.31552,17,409.375894
-4.315582,17,409.386419
-4.315739,17,409.396971
-4.315955,17,409.407382
-4.316365,17,409.417835
-4.316474,17,409.428347
-4.316693,17,409.438888
-4.316795,17,409.449438
-4.316899,17,409.459975
-4.316949,17,409.47061
-4.317034,17,409.481411
-4.31727,17,409.492148
-4.31734,17,409.502697
-4.317417,17,409.513171
-4.317489,17,409.523612
-4.317568,17,409.534277
-4.317648,17,409.544697
-4.317798,17,409.55511
-4.317874,17,409.565576
-4.317963,17,409.576144
-4.313545,17,411.536158
-4.313515,17,411.54678
-4.313513,17,411.557383
-4.313514,17,411.567929
-4.313431,17,411.578271
-4.313366,17,411.588913
-4.313322,17,411.599375
-4.313318,17,411.609803
-4.313296,17,411.620181
-4.313295,17,411.630541
-4.313351,17,411.641838
-4.313425,17,411.652533
-4.313461,17,411.663059
-4.313281,17,411.673529
-4.31297,17,411.683953
-4.311952,17,411.694338
-4.311054,17,411.704745
-4.310042,17,411.715186
-4.309294,17,411.725541
-4.313793,17,411.735909
-4.313789,17,411.746307
-4.313797,17,411.757211
-4.313965,17,411.767784
-4.314902,17,411.778254
-4.315582,17,411.788753
-4.31536,17,411.799197
-4.31552,17,411.809621
-4.315821,17,411.820049
-4.316064,17,411.830522
-4.31631,17,411.840985
-4.31656,17,411.851465
-4.316773,17,411.861906
-4.316991,17,411.872339
-4.316999,17,411.882772
-4.317217,17,411.893157
-4.317423,17,411.903505
-4.317612,17,411.913947
-4.317854,17,411.924298
-4.317957,17,411.934689
-4.318203,17,411.94507
-4.303939,17,414.742104
-4.303444,17,414.753572
-4.302777,17,414.764936
-4.302016,17,414.776287
-4.301703,17,414.787839
-4.301465,17,414.799237
-4.301123,17,414.810709
-4.300764,17,414.822117
-4.300148,17,414.8335
-4.299875,17,414.845077
-4.299043,17,414.856818
-4.298702,17,414.868288
-4.298385,17,414.879916
-4.298054,17,414.891355
-4.297473,17,414.902622
-4.297226,17,414.914067
-4.296955,17,414.925444
-4.296671,17,414.937191
-4.296353,17,414.948529
-4.295743,17,414.95997
-4.294458,17,414.97139
-4.294032,17,414.982684
-4.293653,17,414.993975
-4.293511,17,415.005391
-4.29316,17,415.016723
-4.29288,17,415.02829
-4.294793,17,415.03963
-4.294447,17,415.050977
-4.293249,17,415.062356
-4.292385,17,415.074002
-4.266491,17,418.086559
-4.297476,17,418.097963
-4.296992,17,418.109135
-4.296756,17,418.120403
-4.296815,17,418.131406
-4.296828,17,418.142236
-4.296884,17,418.153295
-4.296957,17,418.16433
-4.29701,17,418.175368
-4.29708,17,418.186195
-4.297102,17,418.197233
-4.297159,17,418.208187
-4.297217,17,418.219057
-4.297289,17,418.229846
-4.297339,17,418.240915
-4.297387,17,418.251728
-4.297382,17,418.262555
-4.297465,17,418.273765
-4.297595,17,418.284931
-4.297703,17,418.296386
-4.29781,17,418.307525
-4.297844,17,418.318776
-4.297896,17,418.330014
-4.297948,17,418.341517
-4.297998,17,418.352656
-4.298047,17,418.36377
-4.298099,17,418.375086
-4.298154,17,418.386354
-4.298202,17,418.39727
-4.298256,17,418.408576
-4.298304,17,420.529475
-4.298322,17,420.541066
-4.298375,17,420.552932
-4.298376,17,420.564471
-4.298429,17,420.576663
-4.298485,17,420.588269
-4.298535,17,420.600035
-4.298588,17,420.611687
-4.298645,17,420.623377
-4.29869,17,420.635493
-4.298767,17,420.647337
-4.298877,17,420.659279
-4.298924,17,420.671139
-4.298856,17,420.682918
-4.297468,17,420.695036
-4.296123,17,420.706752
-4.299351,17,420.718528
-4.299395,17,420.730698
-4.29946,17,420.742674
-4.299533,17,420.754622
-4.300075,17,420.766634
-4.300063,17,420.778565
-4.300207,17,420.790527
-4.300531,17,420.802408
-4.300864,17,420.814341
-4.301169,17,420.826113
-4.301434,17,420.837916
-4.301712,17,420.849688
-4.30195,17,420.861481
-4.301991,17,420.873022
-4.170425,17,423.804938
-4.170361,17,423.815682
-4.170313,17,423.826388
-4.170313,17,423.837226
-4.170243,17,423.848174
-4.170179,17,423.859373
-4.170102,17,423.870466
-4.170046,17,423.881317
-4.169978,17,423.892307
-4.169907,17,423.903108
-4.169842,17,423.914005
-4.169837,17,423.924795
-4.169765,17,423.935633
-4.1697,17,423.946562
-4.169642,17,423.957585
-4.169562,17,423.968423
-4.169503,17,423.979222
-4.169429,17,423.989762
-4.169361,17,424.000238
-4.169359,17,424.011255
-4.169279,17,424.022364
-4.169298,17,424.033376
-4.169294,17,424.044382
-4.169234,17,424.055754
-4.168827,17,424.067105
-4.167821,17,424.078677
-4.16662,17,424.089241
-4.166426,17,424.099818
-4.165248,17,424.110337
-4.164033,17,424.120915
-4.163088,17,426.218143
-4.162078,17,426.229069
-4.160887,17,426.240449
-4.159816,17,426.251457
-4.159815,17,426.262452
-4.159813,17,426.273424
-4.159824,17,426.284481
-4.159847,17,426.29573
-4.159781,17,426.306816
-4.159703,17,426.317802
-4.159621,17,426.328789
-4.159561,17,426.339752
-4.159349,17,426.350669
-4.1593,17,426.361605
-4.159266,17,426.372873
-4.1635,17,426.383954
-4.167696,17,426.395059
-4.167483,17,426.40604
-4.167546,17,426.416978
-4.167337,17,426.428244
-4.16716,17,426.439451
-4.167109,17,426.45036
-4.166764,17,426.461188
-4.166596,17,426.472138
-4.166515,17,426.483064
-4.166484,17,426.49402
-4.166452,17,426.504924
-4.16642,17,426.515757
-4.16641,17,426.526918
-4.166359,17,426.537963
-4.187695,17,429.452144
-4.187703,17,429.463143
-4.187712,17,429.474078
-4.187722,17,429.485036
-4.187732,17,429.496142
-4.187733,17,429.507137
-4.187743,17,429.518259
-4.187751,17,429.529129
-4.187761,17,429.540039
-4.187771,17,429.55094
-4.187777,17,429.561913
-4.187786,17,429.573044
-4.187794,17,429.584011
-4.187804,17,429.595121
-4.187813,17,429.606183
-4.187822,17,429.617207
-4.187831,17,429.628357
-4.187839,17,429.6394
-4.187848,17,429.650499
-4.187858,17,429.66171
-4.187862,17,429.672933
-4.187872,17,429.684176
-4.187881,17,429.695773
-4.187884,17,429.707046
-4.187893,17,429.7182
-4.187902,17,429.729387
-4.187911,17,429.740599
-4.187917,17,429.751796
-4.187926,17,429.762841
-4.187935,17,429.773842
-4.109925,17,432.563491
-4.109925,17,432.574335
-4.109926,17,432.58509
-4.109927,17,432.595678
-4.109925,17,432.606333
-4.109928,17,432.617018
-4.109927,17,432.627585
-4.109917,17,432.638368
-4.109919,17,432.649002
-4.109917,17,432.659764
-4.10992,17,432.670616
-4.109918,17,432.681463
-4.10992,17,432.692171
-4.10992,17,432.70282
-4.109922,17,432.713405
-4.109919,17,432.724028
-4.109922,17,432.73478
-4.109921,17,432.745501
-4.109921,17,432.75625
-4.109921,17,432.767041
-4.109925,17,432.777836
-4.109912,17,432.788726
-4.109912,17,432.799439
-4.109912,17,432.810344
-4.109915,17,432.821169
-4.109901,17,432.832172
-4.109903,17,432.843013
-4.109904,17,432.853768
-4.109903,17,432.864666
-4.109901,17,432.875588
-4.108953,17,435.104535
-4.108951,17,435.11622
-4.10895,17,435.1284
-4.108954,17,435.140227
-4.108951,17,435.152067
-4.108955,17,435.164257
-4.108953,17,435.176086
-4.10895,17,435.187909
-4.108956,17,435.199943
-4.108953,17,435.211766
-4.108946,17,435.224187
-4.108939,17,435.235913
-4.108932,17,435.247849
-4.108925,17,435.259773
-4.108918,17,435.271873
-4.10891,17,435.283761
-4.108909,17,435.295747
-4.1089,17,435.30777
-4.108893,17,435.319539
-4.108886,17,435.331355
-4.108879,17,435.343163
-4.108873,17,435.354878
-4.108865,17,435.36664
-4.108857,17,435.378341
-4.108849,17,435.390117
-4.108843,17,435.401847
-4.108835,17,435.413374
-4.108828,17,435.425019
-4.108823,17,435.436581
-4.108814,17,435.448106
-4.108807,17,435.459755
-4.108799,17,435.471447
-4.108795,17,435.483136
-4.108793,17,435.494699
-4.108785,17,435.506343
-4.10879,17,435.5179
-4.108785,17,435.529382
-4.10878,17,435.540972
-4.108774,17,435.552545
-4.108774,17,435.564225
-4.017445,17,438.6405
-4.017571,17,438.651917
-4.017667,17,438.663434
-4.003994,17,438.674844
-4.0041,17,438.686321
-4.004236,17,438.697997
-4.004363,17,438.709685
-4.00451,17,438.721352
-4.004624,17,438.733187
-4.004754,17,438.744917
-4.004884,17,438.756398
-4.005018,17,438.767781
-3.990781,17,438.779366
-3.99094,17,438.790977
-3.991099,17,438.802694
-3.991277,17,438.814169
-3.991422,17,438.825564
-3.991588,17,438.83704
-3.991734,17,438.848722
-3.991906,17,438.860327
-3.991976,17,438.871791
-3.992131,17,438.883254
-3.99228,17,438.894722
-3.99244,17,438.906149
-3.992542,17,438.917581
-3.992697,17,438.929028
-3.983656,17,438.940559
-3.983819,17,438.951987
-3.983835,17,438.963293
-3.984001,17,438.974689
-3.98417,17,441.14595
-3.984311,17,441.157519
-3.952179,17,441.169101
-3.952264,17,441.180491
-3.952396,17,441.191868
-3.952484,17,441.203266
-3.95263,17,441.214653
-3.953067,17,441.22626
-3.95313,17,441.237826
-3.953304,17,441.249429
-3.953165,17,441.26103
-3.953356,17,441.27263
-4.012574,17,441.284366
-3.953676,17,441.295933
-3.954192,17,441.307613
-3.954243,17,441.319293
-3.954417,17,441.330802
-4.01363,17,441.342282
-4.013727,17,441.35389
-4.013833,17,441.365642
-4.013926,17,441.377171
-4.014064,17,441.388982
-4.014147,17,441.400746
-4.014248,17,441.412086
-4.014349,17,441.423436
-4.014448,17,441.435326
-4.014446,17,441.446767
-4.014559,17,441.458158
-4.014662,17,441.469735
-4.014814,17,441.481318
-4.124018,17,444.404582
-4.124054,17,444.416106
-4.124095,17,444.427427
-4.124128,17,444.438788
-4.124178,17,444.451087
-4.12426,17,444.462314
-4.124307,17,444.473692
-4.1244,17,444.48529
-4.124447,17,444.496532
-4.124488,17,444.507745
-4.12453,17,444.519295
-4.124565,17,444.530643
-4.124625,17,444.542009
-4.124657,17,444.553376
-4.124703,17,444.564746
-4.124792,17,444.576149
-4.124833,17,444.587522
-4.124874,17,444.598897
-4.124917,17,444.610265
-4.124957,17,444.62165
-4.125003,17,444.633096
-4.125043,17,444.644726
-4.125081,17,444.65619
-4.125117,17,444.667559
-4.12521,17,444.679016
-4.125244,17,444.69045
-4.125338,17,444.70183
-4.125381,17,444.713119
-4.125426,17,444.724587
-4.125457,17,444.73605
-4.096949,17,447.742762
-4.096927,17,447.753446
-4.096904,17,447.764197
-4.096888,17,447.775038
-4.096868,17,447.785944
-4.096852,17,447.796709
-4.096831,17,447.807459
-4.096812,17,447.818102
-4.096796,17,447.82869
-4.096773,17,447.839339
-4.096757,17,447.851585
-4.096736,17,447.86269
-4.096747,17,447.873846
-4.096728,17,447.885061
-4.096707,17,447.896399
-4.096691,17,447.907679
-4.096671,17,447.919036
-4.096677,17,447.930467
-4.096656,17,447.941846
-4.096637,17,447.953346
-4.096574,17,447.964764
-4.096525,17,447.976322
-4.096496,17,447.987719
-4.09644,17,447.998933
-4.096389,17,448.010375
-4.096325,17,448.021854
-4.096272,17,448.033317
-4.096205,17,448.044646
-4.096136,17,448.055641
-4.096096,17,448.066634
-4.09608,17,450.126033
-4.096064,17,450.137162
-4.096046,17,450.14817
-4.096032,17,450.159192
-4.096035,17,450.170066
-4.09602,17,450.180823
-4.09602,17,450.191679
-4.095995,17,450.202584
-4.095968,17,450.213439
-4.095937,17,450.224284
-4.095913,17,450.235106
-4.095881,17,450.246083
-4.095846,17,450.257027
-4.095821,17,450.268044
-4.095824,17,450.278846
-4.095831,17,450.289845
-4.095827,17,450.3008
-4.095806,17,450.312196
-4.095781,17,450.322999
-4.095758,17,450.33406
-4.095739,17,450.344784
-4.095716,17,450.355857
-4.095698,17,450.366715
-4.095676,17,450.377428
-4.095676,17,450.388108
-4.095656,17,450.399084
-4.095636,17,450.409772
-4.095613,17,450.420608
-4.095599,17,450.431571
-4.09558,17,450.442551
-4.165701,17,453.352044
-4.166173,17,453.362749
-4.166295,17,453.373823
-4.166278,17,453.385079
-4.166784,17,453.396032
-4.167156,17,453.407124
-4.16796,17,453.41845
-4.168005,17,453.429653
-4.168065,17,453.440888
-4.168133,17,453.451762
-4.168188,17,453.462466
-4.168259,17,453.473357
-4.16832,17,453.484099
-4.168344,17,453.494723
-4.168397,17,453.505367
-4.168469,17,453.516164
-4.168528,17,453.527198
-4.168599,17,453.537807
-4.168656,17,453.548397
-4.16871,17,453.558882
-4.168773,17,453.569731
-4.168866,17,453.580819
-4.168856,17,453.591834
-4.168937,17,453.602731
-4.168961,17,453.613426
-4.169053,17,453.624449
-4.169131,17,453.635794
-4.169212,17,453.646764
-4.169293,17,453.65754
-4.169378,17,453.668415
-4.095946,17,456.54267
-4.095953,17,456.553444
-4.095954,17,456.564161
-4.095966,17,456.574837
-4.09597,17,456.585574
-4.095976,17,456.596504
-4.095983,17,456.607413
-4.09599,17,456.618311
-4.095997,17,456.629327
-4.096065,17,456.640192
-4.096074,17,456.651041
-4.096083,17,456.665403
-4.096088,17,456.676396
-4.096099,17,456.687357
-4.096101,17,456.698395
-4.09611,17,456.709475
-4.096108,17,456.720328
-4.096113,17,456.731208
-4.096123,17,456.742959
-4.096131,17,456.754496
-4.096135,17,456.766134
-4.096144,17,456.777496
-4.09615,17,456.788839
-4.096155,17,456.800565
-4.096162,17,456.812286
-4.096171,17,456.823686
-4.096179,17,456.834918
-4.096186,17,456.846873
-4.096194,17,456.857993
-4.096199,17,456.868792
-4.062223,17,459.065417
-4.062212,17,459.076798
-4.062201,17,459.08807
-4.06219,17,459.099442
-4.062182,17,459.110771
-4.062171,17,459.122252
-4.062161,17,459.133649
-4.062155,17,459.14515
-4.062141,17,459.15643
-4.062135,17,459.167741
-4.062134,17,459.180052
-4.062139,17,459.191732
-4.062141,17,459.203451
-4.062145,17,459.215039
-4.06215,17,459.227045
-4.062155,17,459.238672
-4.062081,17,459.250266
-4.06279,17,459.262269
-4.062786,17,459.274204
-4.06255,17,459.28589
-4.062546,17,459.297486
-4.062548,17,459.308988
-4.062542,17,459.32061
-4.062539,17,459.332181
-4.062532,17,459.343723
-4.062528,17,459.355311
-4.062527,17,459.36719
-4.062522,17,459.379035
-4.062522,17,459.391011
-4.062517,17,459.403235
-4.062513,17,459.415347
-4.062509,17,459.427534
-4.062507,17,459.439162
-4.062504,17,459.451026
-4.062502,17,459.463035
-4.062498,17,459.475
-4.062494,17,459.486834
-4.062491,17,459.498579
-4.062486,17,459.510115
-4.062486,17,459.52165
-4.24388,17,462.469958
-4.24407,17,462.481109
-4.243911,17,462.492321
-4.244042,17,462.503572
-4.244047,17,462.514917
-4.244007,17,462.526186
-4.244063,17,462.537539
-4.244037,17,462.548806
-4.243949,17,462.560032
-4.244075,17,462.571268
-4.244437,17,462.582498
-4.244502,17,462.59381
-4.244497,17,462.604966
-4.244263,17,462.61621
-4.244222,17,462.627521
-4.244238,17,462.638546
-4.244291,17,462.649492
-4.244327,17,462.660616
-4.244338,17,462.671621
-4.244397,17,462.682685
-4.244346,17,462.693576
-4.244343,17,462.704603
-4.244419,17,462.715538
-4.24444,17,462.72656
-4.244484,17,462.737628
-4.244425,17,462.74861
-4.244494,17,462.759562
-4.244514,17,462.770504
-4.244509,17,462.781497
-4.244699,17,462.792338
-4.244746,17,464.936482
-4.244987,17,464.948753
-4.24494,17,464.961784
-4.245574,17,464.974614
-4.245649,17,464.986877
-4.245672,17,464.998976
-4.245714,17,465.011232
-4.245619,17,465.02334
-4.24564,17,465.034919
-4.245592,17,465.045892
-4.245597,17,465.056648
-4.245359,17,465.067434
-4.245293,17,465.078912
-4.245097,17,465.090417
-4.245095,17,465.101276
-4.243935,17,465.111977
-4.243789,17,465.122954
-4.243551,17,465.133938
-4.24351,17,465.144874
-4.243623,17,465.156111
-4.24353,17,465.168153
-4.243289,17,465.179391
-4.243193,17,465.190143
-4.243158,17,465.201399
-4.243206,17,465.21297
-4.243158,17,465.224025
-4.242888,17,465.234811
-4.242987,17,465.246009
-4.242786,17,465.257105
-4.242788,17,465.268471
-4.186615,17,468.278002
-4.186968,17,468.29042
-4.187348,17,468.302815
-4.187651,17,468.31504
-4.18804,17,468.327345
-4.188372,17,468.339716
-4.188777,17,468.352182
-4.189193,17,468.364725
-4.189677,17,468.377436
-4.190237,17,468.390191
-4.190105,17,468.402664
-4.187572,17,468.415309
-4.183599,17,468.427766
-4.163525,17,468.439956
-4.159901,17,468.452128
-4.160177,17,468.464409
-4.160421,17,468.476519
-4.160609,17,468.488533
-4.160813,17,468.500591
-4.16101,17,468.512705
-4.166113,17,468.524738
-4.174658,17,468.536757
-4.182671,17,468.548768
-4.166753,17,468.560882
-4.175735,17,468.572901
-4.184567,17,468.584942
-4.185695,17,468.596965
-4.185989,17,468.608878
-4.186245,17,468.62086
-4.186532,17,468.632834
-4.214505,17,471.807266
-4.214386,17,471.818324
-4.214267,17,471.829562
-4.214126,17,471.840571
-4.214003,17,471.851582
-4.213885,17,471.862713
-4.213763,17,471.873959
-4.213609,17,471.88578
-4.213487,17,471.897182
-4.209354,17,471.908292
-4.209204,17,471.919151
-4.209003,17,471.929964
-4.208825,17,471.940832
-4.208665,17,471.951715
-4.208512,17,471.962582
-4.208366,17,471.973248
-4.20822,17,471.9841
-4.208068,17,471.994942
-4.207889,17,472.005738
-4.207761,17,472.016922
-4.207583,17,472.027955
-4.207447,17,472.038811
-4.207311,17,472.04966
-4.20715,17,472.060645
-4.20702,17,472.072135
-4.206891,17,472.083783
-4.206756,17,472.095007
-4.206625,17,472.105946
-4.206493,17,472.116799
-4.206326,17,472.127692
-4.206186,17,474.232342
-4.205093,17,474.243117
-4.204965,17,474.253948
-4.204823,17,474.264737
-4.204614,17,474.275855
-4.204488,17,474.28666
-4.204341,17,474.297513
-4.233058,17,474.308418
-4.23293,17,474.319264
-4.23277,17,474.330136
-4.232644,17,474.340976
-4.232374,17,474.351925
-4.232115,17,474.363011
-4.231787,17,474.374753
-4.231521,17,474.386171
-4.231192,17,474.397402
-4.230926,17,474.408742
-4.230617,17,474.419891
-4.230407,17,474.43096
-4.230118,17,474.441911
-4.229743,17,474.452804
-4.229456,17,474.463662
-4.22921,17,474.474558
-4.228942,17,474.485471
-4.22868,17,474.496478
-4.228365,17,474.507348
-4.228031,17,474.518413
-4.227772,17,474.529525
-4.22751,17,474.540642
-4.227219,17,474.551815
-4.350433,17,477.502639
-4.350384,17,477.514865
-4.350288,17,477.526799
-4.350191,17,477.538168
-4.350104,17,477.549119
-4.350003,17,477.560187
-4.349948,17,477.571201
-4.3499,17,477.582103
-4.349811,17,477.593138
-4.349716,17,477.604492
-4.349618,17,477.615549
-4.349519,17,477.62678
-4.349475,17,477.637883
-4.34937,17,477.648974
-4.349279,17,477.660028
-4.34918,17,477.671153
-4.349094,17,477.68228
-4.348991,17,477.693506
-4.348944,17,477.704737
-4.348845,17,477.715835
-4.34874,17,477.726914
-4.348656,17,477.738066
-4.348546,17,477.749286
-4.348477,17,477.760879
-4.348432,17,477.773016
-4.348386,17,477.784923
-4.348387,17,477.796504
-4.348422,17,477.807515
-4.348452,17,477.818413
-4.348485,17,477.829402
-4.348515,17,479.977998
-4.348534,17,479.989086
-4.348568,17,479.999699
-4.348599,17,480.010924
-4.348633,17,480.021819
-4.348663,17,480.032881
-4.348695,17,480.043826
-4.348727,17,480.054765
-4.348748,17,480.065849
-4.348779,17,480.076944
-4.34881,17,480.088087
-4.348842,17,480.099103
-4.348873,17,480.110388
-4.348905,17,480.121422
-4.348922,17,480.132519
-4.348944,17,480.143873
-4.315672,17,480.155007
-4.315532,17,480.166178
-4.315544,17,480.17709
-4.315375,17,480.188346
-4.315209,17,480.199697
-4.315042,17,480.210807
-4.314876,17,480.221917
-4.314725,17,480.232822
-4.314687,17,480.243965
-4.314522,17,480.255048
-4.314308,17,480.266309
-4.314158,17,480.277393
-4.313997,17,480.288527
-4.313833,17,480.299761
-4.273616,17,483.316029
-4.2728,17,483.327111
-4.272843,17,483.338087
-4.272802,17,483.349105
-4.272825,17,483.360106
-4.272827,17,483.370867
-4.272838,17,483.38184
-4.272881,17,483.392794
-4.272854,17,483.403682
-4.272924,17,483.414817
-4.273224,17,483.427607
-4.273213,17,483.439019
-4.273648,17,483.45044
-4.274063,17,483.461798
-4.27441,17,483.472784
-4.274663,17,483.484317
-4.275075,17,483.495512
-4.276067,17,483.506512
-4.270726,17,483.517755
-4.271092,17,483.528979
-4.277348,17,483.540013
-4.276712,17,483.551106
-4.311446,17,483.562178
-4.278907,17,483.573035
-4.278779,17,483.584228
-4.279663,17,483.595112
-4.280216,17,483.605945
-4.280751,17,483.617028
-4.281167,17,483.628011
-4.281616,17,483.639018
-4.282136,17,483.649909
-4.282661,17,483.660818
-4.283097,17,483.671942
-4.282941,17,483.683023
-4.2834,17,483.694035
-4.28064,17,483.705024
-4.271905,17,483.715935
-4.264516,17,483.727024
-4.257172,17,483.738121
-4.256208,17,483.7493
-4.071156,17,486.903553
-4.071,17,486.915356
-4.070856,17,486.927418
-4.070666,17,486.939707
-4.070528,17,486.951887
-4.070405,17,486.963952
-4.070249,17,486.975977
-4.070116,17,486.987961
-4.069945,17,487.000151
-4.06981,17,487.012558
-4.069666,17,487.024872
-4.06954,17,487.037068
-4.06939,17,487.049205
-4.069251,17,487.061308
-4.069109,17,487.073594
-4.068988,17,487.085734
-4.068847,17,487.097864
-4.068707,17,487.109882
-4.069331,17,487.12211
-4.069563,17,487.134084
-4.07114,17,487.146073
-4.072989,17,487.158273
-4.074316,17,487.1704
-4.071681,17,487.182446
-4.074111,17,487.194609
-4.070439,17,487.206685
-4.067417,17,487.218858
-4.066122,17,487.231786
-4.072199,17,487.244377
-4.068816,17,487.256288
-4.071741,17,489.347811
-4.073824,17,489.358411
-4.072858,17,489.368857
-4.070811,17,489.379348
-4.067714,17,489.389864
-4.065227,17,489.40039
-4.064867,17,489.411016
-4.038263,17,489.422042
-4.025728,17,489.43296
-4.006866,17,489.44417
-4.014815,17,489.455095
-3.98943,17,489.465974
-3.969578,17,489.476643
-3.98103,17,489.487343
-4.038521,17,489.498101
-4.039952,17,489.508859
-4.040162,17,489.519636
-4.040043,17,489.530161
-4.03962,17,489.540638
-4.038285,17,489.551262
-4.036695,17,489.561946
-4.035354,17,489.572532
-4.033675,17,489.583196
-4.028332,17,489.593817
-4.019381,17,489.604494
-4.024796,17,489.61511
-4.011432,17,489.625741
-4.028887,17,489.63642
-4.035379,17,489.647019
-4.034675,17,489.657582
-4.108986,17,492.495798
-4.109363,17,492.507054
-4.109755,17,492.518265
-4.110216,17,492.52952
-4.110591,17,492.540742
-4.11097,17,492.551965
-4.111364,17,492.563034
-4.111739,17,492.573933
-4.112101,17,492.584985
-4.112496,17,492.596413
-4.112886,17,492.607847
-4.113277,17,492.619239
-4.113615,17,492.630642
-4.113999,17,492.642168
-4.114363,17,492.653478
-4.114747,17,492.664929
-4.115111,17,492.676394
-4.115489,17,492.687752
-4.1159,17,492.699069
-4.116281,17,492.710608
-4.116658,17,492.72188
-4.117023,17,492.733517
-4.117419,17,492.744887
-4.117805,17,492.756103
-4.118191,17,492.767619
-4.118556,17,492.779111
-4.118957,17,492.790343
-4.119354,17,492.801744
-4.119729,17,492.812808
-4.120095,17,492.82412
-4.120484,17,494.937571
-4.120872,17,494.948722
-4.121267,17,494.959978
-4.121638,17,494.971195
-4.122016,17,494.982369
-4.12158,17,494.993659
-4.121954,17,495.004717
-4.122331,17,495.016036
-4.122714,17,495.027277
-4.1231,17,495.038333
-4.123501,17,495.049556
-4.123853,17,495.060788
-4.124235,17,495.071854
-4.124621,17,495.083006
-4.124994,17,495.094231
-4.125228,17,495.105318
-4.125618,17,495.116618
-4.125992,17,495.127859
-4.126368,17,495.139024
-4.126747,17,495.150182
-4.127143,17,495.161499
-4.127522,17,495.172628
-4.127884,17,495.183919
-4.128262,17,495.195041
-4.128185,17,495.206184
-4.128552,17,495.217303
-4.128892,17,495.228428
-4.129304,17,495.239622
-4.129527,17,495.250738
-4.129914,17,495.261954
-4.191345,17,498.228878
-4.191356,17,498.240085
-4.191364,17,498.251173
-4.191375,17,498.262411
-4.191382,17,498.273615
-4.191394,17,498.28471
-4.191402,17,498.295786
-4.191396,17,498.30705
-4.191406,17,498.318111
-4.191416,17,498.32924
-4.191407,17,498.340553
-4.191417,17,498.351618
-4.191429,17,498.362664
-4.191436,17,498.373738
-4.191445,17,498.384882
-4.191457,17,498.395988
-4.191467,17,498.407248
-4.191475,17,498.41823
-4.191465,17,498.429353
-4.191471,17,498.440428
-4.191481,17,498.451461
-4.191489,17,498.462579
-4.1915,17,498.473588
-4.191514,17,498.484591
-4.191521,17,498.495776
-4.19153,17,498.506792
-4.191541,17,498.517878
-4.191549,17,498.52898
-4.19154,17,498.540118
-4.191554,17,498.551189
-4.077973,17,501.468488
-4.077149,17,501.480905
-4.076378,17,501.492605
-4.075041,17,501.504347
-4.073964,17,501.516262
-4.07271,17,501.528186
-4.071473,17,501.540114
-4.070185,17,501.55205
-4.069074,17,501.563844
-4.067629,17,501.575935
-4.066288,17,501.587922
-4.064922,17,501.599767
-4.064388,17,501.61172
-4.063095,17,501.62372
-4.060157,17,501.636004
-4.058953,17,501.647928
-4.057606,17,501.659834
-4.056431,17,501.671756
-4.108346,17,501.683836
-4.108071,17,501.695716
-4.107143,17,501.708178
-4.106149,17,501.720047
-4.10524,17,501.732014
-4.104906,17,501.744541
-4.104043,17,501.756546
-4.103,17,501.768607
-4.10201,17,501.780249
-4.101241,17,501.791801
-4.100198,17,501.803451
-4.099074,17,501.814998
-4.098248,17,504.026774
-4.097282,17,504.038113
-4.09636,17,504.049441
-4.095247,17,504.060816
-4.071994,17,504.072389
-4.071278,17,504.083982
-4.070422,17,504.095351
-4.06975,17,504.10675
-4.06917,17,504.117972
-4.068153,17,504.129472
-4.067404,17,504.140757
-4.066612,17,504.152192
-4.066618,17,504.163704
-4.065801,17,504.174965
-4.065078,17,504.18623
-4.064359,17,504.197721
-4.063447,17,504.209231
-4.062701,17,504.220494
-4.061834,17,504.232229
-4.106225,17,504.243885
-4.105849,17,504.255468
-4.104796,17,504.266961
-4.104941,17,504.278282
-4.10575,17,504.289781
-4.107233,17,504.301145
-4.107892,17,504.312749
-4.109086,17,504.324092
-4.110368,17,504.335614
-4.111243,17,504.346996
-4.112366,17,504.358382
-4.19029,17,507.383241
-4.190257,17,507.394472
-4.190243,17,507.40585
-4.190152,17,507.417315
-4.190149,17,507.4285
-4.189874,17,507.439802
-4.189844,17,507.451116
-4.189714,17,507.462198
-4.189689,17,507.473249
-4.189558,17,507.484523
-4.1896,17,507.497177
-4.189679,17,507.508877
-4.189718,17,507.520818
-4.189776,17,507.53269
-4.18985,17,507.544714
-4.189887,17,507.556631
-4.189953,17,507.568509
-4.190012,17,507.58009
-4.190065,17,507.591739
-4.190032,17,507.603406
-4.190091,17,507.615023
-4.190412,17,507.626614
-4.190519,17,507.63799
-4.190597,17,507.649296
-4.190742,17,507.660602
-4.190823,17,507.672227
-4.190926,17,507.683753
-4.191012,17,507.695556
-4.191408,17,507.707207
-4.191344,17,507.718812
-4.191441,17,507.730659
-4.191407,17,507.742156
-4.191687,17,507.753794
-4.191432,17,507.765522
-4.19172,17,507.777158
-4.19176,17,507.788857
-4.191807,17,507.80095
-4.191853,17,507.812859
-4.191905,17,507.824755
-4.191864,17,507.836407
-3.726598,17,510.849177
-3.748592,17,510.859551
-3.773271,17,510.869854
-3.970885,17,510.880187
-3.979187,17,510.890536
-3.981987,17,510.900853
-4.010389,17,510.911186
-4.015875,17,510.921594
-4.014396,17,510.931919
-4.047813,17,510.942323
-4.043507,17,510.952723
-4.050968,17,510.963264
-4.046758,17,510.973787
-3.994537,17,510.98431
-4.001141,17,510.994785
-4.008115,17,511.005259
-4.014714,17,511.015755
-4.023919,17,511.026271
-4.057392,17,511.036911
-4.053359,17,511.047381
-4.080438,17,511.058056
-4.080223,17,511.068648
-4.0784,17,511.079048
-4.074402,17,511.089475
-4.074254,17,511.099848
-4.074289,17,511.110597
-4.070652,17,511.121543
-4.068395,17,511.132337
-4.065592,17,511.142831
-4.065777,17,511.153273
-4.065933,17,513.126543
-4.066143,17,513.136934
-4.065071,17,513.147278
-4.076821,17,513.157664
-4.075169,17,513.168047
-4.078649,17,513.178422
-4.078766,17,513.188736
-4.078893,17,513.199091
-4.078448,17,513.209431
-4.078081,17,513.219818
-4.078184,17,513.230221
-4.072332,17,513.240594
-4.061023,17,513.250965
-4.054202,17,513.261326
-4.059045,17,513.271719
-4.060135,17,513.282133
-4.059436,17,513.292512
-4.055307,17,513.302946
-4.06796,17,513.313305
-4.07177,17,513.323734
-4.030761,17,513.334088
-4.073544,17,513.344447
-4.033543,17,513.354825
-4.034706,17,513.365169
-4.035664,17,513.375744
-4.032794,17,513.386127
-4.063906,17,513.396466
-4.044535,17,513.406841
-4.037941,17,513.417195
-4.038284,17,513.427556
-4.399011,17,516.02529
-4.399421,17,516.03575
-4.400439,17,516.046204
-4.401453,17,516.056683
-4.39011,17,516.067123
-4.391298,17,516.077589
-4.392469,17,516.088
-4.393616,17,516.098464
-4.394705,17,516.108896
-4.385171,17,516.119352
-4.386314,17,516.1298
-4.3873,17,516.140232
-4.37649,17,516.150648
-4.377824,17,516.161116
-4.37916,17,516.171533
-4.380509,17,516.181944
-4.381943,17,516.192326
-4.382197,17,516.202744
-4.383964,17,516.213203
-4.385317,17,516.223604
-4.39256,17,516.234051
-4.393924,17,516.244414
-4.395445,17,516.254817
-4.39672,17,516.265407
-4.386692,17,516.275855
-4.388382,17,516.286317
-4.38998,17,516.296886
-4.391073,17,516.307456
-4.382644,17,516.318003
-4.38405,17,516.328358
-4.385123,17,518.388063
-4.385277,17,518.398998
-4.388319,17,518.410063
-4.388198,17,518.42113
-4.388083,17,518.432218
-4.387948,17,518.443139
-4.387825,17,518.454165
-4.387701,17,518.465139
-4.387594,17,518.475961
-4.387475,17,518.486946
-4.387341,17,518.49794
-4.387213,17,518.508932
-4.387087,17,518.519916
-4.386956,17,518.531016
-4.386944,17,518.542063
-4.386812,17,518.553061
-4.386682,17,518.564083
-4.386552,17,518.575146
-4.386535,17,518.586091
-4.386535,17,518.597002
-4.38653,17,518.608034
-4.386524,17,518.619116
-4.386518,17,518.630151
-4.386511,17,518.641046
-4.386505,17,518.652018
-4.386498,17,518.663128
-4.386493,17,518.674061
-4.386485,17,518.684941
-4.386477,17,518.695944
-4.386471,17,518.706847
-4.206237,17,521.352506
-4.20612,17,521.362873
-4.206158,17,521.373164
-4.206159,17,521.383504
-4.206194,17,521.393842
-4.206207,17,521.404142
-4.206212,17,521.414447
-4.206245,17,521.42471
-4.206262,17,521.43505
-4.206276,17,521.445374
-4.206302,17,521.455632
-4.20631,17,521.465843
-4.206182,17,521.476123
-4.206221,17,521.486416
-4.206244,17,521.496683
-4.206227,17,521.506992
-4.206256,17,521.517289
-4.206361,17,521.52759
-4.206392,17,521.537833
-4.206391,17,521.548105
-4.2064,17,521.558423
-4.206431,17,521.568667
-4.175015,17,521.578967
-4.174971,17,521.589205
-4.174927,17,521.599395
-4.174909,17,521.60967
-4.174858,17,521.61995
-4.174914,17,521.630202
-4.17489,17,521.640419
-4.174853,17,521.650677
-4.095115,17,524.245489
-4.095099,17,524.25596
-4.095081,17,524.266373
-4.095066,17,524.276782
-4.095053,17,524.287162
-4.095037,17,524.297612
-4.095042,17,524.308039
-4.095021,17,524.31853
-4.095009,17,524.328809
-4.094991,17,524.339125
-4.094974,17,524.349426
-4.094958,17,524.359731
-4.094942,17,524.370005
-4.095068,17,524.38026
-4.095049,17,524.390505
-4.095032,17,524.400781
-4.095015,17,524.411068
-4.094998,17,524.421381
-4.094983,17,524.431679
-4.094965,17,524.442029
-4.094948,17,524.45241
-4.094932,17,524.462723
-4.094912,17,524.473052
-4.094898,17,524.483406
-4.094884,17,524.49367
-4.094862,17,524.503939
-4.094845,17,524.514186
-4.094831,17,524.524445
-4.094812,17,524.534708
-4.094795,17,524.544995
-4.094776,17,526.492406
-4.094762,17,526.502926
-4.094742,17,526.513382
-4.094706,17,526.523872
-4.094689,17,526.534323
-4.094673,17,526.544759
-4.094657,17,526.55535
-4.094639,17,526.565801
-4.094604,17,526.576187
-4.094586,17,526.586589
-4.094568,17,526.596969
-4.094548,17,526.607403
-4.094535,17,526.61788
-4.094527,17,526.628262
-4.094509,17,526.638644
-4.118559,17,526.649029
-4.118543,17,526.659496
-4.118522,17,526.669853
-4.118503,17,526.680169
-4.118489,17,526.690586
-4.118469,17,526.701064
-4.118453,17,526.711402
-4.118437,17,526.721818
-4.1184,17,526.73228
-4.118381,17,526.74266
-4.118362,17,526.753043
-4.118346,17,526.763411
-4.118326,17,526.77377
-4.118311,17,526.784117
-4.118295,17,526.794483
-4.085109,17,529.483109
-4.085326,17,529.493409
-4.085698,17,529.503611
-4.085975,17,529.513859
-4.086222,17,529.524084
-4.086468,17,529.534293
-4.086693,17,529.544504
-4.087017,17,529.554751
-4.087194,17,529.564965
-4.087496,17,529.575285
-4.088502,17,529.586866
-4.088558,17,529.597802
-4.088656,17,529.608421
-4.088702,17,529.618906
-4.088772,17,529.62928
-4.088818,17,529.639692
-4.08889,17,529.650007
-4.088799,17,529.660446
-4.088858,17,529.670984
-4.088898,17,529.681405
-4.088917,17,529.691937
-4.089026,17,529.702376
-4.089093,17,529.712794
-4.089146,17,529.723171
-4.089225,17,529.733581
-4.089244,17,529.744004
-4.089548,17,529.754396
-4.089602,17,529.764809
-4.089671,17,529.775229
-4.089708,17,529.785588
-4.089842,17,529.795941
-4.080134,17,529.806669
-4.08023,17,529.817137
-4.080555,17,529.82757
-4.080537,17,529.837969
-4.080548,17,529.848378
-4.109017,17,529.858755
-4.109206,17,529.869115
-4.109344,17,529.879501
-4.109542,17,529.889876
-4.110216,17,531.832062
-4.110535,17,531.842488
-4.110754,17,531.852915
-4.110986,17,531.863338
-4.111317,17,531.873771
-4.111472,17,531.88423
-4.111753,17,531.894695
-4.111944,17,531.905154
-4.112044,17,531.915592
-4.112405,17,531.926023
-4.110386,17,531.936506
-4.110585,17,531.94696
-4.110722,17,531.957384
-4.110986,17,531.967777
-4.111138,17,531.978175
-4.11123,17,531.988558
-4.111372,17,531.998961
-4.111473,17,532.009398
-4.111587,17,532.019875
-4.111723,17,532.030277
-4.111895,17,532.040669
-4.11196,17,532.051121
-4.112072,17,532.061521
-4.112203,17,532.071897
-4.11228,17,532.082272
-4.121485,17,532.092644
-4.122014,17,532.102999
-4.122137,17,532.113422
-4.122292,17,532.124005
-4.122435,17,532.134415
-4.016203,17,534.878046
-4.016239,17,534.889169
-4.01628,17,534.900329
-4.016321,17,534.911526
-4.016363,17,534.922587
-4.016304,17,534.933654
-4.015659,17,534.944792
-4.009182,17,534.955943
-4.008599,17,534.967097
-4.008108,17,534.978302
-4.007529,17,534.989518
-4.006873,17,535.000839
-4.006073,17,535.012067
-4.005196,17,535.02328
-4.004472,17,535.034544
-4.003537,17,535.045643
-4.002734,17,535.05694
-4.001919,17,535.068137
-4.001154,17,535.079228
-4.000285,17,535.09042
-3.999464,17,535.10152
-3.998394,17,535.112675
-4.006748,17,535.123747
-4.004368,17,535.134737
-3.996363,17,535.146001
-4.004428,17,535.157103
-4.002415,17,535.168251
-4.005716,17,535.179252
-4.008393,17,535.190211
-4.011219,17,535.201355
-4.005234,17,537.980403
-4.004515,17,537.990777
-4.000842,17,538.00113
-3.996999,17,538.011506
-4.000599,17,538.021846
-4.005375,17,538.032133
-4.005355,17,538.042464
-4.005839,17,538.052757
-4.006282,17,538.063075
-4.006735,17,538.0734
-4.007138,17,538.083748
-4.007589,17,538.093991
-4.008027,17,538.104298
-4.008473,17,538.114761
-4.006654,17,538.125087
-4.004991,17,538.135424
-4.003778,17,538.145761
-4.001826,17,538.156142
-4.001861,17,538.16654
-4.002073,17,538.176858
-4.002753,17,538.187202
-3.997734,17,538.197497
-4.004125,17,538.207778
-4.003329,17,538.218108
-4.019839,17,538.228364
-4.022138,17,538.238671
-4.024109,17,538.248924
-4.019361,17,538.259236
-4.000556,17,538.269568
-4.005949,17,538.279848
-4.000439,17,540.332335
-3.998026,17,540.343335
-3.996096,17,540.354233
-3.993482,17,540.365155
-3.992642,17,540.375984
-3.981965,17,540.386986
-3.970231,17,540.39791
-4.005333,17,540.408816
-3.991146,17,540.419637
-3.992437,17,540.430552
-4.00175,17,540.441453
-4.002945,17,540.452432
-4.004008,17,540.463309
-4.004179,17,540.474315
-4.004371,17,540.485189
-4.004563,17,540.496073
-4.004659,17,540.507033
-4.004521,17,540.517994
-4.004355,17,540.529015
-4.004206,17,540.539943
-4.004056,17,540.550987
-4.00389,17,540.562052
-4.003745,17,540.57288
-4.003582,17,540.583788
-4.003452,17,540.594785
-4.003249,17,540.605814
-4.003094,17,540.616699
-4.002938,17,540.627582
-4.002763,17,540.638583
-4.002426,17,540.649696
-3.963597,17,543.276418
-3.963805,17,543.286854
-3.964144,17,543.297218
-3.964495,17,543.307619
-3.964835,17,543.318069
-3.965134,17,543.328564
-3.965399,17,543.338997
-3.965598,17,543.349391
-3.9658,17,543.359771
-3.965986,17,543.370153
-3.966185,17,543.380562
-3.966293,17,543.390952
-3.966489,17,543.401345
-3.966671,17,543.411731
-3.966893,17,543.422106
-3.967075,17,543.432507
-3.967264,17,543.442912
-3.967457,17,543.453483
-3.967684,17,543.464334
-3.967926,17,543.475444
-3.968152,17,543.486476
-3.96837,17,543.497298
-3.968489,17,543.508254
-3.9687,17,543.519052
-3.968912,17,543.52987
-3.969111,17,543.540452
-3.969327,17,543.551134
-3.974751,17,543.561812
-3.974987,17,543.572741
-3.975186,17,543.583583
-3.975418,17,545.63053
-3.975656,17,545.641764
-3.975883,17,545.65293
-3.976184,17,545.664048
-3.976653,17,545.67527
-3.97716,17,545.686382
-3.977276,17,545.697438
-3.977277,17,545.708485
-3.977279,17,545.719497
-3.977279,17,545.730501
-3.977277,17,545.741338
-3.977278,17,545.752332
-3.977369,17,545.763283
-3.97749,17,545.774383
-3.977544,17,545.785399
-3.977667,17,545.796258
-3.977804,17,545.807331
-3.977925,17,545.818365
-3.978045,17,545.829492
-3.978168,17,545.840622
-3.97829,17,545.851628
-3.9784,17,545.862639
-3.97853,17,545.873721
-3.979496,17,545.884739
-3.978955,17,545.895844
-3.978449,17,545.906805
-3.976739,17,545.917799
-3.975578,17,545.928664
-3.973182,17,545.939644
-3.968799,17,545.950709
-4.010771,17,548.827359
-4.010651,17,548.838366
-4.010543,17,548.84941
-4.010425,17,548.860569
-4.010306,17,548.871547
-4.010243,17,548.882607
-4.010187,17,548.893522
-4.01019,17,548.90452
-4.010195,17,548.915471
-4.01016,17,548.926599
-4.010158,17,548.937706
-4.009792,17,548.948662
-4.008863,17,548.959649
-4.007383,17,548.97051
-4.006588,17,548.981429
-3.997233,17,548.99217
-4.011273,17,549.002792
-4.012888,17,549.013451
-4.014241,17,549.024107
-4.014019,17,549.03474
-4.013912,17,549.045273
-4.0138,17,549.055857
-4.013686,17,549.066326
-4.01362,17,549.077019
-4.013506,17,549.087692
-4.013407,17,549.098124
-4.013299,17,549.108618
-4.013191,17,549.119141
-4.013078,17,549.129798
-4.008644,17,549.14037
-4.234536,17,551.926937
-4.234487,17,551.937287
-4.234004,17,551.947793
-4.234192,17,551.958476
-4.235615,17,551.969108
-4.235818,17,551.979488
-4.235748,17,551.989925
-4.235916,17,552.000456
-4.236456,17,552.011031
-4.236828,17,552.021766
-4.237197,17,552.033643
-4.237793,17,552.044739
-4.238478,17,552.055719
-4.238977,17,552.066506
-4.238932,17,552.07715
-4.238799,17,552.088159
-4.238873,17,552.099127
-4.238888,17,552.110076
-4.233963,17,552.120936
-4.233928,17,552.131793
-4.230009,17,552.142534
-4.239312,17,552.153479
-4.242452,17,552.165003
-4.241425,17,552.176575
-4.241663,17,552.187755
-4.242476,17,552.199429
-4.238249,17,552.211103
-4.235296,17,552.222339
-4.266032,17,552.233309
-4.253585,17,552.244637
-4.237545,17,552.255906
-4.227278,17,552.266929
-4.22462,17,552.277942
-4.224978,17,552.289098
-4.225403,17,552.299972
-4.226016,17,552.311346
-4.226755,17,552.322171
-4.227361,17,552.333034
-4.227978,17,552.343823
-4.228655,17,552.354735
-4.229377,17,554.355782
-4.230154,17,554.366281
-4.234134,17,554.376719
-4.247653,17,554.387117
-4.213436,17,554.397574
-4.219174,17,554.408073
-4.254064,17,554.418703
-4.259745,17,554.429161
-4.267759,17,554.43952
-4.250845,17,554.449904
-4.262658,17,554.460287
-4.262079,17,554.470714
-4.261562,17,554.481095
-4.261422,17,554.491505
-4.261272,17,554.5019
-4.261129,17,554.512324
-4.26114,17,554.522653
-4.261226,17,554.533016
-4.260027,17,554.543371
-4.259137,17,554.553757
-4.258284,17,554.564102
-4.25801,17,554.574491
-4.258327,17,554.58485
-4.258188,17,554.595216
-4.257864,17,554.60555
-4.258374,17,554.615892
-4.259098,17,554.62624
-4.259007,17,554.636701
-4.25962,17,554.647389
-4.259419,17,554.658188
-3.94111,17,557.381411
-3.943382,17,557.392514
-3.945659,17,557.403573
-3.947617,17,557.414749
-3.946457,17,557.42605
-3.931705,17,557.437556
-3.774475,17,557.448795
-3.792476,17,557.459774
-3.792924,17,557.471216
-3.934487,17,557.482491
-3.963358,17,557.4936
-3.956012,17,557.504762
-3.963716,17,557.516114
-3.92623,17,557.527377
-3.931119,17,557.53858
-3.93927,17,557.54982
-3.950598,17,557.560924
-3.767845,17,557.572025
-3.76224,17,557.583489
-3.761114,17,557.594717
-3.761401,17,557.606185
-3.762412,17,557.617674
-3.76335,17,557.629318
-3.772955,17,557.640887
-3.773185,17,557.652593
-3.761033,17,557.664036
-3.765971,17,557.67581
-3.809662,17,557.686973
-3.838852,17,557.698147
-3.960381,17,557.709397
-3.987622,17,560.510902
-3.986218,17,560.521545
-3.985957,17,560.532604
-3.922691,17,560.543082
-3.922913,17,560.553643
-3.922086,17,560.564262
-3.92121,17,560.574802
-3.920358,17,560.585308
-3.919804,17,560.595967
-3.920088,17,560.606637
-3.920322,17,560.617491
-3.920466,17,560.628325
-3.920697,17,560.639023
-3.920924,17,560.649657
-3.923285,17,560.660085
-3.936763,17,560.670594
-3.968397,17,560.681114
-3.967614,17,560.691699
-3.977944,17,560.702283
-3.959532,17,560.713321
-3.991428,17,560.72429
-3.981052,17,560.735053
-3.992811,17,560.745794
-3.985926,17,560.75666
-3.986338,17,560.767553
-3.986318,17,560.778382
-3.986386,17,560.788874
-3.986477,17,560.799375
-3.994196,17,560.812828
-3.994247,17,560.824838
-3.994329,17,562.94416
-3.994408,17,562.955085
-3.99449,17,562.966062
-3.994394,17,562.977067
-3.994282,17,562.988445
-3.989114,17,562.9995
-3.989028,17,563.010487
-3.983345,17,563.021472
-3.983227,17,563.032402
-3.983272,17,563.043475
-3.983312,17,563.054626
-3.983335,17,563.065842
-3.983531,17,563.07695
-3.983879,17,563.088076
-3.983828,17,563.099138
-3.98368,17,563.110142
-3.983058,17,563.121176
-3.981988,17,563.132243
-3.980481,17,563.143435
-3.979631,17,563.154578
-3.971118,17,563.165719
-3.976148,17,563.176994
-3.976797,17,563.188116
-3.978942,17,563.199114
-3.978651,17,563.210232
-3.974796,17,563.221275
-3.971817,17,563.232268
-3.971369,17,563.243278
-3.971768,17,563.254237
-3.962518,17,563.265398
-4.178619,17,566.134281
-4.177673,17,566.145063
-4.183427,17,566.155656
-4.184221,17,566.166163
-4.196087,17,566.17653
-4.196872,17,566.187042
-4.198905,17,566.197616
-4.177459,17,566.208241
-4.191606,17,566.218669
-4.19286,17,566.229279
-4.192541,17,566.239668
-4.192116,17,566.250077
-4.191712,17,566.2606
-4.191314,17,566.271008
-4.190913,17,566.281584
-4.190499,17,566.292205
-4.191986,17,566.302914
-4.178228,17,566.313377
-4.177555,17,566.323954
-4.181177,17,566.334316
-4.184712,17,566.344864
-4.196947,17,566.355353
-4.189892,17,566.36612
-4.185476,17,566.376657
-4.188595,17,566.387203
-4.197432,17,566.397748
-4.197144,17,566.408263
-4.196815,17,566.418743
-4.19648,17,566.429142
-4.196167,17,566.439565
-4.196,17,568.387008
-4.195894,17,568.397467
-4.195797,17,568.407954
-4.195707,17,568.418332
-4.185157,17,568.428724
-4.1848,17,568.439068
-4.1843,17,568.449468
-4.196635,17,568.459849
-4.176851,17,568.470286
-4.190891,17,568.48078
-4.17647,17,568.491184
-4.174962,17,568.502278
-4.187849,17,568.512977
-4.184374,17,568.523761
-4.174514,17,568.534287
-4.182136,17,568.544681
-4.181383,17,568.555146
-4.18001,17,568.565532
-4.178373,17,568.575958
-4.177055,17,568.586369
-4.175668,17,568.596967
-4.173381,17,568.607831
-4.171672,17,568.618374
-4.170636,17,568.628765
-4.170648,17,568.639184
-4.148799,17,568.649654
-4.177192,17,568.660073
-4.171631,17,568.670479
-4.186867,17,568.680845
-4.175221,17,568.6912
-4.053132,17,571.438032
-4.032456,17,571.449201
-4.039834,17,571.460359
-4.016926,17,571.471412
-4.040546,17,571.482605
-4.042929,17,571.493701
-4.038351,17,571.504962
-4.018967,17,571.516315
-3.937033,17,571.527598
-3.799588,17,571.538702
-3.798066,17,571.549984
-3.797011,17,571.561275
-3.796392,17,571.572377
-3.921794,17,571.583524
-3.924462,17,571.594823
-3.934654,17,571.605874
-3.944947,17,571.616959
-3.956913,17,571.628072
-3.968715,17,571.639122
-3.980068,17,571.650312
-3.99135,17,571.661616
-4.003454,17,571.67272
-4.013804,17,571.683819
-3.992092,17,571.695047
-4.001868,17,571.706132
-4.051405,17,571.717304
-4.028574,17,571.728453
-4.037435,17,571.739489
-4.041262,17,571.750563
-4.029645,17,571.761706
-4.288638,17,574.526752
-4.288427,17,574.537337
-4.288263,17,574.547815
-4.288116,17,574.558375
-4.287927,17,574.5689
-4.287769,17,574.579459
-4.287582,17,574.590081
-4.287435,17,574.60059
-4.287224,17,574.610997
-4.28711,17,574.621573
-4.209219,17,574.633454
-4.209029,17,574.644087
-4.206891,17,574.65481
-4.205986,17,574.665441
-4.204976,17,574.675997
-4.204003,17,574.686693
-4.203091,17,574.697251
-4.202102,17,574.708045
-4.200234,17,574.718562
-4.198588,17,574.729214
-4.199838,17,574.739767
-4.198159,17,574.750376
-4.196323,17,574.760854
-4.194533,17,574.771259
-4.192713,17,574.781655
-4.193915,17,574.792014
-4.198035,17,574.80235
-4.197401,17,574.812717
-4.197525,17,574.82325
-4.1966,17,574.833729
-4.335451,17,574.844201
-4.335344,17,574.854663
-4.335089,17,574.864979
-4.334857,17,574.875431
-4.334614,17,574.886025
-4.334338,17,574.896617
-4.334115,17,574.907295
-4.333888,17,574.917846
-4.333599,17,574.928415
-4.333369,17,574.938911
-4.330491,17,576.911634
-4.330166,17,576.922132
-4.329846,17,576.932555
-4.318078,17,576.94288
-4.317754,17,576.953192
-4.317482,17,576.963486
-4.317224,17,576.973766
-4.316916,17,576.984043
-4.316569,17,576.994365
-4.316286,17,577.004641
-4.315935,17,577.014963
-4.315315,17,577.025286
-4.314985,17,577.035522
-4.314695,17,577.045824
-4.314315,17,577.056052
-4.313973,17,577.066343
-4.313749,17,577.076613
-4.313421,17,577.086927
-4.313068,17,577.09726
-4.312714,17,577.107614
-4.312366,17,577.117975
-4.312094,17,577.128249
-4.311644,17,577.138481
-4.311252,17,577.148716
-4.310893,17,577.158988
-4.310479,17,577.169218
-4.310127,17,577.179495
-4.309752,17,577.189818
-4.309669,17,577.200444
-4.315444,17,577.211501
.269818,17,499.116394
-4.212375,17,499.178724
-4.027571,17,499.234035
-4.150045,17,499.28855
-3.964729,17,499.343493
-4.081519,17,499.398181
-4.271245,17,499.452774
-4.237719,17,499.506494
-4.255494,17,499.561198
-4.465608,17,499.617075
-4.241521,17,499.673017
-4.243264,17,499.728459
-4.197479,17,499.783849
-4.107659,17,499.839729
-4.293526,17,499.895411
-4.443868,17,499.951301
-4.256949,17,500.788213
-4.41726,17,500.846776
-4.054835,17,500.905937
-4.260903,17,500.967163
-4.672974,17,501.023634
-4.358761,17,501.081408
-4.365111,17,501.137005
-4.183681,17,501.194472
-4.048186,17,501.251093
-4.120898,17,501.316281
-4.440076,17,501.377298
-4.246924,17,501.439016
-4.303842,17,501.861957
-4.541042,17,501.922116
-4.382365,17,501.981825
-4.441892,17,502.042667
-4.019444,17,502.101796
-4.887763,17,502.161479
-4.363763,17,502.221557
-4.168241,17,502.283799
-4.195072,17,502.346775
-3.923905,17,502.409829
-4.546497,17,502.47247
-3.919876,17,502.533249
-4.124014,17,502.596189
-4.129388,17,502.657202
-4.167969,17,502.719846
-4.372687,17,502.781746
-4.273235,17,502.842967
-4.155828,17,502.903068
-4.097832,17,502.962557
-4.363693,17,503.021063
-4.718742,17,503.079188
-4.344215,17,503.137621
-4.491582,17,503.196341
-4.392001,17,503.256053
-4.623651,17,503.315015
-4.101805,17,503.373601
-3.78611,17,503.432078
-4.481042,17,503.489872
-4.227284,17,503.548563
-4.277818,17,503.606546
-4.324571,17,503.66441
-4.219625,17,503.723093
-4.332917,17,503.781739
-4.613968,17,503.839762
-3.795081,17,503.898425
-4.060761,17,503.956378
-4.071102,17,504.015742
-3.780288,17,504.418823
-4.44526,17,504.477175
-4.146892,17,504.534722
-4.38524,17,504.592576
-4.141953,17,504.650489
-4.056871,17,504.708032
-4.382702,17,504.765957
-4.299588,17,504.823585
-4.294306,17,504.880996
-4.775045,17,504.938878
-4.625149,17,504.996918
-4.013182,17,505.055072
-4.452192,17,506.005716
-4.170138,17,506.06308
-4.444779,17,506.120682
-4.345424,17,506.178121
-4.200844,17,506.235857
-4.205933,17,506.29299
-4.46877,17,506.35055
-4.176765,17,506.408239
-4.352477,17,506.465767
-4.402421,17,506.524037
-4.006671,17,506.581756
-4.351291,17,506.639465
-4.407785,17,506.69665
-4.393474,17,506.754304
-4.156851,17,506.811905
-4.745887,17,506.869391
-4.257439,17,506.926982
-4.301117,17,506.984521
-4.250345,17,507.041915
-4.186375,17,507.099394
-4.233488,17,507.157211
-4.444011,17,507.214755
-4.258626,17,507.271978
-4.138271,17,507.329358
-4.349525,17,507.386764
-4.012434,17,507.912692
-4.187123,17,507.974559
-4.705223,17,508.036253
-4.306472,17,508.097492
-4.300841,17,508.159276
-4.676609,17,508.219679
-4.100084,17,508.279859
-4.153544,17,508.339769
-4.569748,17,508.400092
-4.081819,17,508.459789
-4.452104,17,508.519156
-4.082449,17,508.578747
-4.03755,17,508.63832
-4.345606,17,508.69812
-4.381652,17,508.760097
-4.155617,17,508.824165
-4.284548,17,508.883387
-4.246834,17,508.943206
-5.130646,18,509.006378
-4.28838,17,509.065946
-4.179484,17,509.125116
-4.104218,17,509.184148
-4.67077,17,509.241436
-4.565582,17,509.298463
-4.401877,17,509.355395
-4.294605,17,509.412091
-4.247936,17,509.468722
-4.373938,17,509.525495
-4.632975,17,509.585523
-4.659176,17,509.645568
-3.991308,17,509.704664
-4.238157,17,509.762454
-4.08238,17,509.821571
-3.995042,17,509.88174
-4.091622,17,509.941271
-4.746009,17,510.819756
-4.242674,17,510.872109
-4.195513,17,511.241336
-4.186052,17,511.295162
-4.463462,17,511.349816
-4.759876,17,511.403686
-4.052517,17,511.457178
-4.316953,17,511.510665
-4.695881,17,511.564273
-4.078571,17,511.617853
-4.344991,17,511.672015
-4.70867,17,511.726142
-4.200486,17,511.779308
-4.392553,17,511.83286
-3.960595,17,511.887007
-4.239276,17,511.940434
-4.45759,17,511.995393
-4.265285,17,512.048874
-4.376355,17,512.101986
-4.144853,17,512.155699
-3.898252,17,512.20914
-4.581338,17,512.262264
-4.277148,17,512.314957
-4.255671,17,512.367838
-4.245022,17,512.420852
-4.296609,17,512.473657
-4.25557,17,512.526386
-4.086585,17,512.579563
-4.317398,17,512.632318
-4.051724,17,512.685079
-4.385166,17,512.738107
-4.368758,17,512.790923
-4.903834,17,512.843729
-4.343667,17,512.897857
-4.219224,17,512.951172
-4.083321,17,513.003816
-4.392882,17,513.056563
-4.249918,17,513.109313
-4.306775,17,513.473918
-4.150941,17,513.526743
-4.55408,17,513.579389
-3.97627,17,513.632033
-4.758388,17,513.684823
-4.153698,17,513.737715
-4.040098,17,513.79029
-4.018401,17,513.842972
-4.213467,17,513.895473
-4.477585,17,513.9481
-4.430518,17,514.000626
-4.265415,17,514.053252
-3.991824,17,514.105643
-3.994325,17,514.158071
-4.136625,17,514.210625
-4.126983,17,514.263104
-4.155529,17,514.315485
-3.978873,17,514.368136
-4.25093,17,514.420633
-3.963272,17,514.473388
-4.373579,17,514.525914
-4.353266,17,514.578837
-4.302365,17,515.282013
-3.943199,17,515.335855
-4.18286,17,515.388786
-4.237864,17,515.441165
-4.681639,17,515.49369
-4.351599,17,515.546535
-4.178283,17,515.599139
-4.526755,17,515.651811
-4.264172,17,515.704492
-4.162205,17,515.757288
-4.222634,17,515.809728
-3.943901,17,515.862686
-4.174301,17,515.915138
-4.400667,17,515.967707
-4.372812,17,516.020062
-4.271489,17,516.38729
-4.255341,17,516.441259
-4.441321,17,516.494523
-4.212774,17,516.549486
-4.155224,17,516.604765
-4.59857,17,516.660243
-4.256728,17,516.715844
-4.073971,17,516.772449
-4.388768,17,516.827985
-4.233065,17,516.883733
-4.430434,17,516.93926
-4.214107,17,516.995068
-4.2372,17,517.051168
-4.383433,17,517.107177
-4.033087,17,517.163129
-4.742848,17,517.218966
-4.027006,17,517.274834
-4.350211,17,517.330833
-3.878716,17,517.38683
-4.306645,17,517.442707
-4.076376,17,517.498653
-3.931339,17,517.554638
-4.240148,17,517.610508
-3.964326,17,517.666364
-4.058256,17,517.722492
-4.206389,17,517.77869
-4.457902,17,517.834578
-4.179628,17,517.890398
-4.358803,17,517.946159
-4.077776,17,518.0021
-4.587567,17,518.058016
-4.124447,17,518.113485
-4.334905,17,518.169692
-4.191094,17,518.225336
-4.894971,17,518.281216
-3.987348,17,518.337042
-4.139541,17,518.392985
-4.144012,17,518.779305
-4.508106,17,518.835333
-4.194163,17,518.891034
-4.271692,17,518.946797
-4.236589,17,519.002657
-4.209757,17,519.058477
-4.225021,17,519.114203
-4.358411,17,519.17009
-4.245847,17,519.895811
-4.180954,17,519.949624
-4.341859,17,520.005158
-4.346206,17,520.057559
-3.795271,17,520.110108
-4.276284,17,520.162924
-4.089872,17,520.215708
-4.465358,17,520.26894
-4.674576,17,520.321668
-4.340504,17,520.374613
-3.801656,17,520.427654
-4.308338,17,520.480672
-4.00112,17,520.53351
-4.067863,17,520.586876
-4.423317,17,520.64019
-4.260261,17,520.692657
-4.01587,17,520.744846
-4.706243,17,520.797282
-4.006464,17,520.849687
-4.63818,17,520.902317
-4.27246,17,520.954838
-4.082579,17,521.007165
-4.956383,17,521.05929
-4.212994,17,521.11169
-4.30085,17,521.163739
-4.313824,17,521.21584
-4.297819,17,521.267935
-4.34916,17,521.320094
-4.0857,17,521.372285
-4.083167,17,521.739074
-4.094868,17,521.791386
-4.426429,17,521.843701
-4.112571,17,521.896057
-4.284939,17,521.948507
-4.108627,17,522.000761
-4.465691,17,522.052922
-4.32195,17,522.105245
-4.541597,17,522.157453
-4.129521,17,522.209562
-4.108703,17,522.261715
-4.211359,17,522.314017
-4.327153,17,522.366391
-4.158003,17,522.418607
-4.778549,17,522.471119
-4.181467,17,522.523561
-4.259804,17,522.575786
-4.255062,17,522.628049
-4.211173,17,522.680266
-4.422721,17,522.732574
-4.156303,17,522.784822
-4.123766,17,522.837338
-4.285854,17,522.889924
-4.844428,17,522.942515
-4.184073,17,522.995214
-4.176106,17,523.04775
-3.886529,17,523.100157
-4.246468,17,523.153118
-4.599084,17,523.205848
-4.476734,17,523.258371
-4.579939,17,523.311226
-4.119384,17,524.010803
-4.395712,17,524.065701
-4.168279,17,524.118587
-4.112107,17,524.171552
-4.264537,17,524.224603
-4.053564,17,524.277655
-4.056347,17,524.641216
-4.571385,17,524.693736
-4.420097,17,524.74595
-4.289056,17,524.798239
-4.246327,17,524.850539
-4.348911,17,524.902601
-4.568372,17,524.954627
-3.968787,17,525.007
-4.205441,17,525.059341
-4.022003,17,525.11173
-4.59793,17,525.164177
-4.394168,17,525.216591
-4.20335,17,525.269104
-4.337122,17,525.321701
-4.040196,17,525.374463
-4.204922,17,525.426834
-4.227543,17,525.479279
-4.595949,17,525.531594
-4.646196,17,525.583993
-4.655897,17,525.636476
-4.290287,17,525.688715
-3.832003,17,525.741454
-4.464015,17,525.793848
-4.499049,17,525.846771
-4.336457,17,525.899762
-4.113042,17,525.952915
-4.508338,17,526.006069
-4.223828,17,526.059083
-4.258576,17,526.112215
-4.143048,17,526.165304
-4.07685,17,526.218422
-4.101761,17,526.271406
-4.278366,17,526.324494
-4.040149,17,526.377845
-4.049733,17,526.430866
-4.167466,17,526.483972
-4.39244,17,526.850045
-3.915626,17,526.903117
-4.209458,17,526.956418
-4.242949,17,527.009365
-4.33392,17,527.062411
-4.025907,17,527.115657
-4.254674,17,527.168676
-4.223871,17,527.221734
-4.147636,17,527.274747
-4.331214,17,527.327871
-4.237995,17,527.38116
-4.278929,17,527.434174
-4.162663,17,527.487277
-4.2747,17,527.540475
-4.131524,17,527.593797
-4.172272,17,527.647144
-4.023261,17,527.700465
-4.243624,17,527.753762
-4.419749,17,527.806796
-4.984369,17,528.595106
-4.257405,17,528.648201
-4.294698,17,528.700936
-4.439177,17,528.753824
-4.169372,17,528.806709
-4.224078,17,528.859583
-4.223951,17,528.912307
-4.311354,17,528.964581
-3.950397,17,529.017094
-4.071703,17,529.069468
-4.177197,17,529.121579
-4.065356,17,529.174141
-4.091482,17,529.226425
-4.308078,17,529.278558
-4.318743,17,529.330717
-4.456057,17,529.383011
-4.579449,17,529.435293
-4.275938,17,529.487416
-4.841766,17,529.957944
-4.518343,17,530.010552
-4.174393,17,530.063032
-4.160654,17,530.115431
-4.13362,17,530.168067
-4.150179,17,530.220599
-4.258601,17,530.273048
-4.235488,17,530.32549
-4.265113,17,530.377663
-4.033692,17,530.430037
-5.004103,17,530.482362
-4.238288,17,530.534522
-4.397554,17,530.586615
-4.381603,17,530.638916
-4.62166,17,530.693212
-4.303757,17,530.746153
-4.605944,17,530.798444
-4.1722,17,530.850868
-4.480068,17,530.903446
-4.117768,17,530.955973
-4.32087,17,531.008255
-3.777514,17,531.060665
-4.054199,17,531.113146
-4.200843,17,531.165895
-4.208837,17,531.218228
-4.767021,17,531.270582
-4.017911,17,531.323162
-4.452235,17,531.375545
-4.459026,17,531.427752
-5.116484,18,531.483012
-4.328977,17,531.535295
-4.161964,17,531.587643
-4.466768,17,531.63987
-4.018758,17,531.692576
-4.756117,17,531.745311
-4.25064,17,531.799284
-4.173303,17,531.85155
-4.204573,17,532.217884
-4.006569,17,532.270409
-4.350063,17,532.322751
-4.04313,17,532.375291
-4.017511,17,532.427704
-4.564087,17,533.171331
-4.591031,17,533.227258
-4.28723,17,533.28363
-4.141665,17,533.33985
-4.353145,17,533.395799
-4.368677,17,533.451862
-4.09382,17,533.507841
-4.171371,17,533.563741
-4.227441,17,533.619724
-4.309196,17,533.675621
-4.26335,17,533.731676
-4.048907,17,533.78739
-4.12759,17,533.8432
-4.460586,17,533.899111
-4.180292,17,533.954916
-4.09977,17,534.010687
-4.817662,17,534.066337
-4.065064,17,534.12229
-4.199193,17,534.178105
-5.135253,18,534.237248
-4.132811,17,534.293082
-3.965601,17,534.348747
-4.516439,17,534.404512
-4.420369,17,534.460633
-4.309873,17,534.516902
-4.370126,17,534.573197
-4.104425,17,534.629424
-4.403131,17,534.685783
-4.51028,17,534.742118
-4.139225,17,534.799125
-4.108683,17,534.855848
-4.447568,17,535.248146
-4.156489,17,535.302663
-4.447633,17,535.357959
-4.166047,17,535.413782
-4.298892,17,535.469589
-4.720539,17,535.52524
-4.017725,17,535.580847
-4.217711,17,535.636505
-4.219879,17,535.692364
-4.398774,17,535.747997
-3.97402,17,535.803785
-4.284926,17,535.859439
-4.096868,17,535.915285
-3.9972,17,535.970974
-4.093933,17,536.027038
-4.12102,17,536.08524
-3.817191,17,536.144147
-3.712478,17,536.20292
-3.85488,17,536.26137
-4.349704,17,536.319886
-4.593097,17,536.379086
-4.105561,17,536.438025
-6.020979,18,536.498579
-5.379437,18,536.558603
-4.734414,17,536.614838
-4.142651,17,536.670859
-4.372933,17,536.726927
-4.043434,17,536.786794
-4.085426,17,536.842935
-4.093089,17,537.602991
-4.252448,17,537.657122
-4.37808,17,537.711379
-4.499119,17,537.765584
-4.202577,17,537.819808
-4.817124,17,537.874971
-4.199433,17,537.928974
-4.133167,17,537.981382
-4.138042,17,538.345213
-4.13503,17,538.399511
-3.972686,17,538.454644
-4.344388,17,538.510289
-4.066948,17,538.566081
-4.317181,17,538.621532
-3.762239,17,538.677092
-4.267668,17,538.732784
-4.004048,17,538.788253
-4.227206,17,538.843726
-4.266431,17,538.899305
-4.270726,17,538.954949
-4.098255,17,539.010394
-4.478298,17,539.065856
-4.654112,17,539.12139
-4.235961,17,539.177154
-4.363186,17,539.232654
-4.128763,17,539.288051
-4.205825,17,539.343594
-4.168068,17,539.399144
-4.063549,17,539.454539
-4.161433,17,539.509927
-4.459474,17,539.565666
-4.063968,17,539.621338
-4.297102,17,539.676882
-3.907892,17,539.732747
-4.675453,17,539.788499
-4.65243,17,539.844097
-4.398633,17,539.899577
-4.320081,17,539.9552
-4.998704,18,540.014225
-4.006642,17,540.06985
-4.757239,17,540.125232
-4.297064,17,540.180674
-4.310486,17,540.236359
-4.504218,17,540.29183
-4.365773,17,540.347441
-4.044877,17,540.732417
-4.165764,17,540.788505
-4.28869,17,540.844007
-3.815333,17,540.899522
-4.071417,17,540.955032
-4.120593,17,541.010517
-3.920284,17,541.06619
-4.263704,17,541.121813
-4.842238,17,541.1772
-4.378013,17,541.232912
-4.218512,17,541.288468
-4.426582,17,541.344055
-3.891363,17,541.399654
-3.772025,17,541.455301
-4.170217,17,541.510725
-4.139847,17,542.198325
-4.501776,17,542.251701
-4.147847,17,542.305296
-4.373175,17,542.358193
-4.14976,17,542.411021
-4.205477,17,542.463888
-4.094029,17,542.516494
-4.136656,17,542.568932
-4.333445,17,542.621666
-4.194712,17,542.674298
-4.090346,17,542.72682
-4.605049,17,542.779609
-4.422134,17,542.832111
-4.207397,17,542.884732
-4.253571,17,542.937107
-4.230045,17,542.989779
-4.00782,17,543.042397
-4.276527,17,543.095014
-4.366827,17,543.147591
-4.161673,17,543.200116
-4.159971,17,543.252595
-4.28033,17,543.305479
-4.294148,17,543.6787
-3.941092,17,543.733896
-4.074964,17,543.789843
-4.083241,17,543.845229
-4.124473,17,543.901458
-4.33206,17,543.955052
-4.157568,17,544.007626
-3.977492,17,544.060417
-4.193537,17,544.11377
-4.278199,17,544.166934
-3.964144,17,544.220016
-4.101671,17,544.274859
-4.434705,17,544.329228
-4.037029,17,544.384908
-4.131855,17,544.440682
-4.430469,17,544.496611
-4.163085,17,544.551991
-4.446715,17,544.607563
-4.393297,17,544.663747
-4.115011,17,544.72029
-4.468972,17,544.776518
-4.142426,17,544.832559
-4.022812,17,544.888152
-4.264738,17,544.944332
-4.268646,17,545.000314
-3.991297,17,545.056852
-3.97859,17,545.113231
-4.369942,17,545.169372
-4.250346,17,545.225151
-4.775974,17,545.280685
-4.201937,17,545.336544
-4.303239,17,545.392137
-4.051826,17,545.447605
-4.123633,17,545.503149
-4.245864,17,545.559012
-4.375485,17,545.615351
-4.111599,17,546.004052
-4.170655,17,546.060275
-5.421098,17,546.939468
-4.56525,17,546.994073
-4.299169,17,547.050303
-4.483358,17,547.106593
-4.337029,17,547.162642
-4.239029,17,547.21889
-3.970685,17,547.275273
-4.013026,17,547.331318
-4.22386,17,547.387061
-4.632779,17,547.442876
-4.401822,17,547.498639
-3.945198,17,547.554867
-4.184977,17,547.610744
-4.464702,17,547.666609
-4.683597,17,547.722554
-4.006528,17,547.778626
-4.571109,17,547.835535
-4.213677,17,547.893183
-3.939301,17,547.948086
-3.965406,17,548.004506
-4.436928,17,548.065336
-4.314971,17,548.121329
-4.436811,17,548.176001
-4.52881,17,548.231282
-4.203767,17,548.286267
-4.055267,17,548.340995
-3.86412,17,548.394661
-4.208901,17,548.446825
-4.257038,17,548.499113
-4.083621,17,548.55156
-4.029114,17,548.60499
-4.451543,17,548.660704
-3.952337,17,548.715692
-4.081877,17,548.770903
-4.24026,17,548.825711
-4.224847,17,549.206122
-4.01696,17,549.260484
-4.244009,17,549.313573
-4.032969,17,549.366227
-4.177751,17,549.418639
-4.458804,17,549.471712
-4.181798,17,549.525368
-4.392214,17,549.578482
-4.150051,17,549.630845
-4.531443,17,549.683484
-3.903199,17,549.736422
-4.466741,17,549.788774
-4.114084,17,549.84139
-4.346585,17,549.89404
-4.180065,17,549.948478
-4.251463,17,550.002662
-4.431132,17,550.059326
-4.071823,17,550.115281
-3.945962,17,550.171428
-4.250433,17,550.227232
-4.614402,17,550.282923
-4.039314,17,550.338451
-4.223425,17,550.394228
-4.257131,17,550.449679
-4.095177,17,550.5051
-4.302183,17,550.561359
-4.091801,17,551.359093
-4.128943,17,551.414827
-4.436074,17,551.471229
-4.458093,17,551.529207
-4.208887,17,551.588628
-4.052092,17,551.647473
-4.283821,17,551.705527
-4.194039,17,551.768441
-4.287901,17,551.825993
-4.295022,17,551.883224
-4.436007,17,551.939475
-3.922246,17,552.434835
-4.250346,17,552.492456
-4.410036,17,552.549581
-4.660418,17,552.608547
-4.642302,17,552.666962
-4.431995,17,552.72574
-3.988737,17,552.783906
-4.126951,17,552.840582
-4.102214,17,552.894056
-4.126243,17,552.947857
-4.202936,17,553.001792
-4.23771,17,553.056171
-4.134225,17,553.110175
-4.171575,17,553.163811
-4.248989,17,553.217329
-4.030345,17,553.270645
-4.151551,17,553.32449
-4.235534,17,553.377949
-4.271109,17,553.430758
-4.558355,17,553.483316
-4.240766,17,553.535909
-4.065901,17,553.589034
-4.183191,17,553.641712
-4.154987,17,553.694749
-4.01552,17,553.747292
-4.455657,17,553.799757
-4.180459,17,553.854603
-4.093837,17,553.90762
-4.127229,17,553.961361
-4.27697,17,554.013957
-4.221417,17,554.066314
-4.175862,17,554.118541
-4.221484,17,554.171581
-4.390473,17,554.224157
-4.369421,17,554.276643
-3.807032,17,554.329003
-3.949435,17,554.381268
-4.231817,17,554.748393
-4.326271,17,554.800854
-4.335975,17,554.854988
-4.346047,17,554.909919
-4.23844,17,554.965742
-4.236819,17,555.022504
-4.552248,17,555.078884
-4.035497,17,555.135331
-4.36691,17,555.189997
-4.255013,17,555.243766
-4.285859,17,555.297545
-4.364526,17,555.351633
-4.436318,17,556.052272
-4.369176,17,556.109955
-4.21185,17,556.16685
-4.160808,17,556.223424
-4.137539,17,556.280152
-4.285723,17,556.337176
-4.106218,17,556.394423
-4.15295,17,556.451628
-4.143912,17,556.508737
-4.144392,17,556.565599
-4.20781,17,556.622519
-4.380189,17,556.679246
-3.936628,17,556.735692
-4.285659,17,556.792204
-3.812975,17,556.848948
-4.811926,17,556.907186
-4.277249,17,556.965141
-4.040776,17,557.021925
-4.247103,17,557.079018
-4.210748,17,557.13569
-4.191053,17,557.192521
-4.27035,17,557.249509
-4.426409,17,557.306476
-4.306328,17,557.362671
-4.62699,17,557.759923
-4.284539,17,557.817059
-4.567962,17,557.873721
-4.423138,17,557.930096
-4.277795,17,557.986038
-4.238657,17,558.042141
-4.213685,17,558.099026
-4.352848,17,558.154661
-4.327101,17,558.211151
-4.753826,17,558.26719
-3.842336,17,558.323251
-4.205102,17,558.379279
-4.381199,17,558.438833
-4.12884,17,558.495989
-4.646952,17,558.552252
-4.140716,17,558.608617
-4.211113,17,558.665198
-4.061174,17,558.721562
-4.246656,17,558.777711
-4.173262,17,558.83369
-4.279934,17,558.891243
-4.213735,17,558.946718
-4.054014,17,559.002709
-4.070178,17,559.058515
-4.382454,17,559.114081
-4.20903,17,559.170273
-4.10407,17,559.225958
-4.189518,17,559.282346
-4.077847,17,559.338488
-4.067427,17,559.394615
-4.108063,17,559.450424
-4.425431,17,559.507705
-4.286806,17,559.56402
-3.998191,17,559.6203
-4.043262,17,559.676722
-4.379613,17,559.733102
-4.232076,17,560.508467
-3.992722,17,560.889745
-4.193411,17,560.945563
-4.701393,17,561.00526
-4.252367,17,561.063901
-4.143921,17,561.120586
-4.291775,17,561.17682
-4.037365,17,561.234236
-4.21769,17,561.291691
-4.070003,17,561.349195
-4.654012,17,561.406807
-4.316691,17,561.463143
-4.231275,17,561.519648
-4.254986,17,561.576034
-4.085967,17,561.632715
-3.965452,17,561.691514
-4.202397,17,561.751535
-3.934637,17,561.809811
-4.270267,17,561.866954
-4.211655,17,561.924787
-4.197118,17,561.982626
-4.223209,17,562.040657
-4.479499,17,562.09782
-4.321692,17,562.154528
-3.764012,17,562.211477
-4.161123,17,562.268374
-4.310655,17,562.325104
-4.03364,17,562.381938
-4.122889,17,562.439291
-4.239317,17,562.496489
-4.67003,17,562.553248
-4.084866,17,562.610483
-4.122464,17,562.667507
-4.151729,17,562.729574
-4.074242,17,562.785789
-4.177182,17,562.840912
-4.161074,17,562.896367
-4.257827,17,562.952511
-3.775638,17,563.342614
-4.010549,17,563.401679
-4.165881,17,563.456278
-4.628813,17,563.509099
-4.155986,17,563.561871
-4.008898,17,563.61639
-4.175949,17,563.672534
-4.615213,17,563.72639
-4.30118,17,563.779914
-4.15826,17,563.833874
-4.231439,17,563.887641
-4.313857,17,563.941646
-4.255991,17,563.995245
-4.188234,17,564.047873
-4.038818,17,564.100672
-4.226583,17,564.153438
-4.352309,17,564.205521
-4.360003,17,564.25766
-4.167276,17,564.309809
-4.173152,17,564.361884
-4.048519,17,564.414096
-4.673531,17,564.466261
-4.234931,17,565.402086
-4.030082,17,565.45573
-4.54257,17,565.511826
-4.265814,17,565.567182
-4.053351,17,565.622093
-4.049313,17,565.677151
-4.254912,17,565.731305
-4.286347,17,565.785621
-4.113774,17,565.83914
-4.448472,17,565.89254
-4.263543,17,565.945259
-4.329438,17,565.99867
-4.387629,17,566.05139
-4.315374,17,566.104292
-4.209047,17,566.156803
-4.92399,17,566.527556
-4.244978,17,566.580275
-4.207954,17,566.633483
-4.406315,17,566.685975
-4.084163,17,566.7386
-4.470958,17,566.791243
-4.170709,17,566.843477
-4.226545,17,566.896118
-3.955914,17,566.948633
-4.088775,17,567.00109
-4.119077,17,567.053685
-5.23622,17,567.105914
-4.18379,17,567.158371
-4.085613,17,567.21098
-4.720454,17,567.26325
-4.51532,17,567.315629
-3.922151,17,567.368092
-3.977407,17,567.421081
-4.414704,17,567.473716
-4.557019,17,567.526414
-3.829471,17,567.579116
-4.39458,17,567.631561
-3.93974,17,567.683824
-4.51572,17,567.737384
-4.31382,17,567.789927
-4.392761,17,567.842349
-4.115374,17,567.894761
-4.226336,17,567.947067
-4.265809,17,567.999622
-3.973101,17,568.052289
-4.273771,17,568.106378
-4.137068,17,568.1591
-4.295219,17,568.212006
-4.233521,17,568.264482
-4.359571,17,568.317166
-4.502798,17,568.369567
-4.161114,17,568.737587
-4.194164,17,568.791608
-4.000139,17,568.845458
-4.136641,17,568.898289
-4.074093,17,568.950752
-4.352857,17,569.003715
-4.331016,17,569.056065
-3.996736,17,569.108842
-4.397051,17,569.161558
-4.35202,17,569.214332
-4.168022,17,569.959511
-4.224862,17,570.015502
-4.239553,17,570.071731
-4.145057,17,570.128439
-4.049129,17,570.185092
-4.2765,17,570.241581
-4.236087,17,570.298613
-4.4488,17,570.35518
-4.126293,17,570.411985
-4.140775,17,570.468616
-4.208486,17,570.525299
-4.418309,17,570.581626
-4.220354,17,570.638316
-4.32869,17,570.694823
-4.434728,17,570.75135
-4.051315,17,570.807894
-4.274065,17,570.864458
-3.969369,17,570.920689
-4.279277,17,570.977199
-4.148247,17,571.034164
-4.033718,17,571.09076
-4.396074,17,571.146909
-4.104585,17,571.203648
-4.221012,17,571.25966
-4.102705,17,571.316035
-4.140831,17,571.37264
-4.056707,17,571.429051
-4.236644,17,571.821981
-4.031058,17,571.878384
-4.01123,17,571.934793
-4.342241,17,571.991304
-4.075979,17,572.047557
-4.220938,17,572.103891
-4.276132,17,572.159927
-4.092888,17,572.216079
-4.026991,17,572.272187
-4.377444,17,572.328494
-4.376648,17,572.38479
-4.194661,17,572.441219
-4.208701,17,572.497464
-4.38639,17,572.553993
-4.130427,17,572.610383
-4.54146,17,572.66651
-4.261162,17,572.722574
-4.031915,17,572.778756
-4.587224,17,572.834579
-4.362583,17,572.890944
-4.264278,17,572.94804
-3.751491,17,573.004633
-4.250634,17,573.06047
-4.05027,17,573.116836
-4.038605,17,573.172901
-4.19379,17,573.228868
-3.843472,17,573.285009
-4.287091,17,573.341229
-3.983786,17,573.397326
-4.201027,17,573.453694
-4.478571,17,573.509701
-4.217764,17,573.566096
-4.006057,17,573.621888
-4.426813,17,574.374573
-4.236828,17,574.42728
-4.010952,17,574.480206
-4.186887,17,574.533409
-4.258567,17,575.010676
-4.317031,17,575.064021
-3.953019,17,575.116421
-4.08473,17,575.169261
-4.735506,17,575.225384
-4.087581,17,575.281313
-3.981984,17,575.335022
-4.321091,17,575.388721
-4.440377,17,575.442257
-4.139237,17,575.495723
-4.331058,17,575.549957
-4.30137,17,575.603622
-4.240514,17,575.658145
-4.428383,17,575.711721
-4.309802,17,575.767051
-4.221829,17,575.823688
-4.185507,17,575.877962
-4.166886,17,575.931338
-4.172247,17,575.984749
-4.289906,17,576.037251
-4.3037,17,576.089811
-4.266168,17,576.142336
-4.430448,17,576.196088
-4.228878,17,576.249749
-4.366735,17,576.302294
-4.498829,17,576.354521
-4.179236,17,576.406768
-4.234308,17,576.459015
-4.21401,17,576.511576
-4.380749,17,576.563762
-4.16071,17,576.615872
-4.20329,17,576.669422
-3.996694,17,576.72206
-4.287396,17,576.774523
-4.282656,17,576.826515
-4.619167,17,576.87873
-4.019611,17,576.93126
-4.183373,17,577.29824
-4.320538,17,577.354441
-4.335734,17,577.411598
-4.012624,17,577.470658
-3.965333,17,577.529829
-4.289623,17,577.587034
-4.206466,17,577.642684
-4.115368,17,577.698532
-4.081928,17,577.75403
-4.245383,17,577.809188
-4.325461,17,577.863321
-4.162667,17,577.918388
-3.961467,17,577.973153
-4.140808,17,578.029318
-4.188008,17,578.085597
-3.807868,17,578.141354
-4.185928,17,578.196119
-4.393422,17,578.251671
-4.704227,17,578.307132
