#{"t_start": 1762328971.131291, "env_id": "None"}
r,l,t
-14.40308,22,0.585883
-18.087405,26,0.663793
-15.233432,23,0.733421
-13.596427,21,0.797572
-18.380957,26,0.878177
-17.517767,24,0.951852
-18.403845,27,1.034413
-12.880763,19,1.092866
-14.553539,23,1.165047
-13.407176,20,1.226638
-15.975392,22,1.29393
-19.229491,26,1.374366
-14.82445,22,1.442756
-12.669254,19,1.501417
-18.510427,26,1.58163
-18.097198,24,1.655643
-13.607357,21,1.720396
-15.748546,24,1.795078
-14.973101,23,1.866427
-17.020116,26,1.946636
-14.022664,20,2.009133
-16.486435,27,2.09287
-16.975056,25,2.17005
-17.159827,24,2.244693
-14.934642,22,2.312421
-16.73265,26,2.393413
-19.178531,27,11.511867
-15.805861,23,11.580913
-12.408002,19,11.638402
-13.749004,22,11.704879
-18.908156,26,11.783076
-18.417028,26,11.860373
-17.043965,23,11.929306
-18.360563,26,12.006934
-14.595773,21,12.070755
-12.858267,19,12.128581
-13.395843,20,12.188431
-15.463708,26,12.266178
-15.444202,24,12.33866
-14.913785,23,12.407056
-16.459177,26,12.484381
-16.670165,23,12.553597
-14.450169,23,12.622699
-14.777736,21,13.535899
-17.761341,25,13.61161
-20.047421,28,13.69559
-14.30727,21,13.759859
-16.918057,24,13.831796
-16.048243,24,13.904141
-14.950694,21,13.96785
-18.465231,28,14.051517
-18.619694,30,14.142342
-15.052626,21,14.206112
-15.548782,23,14.676234
-15.422426,22,14.743833
-14.283727,22,14.810425
-14.861919,22,14.875816
-16.623023,25,14.951448
-16.455199,25,15.026805
-13.61276,20,15.08716
-15.316477,22,15.152988
-14.854992,22,15.219743
-14.760119,24,15.292472
-15.27628,23,15.362898
-15.695499,24,15.435568
-15.207502,22,15.501531
-17.604259,25,15.577639
-17.852475,25,15.654586
-17.311379,26,15.733584
-16.914688,24,15.806152
-15.59461,24,15.877818
-12.534374,18,15.931548
-18.710857,28,16.016891
-13.308177,20,16.076548
-13.392252,21,16.139645
-14.184664,21,16.203511
-13.94858,23,16.273204
-18.597463,27,16.355061
-17.30039,26,16.433285
-17.434556,25,16.931581
-14.318625,22,16.999014
-15.563671,23,17.06862
-15.095305,23,17.137181
-13.185859,19,17.194774
-16.04008,24,17.266808
-17.877843,27,17.348531
-13.992629,23,17.418137
-16.669913,24,18.20808
-16.780479,26,18.285807
-14.972328,22,18.352138
-19.195027,28,18.436551
-14.935328,22,18.502108
-17.892454,27,18.582784
-15.663849,23,18.652953
-16.924064,25,18.729165
-18.837105,27,18.813387
-12.977622,22,18.881458
-18.722837,27,18.966371
-14.434895,22,19.035621
-16.140027,25,19.112823
-14.18286,21,19.177505
-15.097472,22,19.249443
-13.117737,21,19.313368
-16.980356,25,19.388624
-15.739269,23,19.458011
-13.890131,22,19.523311
-16.5038,24,20.012898
-16.425483,25,20.088235
-15.279412,23,20.156964
-20.299932,30,20.247559
-18.303124,26,20.326339
-17.092651,23,20.395747
-15.835579,25,20.471185
-19.399752,28,20.554968
-13.153018,20,20.616147
-15.875218,24,20.688674
-15.865904,23,20.757076
-21.425636,29,20.844568
-18.032172,27,20.926129
-15.596188,23,20.995108
-12.934677,18,21.049522
-16.614213,25,21.124686
-14.716219,21,21.188155
-16.952536,26,21.267076
-13.105029,20,21.327325
-14.260642,23,21.396398
-16.085475,23,21.466255
-14.409756,21,21.529856
-16.954705,24,21.601492
-17.873649,26,21.679467
-15.082327,24,22.393781
-15.934307,22,22.461123
-12.433422,19,22.933274
-14.75019,23,23.003627
-13.552939,21,23.0681
-16.318009,25,23.143392
-12.534088,19,23.200082
-13.520152,20,23.261114
-17.71388,26,23.338909
-18.148683,26,23.416779
-16.339881,25,23.492764
-13.037976,19,23.549973
-15.194837,25,23.625066
-16.226837,23,23.694488
-14.164678,21,23.757693
-12.03119,18,23.811854
-14.657455,22,23.878807
-18.114473,26,23.95685
-16.038122,24,24.028833
-18.25636,28,24.115087
-15.019011,23,24.184565
-17.672668,25,24.26021
-14.974194,24,24.332663
-15.720569,25,24.40785
-16.863783,24,24.480391
-15.448312,22,24.546802
-14.639728,23,24.615929
-13.976924,22,24.682331
-16.717799,24,24.753928
-16.601338,24,25.216502
-29.370742,33,25.316442
-16.562622,26,25.394588
-14.851842,22,25.460984
-13.795718,22,25.526809
-16.258561,23,25.596313
-17.304947,26,25.67636
-13.683859,21,25.740482
-17.603115,25,25.815887
-16.552773,26,25.895327
-16.85567,26,25.974767
-18.394011,30,26.065756
-17.4763,26,26.144907
-18.589754,27,26.233834
-15.142717,23,26.938817
-16.187417,25,27.01624
-19.579764,29,27.108297
-16.779957,25,27.186181
-15.712083,24,27.261051
-16.809065,26,27.342862
-16.947247,25,27.4204
-16.457705,24,27.495857
-17.484634,26,27.577544
-19.570964,29,27.66765
-16.035095,22,27.736834
-14.305408,23,28.193257
-16.974061,25,28.271617
-16.520322,25,28.349897
-14.804118,22,28.418848
-14.809542,22,28.487254
-21.708465,30,28.580866
-12.979404,19,28.640916
-20.59962,30,28.734425
-16.428874,23,28.806026
-12.081281,20,28.869038
-15.07629,22,28.93828
-16.807878,25,29.015225
-18.974528,27,29.096156
-18.682535,28,29.180799
-17.626726,24,29.252645
-18.004467,27,29.333759
-14.617849,22,29.39899
-14.354784,22,29.465493
-14.501199,22,29.532309
-14.057048,21,29.594776
-17.16544,26,29.672129
-17.010764,26,29.751632
-20.663998,29,29.838017
-18.904321,26,29.916482
-14.282534,21,29.979304
-15.838994,24,30.886478
-16.697204,25,30.966194
-14.943818,22,31.035663
-14.643576,21,31.102008
-17.261966,26,31.183945
-16.13484,24,31.930111
-15.954093,24,32.004291
-13.588155,21,32.06723
-19.126617,28,32.151864
-17.848686,26,32.230069
-15.153533,23,32.299112
-16.224495,25,32.374711
-13.990978,21,32.437586
-15.83098,23,32.507298
-13.220437,21,32.571566
-16.451245,24,32.645685
-14.68981,25,32.722865
-14.066069,21,32.789115
-12.699477,19,32.848144
-14.750758,22,32.91634
-15.548737,24,32.991482
-14.839341,24,33.066221
-16.37479,24,33.142289
-12.536677,20,33.204964
-16.159942,23,33.277161
-14.196318,22,33.34579
-18.763378,30,33.44031
-18.981895,29,33.912447
-16.021447,25,33.991869
-15.452812,23,34.063788
-16.928415,25,34.142694
-15.537081,24,34.218622
-16.81365,24,34.297584
-14.787319,22,34.367825
-15.125171,23,34.44101
-14.212497,21,34.507285
-15.288556,22,34.577033
-14.974251,23,34.649914
-20.345973,30,34.744916
-14.331177,21,34.81171
-16.861497,27,34.896808
-14.92241,22,34.967128
-15.385136,23,35.038931
-15.711055,24,35.114
-16.686317,23,35.186677
-15.294327,24,35.261995
-15.58652,24,35.337307
-13.585585,21,35.404672
-16.116218,23,35.47619
-15.659689,26,36.46782
-18.93591,29,36.554375
-14.789566,23,36.623526
-16.000196,25,36.6985
-15.424782,24,37.203765
-17.693241,24,37.276599
-13.931134,21,37.340845
-12.457898,20,37.401957
-16.95487,24,37.474111
-15.037047,23,37.542955
-15.713006,24,37.615697
-14.260938,22,37.682228
-16.30658,26,37.760464
-16.320021,23,37.830282
-14.678206,21,37.894021
-11.782161,19,37.952004
-15.518987,24,38.024463
-17.240431,25,38.100434
-16.070407,24,38.172578
-13.735812,22,38.239666
-15.908833,25,38.315371
-14.22433,21,38.379339
-16.729264,26,38.457404
-14.417885,22,38.523245
-18.311527,27,38.605542
-15.91381,24,38.678447
-14.31169,23,38.748446
-17.527933,25,38.82424
-19.265595,26,38.903125
-15.62926,23,38.972478
-15.036028,23,39.041605
-16.316558,24,39.535664
-15.445808,24,39.608908
-14.643015,22,39.675232
-18.139498,26,39.753262
-16.700262,26,39.831592
-14.695487,24,39.90512
-13.690163,22,39.971339
-14.361852,21,40.035984
-13.411248,20,40.096061
-14.548537,22,40.161897
-13.702458,22,40.229215
-13.990522,20,40.289393
-16.00384,24,40.362386
-15.261325,23,41.159389
-14.8186,22,41.230058
-13.521457,21,41.29722
-14.67528,21,41.363551
-13.455806,20,41.427764
-15.747316,25,41.507478
-15.420637,22,41.578096
-14.152586,21,41.645507
-12.221532,19,41.705904
-15.076617,23,41.7793
-13.629185,20,41.843716
-17.760447,26,41.926549
-15.439858,22,41.996991
-13.271087,21,42.064277
-17.333992,27,42.149697
-14.607296,23,42.660085
-17.601732,25,42.739552
-15.586184,22,42.808401
-13.761303,21,42.875098
-17.094647,27,42.961223
-15.367201,23,43.032831
-13.723244,21,43.09943
-16.848517,24,43.176013
-23.952636,31,43.274418
-12.982288,19,43.338962
-16.343037,24,43.414791
-16.584122,25,43.494783
-12.264255,19,43.555679
-13.698665,21,43.621386
-16.50774,26,43.703921
-18.357533,28,43.791888
-14.70439,22,43.861933
-14.027791,21,43.929585
-14.187389,21,43.996081
-17.904134,26,44.078627
-13.552144,20,44.141424
-14.334555,23,44.214058
-13.564951,20,44.277559
-15.204097,22,44.347014
-17.148968,25,44.425631
-15.00773,21,44.492023
-14.684397,21,44.558307
-13.314753,19,45.050184
-12.525071,19,45.111452
-15.416245,23,45.183969
-19.725988,27,45.88409
-15.126076,21,45.949859
-14.598801,21,46.014515
-14.641942,23,46.085765
-16.000041,24,46.161031
-18.108133,27,46.24629
-14.420745,22,46.315309
-14.942701,23,46.387021
-16.193988,23,46.458992
-14.998321,21,46.526214
-13.15242,20,46.589297
-15.674779,23,46.661507
-16.451643,25,46.740347
-24.315766,31,46.838205
-18.659772,28,46.926424
-17.980322,26,47.007813
-18.656044,28,47.095388
-16.914682,26,47.177741
-12.650111,21,47.243165
-17.932849,27,47.327724
-16.619266,27,47.41215
-14.856051,23,47.484593
-15.342945,25,47.563054
-14.603758,23,48.057535
-17.618412,28,48.146138
-13.351133,21,48.212399
-15.841392,25,48.290726
-12.457124,19,48.350761
-18.073356,28,48.438231
-13.106717,20,48.501908
-13.747497,20,48.565393
-14.281259,22,48.633904
-14.573403,20,48.696085
-19.476186,29,48.786889
-14.98012,22,48.855995
-15.588284,22,48.924351
-15.392417,24,48.999892
-19.186616,27,49.085159
-14.704424,23,49.158731
-16.560141,24,49.234458
-15.286025,23,49.308008
-15.532827,23,49.380848
-15.92627,24,49.457244
-12.747516,20,50.159594
-15.527093,22,50.227398
-14.411623,23,50.298425
-17.706579,26,50.377329
-16.302193,25,50.453017
-19.560861,27,50.534333
-15.022796,23,50.605078
-15.762088,24,51.069998
-14.22967,20,51.13059
-13.957047,22,51.19783
-14.860662,23,51.266763
-13.092596,20,51.32662
-18.011475,26,51.405941
-17.204247,26,51.483616
-13.652278,21,51.54687
-19.233932,28,51.631378
-13.057205,19,51.689293
-13.279926,20,51.749089
-13.500495,21,51.812687
-14.190494,23,51.881932
-17.210238,26,51.960055
-14.355543,21,52.024284
-15.085681,22,52.090457
-16.977935,26,52.169424
-17.992438,28,52.254093
-14.299477,21,52.31734
-13.98775,22,52.383888
-15.808717,23,52.452887
-14.502916,22,52.518548
-15.821128,23,52.588428
-15.561574,24,52.660518
-15.32438,24,52.733286
-15.804501,24,52.806516
-14.18089,23,52.875792
-14.02745,22,53.665493
-13.405202,21,53.730288
-17.971365,26,53.812627
-14.548035,22,53.88098
-13.788638,21,53.946709
-15.320372,24,54.022243
-15.909322,24,54.09709
-12.548528,19,54.156744
-16.616294,24,54.233487
-13.226566,20,54.297761
-14.878579,22,55.026477
-12.718677,20,55.088021
-13.655003,20,55.150033
-14.621794,23,55.223089
-15.069536,23,55.295022
-13.951233,22,55.364181
-17.640065,25,55.442555
-13.825714,22,55.511463
-18.327962,29,55.603771
-13.782247,20,55.666865
-12.449423,19,55.727155
-13.720023,21,55.794111
-15.351439,23,55.867588
-18.277775,29,55.958451
-13.823271,21,56.025152
-14.222544,21,56.091217
-13.107689,20,56.154422
-14.333866,22,56.224886
-13.32646,20,56.696542
-14.438218,22,56.766427
-15.609767,24,56.842723
-14.169883,22,56.912488
-15.422889,23,56.984903
-16.461639,25,57.064045
-13.849535,21,57.130384
-16.127616,26,57.213118
-15.073525,22,57.283203
-15.942891,24,57.359566
-11.772293,17,57.413213
-14.70359,23,57.48634
-11.645675,18,57.54337
-15.105385,23,57.615729
-16.696658,23,57.68943
-15.003566,20,57.75296
-16.112212,25,57.832028
-15.345076,23,57.905022
-17.159928,25,57.983426
-14.582613,21,58.049819
-14.162064,24,58.125639
-15.70703,23,58.198726
-16.68393,24,58.275352
-15.388237,23,58.347942
-13.029539,20,58.410503
-14.833474,23,58.483189
-17.44736,26,58.565166
-15.743546,24,59.048803
-15.09421,22,59.851711
-17.064211,26,59.931965
-14.024225,20,59.993019
-13.23778,19,60.050015
-18.385062,27,60.131787
-14.7392,22,60.19776
-13.150371,20,60.259217
-15.261532,23,60.329877
-15.174346,22,60.397949
-13.084174,20,60.460587
-15.214546,22,60.529318
-15.684167,22,60.598824
-16.918,25,60.678508
-15.370802,23,60.750475
-13.007364,19,60.809876
-15.923639,24,60.887051
-17.194805,25,60.965735
-16.933132,26,61.047738
-14.60511,21,61.114367
-13.084843,21,61.180077
-14.042361,21,61.245879
-13.467173,21,61.313074
-14.816158,25,61.392211
-16.082797,25,61.470333
-15.640407,23,61.544133
-11.921337,19,61.604061
-16.085534,26,61.686939
-15.559955,24,62.172562
-16.646624,24,62.245232
-15.048605,22,62.312854
-12.698605,19,62.3706
-12.142712,19,62.427842
-16.263784,25,62.503419
-12.472713,19,62.561362
-13.591162,21,62.623624
-11.614787,17,62.674051
-14.904843,22,62.740533
-12.996716,21,62.804166
-15.358135,22,62.872145
-13.758996,20,62.934768
-15.072277,25,63.012022
-16.198746,26,63.09408
-13.759872,22,63.164205
-13.678656,23,63.237038
-14.148306,21,63.303385
-12.373625,18,63.36086
-17.527948,29,64.130803
-12.991702,19,64.187961
-15.433584,24,64.260125
-13.954222,22,64.326738
-14.45297,22,64.393159
-14.247134,22,64.459983
-12.428669,20,64.520835
-14.512642,22,64.587486
-18.187535,26,64.66548
-17.454139,27,65.123139
-18.123371,24,65.196698
-14.146126,22,65.263394
-15.143964,22,65.329987
-14.760143,21,65.393812
-12.803057,19,65.451739
-13.880515,21,65.515183
-12.67986,20,65.576637
-12.420565,19,65.634215
-14.74708,23,65.703543
-14.235436,21,65.767611
-13.922249,21,65.831455
-13.710013,22,65.898168
-24.481832,30,65.988305
-13.339292,20,66.048835
-13.697848,20,66.108961
-17.035956,25,66.184059
-15.889773,22,66.25029
-12.941156,20,66.310291
-12.424084,19,66.368265
-15.943723,25,66.443668
-13.901656,22,66.509706
-15.444218,25,66.585405
-12.340936,19,66.642705
-13.634665,20,66.70324
-17.752096,26,66.781676
-13.823777,21,66.844603
-16.270975,26,66.923386
-17.993856,28,67.391876
-13.097083,20,67.452942
-15.741765,23,67.522155
-15.093489,22,67.588972
-14.644396,22,67.654866
-16.040651,28,67.738471
-14.183861,23,67.808153
-14.7159,23,67.876936
-14.610589,21,68.614212
-15.723822,23,68.690571
-14.433058,22,68.757151
-13.374803,21,68.820534
-14.776093,21,68.883497
-11.831817,18,68.937365
-13.575749,20,68.998538
-16.310144,25,69.073955
-13.391017,20,69.134367
-14.633702,21,69.198612
-16.434878,26,69.276983
-13.707673,21,69.340464
-16.11958,24,69.413137
-16.942898,28,69.498742
-13.180182,20,69.560163
-15.744601,25,69.637768
-13.27637,21,69.703295
-14.109011,19,69.763767
-13.452497,20,69.827818
-14.26969,21,69.894146
-12.927447,19,69.953553
-14.237249,22,70.402346
-12.826685,20,70.465895
-13.171765,20,70.529746
-13.678898,22,70.600701
-13.220691,20,70.663963
-15.214223,21,70.729793
-12.611171,19,70.790384
-12.910777,20,70.854115
-14.277094,23,70.927187
-14.216853,21,70.994303
-16.699704,24,71.070971
-15.25018,22,71.141291
-11.714491,18,71.198489
-15.949283,24,71.274755
-16.456033,24,71.350743
-13.099519,20,71.414329
-12.997279,20,71.47791
-14.225401,22,71.548104
-12.016334,19,71.609142
-13.980636,22,71.67892
-13.560089,21,71.744953
-25.32149,30,71.840433
-14.598688,21,71.906639
-14.260079,22,71.975993
-15.139139,24,72.052603
-13.205961,21,72.120176
-14.646239,23,72.193708
-13.573414,22,72.903332
-13.942085,23,73.349556
-14.050497,22,73.419255
-14.636796,22,73.486737
-14.866516,24,73.561437
-13.902713,21,73.628141
-14.902437,22,73.696853
-14.994768,23,73.769682
-13.476456,20,73.832521
-15.478639,24,73.906358
-14.420506,21,73.972015
-13.362006,21,74.037723
-12.93307,19,74.097788
-12.883098,19,74.157724
-13.563516,20,74.220543
-13.022258,20,74.283193
-15.041198,22,74.352341
-16.376875,25,74.431623
-15.659757,25,74.510086
-14.608076,21,74.576148
-12.627817,19,74.636484
-15.005104,23,74.70931
-14.77105,23,74.781555
-12.77771,20,74.844881
-13.564855,21,74.911295
-13.523624,20,74.973877
-17.407006,28,75.060717
-13.136255,20,75.120802
-13.02919,20,75.181308
-14.487741,25,75.257247
-15.012092,25,76.112374
-15.314518,24,76.184545
-16.001045,26,76.263979
-15.495086,26,76.341889
-17.582453,29,76.429251
-14.818769,22,76.495746
-16.563391,24,76.567604
-14.321017,21,76.630911
-14.135097,23,76.701423
-12.963684,20,76.762011
-13.991669,20,76.822229
-14.863155,24,76.894498
-12.150841,18,76.948473
-16.330746,25,77.023432
-13.319202,20,77.084099
-14.293709,23,77.153003
-13.813327,21,78.126446
-12.932801,20,78.186682
-13.688423,21,78.250777
-13.376992,21,78.31443
-13.354993,20,78.37516
-12.968974,19,78.432363
-14.529197,23,78.501991
-12.804584,20,78.56212
-12.665899,20,78.622415
-12.809907,20,78.682979
-12.080651,18,78.737509
-14.688964,22,78.804163
-13.364183,22,78.870295
-14.873015,22,79.311424
-13.528259,20,79.372936
-17.014604,27,79.453182
-13.350305,21,79.516613
-15.740345,23,79.585374
-13.730509,21,79.648622
-13.462679,20,79.709504
-13.265419,20,79.769681
-12.675225,20,79.830139
-13.739003,21,79.894232
-14.056736,23,79.96291
-14.095875,22,80.029488
-12.534587,19,80.087042
-13.573678,21,80.15005
-15.030842,22,80.216232
-14.283952,21,80.280036
-16.782125,27,80.361985
-12.644873,20,80.424555
-18.024498,28,80.509251
-16.833414,25,80.584084
-12.865762,21,80.64667
-13.219811,21,80.710791
-14.008296,21,80.773955
-14.272139,23,80.842652
-18.125305,26,80.920664
-13.191504,20,80.98029
-12.178537,18,81.035073
-14.076516,21,81.098281
-12.953553,21,81.532857
-11.637857,18,81.587657
-12.920878,20,81.647852
-14.510039,21,81.711895
-12.190405,19,81.769238
-12.941575,20,81.829762
-15.705086,26,81.908862
-12.461518,19,82.741805
-12.150119,19,82.799123
-13.274713,20,82.859592
-15.383417,24,82.933211
-12.432587,19,82.990547
-15.003792,24,83.062745
-13.758826,20,83.123583
-17.127866,28,83.207449
-12.898096,19,83.264641
-12.970977,21,83.328719
-13.479106,20,83.389299
-14.754877,23,83.45808
-13.48136,20,83.518798
-14.778771,24,83.590393
-15.597377,23,83.659991
-14.583567,23,83.730058
-13.492603,21,83.793149
-12.012679,18,83.847564
-16.649814,25,83.92353
-13.542671,21,83.987021
-13.860295,23,84.056041
-12.389897,19,84.113354
-13.636118,20,84.551898
-13.74937,23,84.62225
-14.616562,22,84.689495
-12.242381,18,84.74442
-13.103498,20,84.805002
-13.119156,20,84.864964
-12.228477,19,84.922062
-13.25739,21,84.986156
-14.032107,21,85.049705
-13.523964,21,85.112485
-12.135592,19,85.169887
-12.896447,20,85.230302
-16.051059,24,85.304264
-12.098811,20,85.36447
-13.691756,21,85.42743
-13.12686,20,85.486999
-13.454989,22,85.554685
-13.157136,21,85.617455
-15.437376,23,85.685719
-12.508408,19,85.743479
-12.35199,19,85.801045
-12.583938,19,85.858312
-13.330847,21,85.921442
-13.258711,20,85.981609
-13.257108,21,86.044537
-14.580875,23,86.113322
-14.720607,23,86.801758
-14.034179,23,86.87074
-12.987684,21,86.934313
-14.042773,22,87.000652
-16.028232,23,87.397988
-13.989486,22,87.465441
-13.632664,23,87.535236
-14.592378,21,87.599561
-13.315385,20,87.659549
-13.197273,20,87.720187
-11.988422,19,87.777973
-11.824159,19,87.835304
-13.511519,21,87.898294
-12.657259,20,87.958452
-12.511196,19,88.016464
-13.612576,21,88.079003
-12.866937,19,88.135764
-13.638367,21,88.199305
-12.022273,18,88.25414
-12.190394,19,88.312361
-12.946097,19,88.369982
-14.272793,21,88.433319
-14.906466,24,88.505396
-15.517469,24,88.57779
-13.391873,21,88.641486
-13.2823,20,88.701332
-13.872415,23,88.770227
-12.728053,20,88.831074
-12.75794,21,88.894994
-14.488599,21,88.958724
-13.735768,21,89.023161
-12.93548,20,89.083266
-12.40437,20,89.143376
-16.702679,28,89.228694
-11.881403,19,89.617256
-14.598849,22,89.684456
-12.640048,19,89.741827
-13.242045,20,89.802315
-16.373451,24,89.874777
-15.121451,23,89.943931
-14.919849,24,90.017764
-14.144343,21,90.080615
-14.105076,23,90.150016
-11.834155,18,90.204735
-13.7129,22,90.271246
-13.962372,21,90.342845
-14.994577,22,90.409178
-14.338365,21,90.473023
-12.034606,18,90.527164
-14.685337,25,91.2136
-13.769853,22,91.283462
-13.999115,21,91.350388
-27.797635,33,91.455709
-12.181039,19,91.516031
-14.526453,23,91.589675
-12.686542,19,91.650795
-14.962081,23,91.724553
-12.666692,19,91.785058
-13.623138,21,91.852491
-14.237038,22,91.922122
-12.805785,19,91.982045
-12.982719,20,92.047265
-12.976434,20,92.111087
-13.179519,20,92.514888
-13.133069,21,92.579001
-12.683609,19,92.637131
-14.280796,22,92.703717
-12.96054,20,92.763809
-13.578387,21,92.827156
-13.542706,20,92.887214
-15.739312,23,92.956152
-12.639704,19,93.013689
-14.257521,22,93.080551
-12.837432,19,93.13819
-13.031531,20,93.198011
-12.876077,19,93.255229
-12.224122,19,93.312576
-12.4413,19,93.369423
-12.630172,19,93.426416
-13.025009,20,93.486829
-12.582285,20,93.547693
-13.184169,20,93.608369
-23.214838,31,93.701585
-13.140573,20,93.761618
-12.348237,20,93.821655
-12.297465,19,93.879925
-12.736264,19,93.936858
-14.506682,21,93.999667
-13.807523,22,94.066927
-12.592937,19,94.124936
-14.54447,22,94.192083
-14.081756,22,94.260076
-12.034047,18,94.316805
-12.601578,19,94.376478
-16.361945,26,94.797789
-14.511222,21,94.865562
-13.875944,20,94.928996
-14.373029,22,95.701262
-13.931529,21,95.768329
-13.089278,20,95.831994
-13.407319,22,95.902976
-12.869943,20,95.966997
-13.091731,21,96.034135
-12.99062,20,96.09849
-12.316647,19,96.15929
-14.092207,22,96.229816
-12.265384,19,96.291174
-14.161502,22,96.360599
-12.984211,20,96.42421
-13.747887,23,96.498709
-12.582181,19,96.559423
-13.53373,21,96.626529
-12.465529,19,96.687829
-12.888322,19,96.748345
-13.203939,20,96.812001
-12.053492,19,96.872004
-16.404097,25,96.951894
-13.902436,23,97.025192
-22.124006,28,97.114676
-12.197504,19,97.175997
-12.570368,19,97.236657
-14.123569,23,97.310217
-12.174145,19,97.370981
-13.861566,21,97.437264
-12.859418,20,98.192215
-12.045783,19,98.253502
-13.591579,20,98.31776
-14.876481,23,98.391649
-14.652703,24,98.469114
-13.766194,20,98.533492
-12.63336,19,98.594334
-12.754394,20,98.658506
-12.108889,19,98.719849
-13.320001,21,98.787717
-12.273998,19,98.848661
-13.102291,20,98.912385
-12.624619,19,98.974117
-13.180674,21,99.040997
-12.232771,19,99.1021
-13.597774,20,99.167026
-12.510184,19,99.228182
-12.131906,18,99.285804
-13.262271,20,99.350376
-13.968919,21,99.418158
-12.019005,19,99.479081
-12.604032,19,99.540266
-12.538948,19,99.601293
-13.099818,21,99.66859
-13.677322,20,100.43247
-12.017013,19,100.493143
-15.771938,26,100.576395
-14.317341,23,100.649608
-11.965031,19,100.709706
-12.163953,19,100.771625
-13.618775,20,100.83497
-12.871539,20,101.242417
-13.477745,21,101.309026
-13.20851,22,101.37955
-11.777639,18,101.43709
-14.869765,24,101.512764
-12.218688,19,101.572814
-12.213983,19,101.6334
-13.697397,21,101.699448
-12.267361,19,101.760441
-12.504468,20,101.823547
-12.493176,18,101.880322
-12.400865,19,101.939859
-13.29101,21,102.006252
-11.670537,18,102.063763
-11.683782,18,102.119929
-12.384383,19,102.180387
-13.377793,24,102.256436
-12.548693,20,102.319799
-12.952518,20,102.383993
-12.140053,19,102.443887
-15.430293,25,102.522658
-12.8283,21,102.589549
-13.206552,20,102.652441
-13.625198,21,102.718523
-12.443033,19,102.779016
-12.885174,20,102.842287
-13.517074,21,102.908958
-15.116148,22,102.978859
-12.956955,19,103.040129
-13.433424,21,103.106867
-13.316136,20,103.513468
-14.175502,23,103.586488
-14.405634,21,103.65356
-11.802323,18,103.71051
-12.141113,19,103.770838
-11.72231,19,103.832359
-13.464503,22,103.901711
-12.625072,22,103.970937
-12.81404,19,104.032403
-16.00285,25,104.111753
-13.42464,21,104.178029
-13.366397,21,104.24546
-12.818067,20,104.309372
-13.342371,20,105.096723
-11.717994,19,105.156248
-12.335322,19,105.216678
-13.347188,19,105.277479
-13.753403,21,105.345801
-13.116217,21,105.409076
-12.241428,19,105.466329
-12.497208,20,105.527023
-12.953958,20,105.587584
-13.571183,21,105.651742
-13.436178,20,105.71211
-12.189269,19,105.769555
-14.146824,22,105.836206
-12.293407,19,105.892884
-12.80852,20,105.953089
-13.312431,19,106.009867
-13.006617,20,106.070259
-12.659165,19,106.127346
-12.738859,19,106.509198
-13.641051,22,106.576947
-14.339369,23,106.648712
-12.739029,21,106.714058
-12.028994,19,106.773735
-13.36794,21,106.840391
-13.320548,21,106.906799
-15.570609,24,106.982622
-12.443291,19,107.043197
-12.318259,19,107.1032
-12.425647,20,107.165942
-12.058214,18,107.223212
-13.890111,23,107.29572
-12.534625,19,107.356005
-13.826969,22,107.425907
-11.910669,19,107.486287
-13.214655,21,107.553376
-13.054101,21,107.619889
-13.324146,21,107.687089
-12.313434,19,107.747675
-13.673734,21,107.814293
-12.105825,18,107.872506
-14.449396,22,107.942263
-13.630842,21,108.009043
-12.069102,19,108.069974
-12.571215,19,108.130455
-12.678916,21,108.19755
-13.012463,19,108.258759
-13.16745,20,108.322533
-12.887734,20,108.39212
-11.829694,18,108.44992
-12.995057,20,108.858079
-14.40458,22,109.586799
-14.762296,23,109.657581
-13.742685,20,109.718481
-12.749392,19,109.776303
-13.808296,20,109.8378
-13.999529,21,109.902824
-13.214252,20,109.963802
-13.469046,22,110.031875
-12.742954,19,110.090779
-13.387018,22,110.158535
-12.577164,19,110.216349
-12.657461,18,110.272488
-12.97281,19,110.330689
-11.65618,18,110.385829
-11.994138,18,110.44194
-13.853894,21,110.506826
-13.715853,21,110.572387
-14.912872,22,110.640123
-12.751479,21,110.704977
-12.591209,19,110.764
-12.574499,19,110.822448
-13.397274,21,110.887677
-12.926095,20,110.949703
-12.541965,19,111.007629
-14.125541,22,111.075117
-13.116162,20,111.136032
-12.46836,20,111.196293
-14.09032,23,111.26573
-11.615936,17,111.31745
-12.922939,20,111.378895
-13.15668,23,111.776895
-13.880118,23,111.847268
-12.27855,19,111.905311
-11.868075,18,111.960222
-12.693666,20,112.022076
-13.073752,20,112.084313
-12.13229,19,112.144849
-12.007693,19,112.204852
-12.920343,20,112.268439
-14.090903,22,112.34
-14.377921,24,112.416877
-16.039141,27,112.503195
-13.463138,21,112.571349
-12.850909,20,112.636569
-12.389826,19,112.697922
-21.305954,27,112.784093
-12.26227,19,112.845356
-12.72084,20,112.90979
-12.351582,19,112.971988
-12.436407,19,113.033036
-12.912878,22,113.724977
-13.278555,21,113.793689
-12.62231,19,113.855391
-11.992614,19,113.916976
-12.577242,19,113.978817
-11.79991,18,114.036877
-12.272687,19,114.097687
-12.96706,21,114.165473
-12.370948,19,114.226758
-11.949539,18,114.284
-12.527682,19,114.345077
-12.037351,18,114.74586
-12.936752,20,114.81023
-11.950049,18,114.86798
-13.506906,22,114.938895
-12.31772,20,115.002464
-13.596049,23,115.076448
-12.655348,19,115.137658
-12.482462,19,115.198819
-14.058375,21,115.266139
-12.202339,19,115.326807
-12.40046,20,115.389119
-16.105414,25,115.467592
-12.457973,18,115.524667
-12.170074,18,115.583122
-14.657661,22,115.653381
-11.402365,18,115.710137
-12.144509,19,115.770856
-12.557605,20,115.83472
-13.571272,22,115.904513
-14.811202,23,115.978178
-12.985601,20,116.041831
-12.715865,21,116.108686
-13.207603,20,116.173695
-11.415618,17,116.228014
-14.13423,22,116.297903
-12.44024,19,116.358714
-12.721467,19,116.419604
-12.001986,19,116.480374
-12.697917,19,116.541011
-12.935407,20,116.604959
-13.569046,22,116.675025
-12.376562,20,117.080645
-12.305542,20,117.144969
-12.062612,19,117.205799
-12.158238,19,117.266335
-11.852691,19,117.326596
-13.714323,22,117.396248
-13.141213,20,117.460105
-11.449216,18,117.517322
-12.068721,19,117.578192
-12.092257,19,117.638999
-12.95748,21,118.44183
-14.40814,22,118.510711
-14.272764,23,118.583853
-12.237464,19,118.644471
-12.417322,19,118.704733
-11.982525,18,118.761933
-11.795278,18,118.820673
-13.019418,20,118.884616
-12.303862,18,118.941839
-11.74489,18,118.999286
-11.485996,18,119.056714
-12.101079,18,119.113655
-13.030309,21,119.180587
-12.890968,21,119.248624
-12.217365,19,119.309485
-11.426529,17,119.363532
-12.321345,18,119.421471
-14.285614,23,119.495736
-12.052966,19,119.556234
-12.572431,19,119.617244
-12.325581,19,119.678434
-13.787561,23,119.751437
-12.894326,19,120.542212
-12.102143,20,120.607251
-13.275828,22,120.67854
-12.056634,19,120.73909
-12.284179,19,120.799367
-12.423749,19,120.860792
-12.182055,19,120.921833
-12.077063,18,120.978486
-14.217469,22,121.049023
-14.665834,24,121.125706
-11.654198,18,121.18399
-12.340581,18,121.241608
-12.968399,20,121.306187
-12.073495,19,121.366305
-13.191114,21,121.433341
-12.563895,20,121.497611
-12.679616,20,121.561538
-12.547453,19,121.62284
-11.752789,18,121.680498
-13.613556,21,121.746839
-12.551973,20,121.81092
-11.673412,18,121.869084
-11.508969,18,121.926946
-12.60553,19,121.987369
-12.793292,19,122.04773
-12.856938,20,122.111549
-13.132983,22,122.181803
-12.495378,19,122.242579
-13.696217,23,122.316085
-12.164441,19,122.376444
-12.152882,19,123.077382
-12.959499,20,123.137866
-12.697648,21,123.531012
-12.919977,20,123.591686
-14.554991,22,123.659699
-12.583636,19,123.717653
-12.700684,20,123.77836
-13.396594,22,123.844588
-12.421304,18,123.899153
-12.327378,19,123.956207
-12.626123,19,124.01397
-11.979552,19,124.071974
-13.385816,22,124.139008
-12.462091,20,124.200247
-12.441366,20,124.262216
-11.84979,18,124.317758
-12.977069,20,124.378893
-13.817953,23,124.448679
-12.994499,20,124.509321
-13.648073,23,124.579178
-13.297095,20,124.639711
-12.438907,19,124.697804
-11.856942,19,124.755399
-12.221592,19,124.812672
-13.048894,19,124.871189
-12.445217,19,124.928527
-11.96782,19,124.986135
-13.362226,21,125.049797
-12.418076,19,125.107631
-12.931407,21,125.171065
-12.250724,20,125.232135
-13.509483,21,125.296647
-13.871528,21,125.360307
-12.037438,19,125.743938
-13.682879,22,125.812366
-12.423282,19,125.873128
-14.054701,24,125.949789
-16.640378,26,126.032271
-11.929517,18,126.090538
-11.645024,18,126.148238
-12.093113,19,126.209249
-11.579626,18,126.266486
-14.567782,24,126.34354
-13.232325,21,126.410232
-11.978854,18,126.467638
-13.809691,21,126.536101
-13.461326,22,126.606649
-12.042858,19,126.667754
-12.206144,20,126.732199
-13.165165,19,126.793236
-12.078832,19,126.854591
-11.741263,18,127.699224
-13.775895,23,127.771938
-12.030835,19,127.831804
-13.670541,22,127.901738
-11.6159,18,127.958814
-11.602907,18,128.0159
-11.918164,18,128.073087
-12.330199,19,128.132961
-13.086336,22,128.202357
-13.711253,21,128.269588
-12.409773,19,128.330567
-11.854251,19,128.391524
-12.082859,20,128.455667
-12.712809,20,128.863073
-11.358168,17,128.916127
-13.900031,23,128.986258
-11.497883,18,129.040592
-12.065457,19,129.097825
-12.361536,20,129.158747
-15.173394,25,129.234761
-11.833046,18,129.289003
-12.360763,19,129.347068
-14.513521,23,129.417004
-12.497305,19,129.474916
-13.110265,21,129.540101
-12.057369,19,129.597138
-13.246316,21,129.660893
-12.709118,21,129.725271
-12.217216,19,129.782893
-13.349191,21,129.847094
-12.362804,19,129.905
-13.53946,23,129.97553
-12.360573,19,130.034427
-13.879572,23,130.103298
-11.983147,19,130.161713
-12.943213,20,130.222325
-11.825672,18,130.276852
-12.487834,20,130.337228
-12.632798,20,130.398644
-13.951261,21,130.462362
-11.821954,18,130.516244
-12.802854,20,130.577111
-11.477712,17,130.628693
-12.055628,19,130.686714
-15.07147,22,131.086919
-13.063735,22,131.154194
-13.058381,21,131.218352
-11.781548,18,131.273159
-12.791626,21,131.337518
-13.284482,22,131.408179
-12.153191,19,131.466692
-11.728669,18,132.20947
-13.351484,21,132.275248
-13.678321,23,132.347441
-11.939844,18,132.405803
-12.738189,20,132.469152
-11.891062,19,132.530029
-12.742896,21,132.597819
-12.874191,20,132.661745
-13.238979,23,132.735278
-11.518579,18,132.793393
-13.629238,23,132.866779
-12.279001,19,132.927607
-11.509629,18,132.985572
-12.068033,19,133.047261
-13.200987,21,133.113764
-12.54496,20,133.177529
-12.299022,20,133.24168
-13.97759,23,133.315298
-11.979103,19,133.38198
-12.886101,21,133.449139
-12.896413,22,133.518844
-12.173235,19,133.579221
-14.28328,25,133.658629
-12.29462,19,133.718577
-12.088149,18,134.119029
-11.528097,19,134.180264
-11.91111,19,134.241791
-11.427976,17,134.296115
-13.556714,24,134.373378
-14.565811,21,134.441167
-12.018137,19,134.502288
-12.476288,19,134.562719
-11.884446,19,134.622623
-13.142435,22,134.69258
-12.918936,21,134.760229
-13.061307,21,134.829299
-13.311727,22,134.900223
-12.306691,19,134.961609
-12.733728,19,135.023937
-12.672452,20,135.088083
-11.572653,18,135.145899
-13.015542,20,135.210242
-13.453432,21,135.27839
-14.257574,23,135.352896
-12.614992,21,135.420648
-12.005638,19,135.4822
-11.907028,19,135.543539
-11.916136,19,135.605537
-14.299055,21,135.673065
-12.581138,19,135.734332
-13.703819,22,135.80601
-12.755493,20,136.55155
-12.337634,19,136.611596
-14.701471,24,136.687534
-12.547711,20,136.750182
-11.742111,18,137.145304
-14.671883,24,137.21874
-11.54277,18,137.273982
-12.281127,19,137.332222
-20.331513,27,137.417784
-12.450868,20,137.481436
-12.018467,18,137.538308
-12.091545,18,137.595837
-12.363266,20,137.660272
-12.902988,19,137.721032
-11.783313,19,137.781908
-13.558612,22,137.852746
-11.962805,19,137.914367
-11.926706,19,137.97519
-11.903198,18,138.033376
-13.138049,21,138.100705
-12.275521,19,138.161394
-11.993783,19,138.222888
-14.05823,23,138.297064
-11.87382,18,138.354493
-12.602296,19,138.41508
-11.606515,18,138.473172
-13.937955,23,138.54625
-11.735876,18,138.603421
-11.812114,18,138.661677
-13.410332,21,138.72891
-12.500644,19,138.789537
-11.809408,18,138.847418
-12.017902,19,138.90877
-12.122621,19,138.969733
-12.439184,19,139.03072
-11.827039,18,139.088703
-11.852053,18,139.489807
-12.954437,20,139.554466
-11.693632,18,139.611681
-12.987565,21,139.679616
-11.854018,18,139.73735
-12.821548,20,139.802589
-13.036249,21,139.870699
-12.726407,20,139.934926
-12.466441,19,139.996758
-13.69208,23,140.070907
-12.109843,19,140.132231
-12.135558,19,140.193056
-12.391839,19,140.253904
-12.078472,19,140.315325
-12.382958,19,140.375979
-12.102049,21,140.442913
-12.234141,18,141.250892
-12.560154,20,141.312149
-12.327742,19,141.36913
-11.491453,18,141.423388
-13.738261,22,141.492221
-11.97638,18,141.547077
-13.423379,21,141.612428
-13.186165,21,141.678161
-11.379942,18,141.735222
-12.159153,19,141.795151
-12.314085,19,141.85517
-12.251488,19,141.916556
-13.115105,23,141.990063
-11.643066,19,142.05069
-12.322523,19,142.111493
-14.246937,23,142.867925
-12.480368,19,142.929528
-11.794516,18,142.986974
-12.082913,19,143.048009
-11.931855,18,143.106079
-12.521404,20,143.170307
-13.870163,22,143.240907
-12.594372,20,143.305154
-12.141435,18,143.362579
-12.690225,20,143.42579
-12.243301,19,143.486605
-12.373483,20,143.55136
-11.723205,17,143.605688
-13.585919,21,143.672474
-11.893121,18,143.730608
-12.39253,19,143.790945
-12.887604,23,143.864605
-13.280833,20,143.928739
-12.092874,18,143.986272
-11.982458,19,144.047043
-12.301738,19,144.107708
-12.322428,19,144.169081
-12.464236,22,144.238643
-12.627303,20,144.302018
-12.11364,19,144.362889
-12.661803,19,144.423357
-12.339034,20,144.487486
-13.760983,21,144.55525
-11.994681,18,144.613065
-12.192766,19,144.673976
-12.091884,19,144.735567
-11.883024,18,144.793631
-11.663387,18,144.850696
-12.072741,18,145.248338
-12.2438,19,145.316696
-12.356082,19,145.377351
-12.134388,19,145.437702
-12.245405,20,145.50178
-12.93227,19,146.310211
-12.664839,20,146.372826
-12.655618,20,146.435735
-13.151722,22,146.504958
-13.990459,23,146.577346
-11.71397,18,146.634516
-12.434935,19,146.694819
-12.852866,23,146.768349
-12.302863,20,146.832487
-12.727943,20,146.895485
-12.371105,19,146.955653
-12.554379,20,147.01912
-11.678229,18,147.076301
-14.409636,23,147.150271
-12.255747,19,147.211089
-11.959846,19,147.271432
-12.226715,19,147.33176
-11.743232,18,147.387809
-11.647107,19,147.445476
-11.677878,18,147.500277
-12.109559,19,147.561546
-12.789899,20,147.622963
-11.572176,17,147.676823
-11.371553,20,147.739496
-12.581955,21,147.806332
-11.933586,19,147.866068
-11.360923,17,147.919798
-15.191692,25,148.34086
-13.62595,24,148.418125
-12.117243,19,148.478809
-11.6856,19,148.539066
-12.550728,19,148.60011
-11.513204,18,148.657789
-11.960161,19,148.71814
-11.725569,18,148.775988
-11.725158,18,148.833439
-12.444427,20,148.897239
-11.981387,19,148.957353
-12.010152,18,149.014838
-13.397899,22,149.085789
-12.046612,18,149.143227
-12.968969,20,149.207569
-12.783688,21,149.274853
-12.357836,18,149.332077
-12.436224,20,149.396623
-12.244802,19,149.457186
-11.734726,18,149.514962
-11.698151,18,149.572832
-12.448553,19,149.634758
-12.348345,20,149.699535
-12.140649,18,149.75798
-11.92831,19,149.819482
-12.330075,19,150.524385
-13.198147,23,150.599609
-11.672668,18,150.657875
-11.60532,18,150.717101
-12.634264,19,150.778697
-12.210428,20,150.84415
-13.012215,21,150.912368
-12.327555,19,151.321404
-12.314483,21,151.389678
-11.796274,18,151.448593
-12.072801,19,151.5099
-12.000252,18,151.568082
-11.672289,18,151.626584
-12.249578,19,151.68865
-11.948488,18,151.747038
-13.679818,21,151.814966
-12.961303,20,151.880067
-12.380743,19,151.94172
-11.543964,18,151.99973
-11.25741,18,152.059123
-11.394104,20,152.123194
-11.932056,19,152.184757
-11.340637,17,152.240324
-12.648847,21,152.308356
-13.04217,21,152.376281
-12.095777,19,152.438141
-20.500132,25,152.518622
-13.657563,20,152.583245
-12.983586,21,152.651627
-11.544432,18,152.710173
-11.780856,18,152.769119
-11.831522,18,152.827422
-14.225999,23,152.902359
-11.438901,18,152.96067
-12.675985,20,153.025728
-12.99839,20,153.090267
-12.620209,20,153.154908
-12.55944,19,153.216647
-11.747193,19,153.279114
-12.645631,20,153.686322
-12.215252,19,153.744092
-11.814229,19,153.801343
-11.476497,18,153.856088
-13.472559,24,153.928039
-11.743893,18,153.982828
-12.006268,18,154.036825
-11.653494,18,154.09196
-12.282847,18,154.145972
-11.66837,18,154.200285
-11.689151,18,154.255336
-11.731378,18,154.310614
-12.015056,19,154.368016
-12.192761,19,154.42529
-12.144225,18,155.410027
-12.400164,20,155.473132
-11.69774,19,155.533484
-11.991303,18,155.590807
-11.638807,18,155.647575
-11.686896,19,155.707668
-11.642694,18,155.764728
-11.951955,19,155.825968
-11.624862,18,155.883933
-11.855671,18,155.941658
-12.209143,19,156.002105
-12.758672,20,156.066243
-12.29552,19,156.126578
-12.091267,19,156.187617
-12.375452,19,156.248158
-13.166299,22,156.318997
-12.261647,20,156.383035
-11.738866,18,156.440403
-12.071185,19,156.501813
-11.715777,18,156.897449
-11.785998,18,156.952592
-13.617145,22,157.019638
-12.74249,19,157.077524
-11.438256,19,157.135814
-11.402815,18,157.190476
-12.011706,18,157.245183
-12.309522,20,157.306988
-11.956078,19,157.364541
-11.86742,19,157.423811
-11.745353,18,157.480318
-12.053138,19,157.540076
-11.858391,18,157.597107
-13.083047,21,157.663439
-11.829576,18,157.721137
-11.623765,18,157.778538
-11.992197,19,157.83956
-11.417307,18,157.897407
-16.00452,26,157.980576
-12.154961,19,158.041144
-13.874178,25,158.121614
-11.800793,18,158.179259
-12.332947,20,158.243569
-11.842898,18,158.301166
-11.599428,18,158.358593
-13.251852,23,158.433148
-11.721667,18,158.491274
-13.037467,22,158.562584
-12.743597,20,158.626857
-11.753523,18,158.684808
-12.674879,20,158.749085
-11.859593,19,158.809975
-11.538032,18,159.207027
-12.250184,20,159.268147
-12.084802,19,160.04871
-12.539073,20,160.109539
-11.607522,18,160.164921
-12.17358,18,160.219531
-11.872397,18,160.274436
-12.031864,20,160.335263
-11.74456,18,160.390414
-12.230733,20,160.451212
-11.439824,18,160.505485
-11.43129,18,160.560207
-12.504582,20,160.620958
-13.193629,22,160.688468
-11.206017,17,160.740156
-11.891435,18,160.794528
-12.231977,19,160.852437
-12.361105,20,160.913175
-11.794111,18,160.968194
-11.916562,18,161.023575
-11.437326,17,161.075057
-11.693054,19,161.132392
-11.743297,19,161.189825
-11.94302,19,161.24719
-11.692713,18,161.301854
-14.878423,26,161.380947
-12.138573,19,161.438988
-11.721291,18,161.493419
-11.66384,18,161.548203
-12.102864,20,161.609412
-12.01074,19,161.666746
-11.861159,18,161.72091
-13.297048,22,161.787947
-12.8583,21,162.179513
-11.413429,18,162.234814
-12.101441,19,162.292001
-11.877606,17,162.343383
-11.502318,18,162.398457
-11.933735,18,162.453599
-11.528765,19,162.511006
-12.684941,21,162.575472
-11.653972,18,162.629779
-11.895452,19,162.687007
-12.436982,20,162.759836
-12.046355,19,162.818687
-12.694393,20,162.879507
-12.00478,19,162.936874
-12.000293,18,162.991918
-11.882286,18,163.04673
-11.471662,18,163.100943
-12.035714,19,163.158978
-11.71263,18,163.213208
-11.747177,18,163.267685
-12.072129,19,163.324741
-11.87074,19,163.382377
-12.222407,19,163.439503
-11.675668,18,164.14795
-11.767243,18,164.204875
-13.842316,22,164.272398
-11.661981,18,164.327211
-11.635053,18,164.382482
-11.950668,19,164.440802
-13.386799,22,164.507835
-12.304821,19,164.566293
-13.145748,24,164.640191
-11.809286,18,164.694968
-11.585752,18,165.41554
-12.147493,19,165.474107
-11.797437,19,165.531993
-13.611611,21,165.597636
-12.44673,19,165.656145
-11.988989,19,165.714342
-13.01952,21,165.77789
-12.274066,19,165.836505
-11.350099,18,165.891062
-12.816906,22,165.957287
-12.263407,20,166.019994
-12.061373,19,166.078223
-12.734903,21,166.141736
-11.602058,18,166.196817
-12.059851,19,166.254902
-13.177466,22,166.321802
-12.011932,18,166.375949
-13.426372,25,166.451759
-11.878299,18,166.50674
-12.065365,19,166.564321
-11.61096,18,166.620869
-12.587736,21,166.684698
-11.961815,19,166.742392
-11.624195,18,166.797009
-11.706286,19,166.854588
-12.202643,20,166.915471
-13.79168,22,166.981992
-12.050688,18,167.03791
-12.255477,19,167.095582
-13.237632,22,167.162277
-12.645974,20,167.223908
-14.044761,22,167.618552
-12.153652,19,167.67663
-11.981455,19,167.734316
-12.461214,21,167.798007
-11.46977,18,167.853705
-12.624191,20,167.913584
-16.098893,29,168.000215
-11.497705,18,168.055063
-12.995243,21,168.118335
-11.768936,19,168.175911
-11.981429,19,168.234588
-12.682591,19,169.120636
-12.680416,20,169.183493
-12.572265,19,169.243872
-11.997581,19,169.304239
-11.189278,18,169.358639
-12.14959,20,169.418997
-11.678219,19,169.477105
-11.359853,18,169.53119
-12.21941,20,169.592764
-14.989217,23,169.66412
-11.781733,19,169.721222
-12.029783,20,169.781125
-10.977525,17,169.832265
-12.748637,21,169.896158
-11.906895,19,169.953129
-12.007651,19,170.011843
-11.495823,19,170.071215
-11.955339,18,170.127636
-11.957759,19,170.188069
-11.680083,18,170.24648
-12.442031,20,170.310276
-11.393251,17,170.708102
-11.811933,20,170.768807
-12.127296,19,170.826235
-11.637259,18,170.881865
-11.906837,19,170.938951
-12.105063,19,170.996193
-11.947194,19,171.05376
-11.614605,18,171.108509
-12.095598,19,171.166312
-13.572193,21,171.230041
-11.911146,19,171.288231
-13.473153,21,171.351629
-11.777715,18,171.405713
-11.402668,18,171.460189
-12.121545,20,171.521248
-11.778334,18,171.575174
-11.375011,19,171.633051
-11.76903,18,171.688126
-14.5467,24,171.760517
-12.049665,18,171.81505
-12.250017,19,171.872538
-11.766092,18,171.926691
-12.357002,20,171.987264
-12.054179,19,172.04456
-11.657541,18,172.10012
-12.426511,20,172.162197
-11.648269,18,172.219266
-11.932058,19,172.280724
-11.883602,19,172.341403
-11.855555,18,172.399307
-13.569097,23,172.472683
-11.784918,18,172.530866
-12.667027,20,173.279618
-11.677499,18,173.681448
-12.512024,20,173.750476
-12.074176,19,173.811684
-15.473103,27,173.898703
-12.169131,19,173.959319
-11.74741,18,174.016854
-12.444654,21,174.085495
-11.645385,18,174.143295
-12.201439,19,174.203815
-11.520349,18,174.261834
-11.57706,18,174.320381
-11.61955,18,174.378158
-11.478571,19,174.439694
-12.327998,20,174.504556
-11.644133,18,174.562556
-12.430083,20,174.626757
-11.808595,18,174.685405
-13.41264,21,174.754666
-11.639165,18,174.813003
-13.933176,25,174.893528
-13.601557,21,174.961468
-11.718027,18,175.0191
-12.109096,19,175.080615
-11.962452,19,175.142715
-11.24168,17,175.197596
-11.984426,18,175.25587
-11.587386,18,175.314193
-11.900952,19,175.37615
-13.465839,21,175.443997
-11.970171,19,175.505453
-12.621174,19,175.566545
-12.349078,19,175.627698
-12.318034,21,176.040481
-16.621012,28,176.130762
-12.502585,20,176.195092
-12.459707,20,176.259512
-12.600643,20,176.32419
-11.353068,19,176.386128
-11.847102,19,176.447074
-11.457836,18,176.504865
-12.203212,19,176.566941
-11.489771,18,176.624938
-12.413255,19,176.686102
-12.436136,20,176.750861
-11.934254,19,176.81199
-11.713161,18,176.869822
-11.798924,18,176.928034
-11.868154,19,176.989093
-12.08942,21,177.05638
-13.332703,21,177.123345
-12.188168,19,177.18476
-11.694396,18,177.242999
-11.403751,18,177.948168
-12.322605,19,178.006688
-11.553329,18,178.06117
-12.050483,19,178.118351
-11.706391,18,178.17347
-11.649425,18,178.22859
-11.660055,19,178.286838
-12.346293,20,178.347975
-11.846813,19,178.40564
-12.365266,20,178.466356
-12.139091,19,178.523636
-11.558246,18,178.579029
-12.195149,19,178.636403
-11.764498,18,179.01717
-12.899054,20,179.07799
-12.031247,19,179.135951
-11.559259,18,179.190907
-11.90914,19,179.248972
-12.068898,20,179.309554
-12.219827,20,179.371298
-11.842758,19,179.42919
-12.810837,22,179.495986
-11.501884,18,179.551476
-14.515972,25,179.627408
-11.779796,19,179.685714
-11.510127,18,179.739935
-11.712387,19,179.798855
-12.305056,19,179.857701
-11.644951,19,179.915354
-12.573365,20,179.976759
-11.630459,18,180.032694
-12.038647,19,180.092602
-11.720333,19,180.152971
-12.375364,19,180.213613
-11.863266,18,180.270889
-17.034328,27,180.353546
-12.044341,19,180.411966
-11.621306,18,180.467669
-11.984831,19,180.525438
-11.447314,18,180.580773
-11.146331,18,180.635332
-11.906034,19,180.692602
-12.010125,19,180.750596
-11.655663,18,180.805951
-12.004197,18,180.861433
-11.46284,18,181.242978
-11.98918,18,181.298176
-11.729021,18,181.353309
-11.961214,19,181.413029
-12.636792,23,181.48298
-11.995846,19,181.540494
-12.432859,20,181.602643
-12.302898,19,181.660168
-11.753401,19,182.381501
-12.937016,23,182.45469
-11.947069,19,182.51537
-11.853567,18,182.572877
-11.50021,18,182.630737
-11.928213,18,182.688442
-12.05612,19,182.749183
-11.942366,19,182.810455
-11.543281,18,182.868019
-12.147313,19,182.92865
-11.581726,18,182.987103
-11.708784,19,183.048514
-11.791253,19,183.109026
-11.655746,18,183.166539
-12.209851,19,183.228107
-11.504517,18,183.286042
-11.924474,19,183.347206
-11.973153,20,183.411822
-11.320222,17,183.467347
-11.536826,19,183.528381
-11.880203,22,183.599066
-12.77179,20,183.663225
-11.463107,18,183.721116
-13.767388,22,183.791472
-11.811515,19,183.853019
-11.418694,19,184.255059
-11.632948,18,184.312965
-12.786057,22,184.378886
-11.751493,18,184.434464
-11.827451,19,184.491891
-11.752255,19,184.548828
-12.065352,19,184.606372
-12.419312,20,184.667389
-11.570971,18,184.721768
-11.687119,18,184.775871
-12.204274,20,184.836473
-12.588578,20,184.897371
-11.737745,19,184.955584
-11.97791,18,185.010359
-11.689724,18,185.066764
-12.400194,19,185.124276
-11.867232,18,185.178353
-11.564848,19,185.238306
-12.027317,18,185.293642
-11.644499,18,185.350082
-11.74248,18,185.407025
-11.624488,19,185.469638
-11.805676,20,185.534381
-11.543687,18,185.592518
-11.438887,18,185.651737
-11.875444,19,185.717182
-13.400856,22,185.785901
-11.479238,18,185.843747
-11.544472,19,185.904066
-11.760879,18,186.635229
-11.791773,18,186.694162
-11.222312,18,186.751217
-11.519949,18,186.808635
-12.252134,19,187.538486
-11.469908,18,187.593235
-11.637158,19,187.651249
-11.871982,18,187.707471
-12.11276,20,187.767698
-11.865957,19,187.8251
-11.868234,19,187.882963
-11.492368,18,187.937558
-11.772227,19,187.994824
-11.756037,19,188.052282
-11.763123,19,188.110234
-11.723009,18,188.164803
-11.105773,18,188.218579
-11.292318,18,188.272876
-11.753667,19,188.330664
-11.402532,18,188.384364
-12.585399,20,188.445121
-12.036673,18,188.499725
-11.653194,18,188.554473
-11.828777,19,188.611806
-12.391796,20,188.672172
-11.616709,18,188.727735
-11.410552,18,188.781912
-11.955396,19,188.839304
-12.163973,19,188.897207
-12.763595,21,188.960333
-11.553626,18,189.014158
-11.875997,19,189.072119
-11.253237,18,189.12671
-12.252257,19,189.183505
-11.75636,18,189.23764
-11.305295,18,189.292117
-11.45398,19,189.349967
-11.810404,19,189.731387
-11.715102,18,189.785813
-11.686606,19,189.843012
-11.613522,19,189.900569
-12.348401,19,189.959003
-11.5768,18,190.014413
-12.84542,21,190.078801
-11.229494,18,190.133771
-11.299776,18,190.188401
-11.894025,18,190.243317
-12.248271,19,190.301622
-11.25732,18,190.35636
-12.848154,21,190.419863
-11.505209,18,190.474434
-11.624751,18,190.529581
-11.452005,18,190.584897
-11.671763,18,190.640283
-13.352494,24,190.714313
-11.934181,19,191.537813
-12.463893,19,191.59525
-11.45339,18,191.650617
-11.661693,18,191.704879
-11.505088,18,191.760004
-11.287094,18,191.815289
-11.552455,18,191.870319
-11.458192,18,191.925704
-11.930363,19,191.983655
-11.723456,19,192.041537
-11.727244,18,192.095821
-12.442002,20,192.156231
-11.741759,19,192.213284
-11.52904,18,192.268209
-11.444825,18,192.322763
-11.774918,18,192.377229
-12.170776,20,192.76228
-11.989432,19,192.820064
-11.868309,18,192.874629
-11.428212,18,192.929089
-11.973738,19,192.986918
-11.597046,18,193.041284
-11.625925,19,193.098361
-11.732304,19,193.156275
-11.967079,18,193.212151
-11.803902,18,193.267516
-11.717372,19,193.326825
-12.431328,22,193.400613
-11.789541,19,193.460367
-12.134224,19,193.521246
-12.646654,20,193.585575
-11.611793,19,193.646917
-12.184146,20,193.711056
-11.531438,18,193.76903
-11.98903,19,193.82958
-14.031413,22,193.899602
-11.852225,19,193.960036
-11.958036,19,194.02056
-12.514601,19,194.080861
-11.62466,19,194.141721
-11.17298,17,194.196383
-12.931566,22,194.267298
-13.091362,21,194.33432
-11.940376,19,194.39566
-11.355705,19,194.456542
-11.7778,20,194.5203
-11.934094,19,194.581012
-11.55025,18,194.638885
-11.582692,17,195.036923
-11.650154,18,195.095257
-11.73158,20,195.159864
-11.281232,18,195.218361
-13.860479,22,195.289948
-11.42518,18,195.346158
-12.10177,19,196.092129
-11.761766,20,196.158512
-12.189991,19,196.220785
-11.872001,18,196.27965
-12.294671,20,196.344398
-11.989637,19,196.405906
-11.628415,18,196.464085
-12.090045,20,196.527677
-12.115676,19,196.588748
-12.033491,18,196.645922
-11.415313,18,196.703487
-11.151241,18,196.761091
-12.814101,19,196.821978
-12.146161,19,196.882991
-11.70841,19,196.943387
-12.026845,20,197.008111
-11.601738,18,197.066076
-11.65329,18,197.123976
-11.808579,18,197.181698
-11.484372,18,197.239818
-11.601785,19,197.300898
-11.822495,19,197.362047
-11.90356,18,197.420353
-11.354961,18,197.477796
-11.531888,18,197.535497
-11.611999,18,197.593523
-11.120349,18,197.651769
-11.524154,18,197.709389
-11.425075,18,198.108981
-11.873776,18,198.16752
-11.643311,18,198.225293
-12.334637,20,198.288827
-12.101341,19,198.349521
-11.815668,18,198.411233
-12.103819,19,198.471804
-11.428482,18,198.529432
-12.521088,21,198.596195
-11.599256,18,198.6544
-11.888828,19,198.715014
-13.684214,22,198.785271
-11.806073,18,198.843238
-11.641871,19,198.904459
-12.492993,19,198.965318
-11.709621,18,199.023115
-11.823936,20,199.087846
-11.850099,18,199.145376
-11.370962,17,199.199943
-12.526605,21,199.26785
-11.812336,19,199.329154
-11.869973,19,199.39128
-11.693985,19,199.45298
-13.406895,23,199.526537
-11.806026,18,199.584394
-11.003623,18,199.642602
-12.083362,19,199.70393
-11.436039,18,200.358931
-12.979387,22,200.426022
-11.516521,18,200.482198
-12.46435,20,200.545053
-11.33438,17,200.599247
-12.669657,21,200.666271
-11.600056,19,201.064825
-11.432886,18,201.122455
-11.142001,18,201.180468
-11.621318,18,201.238176
-12.406877,20,201.302733
-11.731065,18,201.359961
-11.082145,18,201.417302
-14.713354,26,201.500537
-11.232887,18,201.557788
-12.477913,20,201.621444
-11.728271,19,201.682196
-11.724739,19,201.743131
-12.037216,19,201.803579
-11.768206,19,201.864913
-11.775801,18,201.922595
-11.400358,18,201.98
-12.984179,21,202.047269
-12.277594,19,202.108028
-11.678712,19,202.16838
-11.444555,18,202.226514
-12.13294,19,202.287804
-11.489414,18,202.345594
-11.636673,18,202.403246
-11.456011,19,202.464078
-11.478628,18,202.521412
-11.423586,19,202.582353
-12.491694,20,202.646152
-12.71328,20,202.710424
-12.15803,19,202.771003
-11.735676,19,202.831604
-15.701086,29,202.922303
-11.475405,17,202.974065
-11.321968,18,203.353786
-12.407,19,203.411579
-12.29582,19,203.469178
-11.475379,18,203.524783
-11.473935,18,203.579329
-11.671313,18,203.633403
-11.441561,18,203.687955
-11.411657,18,203.742496
-11.464996,18,203.797469
-11.864611,19,203.854927
-11.666871,18,203.909715
-11.482314,19,203.967599
-13.001029,21,204.030577
-13.176396,22,204.098238
-11.720152,19,204.155634
-11.459062,18,204.852772
-12.760653,23,204.928131
-11.908548,20,204.992719
-11.951028,18,205.051076
-11.765214,18,205.109176
-12.067871,19,205.170381
-11.929711,21,205.237667
-12.38276,20,205.30181
-11.418856,18,205.359748
-11.587508,19,205.420886
-11.567521,17,205.475394
-11.818276,19,205.536788
-11.918843,19,205.598502
-12.219454,22,205.669051
-11.733597,19,205.731012
-11.237204,18,205.788333
-12.426791,21,205.85555
-11.757297,19,205.916837
-13.443837,21,206.328054
-11.615849,19,206.389164
-12.213325,19,206.450161
-11.408865,18,206.515396
-11.491566,18,206.57332
-11.781362,19,206.634276
-11.440159,18,206.692092
-12.089125,20,206.756449
-11.8782,19,206.816856
-11.243043,18,206.874511
-11.73917,18,206.932717
-12.746653,21,207.000122
-11.178359,18,207.058097
-14.623355,26,207.142412
-11.714794,18,207.200323
-12.667125,21,207.267705
-11.464933,18,207.32553
-11.277235,18,207.384433
-12.638094,21,207.452164
-11.889844,19,207.513024
-11.476351,19,207.574244
-12.048014,19,207.635196
-11.871923,19,207.696152
-11.927654,19,207.757444
-11.570618,18,207.815313
-11.320869,18,207.873538
-12.568165,19,207.935134
-12.335408,20,208.000281
-11.306289,18,208.058788
-11.940294,20,208.123722
-11.89888,19,208.184988
-11.486655,18,208.242964
-11.851336,19,209.002841
-12.054224,19,209.062688
-13.251566,22,209.129974
-11.463231,18,210.116034
-11.305239,18,210.172066
-12.07892,20,210.236267
-11.788588,19,210.297258
-11.632432,18,210.354212
-11.56727,19,210.414804
-11.861489,19,210.475288
-12.316766,19,210.53546
-12.140589,20,210.600148
-12.778519,21,210.667191
-11.624624,18,210.724672
-12.112984,20,210.788577
-12.099138,19,210.849075
-11.483062,18,210.906931
-13.381111,22,210.977266
-11.709274,19,211.037967
-11.892085,19,211.098595
-11.536081,18,211.156317
-11.961963,19,211.217644
-11.730562,18,211.275217
-11.669764,19,211.336301
-11.493354,18,211.394118
-11.816458,18,211.451641
-11.653211,18,211.512164
-11.335634,18,211.570886
-11.349896,18,211.628352
-11.646711,18,211.685888
-11.453849,18,211.743213
-11.998673,19,211.804099
-13.013125,22,211.87447
-11.795886,19,212.276748
-12.641022,21,212.344551
-13.09842,22,212.415925
-11.471949,18,212.473462
-13.55161,22,212.544303
-11.930503,19,212.605649
-12.21604,19,212.66704
-11.380127,18,212.724928
-12.918769,21,212.792459
-11.617116,19,212.854007
-11.061761,18,212.911703
-11.467665,18,212.96964
-15.090051,27,213.056096
-11.719795,19,213.117358
-11.761371,19,213.17868
-11.369118,19,213.240015
-12.128413,19,213.300881
-11.646532,19,213.361978
-11.424491,18,213.420178
-11.396645,18,213.478494
-13.084259,23,213.551342
-11.624443,19,213.612246
-11.290796,18,213.669946
-11.687531,19,213.730714
-11.356779,18,214.519288
-11.563469,19,214.58049
-11.710149,18,214.638831
-11.838858,19,214.699818
-12.532486,19,214.761496
-11.657763,18,214.820006
-11.410588,18,214.878827
-11.365059,18,214.936804
-11.669068,18,214.995147
-11.508835,19,215.392305
-11.515057,19,215.452653
-11.66743,19,215.511065
-11.541303,18,215.566689
-12.033139,19,215.62528
-11.690776,18,215.681352
-11.571671,18,215.736306
-11.472132,18,215.791646
-11.296538,19,215.851047
-11.505279,18,215.905451
-11.461901,18,215.959624
-14.483131,23,216.031118
-11.560311,18,216.086216
-20.684586,27,216.171273
-11.807766,19,216.232083
-11.449404,19,216.292899
-11.330496,17,216.347425
-11.529092,18,216.404967
-11.182529,18,216.463253
-11.161338,17,216.525123
-11.588812,19,216.586149
-12.011828,19,216.647522
-11.593399,18,216.70514
-11.535999,18,216.763085
-11.692864,18,216.821249
-11.218837,18,216.880062
-11.332167,18,216.938083
-12.370217,20,217.002258
-11.498776,18,217.060611
-12.62168,20,217.125319
-11.761588,18,217.182898
-12.144933,19,217.244719
-12.023795,18,217.302612
-13.30131,21,217.714957
-11.559034,18,217.773624
-11.650002,18,217.831964
-11.336463,18,217.890671
-11.426457,18,217.94887
-11.143235,18,218.006803
-11.53614,18,218.064979
-12.391407,20,218.130166
-11.13853,18,218.188521
-12.369372,20,218.252371
-11.512624,18,218.310701
-11.460705,18,218.367987
-11.425412,18,219.122884
-11.421985,18,219.181347
-11.42082,18,219.239387
-11.851991,18,219.298155
-11.194953,18,219.356893
-11.335622,18,219.415051
-11.817083,18,219.474126
-11.716291,18,219.532797
-11.422691,18,219.590985
-11.643864,18,219.648823
-11.929959,19,219.710383
-11.577632,19,219.7726
-11.561069,18,219.831233
-11.379993,18,219.889421
-11.805557,18,219.947799
-11.597699,19,220.009553
-11.234728,18,220.067837
-12.61449,22,220.139772
-11.920233,19,220.201011
-11.729795,18,220.260021
-11.876061,20,220.324388
-11.898083,19,220.385384
-11.496603,18,220.7813
-11.253478,19,220.840956
-12.340208,19,220.902155
-12.813677,21,220.969197
-11.711691,18,221.027077
-11.778083,19,221.088499
-11.414587,19,221.149393
-11.869503,19,221.210531
-11.626109,18,221.268379
-13.57752,24,221.345579
-11.52353,18,221.403584
-11.197698,18,221.461462
-11.622776,19,221.522906
-11.425063,18,221.580787
-11.38322,18,221.638648
-11.251669,18,221.696769
-11.400024,18,221.753625
-11.3183,19,221.813172
-11.207203,18,221.870602
-11.798608,19,221.932137
-11.157576,19,221.99337
-11.80818,18,222.051964
-11.419936,18,222.109993
-11.793158,19,222.17111
-12.001959,19,222.232668
-11.754808,19,222.293793
-11.152358,17,222.349213
-11.90764,19,222.410389
-12.007515,19,222.471551
-11.394709,18,222.529758
-11.527156,18,222.587811
-11.582867,17,222.642564
-13.650189,23,222.717443
-11.306359,18,223.927583
-12.335193,19,223.987611
-11.350559,19,224.048413
-11.830862,20,224.112318
-11.547716,19,224.173818
-11.500907,18,224.231648
-11.716312,19,224.292966
-11.894123,19,224.354695
-11.678369,19,224.416265
-11.455017,17,224.471447
-11.324757,19,224.532902
-12.089055,19,224.594119
-11.674806,18,224.651872
-11.994356,19,224.713098
-11.698143,18,224.771106
-13.343886,23,224.845386
-11.372886,18,224.903373
-11.575245,18,224.961981
-11.668071,19,225.02637
-11.051147,18,225.08429
-11.477341,18,225.142844
-12.601498,20,225.206976
-11.322709,18,225.265297
-11.437726,18,225.322704
-11.256949,18,225.38123
-11.276176,18,225.43949
-11.426253,18,225.497653
-11.157659,18,225.555878
-11.027211,18,225.613991
-11.41234,18,225.67183
-11.771869,19,225.732956
-11.831109,18,225.791684
-11.50976,19,225.852703
-11.968258,20,225.917008
-11.969356,19,226.321708
-11.422583,18,226.380637
-11.351904,18,226.438967
-11.417207,18,226.497213
-11.44189,18,226.555438
-11.25836,18,226.613714
-11.373647,18,226.67115
-11.819351,19,226.731851
-11.563882,19,226.793721
-11.635018,18,226.850973
-11.387622,18,226.90854
-12.599914,21,226.976266
-11.265279,18,227.033986
-11.812809,19,227.095919
-11.400552,18,227.153226
-11.649129,19,227.214803
-11.427286,18,227.272525
-13.281948,23,227.346026
-11.404388,18,227.40452
-11.719692,19,227.464865
-11.360681,18,227.522645
-11.731489,19,228.230312
-11.234973,18,228.28494
-11.253751,18,228.339754
-12.003481,19,228.398867
-12.0402,19,228.458335
-11.783064,19,228.51893
-12.48564,21,228.586972
-11.193899,18,228.644672
-11.619431,18,228.702427
-11.684566,19,228.763089
-11.651651,18,228.821028
-11.734267,18,228.878216
-11.209945,17,229.272324
-11.104383,18,229.330714
-11.671048,18,229.38956
-11.3346,17,229.444291
-11.86886,19,229.505893
-12.581002,23,229.579764
-12.624857,21,229.647817
-11.626357,18,229.705635
-11.226797,18,229.762833
-11.529086,18,229.820745
-12.85313,21,229.888088
-11.501011,18,229.945715
-11.343581,18,230.004848
-11.816448,18,230.063147
-11.336794,18,230.121004
-11.370785,18,230.178518
-11.408003,18,230.236714
-11.226046,18,230.294606
-11.392287,18,230.352482
-11.619033,18,230.410533
-11.518979,18,230.468121
-11.105311,18,230.525297
-12.168437,19,230.586577
-11.841056,20,230.652027
-12.118178,20,230.716206
-11.624955,19,230.776959
-11.928189,20,230.841635
-13.125844,23,230.915133
-11.534835,18,230.972718
-11.335154,18,231.030543
-11.976369,20,231.094832
-11.711183,19,231.155634
-11.395877,18,231.213824
-11.565315,18,231.962283
-11.696765,19,232.023981
-11.983578,19,232.08569
-12.562347,21,232.153227
-11.795089,19,232.214508
-11.414581,18,232.272488
-11.343485,18,232.330241
-13.131382,23,232.404042
-11.365425,18,232.461983
-12.179417,21,233.335249
-11.613019,19,233.392846
-11.91766,19,233.450905
-11.13652,18,233.505323
-11.672672,18,233.559803
-11.46193,18,233.614081
-11.261458,18,233.66963
-11.812275,18,233.724452
-11.625565,18,233.778739
-11.691776,18,233.833259
-11.450309,18,233.887522
-11.323647,19,233.944663
-11.548695,19,234.001735
-11.735299,20,234.062927
-11.395483,19,234.12037
-11.195801,18,234.175251
-13.956171,27,234.257569
-11.62303,19,234.315629
-11.371456,18,234.370164
-11.629752,19,234.433454
-11.923941,20,234.494469
-10.98993,17,234.54596
-11.710835,20,234.606072
-11.37488,19,234.664977
-11.212139,18,235.047511
-11.42469,18,235.103222
-11.070589,18,235.157713
-11.578597,19,235.215232
-11.542301,18,235.27078
-11.728761,18,235.325248
-12.810818,21,235.388967
-11.146705,19,235.446494
-11.245228,18,235.501487
-12.140132,19,235.559344
-13.997865,23,235.629114
-11.271633,18,235.684461
-11.44967,19,235.74226
-11.155571,18,235.797152
-12.14091,20,235.858264
-11.411564,18,235.913416
-12.358807,21,235.97686
-11.51547,19,236.034058
-11.489729,18,236.088997
-11.821792,19,236.146329
-11.315761,19,236.204184
-11.572115,18,236.258953
-11.343057,18,236.313807
-11.49552,19,236.370485
-11.230577,18,236.42473
-11.619556,18,236.47976
-11.380323,19,236.537312
-12.629693,22,236.603494
-11.694915,19,236.660668
-11.747713,18,236.716121
-11.482068,19,237.449073
-11.025973,18,237.50771
-11.264189,18,237.565593
-11.596582,18,237.968762
-11.342704,18,238.027066
-11.798024,19,238.089142
-12.143499,18,238.14668
-11.440528,18,238.201452
-11.839412,19,238.259704
-12.823883,22,238.327077
-11.966153,18,238.381793
-11.095897,18,238.437618
-11.565691,18,238.492385
-11.210142,18,238.54733
-12.027258,19,238.604664
-11.526688,18,238.659702
-12.379113,20,238.721018
-11.560239,18,238.776241
-11.245789,18,238.830858
-11.887687,19,238.888087
-11.458359,18,238.942842
-11.652426,18,238.997269
-11.367006,18,239.052469
-11.470645,19,239.110242
-11.289465,18,239.164942
-11.590777,19,239.222609
-11.191069,19,239.280539
-11.209568,20,239.342491
-11.810434,19,239.400023
-11.592238,18,239.454159
-11.450701,18,239.50911
-11.7417,19,239.567156
-11.51786,18,239.621714
-13.050264,22,239.688446
-11.445128,18,239.744075
-11.349565,18,239.798842
-11.282232,18,239.853337
-12.042221,19,240.238975
-11.359524,18,240.295662
-11.432554,18,240.351109
-11.216587,19,240.40855
-11.700719,17,240.459965
-11.556614,18,240.51447
-11.185049,18,240.569527
-12.128178,19,240.628922
-11.421868,18,240.684157
-11.534538,18,240.740189
-11.27437,18,240.795298
-12.06601,19,240.853242
-12.39638,21,240.916837
-11.556303,18,240.971807
-11.329702,18,241.025832
-12.123122,20,241.085706
-11.724154,19,241.14356
-11.166375,18,241.198544
-11.005781,18,241.252894
-11.515987,18,242.105188
-11.375224,19,242.166854
-11.025588,18,242.224608
-11.506418,18,242.282326
-11.656541,18,242.340544
-11.427225,19,242.40273
-11.85247,18,242.461119
-11.610103,18,242.519392
-11.988893,19,242.581291
-11.461572,18,242.640556
-11.434878,18,242.698514
-11.543133,18,242.756788
-11.369834,18,242.815459
-11.560428,19,242.876811
-11.751091,19,242.937974
-11.374312,18,243.338711
-11.711972,18,243.395212
-12.826562,24,243.470523
-11.541518,18,243.52518
-11.923428,19,243.583883
-11.947635,20,243.645058
-10.952376,18,243.699313
-11.415706,18,243.753707
-12.234823,19,243.812906
-11.431976,19,243.870338
-11.052189,18,243.925006
-11.475217,18,243.979671
-12.009765,19,244.036934
-11.081129,17,244.087891
-11.221236,18,244.142036
-11.138408,18,244.197348
-11.412425,19,244.255665
-11.431635,18,244.310359
-11.681367,19,244.368017
-11.767222,19,244.426493
-14.397945,25,244.501889
-11.221113,18,244.556383
-11.237311,18,244.611676
-11.322113,18,244.665965
-11.211063,18,244.719726
-11.121773,18,244.773605
-11.138799,18,244.829463
-11.468049,18,244.88404
-11.079225,18,244.938533
-11.405098,18,244.994028
-11.502547,18,245.04907
-11.310461,18,245.10381
-11.917521,18,245.158322
-11.933685,19,245.543799
-13.056701,22,245.612616
-11.81856,19,245.673423
-11.618787,19,245.733664
-11.597353,19,245.793994
-11.309792,18,245.852132
-11.36783,18,245.909781
-11.121452,18,246.73148
-13.690888,22,246.800291
-11.117951,18,246.857707
-11.171426,18,246.914606
-11.407037,18,246.972006
-11.340292,17,247.027169
-11.529383,18,247.084754
-10.976313,18,247.142003
-11.295437,18,247.199619
-11.370184,18,247.257608
-11.322461,18,247.315048
-11.646547,19,247.375477
-11.748808,19,247.436767
-11.131688,18,247.494886
-12.172953,20,247.55829
-22.179948,30,247.654434
-11.45948,19,247.714868
-11.588586,19,247.775496
-12.104856,20,247.840163
-11.651285,19,247.901394
-11.562388,18,247.958735
-11.688885,18,248.016758
-11.522342,18,248.075027
-12.223537,20,248.139058
-11.252684,18,248.196776
-11.629266,19,248.258067
-11.009361,18,248.678756
-11.38817,17,248.733754
-11.497547,18,248.79178
-11.573117,19,248.853857
-12.370166,20,248.918785
-11.602167,19,248.980164
-11.323023,18,249.038381
-11.477321,18,249.096747
-11.246943,18,249.155036
-11.207172,18,249.212767
-11.401674,18,249.271594
-11.355879,18,249.329906
-11.633384,18,249.387925
-11.087125,18,249.446304
-11.348222,18,249.505098
-10.930831,17,249.560205
-11.664189,18,249.618349
-11.430747,18,249.677204
-11.591383,19,249.738328
-11.117919,18,249.796534
-11.436641,18,249.855168
-11.850787,19,249.917288
-11.572133,18,249.975231
-12.866994,20,250.040252
-12.395618,21,250.109364
-11.544113,18,250.167725
-11.540604,18,250.22586
-11.505268,18,250.284673
-11.617063,18,250.342353
-11.180769,18,251.080294
-11.523916,18,251.135354
-11.408345,18,251.189852
-11.360008,18,251.244213
-11.042203,18,251.299735
-11.690087,19,251.723017
-11.390751,19,251.781376
-11.51516,19,251.839902
-11.446655,18,251.895264
-11.110669,18,251.949983
-11.376664,18,252.004445
-12.11851,19,252.062684
-11.225718,18,252.118805
-11.615565,19,252.176219
-11.686919,18,252.230813
-11.419648,18,252.286023
-10.981213,18,252.340809
-12.692222,22,252.407423
-11.653378,18,252.462031
-11.823486,20,252.523607
-11.233983,18,252.578534
-12.316154,20,252.639885
-11.214195,18,252.69544
-11.287999,18,252.750903
-11.301115,19,252.808588
-11.061548,18,252.86313
-11.546588,19,252.921909
-11.48317,18,252.976684
-10.838525,18,253.033732
-11.88851,19,253.091823
-11.171539,18,253.147308
-11.186089,19,253.204888
-11.132633,18,253.259138
-11.173028,18,253.314151
-11.285125,18,253.369347
-11.381963,18,253.423748
-11.622826,18,253.478051
-11.538864,18,253.534297
-11.101124,18,253.58948
-11.593714,19,254.331937
-11.268105,18,254.386917
-12.233771,19,254.444703
-11.332452,18,254.499775
-11.876852,19,254.558322
-11.734968,19,254.616874
-11.64992,20,254.678048
-11.158339,18,254.733649
-11.13812,18,254.788325
-11.259682,18,254.84284
-12.349719,22,254.909369
-11.283079,17,254.962288
-11.585699,19,255.020942
-12.029927,20,255.084371
-11.415733,18,255.143032
-11.956131,18,255.200528
-11.621933,19,256.128088
-11.34353,18,256.183551
-11.356977,19,256.241812
-11.879008,19,256.299166
-11.222229,18,256.354142
-11.220999,18,256.409271
-11.204032,18,256.463785
-11.376158,18,256.518383
-10.995625,18,256.573679
-11.45067,18,256.628314
-11.113319,18,256.682719
-11.86622,20,256.744469
-11.0703,18,256.799284
-11.457411,19,256.856791
-11.181518,18,256.911126
-11.753593,19,256.969513
-11.195995,18,257.024555
-11.49303,19,257.082527
-11.598856,19,257.488686
-11.12516,18,257.544208
-11.236206,18,257.599901
-11.583888,19,257.65763
-13.701626,24,257.731458
-11.334759,18,257.786706
-12.296449,21,257.85029
-12.104124,20,257.910332
-11.141202,18,257.965598
-11.352373,18,258.02093
-11.235088,18,258.075406
-11.209926,18,258.130559
-11.401885,18,258.186084
-11.262311,18,258.240738
-12.317793,21,258.304962
-11.160809,18,258.359805
-12.004482,19,258.417422
-11.653991,19,258.474813
-11.94598,19,258.532334
-11.19805,18,258.588275
-11.371922,18,258.644502
-11.701893,18,258.698869
-11.756762,18,258.753207
-11.080417,18,258.808521
-12.600818,21,258.872228
-11.1325,18,258.928577
-11.531559,19,258.987445
-11.258547,18,259.044436
-11.392058,18,259.101573
-11.436412,18,259.159265
-11.264623,19,259.221166
-11.096532,18,259.27974
-12.064463,18,259.338438
-11.202838,18,259.7596
-11.28314,18,259.818832
-11.558467,19,259.879928
-11.198103,18,259.938282
-11.151432,18,260.778083
-10.939997,18,260.833894
-11.487876,17,260.885809
-10.980741,18,260.940254
-11.376736,18,260.995618
-11.830163,19,261.0535
-11.337325,18,261.10812
-11.840933,19,261.1658
-11.621502,18,261.221189
-13.313394,22,261.289271
-11.030355,18,261.344601
-11.249431,18,261.4
-11.100917,18,261.455048
-11.29682,18,261.509688
-11.641922,19,261.567166
-11.431135,18,261.622439
-11.24808,18,261.677577
-11.081284,18,261.732357
-11.789892,19,261.790012
-11.884216,19,261.848297
-11.09076,18,261.90348
-11.540526,18,261.958501
-11.714056,19,262.016625
-11.309795,18,262.071695
-11.401304,19,262.129397
-11.380155,19,262.187183
-11.177502,18,262.243147
-11.286952,19,262.300906
-11.617186,19,262.358262
-11.391262,19,262.41634
-11.446342,18,262.818115
-11.227735,19,262.877038
-11.252627,19,262.934761
-11.607859,19,262.992158
-11.314662,18,263.047714
-11.25379,18,263.104281
-11.339513,18,263.162014
-11.337283,18,263.221577
-10.934904,17,263.275358
-11.745322,19,263.33643
-11.168517,18,263.39396
-11.18956,18,263.452384
-10.94889,18,263.510817
-11.455334,19,263.572171
-11.352476,18,263.630425
-11.186373,18,263.688634
-11.25158,18,263.746613
-11.755193,19,263.808162
-12.033126,20,263.873987
-11.54277,18,263.931995
-11.238366,18,263.989639
-11.057084,18,264.048039
-11.305499,18,264.106099
-13.052689,24,264.183973
-11.608846,19,264.245659
-11.313126,18,265.008993
-11.524985,19,265.071154
-12.708292,22,265.142196
-11.33853,18,265.199921
-11.212645,18,265.257939
-11.906729,20,265.322486
-11.166733,18,265.380695
-11.334326,18,265.43859
-11.115323,18,265.497081
-11.727009,20,265.9225
-11.52363,18,265.980773
-11.084142,18,266.038629
-11.364407,19,266.10056
-11.169669,18,266.158764
-11.234661,18,266.217204
-11.725099,18,266.275638
-11.255017,18,266.334181
-11.030541,18,266.392086
-11.385072,19,266.453458
-11.299352,18,266.51183
-11.127443,18,266.569377
-11.310934,18,266.626899
-11.882265,20,266.690982
-11.143766,18,266.749265
-11.492415,19,266.810225
-12.309788,20,266.87561
-11.732649,19,266.936764
-11.813521,18,266.994806
-11.488789,18,267.052236
-11.483848,18,267.110555
-11.202112,18,267.16799
-11.136743,19,267.22554
-11.140476,18,267.281161
-11.045099,18,267.336305
-11.033391,18,267.390745
-11.356608,17,267.442917
-12.36668,22,267.510468
-11.204849,17,267.561446
-11.162498,18,267.61585
-11.517166,18,267.671332
-11.192315,18,267.725874
-11.411704,19,267.783533
-11.44421,18,268.178588
-11.193347,18,268.233658
-11.442012,18,268.288802
-11.595789,19,268.34678
-11.370273,18,268.401351
-11.796573,19,268.45992
-11.923963,18,268.514952
-11.797619,19,268.572362
-11.296884,18,268.626348
-11.587799,19,268.683757
-11.233618,18,268.738817
-11.251896,18,268.793169
-11.643118,19,268.850629
-11.432317,18,268.905954
-11.107342,18,269.628375
-11.478271,18,269.684951
-11.031346,18,269.741468
-11.644822,20,269.804807
-11.638277,19,269.865344
-11.736615,19,269.926997
-11.816381,20,269.991707
-10.88215,18,270.04999
-11.146139,19,270.111104
-11.366049,18,270.168897
-11.454268,18,270.226656
-11.080948,18,270.284825
-11.350824,19,270.34641
-11.151646,18,270.404204
-11.071902,17,270.459005
-11.104847,18,270.51663
-11.572296,18,270.574618
-11.106727,18,270.632496
-11.016863,18,270.690493
-11.346339,19,270.751823
-11.184595,19,271.171667
-11.218523,18,271.226982
-13.178608,23,271.296803
-11.127919,18,271.3525
-12.856842,22,271.418746
-11.243235,19,271.475962
-11.881166,20,271.536979
-11.276781,18,271.591558
-11.515094,18,271.646558
-10.735074,17,271.69797
-11.401772,19,271.755863
-11.302115,18,271.810466
-11.423246,18,271.864633
-11.582764,18,271.918834
-12.262544,20,271.980117
-11.507246,18,272.034583
-11.852947,19,272.0917
-11.249224,18,272.146716
-11.086038,18,272.200945
-11.172751,18,272.255928
-11.250509,18,272.310112
-11.796583,18,272.365054
-12.395622,20,272.425772
-11.934035,19,272.483211
-11.42391,18,272.538386
-11.166416,18,272.592881
-11.439115,18,272.647354
-11.869804,20,272.707795
-11.399812,18,272.762634
-11.140107,18,272.817137
-11.524815,19,272.875011
-11.61978,19,272.934286
-12.018262,19,272.994234
-11.265247,18,273.051685
-10.970003,18,273.463971
-11.468309,19,274.323756
-11.302617,18,274.38068
-11.356973,18,274.437829
-11.367569,19,274.498717
-11.308741,18,274.557167
-11.224933,18,274.616664
-11.554927,19,274.67794
-11.24773,18,274.735685
-10.877382,18,274.794403
-10.825915,18,274.852503
-11.29562,19,274.913634
-10.982114,18,274.972396
-11.770563,19,275.033788
-11.891786,20,275.098245
-11.161486,18,275.15645
-11.168799,19,275.217938
-11.228466,18,275.276268
-10.959112,18,275.334356
-11.2162,18,275.39295
-10.841543,18,275.451165
-11.480011,18,275.509272
-11.187717,18,275.567486
-11.324649,18,275.626379
-11.316913,18,275.685278
-11.614568,18,275.743227
-12.487751,21,275.811203
-11.036421,18,275.869395
-11.27434,18,275.92839
-11.304503,18,275.986996
-11.549188,18,276.045582
-11.426905,19,276.106682
-12.108631,20,276.171027
-11.281052,18,276.229044
-11.3826,18,277.013634
-11.311231,19,277.072003
-11.298171,19,277.129561
-11.272242,18,277.184248
-10.991957,18,277.239272
-13.04275,21,277.303815
-11.117444,17,277.35692
-10.920136,18,277.412107
-10.953265,17,277.463692
-11.723339,19,277.521121
-10.968864,17,277.572419
-11.651196,19,277.632075
-11.891284,19,277.689569
-11.101865,18,277.743782
-11.510556,19,277.801176
-11.193319,19,277.858716
-12.473102,20,277.919609
-11.01778,18,277.974001
-11.45488,18,278.029042
-11.497654,18,278.083608
-11.14972,18,278.138223
-10.990082,18,278.192687
-11.213206,18,278.844307
-11.284632,18,278.900321
-11.451732,18,278.95429
-11.726036,19,279.011713
-11.240176,19,279.069388
-11.20195,18,279.124485
-11.130092,19,279.182366
-11.260502,18,279.238282
-11.689513,18,279.293348
-11.559741,18,279.349285
-11.483419,18,279.404221
-11.203163,17,279.458289
-11.080266,18,279.83604
-11.143368,18,279.891053
-11.568629,19,279.948846
-11.361869,19,280.007273
-11.417299,18,280.062256
-11.050675,18,280.116554
-11.17241,18,280.170737
-11.505213,18,280.225305
-11.182494,18,280.280125
-11.231759,18,280.334282
-11.436508,19,280.393708
-11.474428,18,280.450253
-10.997599,18,280.506955
-10.987196,18,280.563881
-11.768927,20,280.628576
-11.005083,18,280.687408
-11.213396,18,280.745201
-10.940691,18,280.802798
-11.590882,19,280.864459
-11.078701,18,280.922765
-10.997547,19,280.98259
-11.354667,19,281.04412
-11.074673,20,281.108952
-11.066691,18,281.16703
-11.678914,18,281.224594
-11.528807,19,281.286418
-12.21087,22,281.357485
-10.850579,19,281.418369
-11.70551,19,281.48019
-11.875181,19,281.541437
-11.094906,18,281.599056
-11.0064,19,281.661046
-11.184338,18,281.718722
-11.46032,19,281.779904
-11.516594,18,282.182616
-11.322033,18,282.241162
-11.279983,18,282.300551
-11.138508,18,282.358814
-12.139211,22,282.429204
-11.149036,19,282.491284
-11.603509,20,282.555392
-11.324484,18,282.614054
-12.128098,20,282.678695
-11.28763,18,282.736984
-10.994843,18,283.620242
-11.133467,18,283.677248
-11.1476,19,283.737991
-12.395778,21,283.804557
-11.305895,18,283.861993
-11.454518,18,283.920227
-11.593818,18,283.977636
-11.402113,18,284.035665
-11.047705,18,284.093578
-11.190739,18,284.151042
-12.42241,19,284.21156
-11.690329,18,284.269301
-11.417645,19,284.330904
-12.07212,21,284.397609
-12.010353,19,284.458761
-11.321923,18,284.517421
-11.440529,18,284.575033
-11.124245,18,284.632885
-11.422191,18,284.691077
-11.239151,18,284.749963
-11.059872,18,284.808059
-11.021481,18,284.866185
-11.062299,18,284.924511
-11.110187,18,285.32758
-11.305041,18,285.382913
-11.403102,19,285.440876
-11.237875,18,285.495312
-11.024323,18,285.55019
-11.074545,18,285.60496
-11.23538,18,285.659375
-11.11576,18,285.714735
-11.714391,18,285.769815
-11.157631,18,285.824637
-11.249871,18,285.879302
-11.427015,18,285.934259
-11.210338,19,285.991127
-11.398046,18,286.046386
-10.816084,17,286.09852
-11.084146,18,286.1527
-11.784715,20,286.212942
-11.113734,18,286.267411
-11.392616,19,286.325593
-11.235911,17,286.376794
-11.111118,19,286.433798
-10.873581,18,286.487846
-11.153674,18,286.542807
-11.421016,19,286.599814
-11.07551,18,286.654645
-11.449872,19,286.71235
-11.467555,18,286.7673
-11.207779,18,286.821331
-11.129199,18,286.875624
-11.049231,18,286.931043
-11.364264,18,286.9854
-10.758515,17,287.036635
-11.255451,18,287.090754
-10.916017,19,287.816042
-10.736733,18,287.87447
-11.272846,19,288.281837
-11.250868,18,288.341373
-11.176506,18,288.400025
-11.587304,19,288.461783
-11.415041,19,288.523396
-11.63916,18,288.582371
-11.418229,19,288.643857
-11.262233,18,288.702052
-11.23636,18,288.760764
-11.142309,18,288.819759
-11.815384,19,288.882696
-11.883532,19,288.944357
-10.970138,18,289.002789
-11.11843,18,289.06076
-11.636902,19,289.122147
-11.206378,18,289.180511
-11.241999,18,289.239164
-11.661234,18,289.297617
-11.424396,18,289.356595
-11.183553,19,289.4181
-11.308131,19,289.47962
-11.603256,19,289.541394
-10.940583,18,289.600235
-11.393005,18,289.658687
-11.375961,19,289.720293
-11.574326,18,289.779172
-11.195584,19,289.841035
-13.341583,24,289.919455
-11.034669,18,289.978158
-11.064582,18,290.037417
-11.052224,19,290.099237
-11.028704,18,290.158062
-11.871495,19,290.220696
-14.406929,28,290.66132
-11.286816,18,290.720007
-12.044452,20,290.785406
-10.895142,18,290.844141
-11.110525,18,290.903087
-11.216781,19,290.965422
-11.508745,20,291.03115
-10.983065,18,291.090088
-11.342502,18,291.148623
-11.332325,18,291.208412
-11.763257,20,291.273622
-11.193663,18,291.332309
-11.086195,18,291.391295
-11.260395,18,291.450676
-11.066823,18,291.512702
-11.214224,18,291.569405
-11.084332,18,291.624918
-11.309964,18,291.68027
-11.797539,18,291.735244
-11.005204,18,292.655827
-11.034669,18,292.711611
-11.256108,18,292.766293
-11.555698,19,292.825215
-10.912937,18,292.879986
-11.518912,19,292.938026
-11.089037,18,292.99346
-10.897253,18,293.051796
-11.266606,19,293.109332
-11.383499,18,293.163818
-11.168459,19,293.221948
-10.995451,18,293.276432
-11.252676,18,293.331375
-10.91799,18,293.385392
-11.385213,19,293.443924
-11.123141,19,293.82882
-11.407411,19,293.88673
-11.401136,18,293.942283
-11.229991,18,293.997998
-11.651664,19,294.056373
-10.956118,18,294.110689
-11.016712,18,294.164819
-10.921031,18,294.21993
-10.872589,18,294.275241
-11.261572,18,294.329578
-11.432451,18,294.385725
-11.317949,18,294.441339
-11.488892,19,294.498675
-11.01486,18,294.554234
-11.11866,18,294.608507
-11.202027,18,294.66438
-10.94527,18,294.718827
-11.545518,19,294.775945
-11.371953,19,294.83413
-11.184591,18,294.889246
-11.098127,18,294.943398
-11.117327,18,294.997955
-11.009687,18,295.053533
-11.568088,18,295.10868
-11.292499,19,295.16636
-12.162595,20,295.227367
-11.149869,18,295.282205
-10.936189,18,295.336746
-11.31386,18,295.390806
-11.301814,19,295.448506
-11.329424,18,295.503955
-11.347543,19,295.562172
-11.292185,19,295.619895
-11.045868,18,295.675209
-11.529079,18,296.053561
-12.911316,21,296.117888
-11.440023,19,296.17559
-11.365066,18,296.230412
-11.36013,18,296.285258
-11.18625,19,296.342716
-11.060256,18,296.39721
-11.195342,18,297.184258
-11.069207,18,297.238436
-11.621141,19,297.296528
-11.188329,18,297.350676
-11.839295,19,297.40809
-11.40298,17,297.460597
-11.126488,17,297.512363
-10.952834,18,297.567105
-11.47952,19,297.624635
-11.088034,18,297.680135
-11.187312,18,297.735336
-11.105504,19,297.792652
-11.452455,19,297.850112
-11.024861,18,297.904977
-11.034907,18,297.959391
-12.016447,21,298.022566
-11.384301,18,298.078046
-10.976429,18,298.132139
-10.950672,18,298.18673
-11.309894,19,298.244303
-10.92222,18,298.299458
-11.197774,18,298.354386
-11.486366,19,298.411562
-11.077017,19,298.469576
-11.239682,19,298.527196
-11.436719,20,298.587888
-11.044752,18,298.642178
-10.991334,18,299.346939
-11.07809,17,299.400735
-10.976464,18,299.455127
-13.082157,22,299.522454
-11.190816,19,299.580056
-11.296647,18,299.634867
-11.348201,18,299.689683
-11.354031,19,299.746974
-11.274548,19,299.804282
-11.345782,18,299.858879
-11.546107,19,299.917433
-11.072084,19,299.974513
-11.300403,18,300.030488
-11.141542,18,300.085716
-11.35783,19,300.143549
-10.968386,18,300.198142
-11.586975,19,300.256937
-11.392973,19,300.315641
-10.920554,19,300.37396
-11.294151,18,300.428577
-11.349229,19,300.486555
-10.871496,18,300.541884
-11.157594,18,300.596584
-13.452092,24,300.669687
-11.282621,17,300.722117
-11.136499,19,300.780164
-11.144491,19,300.838393
-11.29592,19,300.896489
-11.083525,18,301.815723
-11.143346,18,301.870442
-11.09155,18,301.925521
-10.989403,18,301.979876
-11.134462,18,302.034614
-11.482459,19,302.421855
-11.105859,18,302.477766
-11.521425,18,302.533249
-10.986142,19,302.591393
-11.48566,19,302.649392
-11.305114,19,302.70752
-11.123722,18,302.763133
-11.267671,18,302.81813
-11.009565,18,302.873019
-11.071936,18,302.92831
-11.661472,19,302.986733
-11.243143,17,303.0383
-10.922256,18,303.092911
-11.102384,18,303.148328
-11.176605,18,303.203144
-10.942189,18,303.258685
-11.27722,18,303.313779
-11.135378,18,303.369923
-10.960932,18,303.425175
-11.496854,19,303.483286
-10.855802,18,303.538906
-11.618847,18,303.594439
-11.10723,18,303.649068
-10.886187,18,303.703758
-11.09172,18,303.759659
-11.573041,19,303.817996
-10.818277,18,303.873331
-11.183574,18,303.928626
-11.129985,18,303.983908
-10.87527,18,304.038928
-11.541778,19,304.096647
-11.451543,19,304.155379
-10.92635,19,304.213845
-11.013811,18,304.269559
-11.151452,18,304.651021
-11.524141,19,304.709308
-11.247454,19,304.768795
-11.627713,20,304.830266
-11.43459,19,304.888011
-11.067873,18,304.942657
-10.860168,18,304.997766
-11.746495,20,305.058345
-11.40208,18,305.113278
-11.21484,18,305.168305
-11.762939,20,305.229384
-11.473977,19,305.288211
-10.767272,18,305.342757
-11.02047,18,305.397597
-11.148623,18,305.452502
-11.334445,18,305.506809
-11.500607,18,305.561533
-12.444843,21,306.467632
-11.190379,18,306.521966
-11.326526,17,306.574574
-11.194588,19,306.631907
-11.033108,18,306.686214
-11.470462,19,306.743815
-11.182412,19,306.802077
-10.857007,18,306.857182
-11.303423,18,306.911777
-11.186044,18,306.966432
-11.348709,19,307.024185
-10.823107,18,307.079076
-12.359868,21,307.142443
-10.826544,18,307.199645
-11.392132,19,307.256995
-10.875827,18,307.3109
-11.402786,19,307.368797
-11.008132,18,307.748301
-11.088469,18,307.8042
-11.41246,19,307.862128
-11.393194,19,307.91982
-11.337618,19,307.978106
-11.376513,19,308.036894
-11.117063,18,308.091591
-11.146528,18,308.146747
-11.553816,18,308.20216
-11.038392,18,308.25705
-11.22569,18,308.311603
-10.950179,18,308.366743
-11.011875,18,308.42332
-11.814233,20,308.48461
-11.554963,18,308.539185
-11.00984,18,308.594096
-10.994271,18,308.649283
-11.938662,19,308.707064
-11.541039,18,308.761708
-11.243259,18,308.816915
-11.431448,18,308.872648
-11.105137,18,308.927528
-11.483727,19,308.985163
-11.240351,19,309.044234
-11.309234,19,309.102236
-11.407489,17,309.153733
-11.429298,18,309.208953
-11.190991,19,309.267189
-11.271458,19,309.325502
-10.941097,19,309.383772
-10.668605,18,309.439702
-11.59245,18,309.494498
-11.071904,18,309.549185
-11.548497,19,309.60726
-11.453946,19,309.990368
-11.051814,18,310.046263
-13.114979,24,310.120038
-11.138154,18,310.174923
-10.819449,18,310.908968
-10.848931,17,310.960963
-11.127704,18,311.015547
-11.335178,19,311.073822
-11.103361,18,311.128145
-11.314369,19,311.185429
-10.895589,18,311.240376
-11.109948,19,311.298381
-10.936703,18,311.353167
-11.277552,18,311.40752
-11.100521,18,311.462483
-11.074035,19,311.520794
-11.078706,18,311.577065
-11.264186,19,311.63642
-11.096812,18,311.695495
-11.166289,18,311.753896
-10.79367,18,311.811806
-11.515728,19,311.873889
-11.287837,19,311.935111
-10.894601,18,311.993549
-11.227835,18,312.052294
-11.27822,19,312.113683
-11.23864,18,312.171699
-11.555929,18,312.230182
-11.13465,18,312.288809
-12.307896,20,312.353372
-10.954815,18,312.411212
-10.91723,18,312.469849
-11.322949,19,312.531879
-11.091483,19,312.593492
-11.253169,18,312.997299
-11.284007,17,313.052308
-11.281389,19,313.113757
-11.028929,18,313.172081
-11.348784,18,313.230658
-11.700114,20,313.295522
-11.05676,18,313.353301
-11.995398,19,313.414622
-10.988587,18,313.473181
-11.002102,18,313.531978
-10.974447,17,313.586642
-11.198856,19,313.648063
-10.800339,18,313.706992
-11.373653,19,313.768744
-11.304504,19,313.829994
-10.955215,18,313.888832
-11.273947,18,313.947335
-11.077343,18,314.005704
-11.201536,18,314.06384
-11.178177,19,314.125443
-11.287049,18,314.184076
-11.70785,19,314.245697
-11.16022,18,314.303902
-11.223685,18,314.362414
-10.843861,17,314.417235
-10.673674,18,314.475078
-11.087984,18,315.359232
-10.980081,18,315.414355
-11.530497,20,315.476731
-11.185976,18,315.533821
-11.1249,18,315.591428
-10.922378,18,315.649727
-11.042592,18,315.707754
-11.334704,19,315.768782
-10.941846,18,316.165274
-10.81422,18,316.220354
-10.931119,18,316.27514
-11.237509,18,316.330778
-11.073356,18,316.385265
-10.956413,18,316.43931
-11.12717,18,316.493603
-11.521072,19,316.552001
-11.545006,20,316.613534
-10.739964,18,316.668259
-10.839066,18,316.724116
-10.999439,18,316.77852
-12.299032,20,316.838845
-11.122774,18,316.893662
-11.038139,18,316.948903
-10.889823,18,317.003237
-10.845899,18,317.057624
-11.090907,18,317.112463
-11.350513,18,317.168152
-11.409621,19,317.226615
-11.128595,18,317.282913
-11.071837,18,317.341061
-11.531864,19,317.401793
-11.378978,19,317.462506
-10.881021,18,317.520176
-10.905119,18,317.578842
-11.490395,19,317.639693
-10.890461,18,317.697168
-11.281711,18,317.756057
-11.129506,18,317.814408
-10.876972,18,317.872319
-11.045382,18,317.930741
-11.260163,17,317.986179
-11.132847,18,318.044118
-10.845479,17,318.436474
-11.44537,19,318.498338
-11.063811,18,318.556737
-11.445109,18,318.614972
-11.285866,17,318.669412
-11.100955,18,318.727057
-10.938522,18,318.785089
-11.112518,18,318.843291
-10.924591,18,318.901083
-10.953515,18,318.959032
-10.860878,18,319.016762
-11.538483,19,319.077663
-10.957982,18,319.135091
-11.075709,19,319.197474
-10.924307,18,320.10253
-10.843412,18,320.159153
-11.239764,19,320.219309
-11.210733,18,320.276397
-10.936088,17,320.330736
-11.333833,18,320.388349
-11.259201,18,320.446157
-11.144775,18,320.503712
-11.002463,18,320.561632
-11.15917,18,320.619417
-11.326333,18,320.677596
-10.81113,18,320.735296
-11.061668,18,320.79334
-10.923162,18,320.851417
-11.060212,17,320.905421
-11.231434,18,320.963716
-11.115923,18,321.022393
-11.088648,18,321.08018
-11.014496,18,321.138036
-11.252838,18,321.19656
-10.972202,18,321.254791
-10.980962,18,322.004846
-11.056467,18,322.063163
-11.069788,18,322.121292
-11.071203,18,322.179842
-11.800297,19,322.241634
-10.97016,18,322.300044
-11.398805,19,322.361606
-11.12428,19,322.423344
-11.186946,18,322.481477
-12.27288,21,322.549051
-11.243429,18,322.607148
-11.142208,18,322.665668
-10.884929,18,322.723782
-11.894145,20,322.788939
-10.914615,18,322.847265
-10.777763,18,322.905212
-11.147677,18,322.963666
-11.1767,18,323.022538
-11.612944,20,323.086641
-11.067778,18,323.144619
-11.193549,19,323.206923
-10.565808,18,323.265778
-10.904257,18,323.323338
-10.99955,18,323.381505
-11.393619,19,323.443775
-10.929881,18,323.501857
-10.789766,18,323.559979
-11.222317,18,323.619259
-10.906066,18,323.677836
-10.781205,18,323.736019
-11.443625,19,323.797877
-11.384396,18,323.856437
-12.216352,21,323.924953
-11.943604,20,323.989705
-10.698191,18,324.393371
-10.906633,18,325.125698
-11.264998,18,325.183238
-11.005423,19,325.245255
-10.773348,18,325.303892
-11.639393,19,325.370799
-11.17445,18,325.428633
-11.386554,19,325.489911
-12.39098,22,325.561062
-11.19596,18,325.619403
-10.973913,18,325.677342
-11.166258,19,325.738288
-11.175958,18,325.796437
-11.455069,17,325.851871
-11.008028,19,325.913245
-10.949078,18,325.970778
-10.949751,18,326.028493
-11.206523,18,326.086273
-10.944945,17,326.140888
-11.324998,19,326.201663
-11.107728,18,326.260297
-10.899767,18,326.318402
-10.857598,19,326.379757
-10.914425,18,326.437478
-11.678945,20,326.502339
-11.239036,19,326.563668
-11.143128,18,326.621372
-13.993883,23,326.695735
-11.155713,19,326.757095
-11.030229,19,326.818024
-11.155388,18,326.876368
-11.737182,20,326.940415
-11.102302,19,327.00127
-11.089284,18,327.402621
-11.136222,18,327.461391
-11.437154,19,327.522586
-10.986535,18,327.580895
-11.14378,19,327.642159
-10.82758,18,327.700411
-11.092749,19,327.761199
-11.016185,18,327.819071
-11.045663,18,327.878613
-10.727085,17,327.933281
-11.115312,19,327.994268
-11.118059,18,328.052177
-11.302924,18,328.110126
-11.029365,18,328.168121
-12.965429,22,328.238916
-11.578654,18,328.297012
-11.127346,18,328.354544
-10.937018,17,328.409523
-10.988431,18,328.467612
-11.162902,19,328.528996
-10.87743,18,328.587074
-10.975333,18,328.645171
-11.167667,19,328.70655
-10.956191,18,329.516196
-10.875995,18,329.580677
-10.822471,17,329.632806
-11.33628,19,329.690578
-19.353264,28,329.774694
-11.028128,18,329.829776
-10.996706,18,329.885422
-11.629523,19,329.94392
-11.079824,18,329.999688
-10.889872,18,330.054302
-10.89517,18,330.109447
-10.78695,18,330.491027
-11.112373,19,330.549557
-11.503629,19,330.607089
-10.968261,18,330.661278
-11.449758,19,330.719227
-11.419662,19,330.776558
-10.879817,18,330.83141
-11.208896,18,330.886598
-11.016095,19,330.94404
-13.217703,24,331.01658
-10.949426,19,331.073974
-11.316418,18,331.128672
-10.796894,18,331.183498
-10.857175,18,331.237872
-11.259207,18,331.292579
-10.977375,19,331.35001
-11.397653,19,331.408062
-10.792795,18,331.46352
-10.964566,18,331.518623
-10.956798,18,331.572894
-11.136652,18,331.626972
-10.774803,18,331.685117
-11.247351,19,331.743398
-10.74335,17,331.794781
-11.444425,18,331.849249
-11.190666,18,331.904285
-11.103984,18,331.958469
-11.500776,18,332.01277
-10.899817,18,332.06798
-11.398795,19,332.12571
-10.953588,18,332.180304
-11.305835,18,332.234664
-11.583696,19,332.292201
-11.000401,18,332.347092
-11.093173,19,332.730982
-11.123837,18,332.78595
-10.528733,18,332.84046
-10.949511,18,332.894923
-10.990828,18,332.950011
-11.065888,18,333.005719
-11.351405,18,333.060723
-20.473086,29,333.149424
-11.279131,19,333.206861
-10.965606,18,333.261519
-10.937727,18,334.128067
-11.645015,20,334.190734
-11.497977,19,334.25178
-10.961196,18,334.309636
-10.86448,18,334.368396
-11.040113,18,334.426783
-11.635276,19,334.488015
-11.121404,18,334.547031
-11.222034,19,334.608456
-11.104228,17,334.66347
-11.338249,19,334.725168
-10.846716,18,334.784009
-11.10115,18,334.842103
-11.144052,18,334.90009
-10.754209,18,334.958268
-11.304859,18,335.016929
-11.228236,19,335.079072
-11.276481,18,335.137851
-11.055971,18,335.196234
-10.873158,18,335.254406
-11.116677,19,335.315594
-11.172305,18,335.378729
-10.949506,18,335.437287
-11.055656,18,335.840931
-11.535868,20,335.906035
-11.286293,19,335.968468
-10.908515,18,336.027257
-11.232648,19,336.089018
-10.803419,18,336.147618
-11.129926,18,336.205962
-11.033994,18,336.263926
-11.515351,20,336.328053
-10.937043,18,336.386003
-12.872462,24,336.459439
-11.432153,19,336.516844
-10.864053,18,336.571946
-11.286665,19,336.630469
-11.762253,20,336.691034
-11.364106,19,336.749651
-10.780567,18,336.803991
-10.701837,18,336.858351
-10.952426,18,336.912603
-11.568464,20,336.973728
-11.490856,19,337.031702
-11.616986,19,337.089652
-10.846363,18,337.143755
-11.175835,18,337.199031
-11.814474,20,337.259571
-11.02037,18,337.314645
-10.981739,18,337.369672
-10.914624,17,337.421191
-11.464978,19,337.478393
-11.66148,20,337.538987
-10.906906,18,337.598354
-12.059418,20,337.660733
-10.86117,18,338.441636
-11.299564,18,338.852956
-11.276667,19,338.911795
-10.989868,18,338.967437
-10.850206,17,339.020219
-11.367933,19,339.078489
-11.114591,18,339.132981
-11.710507,20,339.193862
-10.876809,18,339.248465
-11.53476,19,339.306529
-12.170009,20,339.367279
-11.002751,18,339.422596
-11.030418,18,339.47692
-10.738437,17,339.528271
-12.371675,25,339.604408
-11.399656,18,339.659382
-11.049535,18,339.714027
-10.962492,18,339.768486
-11.072533,18,339.823436
-10.73684,17,339.874956
-11.053013,18,339.929883
-11.02904,19,339.988729
-11.019456,19,340.046776
-10.786745,18,340.101743
-10.862327,18,340.156272
-10.652603,18,340.21155
-10.934055,18,340.267001
-11.338317,19,340.324607
-11.14114,18,340.37906
-12.377656,22,340.446203
-10.872975,18,340.500341
-11.151617,18,340.55536
-10.951887,18,340.61082
-11.01551,19,340.668638
-11.855283,20,340.729788
-10.881111,18,341.109088
-11.209867,18,341.166638
-10.933681,18,341.224792
-10.989865,18,341.282457
-11.018007,18,341.340577
-11.528934,19,341.401917
-10.851316,18,341.460248
-10.737905,18,341.51879
-11.114321,18,341.577181
-11.170978,19,341.638715
-10.974635,18,341.697123
-11.136958,18,341.755327
-11.357053,19,341.816827
-11.578291,20,341.882035
-11.053385,18,341.940677
-10.935787,18,341.998893
-11.129082,18,342.057487
-11.264225,18,342.115888
-10.822571,18,342.174376
-11.844867,21,342.242842
-11.87899,19,343.1154
-11.212663,18,343.172065
-10.959503,18,343.230314
-10.714147,18,343.289876
-11.314945,19,343.351305
-10.969969,18,343.409818
-11.941921,21,343.478556
-11.298111,19,343.540635
-11.320518,19,343.602701
-11.011378,18,343.658476
-11.50426,19,343.716216
-11.143571,19,343.774012
-11.069737,18,343.82905
-10.919783,18,343.884873
-11.089396,18,344.594975
-11.50223,19,344.652513
-11.184799,18,344.70787
-11.43295,20,344.768747
-10.891566,19,344.826185
-10.840446,18,344.882451
-11.274399,19,344.941435
-11.147314,18,344.999635
-11.122496,18,345.057085
-11.281171,19,345.118724
-10.985407,19,345.180176
-10.947078,18,345.238307
-11.281369,18,345.296479
-10.716188,18,345.354292
-11.035802,18,345.411982
-10.951435,18,345.469724
-11.029127,18,345.527386
-10.802144,18,345.582342
-10.945815,18,345.637454
-10.96421,19,345.695683
-10.857048,18,345.750214
-11.094638,18,345.805363
-11.475944,19,345.862884
-10.807339,18,345.91798
-10.788847,18,345.972452
-10.67433,18,346.027431
-11.495394,19,346.085524
-12.165257,20,346.147805
-11.185602,18,346.203055
-10.918287,18,346.258066
-11.384074,19,346.316988
-11.344031,18,346.371996
-10.690987,17,346.424586
-11.429535,19,346.481948
-11.128329,18,346.863873
-10.727598,18,346.919632
-11.41832,19,346.980306
-11.195103,18,347.035313
-10.987435,18,347.090744
-10.868712,18,347.146745
-11.068771,18,347.200985
-11.036514,18,347.255155
-11.199287,19,348.00173
-11.131512,18,348.05711
-10.989328,18,348.112077
-11.094922,18,348.167912
-10.680628,18,348.222826
-10.773285,18,348.277706
-11.185255,19,348.336578
-10.964982,19,348.395103
-10.949341,18,348.449833
-10.885243,18,348.511268
-10.842288,18,348.567429
-11.327012,19,348.625625
-10.9422,18,348.68082
-11.046294,18,348.736317
-11.015224,18,348.791434
-11.205745,18,348.846394
-11.201239,19,348.90417
-11.383972,19,348.962806
-11.637316,20,349.024641
-11.741436,20,349.086335
-11.11737,18,349.144789
-10.858919,18,349.202918
-10.805815,17,349.257657
-10.7759,18,349.31614
-10.990941,18,349.374957
-11.256619,19,349.435971
-14.523319,23,349.852644
-10.760973,18,349.907764
-10.872059,18,349.96357
-11.416989,20,350.025493
-11.064616,19,350.083847
-11.522784,18,350.138938
-10.88045,18,350.194256
-11.004205,18,350.249037
-11.024736,18,350.304482
-11.006268,18,350.359287
-10.996153,18,350.414367
-11.111524,18,350.468785
-11.171172,18,350.522836
-11.384996,19,350.582607
-10.859155,18,350.639224
-10.885717,18,350.696437
-11.579257,19,350.757743
-10.765214,18,350.816115
-11.219958,18,350.874274
-11.025646,18,350.932459
-10.722351,18,350.990686
-11.177528,19,351.051772
-11.01874,18,351.110155
-11.273407,19,351.172688
-11.024739,18,351.231292
-10.892993,18,351.28932
-10.989337,18,351.347622
-11.489184,18,351.405781
-11.377835,18,351.46399
-10.971467,18,351.521288
-10.9052,18,352.282996
-10.822885,18,352.340532
-10.763052,18,352.399008
-10.776771,18,352.457165
-11.257516,19,352.880638
-11.327874,19,352.943467
-11.024646,18,353.002574
-11.10039,18,353.061094
-10.759863,18,353.119476
-11.163054,18,353.178376
-11.127787,18,353.235943
-11.337509,19,353.29751
-10.913595,18,353.355345
-10.846169,18,353.413541
-10.943186,19,353.475013
-11.726705,20,353.539311
-11.187305,19,353.60101
-11.06209,18,353.659596
-10.925963,18,353.717756
-10.97965,18,353.776673
-11.101699,19,353.838495
-11.608049,20,353.903126
-12.823561,22,353.972096
-11.03032,18,354.030621
-10.790761,19,354.09143
-10.843611,18,354.148897
-12.85527,21,354.217996
-11.709866,20,354.279368
-10.88277,18,354.3427
-10.87364,18,354.397503
-11.116247,18,354.452399
-10.946604,18,354.507105
-10.754383,18,354.562771
-11.6844,19,354.623405
-11.108826,17,354.677796
-10.97548,18,354.73622
-10.870692,18,354.794469
-10.790165,18,355.215077
-11.547575,20,355.278559
-10.908652,18,355.334195
-10.976082,18,355.388958
-10.88958,18,355.443868
-10.937224,18,355.49814
-11.221448,18,355.553092
-10.893859,19,355.610878
-11.559185,19,355.669112
-10.994999,18,355.724311
-11.329924,18,355.779532
-10.869763,18,355.835286
-11.150669,19,355.892809
-10.890993,18,355.947513
-10.946307,18,356.002136
-11.53422,20,356.063241
-11.212404,19,356.120646
-10.871967,18,356.175942
-10.756292,18,356.97633
-10.977042,18,357.031929
-11.417225,20,357.095888
-11.275594,19,357.156091
-11.081265,19,357.216903
-11.251751,19,357.278165
-10.946046,18,357.335732
-11.131386,18,357.393269
-10.894659,18,357.450513
-21.15732,31,357.549736
-11.366751,19,357.610304
-11.438705,18,357.668301
-10.911326,18,357.726284
-11.202509,19,357.78736
-11.086841,19,357.848687
-10.965221,18,357.9066
-11.117552,18,358.305819
-11.463757,19,358.367907
-10.81773,18,358.425947
-10.696663,18,358.484398
-10.926328,18,358.541649
-10.96033,18,358.598982
-10.989725,18,358.656628
-10.872356,18,358.714419
-10.805966,18,358.772651
-10.887482,18,358.830973
-11.19345,18,358.889313
-11.086529,18,358.947306
-11.207437,19,359.008047
-10.846209,18,359.066055
-10.848571,18,359.124067
-11.070943,19,359.185144
-10.731083,17,359.239912
-11.192179,19,359.301133
-11.549788,18,359.359325
-11.127943,18,359.417454
-11.309818,19,359.482724
-11.410903,19,359.544416
-10.946659,19,359.605726
-10.86736,18,359.663924
-10.711242,18,359.722577
-11.01226,18,359.781065
-11.10568,19,359.843178
-10.934382,18,359.902431
-11.663917,19,359.96076
-11.086778,18,360.017143
-11.075511,18,360.074488
-11.021065,18,360.133802
-11.019556,18,360.191514
-11.170119,19,360.253133
-11.144589,19,360.660922
-11.066763,19,360.722937
-10.822307,18,360.781799
-11.058318,18,360.840201
-13.12477,24,360.919044
-11.438031,19,361.70189
-11.269565,19,361.76072
-11.081459,18,361.815834
-11.08966,18,361.870775
-10.826115,18,361.926969
-10.775601,18,361.981962
-10.906114,18,362.037009
-10.617992,17,362.088926
-10.959913,18,362.144652
-10.953069,18,362.199342
-10.870536,18,362.254049
-13.417755,25,362.331086
-11.041259,18,362.385925
-11.117267,19,362.444356
-11.214253,19,362.502002
-10.935816,19,362.560259
-11.191805,18,362.614669
-10.777951,18,362.66895
-11.159853,19,362.726984
-10.942564,18,362.782302
-11.944714,21,362.846343
-11.082885,18,362.900677
-10.684785,18,362.956152
-10.703846,18,363.010664
-11.493705,19,363.068997
-10.839285,17,363.120797
-10.90862,18,363.175731
-10.867796,19,363.233236
-10.793493,18,363.632243
-10.931851,18,363.688961
-11.548759,20,363.75387
-10.861531,18,363.812031
-13.481597,24,363.889127
-11.200566,18,363.947431
-10.901938,18,364.005398
-11.126386,18,364.063907
-10.884395,18,364.121653
-10.732819,18,364.179647
-11.526302,20,364.244075
-10.7946,18,364.302208
-11.071413,18,364.361385
-11.240243,19,364.422607
-10.809367,18,364.480441
-11.251177,18,364.538869
-11.905654,21,364.606374
-11.013746,19,364.667723
-10.950773,19,364.725475
-10.828244,18,364.780529
-11.097476,18,364.835058
-10.949337,18,364.889376
-11.020821,19,364.947317
-10.794432,18,365.002573
-10.981046,19,365.059804
-10.888857,18,365.114589
-10.77391,18,365.16935
-11.215261,18,365.899936
-11.114289,19,365.961914
-10.988079,18,366.019922
-11.303826,18,366.078185
-10.750017,17,366.133374
-10.987318,18,366.19205
-11.008892,18,366.250497
-11.004655,18,367.038143
-10.899788,18,367.093051
-11.516621,19,367.150603
-11.120204,19,367.208654
-10.940482,18,367.263497
-11.21841,19,367.321476
-10.908174,18,367.376387
-11.329525,19,367.433822
-11.237369,19,367.491178
-10.903425,18,367.545879
-10.940078,18,367.600725
-10.93417,18,367.655773
-10.820345,18,367.710145
-10.937068,18,367.764395
-11.138014,18,367.81946
-11.053207,18,367.874078
-11.124885,18,367.929549
-10.681309,18,367.984494
-10.74467,18,368.039711
-10.957367,18,368.094517
-10.798677,18,368.14969
-10.926696,18,368.204872
-11.255442,19,368.263059
-11.571414,20,368.323853
-10.848383,18,368.37884
-10.949257,18,368.433803
-11.179667,19,368.491895
-10.824595,18,368.547739
-10.717708,18,368.603399
-10.947345,18,368.6582
-11.134168,18,368.71262
-11.029222,19,368.770233
-12.585486,22,368.838084
-10.879976,18,368.892679
-11.04258,18,369.304791
-10.937741,18,369.362639
-10.86101,19,369.423757
-11.401674,20,369.487549
-10.844172,18,369.545861
-11.046466,19,369.607116
-10.765241,18,369.665387
-10.872266,18,369.723357
-11.342939,19,369.784402
-11.241156,18,369.843227
-10.832829,18,369.901401
-11.002002,18,369.959188
-11.117534,19,370.02185
-10.584629,17,370.076939
-10.682633,17,370.132683
-11.086938,19,370.83011
-11.16711,19,370.88808
-10.972488,18,370.942493
-11.131457,19,370.999747
-10.868105,18,371.055542
-10.662677,18,371.111246
-11.02757,19,371.169169
-11.030667,19,371.227274
-11.183372,19,371.284805
-10.738487,18,371.339328
-11.055765,18,371.393638
-11.251872,19,371.452782
-10.995845,18,371.507298
-10.940137,19,371.56563
-10.929956,18,371.620949
-11.312256,19,371.678683
-10.834814,19,371.736784
-10.948172,18,371.791158
-10.79661,18,371.84643
-12.151382,20,372.260713
-10.904867,18,372.316465
-10.904071,18,372.373763
-11.045032,18,372.432261
-10.680478,17,372.487371
-11.571219,19,372.550482
-10.97778,18,372.60872
-11.238375,19,372.670846
-11.136461,19,372.733033
-11.177896,19,372.794272
-10.841401,17,372.850288
-10.716294,18,372.908625
-11.016899,18,372.966618
-10.640992,17,373.021869
-10.948326,18,373.081124
-10.805283,18,373.139532
-11.084596,18,373.195426
-10.953344,18,373.250642
-10.886944,18,373.305251
-11.093631,18,373.360493
-10.789283,18,373.416831
-10.877004,18,373.475222
-11.401372,18,373.532877
-10.939055,18,373.590853
-11.154579,19,373.658379
-10.903949,18,373.716208
-11.089364,19,373.778454
-10.947414,18,373.836792
-11.075142,18,373.895122
-11.577339,19,373.956271
-10.922656,18,374.014763
-10.773548,18,374.072879
-10.726397,17,374.124495
-10.978686,18,374.179078
-10.87934,18,374.575339
-10.814983,19,374.633894
-11.024847,18,374.689574
-11.00237,18,375.436263
-10.771759,18,375.491593
-11.290856,18,375.546311
-10.851279,18,375.601598
-10.897325,18,375.657308
-11.048202,19,375.716598
-11.001425,17,375.768985
-11.020816,18,375.823791
-11.087999,18,375.87917
-12.68367,24,375.952716
-11.032743,19,376.010359
-10.801124,18,376.064982
-10.995591,18,376.120606
-10.83655,18,376.176157
-12.250315,21,376.240015
-10.731455,18,376.295761
-10.852587,18,376.350473
-11.18447,19,376.407909
-11.088282,18,376.462264
-11.029722,18,376.517399
-10.900207,18,376.572274
-10.772066,18,376.627098
-11.33572,19,376.685333
-11.299885,18,376.741745
-10.770713,18,376.796437
-11.187617,18,376.85078
-11.152457,18,376.906839
-11.394281,19,376.964694
-10.978661,18,377.019237
-11.027209,19,377.077139
-10.877753,18,377.132701
-10.74887,18,377.533195
-11.526693,19,377.591173
-10.97249,18,377.646282
-11.101994,19,377.70442
-11.325738,19,377.763233
-10.859078,18,377.817781
-11.391922,18,377.872734
-11.259873,18,377.928251
-11.048953,18,377.983043
-11.003792,18,378.037532
-10.850404,18,378.092781
-11.117276,18,378.149177
-11.104472,19,378.206988
-11.191166,19,378.265193
-11.05276,18,378.321023
-10.749997,18,378.376593
-10.861589,18,378.43149
-11.104767,19,378.489652
-10.992223,18,378.545197
-11.062896,18,378.599813
-10.990756,18,378.654685
-10.842599,18,378.71037
-11.372445,20,378.772989
-10.986369,18,378.827668
-10.991728,19,379.499004
-11.994222,20,379.560493
-10.692782,18,379.615057
-11.280578,19,379.673544
-10.757457,18,379.729635
-11.330061,19,379.789494
-10.713245,18,379.844958
-11.149687,18,379.900254
-14.42972,29,379.991717
-10.871429,18,380.046447
-11.113955,19,380.418393
-10.844809,18,380.473753
-10.787757,18,380.529126
-10.727192,18,380.583654
-11.25808,18,380.639289
-10.818019,18,380.693825
-10.898624,18,380.750004
-11.176356,19,380.807659
-10.950006,18,380.862586
-11.108517,18,380.917637
-10.925259,17,380.970169
-10.690874,18,381.024699
-10.879022,18,381.079394
-10.521598,17,381.131407
-10.959657,18,381.186192
-12.039828,21,381.250708
-10.860134,19,381.308073
-11.722519,21,381.372607
-10.901135,18,381.427182
-10.678104,17,381.478686
-10.716739,17,381.530977
-10.682895,18,381.585979
-10.840487,18,381.640515
-11.076096,19,381.698226
-11.100612,19,381.756857
-10.884229,18,381.811376
-11.004686,18,381.867034
-11.042192,18,381.921638
-10.88221,18,381.97727
-10.831879,18,382.031784
-10.910747,18,382.086236
-11.479813,20,382.14807
-10.74117,19,382.205613
-10.995835,19,382.263311
-10.977317,18,382.640242
-11.084892,18,382.695291
-10.800031,18,382.750959
-11.142425,19,382.808224
-10.918534,18,382.863078
-10.957966,19,382.920869
-11.255089,20,382.982477
-11.196521,19,383.039895
-11.15272,18,383.094666
-10.926836,19,383.152817
-11.012106,18,383.207689
-11.039934,18,383.862731
-10.693576,18,383.918803
-10.677144,18,383.974546
-11.046571,18,384.029083
-10.768934,18,384.0836
-10.794673,18,384.138135
-11.022696,19,384.196429
-10.857871,18,384.251129
-11.001974,19,384.309103
-11.216988,19,384.367681
-10.794206,19,384.425606
-10.733543,18,384.480282
-11.033432,19,384.538327
-10.818018,18,384.593667
-10.852615,18,384.647915
-10.928896,18,384.70259
-10.982896,18,384.757212
-11.114102,18,384.812063
-10.874308,18,384.866871
-10.896576,18,384.921683
-10.903444,18,384.97671
-10.903084,18,385.031421
-11.260993,18,385.085814
-10.703111,18,385.473118
-10.695761,18,385.528027
-10.748,18,385.582893
-11.187237,18,385.637474
-11.224702,18,385.691952
-10.86472,18,385.746379
-11.1944,18,385.801474
-10.774454,18,385.856645
-11.023136,18,385.911286
-11.186561,20,385.972216
-10.946978,18,386.027606
-11.050502,19,386.085959
-10.856225,19,386.144062
-10.918947,18,386.19923
-10.87392,18,386.254184
-11.006837,18,386.30915
-10.79145,18,386.364408
-10.77938,18,386.41953
-10.688268,18,386.475219
-10.95038,18,386.530129
-10.817473,18,386.584728
-11.100695,19,386.643214
-10.856611,18,386.697834
-11.345353,18,386.753254
-10.915694,18,386.808693
-11.062595,18,386.86355
-11.194109,19,386.920958
-10.964898,19,386.979074
-11.041142,18,387.034278
-10.503351,17,387.086953
-10.885703,18,387.142076
-10.707456,18,387.196612
-11.532077,20,387.258129
-10.953328,18,387.312404
-10.722576,18,388.775326
-10.962228,18,388.831838
-10.983475,18,388.890145
-10.797716,18,388.948842
-10.855381,18,389.006935
-11.983909,21,389.07681
-10.965399,19,389.138467
-10.719649,18,389.196703
-10.849809,18,389.255099
-11.079099,19,389.316384
-11.185036,18,389.374435
-11.412822,20,389.439317
-10.835273,18,389.498085
-10.981519,18,389.556832
-10.820104,18,389.614821
-10.917401,18,389.67325
-11.037879,19,389.735389
-13.700746,24,389.812685
-10.879153,18,389.871215
-11.292608,19,389.932412
-10.882505,18,389.991834
-11.1582,19,390.0533
-11.422019,20,390.118494
-10.928763,18,390.176883
-10.841357,18,390.235033
-10.953074,19,390.297062
-10.894745,18,390.355715
-10.92347,18,390.414535
-10.890753,18,390.473209
-10.866955,18,390.531316
-10.639906,17,390.586395
-10.8956,18,390.644342
-10.8619,18,390.703338
-11.155163,18,390.761759
-10.945966,18,391.166104
-10.893319,18,391.224504
-10.807711,18,391.283514
-10.822048,18,391.342273
-10.91337,18,391.400688
-10.975541,18,391.458697
-10.757469,18,391.517616
-10.774781,18,391.576012
-10.859712,18,391.634225
-10.93887,18,391.693416
-11.089504,19,391.755575
-10.862656,18,391.813099
-10.89501,18,391.871306
-10.889801,19,391.933177
-10.82067,19,391.994641
-10.865234,18,392.053303
-11.013919,19,392.115395
-10.833574,18,392.173832
-10.958688,18,392.232376
-11.481483,19,392.294447
-11.012004,18,392.353281
-11.048193,19,393.2858
-10.890947,18,393.343728
-10.880372,19,393.404847
-10.693836,18,393.462915
-11.032089,19,393.524971
-10.956886,18,393.584015
-10.927413,18,393.642415
-11.200928,18,393.700538
-11.56794,20,393.765583
-10.945482,18,393.82351
-11.078905,19,393.885324
-10.791537,18,393.943908
-10.577317,17,393.998335
-10.797409,18,394.381995
-11.063715,19,394.443174
-11.017131,19,394.504184
-10.932132,18,394.56332
-10.619509,18,394.621205
-10.984207,19,394.682223
-10.724527,18,394.740906
-10.801082,18,394.799099
-11.112076,17,394.854134
-10.950036,19,394.915745
-11.028975,18,394.974116
-11.240963,19,395.035596
-10.758073,18,395.094038
-11.006336,18,395.152911
-11.081677,20,395.217237
-11.13637,19,395.278644
-11.262922,19,395.340601
-10.982663,18,395.398601
-11.404377,19,395.459776
-10.762626,18,395.518402
-10.92625,18,395.577497
-11.074629,18,395.635703
-10.99905,18,395.694147
-11.193692,19,395.755974
-11.257533,19,395.817834
-10.884222,19,395.878868
-10.826886,18,395.937412
-10.822214,18,395.995818
-10.789778,18,396.053466
-10.984058,18,396.111399
-10.857763,18,396.170564
-10.570349,17,396.225482
-10.859115,18,396.28329
-10.772145,18,396.341989
-12.149766,20,396.748714
-10.705155,18,396.803981
-10.838009,18,396.858735
-10.631693,18,396.913307
-10.74511,18,396.968461
-10.830027,18,397.022779
-10.878309,18,397.077086
-11.014928,20,397.138056
-10.842906,18,397.193097
-10.747182,18,397.962883
-10.808655,18,398.018025
-11.306138,18,398.072356
-10.81063,18,398.127705
-11.15929,19,398.186835
-10.554869,17,398.238624
-10.854086,18,398.292997
-11.064477,19,398.350669
-10.703799,18,398.405935
-10.754109,18,398.460741
-10.821672,18,398.515515
-11.321653,20,398.577053
-11.028144,18,398.631612
-10.820474,18,398.6863
-10.827439,18,398.741126
-11.000955,18,398.796525
-10.700322,18,398.850724
-10.702019,18,398.904919
-11.494494,19,398.962805
-10.979983,18,399.017628
-10.832536,18,399.072679
-10.808256,18,399.127297
-10.89547,18,399.182408
-10.911461,18,399.237097
-10.808305,18,399.291626
-10.805217,18,399.672742
-10.981174,19,399.73085
-10.842138,18,399.786124
-11.93425,21,399.849561
-11.05785,19,399.906877
-11.052062,18,399.9616
-10.803114,18,400.016898
-10.823083,18,400.071593
-10.830061,19,400.128885
-10.547945,17,400.181088
-10.67131,18,400.235739
-10.652453,18,400.290923
-10.934134,18,400.345798
-10.578207,17,400.398055
-10.962419,18,400.452433
-10.988535,18,400.506768
-10.905744,18,400.561446
-10.66227,18,400.616481
-10.743342,18,400.670656
-11.312545,20,400.731182
-10.986794,18,400.785972
-10.964848,18,400.840249
-10.625861,18,400.894927
-10.933155,18,400.949933
-11.190063,20,401.011286
-10.997184,18,401.065607
-11.079321,19,401.123072
-11.082641,19,401.181372
-11.268013,18,401.236118
-10.822554,18,401.290945
-10.951553,19,401.349104
-10.814262,18,402.108653
-10.850433,18,402.163417
-11.110795,18,402.220447
-10.763786,18,402.619482
-10.779006,18,402.678104
-10.99383,18,402.736522
-10.867551,18,402.795529
-10.755428,18,402.854245
-11.259041,20,402.918883
-10.959933,18,402.977182
-10.73243,18,403.035903
-10.766216,18,403.09386
-10.958666,19,403.154892
-10.791177,18,403.213823
-11.310039,19,403.275943
-11.07153,19,403.337848
-10.878165,19,403.399322
-10.714169,18,403.457562
-11.276511,19,403.518834
-10.753749,18,403.576871
-11.251928,18,403.635362
-11.117827,19,403.696483
-10.802719,18,403.755164
-10.615833,18,403.814232
-10.769629,18,403.873817
-10.726223,18,403.932281
-10.675482,18,403.990603
-11.401826,20,404.055659
-10.634577,18,404.113441
-11.122059,19,404.174958
-10.709091,18,404.233818
-10.73966,18,404.292085
-10.794229,18,404.350551
-10.912185,20,404.415843
-10.903351,18,404.474802
-10.660063,18,404.533899
-10.867743,18,404.592069
-10.53746,17,404.983763
-10.915187,18,405.040377
-10.862036,18,405.095579
-11.29176,19,405.153902
-10.909712,18,405.208381
-10.900734,19,405.266943
-11.058991,19,405.324971
-10.895731,18,405.380022
-10.697826,18,405.435067
-10.824323,18,405.490649
-11.738285,21,405.555369
-10.846965,18,405.609743
-10.798933,18,405.664823
-10.754832,18,405.719226
-11.037179,19,405.777217
-10.739122,18,405.832242
-11.207608,18,405.887107
-11.026556,19,405.945437
-10.797283,18,405.999994
-11.117298,19,406.710088
-11.803825,21,406.778192
-10.913166,18,406.836932
-11.219029,19,406.899078
-10.750658,18,406.957834
-10.940507,18,407.016147
-10.771019,18,407.075718
-11.039222,19,407.137291
-10.545371,17,407.19243
-10.692696,18,407.251367
-10.907477,19,407.313246
-11.05597,18,407.372275
-10.825112,18,407.4309
-10.687424,18,407.490572
-10.685338,17,407.546104
-10.92178,19,407.946112
-10.787674,18,408.005659
-11.149127,19,408.068893
-10.819069,18,408.12752
-11.033063,18,408.185802
-10.804504,18,408.244087
-10.885402,18,408.303111
-10.653251,18,408.362026
-11.227354,19,408.423976
-11.015483,18,408.4831
-10.819687,18,408.541634
-10.872818,18,408.600269
-10.886881,18,408.658786
-10.944439,18,408.71811
-10.884495,18,408.776701
-10.989521,19,408.838033
-10.836651,18,408.897385
-10.860333,18,408.956521
-10.968595,19,409.018887
-10.820014,18,409.077594
-10.85509,18,409.136251
-11.062419,19,409.197965
-10.89015,19,409.25965
-10.745176,18,409.319003
-10.900015,18,409.378315
-10.769299,18,409.436822
-10.77872,18,409.496027
-10.993032,18,409.555126
-10.688536,18,409.613427
-10.695244,18,409.671921
-10.899141,19,409.733601
-10.852851,18,409.792138
-10.903155,18,409.850994
-11.161787,19,409.912877
-10.711877,18,409.971458
-11.237788,19,410.720415
-10.936792,19,410.781782
-10.634274,18,410.839694
-12.378772,23,410.913507
-10.983673,19,410.975181
-10.681567,18,411.752334
-11.444042,19,411.815794
-10.900462,17,411.867259
-11.114708,19,411.925267
-11.083634,19,411.983323
-10.917954,18,412.038439
-11.100514,19,412.0965
-11.378758,20,412.15857
-10.932321,18,412.215683
-10.80139,18,412.27362
-10.781578,18,412.331441
-11.072805,19,412.392724
-10.515568,17,412.447271
-11.574399,20,412.511369
-10.871504,18,412.56983
-11.105054,18,412.627519
-10.964478,18,412.68585
-10.755163,18,412.744002
-11.190712,19,412.804822
-10.706154,18,412.862544
-10.807198,18,412.919935
-10.978545,18,412.978217
-10.999137,18,413.037109
-10.910771,18,413.095066
-10.653827,18,413.153688
-10.800996,18,413.211591
-11.087179,19,413.273214
-11.12519,19,413.33534
-11.009478,18,413.739418
-10.716517,18,413.798527
-11.04277,19,413.860216
-10.981615,19,413.921201
-10.712713,18,413.979528
-10.929874,18,414.037456
-10.83055,18,414.095308
-11.279627,20,414.160072
-10.969703,19,414.22086
-10.836417,19,414.281552
-11.197676,19,414.343041
-10.947002,19,414.404378
-10.868835,18,414.462096
-11.294853,20,414.526245
-11.012012,19,414.588543
-10.673609,18,414.647403
-10.819284,18,414.705582
-11.072129,19,414.7682
-11.037509,18,414.826367
-10.835914,18,414.88432
-11.092853,19,414.945185
-10.719548,18,415.003913
-10.700845,18,415.061776
-11.178866,19,415.12343
-10.9664,18,415.181931
-10.661143,18,415.240571
-11.135415,18,415.299182
-10.983757,19,415.360659
-11.003968,18,416.252217
-11.157449,18,416.306647
-11.83705,21,416.370351
-10.872057,18,416.427201
-10.553252,17,416.479598
-11.007279,18,416.536347
-10.891796,19,416.920408
-11.09317,18,416.978629
-10.865726,18,417.036727
-10.735699,18,417.095039
-11.088854,19,417.155639
-10.810679,18,417.213964
-10.685766,18,417.271899
-10.882697,19,417.332475
-10.949745,18,417.390373
-10.941842,18,417.448828
-10.721571,18,417.506723
-11.621215,21,417.573887
-11.710361,19,417.635072
-11.071026,19,417.696404
-10.89408,19,417.759098
-10.860567,18,417.817548
-10.679529,18,417.87521
-10.814358,18,417.932757
-10.667263,18,417.990606
-10.827453,18,418.049265
-10.786554,18,418.107043
-10.665093,18,418.165165
-10.533732,17,418.220356
-10.76575,18,418.278327
-10.943908,19,418.340071
-10.843223,18,418.398271
-12.31004,21,418.466263
-11.510187,20,418.530526
-10.771999,18,418.588529
-10.917444,18,418.646438
-10.911346,18,418.704881
-10.731082,17,418.759807
-10.686315,18,418.818024
-10.701925,18,418.875903
-10.98927,20,419.265676
-10.802707,18,419.325256
-10.806247,18,419.383801
-10.801373,17,419.438987
-10.728803,18,419.496695
-10.760516,18,419.554899
-10.865168,17,419.609132
-10.912239,18,419.667698
-10.806515,18,419.72558
-10.583827,17,419.780402
-11.24638,19,419.841776
-10.696853,18,419.899471
-10.946857,18,419.957276
-10.998917,19,420.019683
-10.921309,18,420.077893
-11.309316,18,420.135998
-10.631746,17,420.807338
-11.490211,18,420.862446
-10.895997,18,420.917168
-10.831225,18,420.971173
-11.131891,19,421.028216
-10.940339,18,421.083072
-10.481251,17,421.13419
-10.753463,18,421.188556
-10.774382,18,421.24392
-10.862777,18,421.298066
-10.899344,17,421.348885
-10.67354,18,421.402766
-10.814392,18,421.457219
-10.66372,18,421.51174
-11.029182,19,421.56847
-10.516778,17,421.619546
-10.686537,18,421.674953
-10.785365,18,421.7293
-10.768809,18,421.783405
-10.724728,18,422.161394
-10.847217,18,422.215975
-10.702051,18,422.271036
-10.793994,18,422.325828
-11.03969,19,422.382873
-10.585411,18,422.437178
-10.949385,18,422.492284
-11.028062,19,422.54966
-11.030622,19,422.606836
-10.693414,18,422.661245
-10.754737,18,422.716124
-10.679689,18,422.771003
-11.01158,18,422.826138
-10.930003,18,422.881125
-10.895992,18,422.936135
-10.715983,18,422.990322
-10.934003,18,423.044941
-10.910269,18,423.099879
-10.909584,18,423.154235
-10.737075,18,423.208362
-10.801635,18,423.263129
-10.763562,18,423.318729
-10.872661,18,423.374392
-11.462639,19,423.434108
-10.895989,18,423.489077
-10.862418,18,423.543387
-10.827298,19,423.600865
-11.02123,19,423.658863
-10.918194,19,423.717304
-11.35748,20,423.778003
-11.20312,20,423.838877
-10.581951,18,423.893703
-11.091968,18,423.948282
-10.674918,18,424.003258
-10.724924,18,424.382807
-10.705882,18,424.437375
-10.721487,17,424.488806
-10.760335,18,425.171422
-10.835632,18,425.226521
-11.275948,20,425.287617
-10.73895,18,425.34296
-10.796794,18,425.397313
-11.575027,21,425.460893
-10.906301,18,425.515644
-10.87027,18,425.570455
-10.784914,18,425.624722
-10.94147,18,425.678579
-11.223189,18,425.733151
-11.122516,19,425.790805
-10.629533,17,425.842664
-10.980238,18,425.897274
-11.042844,18,425.952319
-10.685321,18,426.006284
-10.806271,19,426.063631
-10.66111,17,426.115134
-10.791536,18,426.169928
-10.81746,18,426.224125
-10.518977,18,426.278454
-11.372466,19,426.336381
-10.504517,17,426.387614
-10.727998,18,426.441901
-10.72519,18,426.49569
-11.296485,19,426.553476
-10.700753,18,426.607343
-12.659218,23,426.675896
-10.913159,19,426.734151
-10.835193,18,426.788295
-10.975613,19,426.845216
-10.853338,18,427.223746
-10.825391,18,427.278217
-11.127303,19,427.336044
-10.854067,19,427.393867
-10.772517,18,427.447669
-10.541643,17,427.498789
-12.061712,23,427.568843
-11.305769,20,427.628744
-11.121783,19,427.685965
-11.411582,20,427.74673
-10.852884,18,427.800782
-10.920883,18,427.854792
-10.536647,17,427.906092
-10.940707,18,427.961496
-10.76096,18,428.015489
-11.103672,19,428.072251
-11.043342,19,428.129061
-10.804038,18,428.18338
-10.834085,18,428.237394
-11.080826,18,428.292854
-10.421424,17,428.343924
-10.645932,17,428.395507
-10.879428,18,428.454744
-11.177992,20,428.515092
-12.236141,23,428.585638
-10.647254,18,429.509192
-10.544579,17,429.563123
-11.593924,19,429.623493
-10.720783,18,429.680714
-11.095087,19,429.741
-10.84358,18,429.799691
-10.835111,18,429.857403
-10.704615,18,429.915377
-10.771401,18,429.973646
-10.731569,18,430.355827
-10.625904,17,430.408559
-11.158013,19,430.465894
-10.851215,18,430.520266
-10.968596,18,430.575177
-10.677709,18,430.629925
-10.79851,18,430.683945
-10.822947,18,430.738911
-10.710279,18,430.793542
-10.647082,18,430.847955
-10.85681,18,430.902455
-11.047548,18,430.957206
-10.911783,18,431.012804
-10.844109,19,431.069836
-10.644015,18,431.123946
-10.748339,18,431.178876
-11.145511,18,431.233371
-10.717704,18,431.287925
-10.82323,18,431.342624
-11.02362,19,431.401244
-10.853862,19,431.458764
-10.729895,18,431.513063
-10.957377,18,431.568065
-10.515541,17,431.620985
-10.847065,18,431.675539
-10.952155,19,431.732905
-10.883905,18,431.787786
-10.653765,19,431.84539
-10.792364,18,431.899631
-10.760704,18,431.954452
-10.916409,18,432.009871
-10.934286,19,432.067939
-10.802789,18,432.12284
-10.859045,18,432.17817
-10.736851,18,432.88731
-11.120972,18,432.942287
-10.876627,18,432.997671
-10.879461,18,433.052552
-10.527163,17,433.103968
-11.013682,18,433.158546
-10.65871,18,433.21437
-10.686798,18,433.269328
-10.734268,18,433.32389
-10.688922,18,433.378426
-10.743284,18,433.434066
-10.894759,18,433.489333
-11.209004,19,433.554774
-10.937301,18,434.31071
-10.821874,18,434.364891
-10.712882,18,434.419584
-10.387446,17,434.47108
-10.720831,18,434.52638
-10.754914,18,434.581273
-10.505374,17,434.633358
-10.970021,17,434.684909
-11.013063,19,434.742027
-10.794021,18,434.796105
-10.64379,18,434.851728
-10.815258,18,434.906202
-10.832943,18,434.960366
-10.90402,18,435.016156
-10.763681,18,435.071139
-10.981321,18,435.126434
-13.679714,25,435.201854
-10.74771,18,435.256956
-10.66652,18,435.311494
-10.769952,18,435.366153
-10.514978,17,435.418158
-10.552242,17,435.469717
-10.773241,18,435.850513
-10.790298,18,435.905282
-10.786975,18,435.95978
-10.662972,18,436.014028
-10.710508,18,436.06958
-10.913615,19,436.127697
-10.777335,18,436.182538
-11.00318,19,436.240689
-10.908941,19,436.298227
-10.739688,18,436.352903
-10.807533,18,436.407469
-10.545389,17,436.459733
-11.310724,19,436.517296
-10.917872,18,436.571829
-10.866034,18,436.627403
-10.619574,18,436.684549
-11.63066,18,436.739814
-10.996426,19,436.797116
-10.942045,18,436.852408
-10.729612,18,436.906844
-10.503843,17,436.958252
-10.902244,18,437.012957
-11.376916,20,437.074222
-10.758024,18,437.129083
-10.671828,18,437.183136
-11.100678,18,437.237727
-12.796532,23,437.307888
-10.714882,18,437.362115
-11.12778,19,437.419317
-10.974277,19,437.477612
-10.734582,18,437.532308
-10.703745,18,437.587675
-10.867363,18,437.642738
-10.633606,18,437.698092
-10.715972,18,438.761868
-11.000697,18,438.816841
-10.884372,18,438.872368
-10.538745,17,438.924797
-10.947829,18,438.979564
-10.927643,18,439.034131
-11.140569,18,439.090139
-10.692854,18,439.1457
-11.159359,20,439.207489
-10.61236,19,439.267537
-11.176567,18,439.324095
-10.943388,18,439.379264
-11.2519,18,439.434074
-10.785367,18,439.489997
-10.922205,19,439.548275
-10.915799,18,439.603429
-10.764475,19,439.661323
-10.674521,18,439.716828
-10.789927,18,439.771942
-10.905936,19,439.830042
-10.732808,18,439.885733
-10.83759,18,439.940235
-10.916889,18,439.99569
-11.148085,19,440.053554
-11.864058,21,440.118962
-10.795153,18,440.174281
-10.762541,18,440.229404
-11.507574,20,440.291631
-12.246977,22,440.35876
-10.722424,18,440.41345
-11.48331,20,440.475097
-10.923673,19,440.532985
-11.039038,18,440.587488
-10.676259,18,440.642589
-10.793273,18,441.025425
-11.498272,20,441.08741
-11.45632,20,441.148286
-10.996786,18,441.203102
-10.398888,17,441.255062
-10.669486,18,441.310676
-11.040297,18,441.366664
-10.804703,18,441.421131
-10.939903,18,441.47579
-10.916397,18,441.531388
-10.958623,18,441.586138
-10.945167,19,441.643665
-10.845735,18,441.699982
-10.922013,19,441.758635
-10.805216,18,441.813212
-10.83571,18,441.867541
-10.715526,18,441.922483
-10.912091,19,441.980795
-10.680853,18,442.035113
-10.673367,18,442.089612
-10.793947,18,442.14553
-10.822551,18,442.200195
-10.88011,18,443.000694
-10.919241,19,443.062625
-10.944231,19,443.124434
-11.038876,18,443.18356
-10.979875,19,443.245862
-10.914262,19,443.308851
-10.521372,17,443.365079
-10.739188,18,443.423018
-11.004335,18,443.481215
-10.881718,19,443.54349
-10.968095,18,443.602324
-10.723599,18,443.66071
-10.920208,18,444.072071
-11.01176,19,444.134629
-10.716731,18,444.193327
-10.952341,19,444.25501
-12.042849,22,444.327349
-10.678928,18,444.387213
-10.880948,19,444.449393
-10.535025,17,444.504802
-10.662149,18,444.564124
-10.892552,18,444.62294
-10.715295,18,444.681813
-10.818351,18,444.741412
-10.995481,19,444.803637
-10.909178,19,444.865211
-11.380312,19,444.926669
-10.719635,18,444.986147
-10.716651,18,445.045152
-10.888184,18,445.10337
-10.582548,18,445.162252
-10.683193,18,445.221098
-10.845954,19,445.282639
-10.798477,18,445.341643
-10.765846,18,445.400964
-10.766655,18,445.459295
-10.7037,18,445.517597
-10.823821,18,445.576761
-10.606519,17,445.632463
-10.760479,18,445.689608
-10.727598,18,445.744332
-10.75258,18,445.799567
-10.92733,18,445.854347
-10.897543,18,445.909155
-10.870794,18,445.964323
-11.009348,18,446.019483
-10.876601,18,446.401196
-10.784318,18,446.456405
-10.741236,17,446.508173
-10.543379,17,446.560804
-10.903453,19,446.619054
-10.714059,18,446.673557
-10.84198,17,446.724999
-10.915384,18,446.780346
-10.849992,18,446.835084
-11.486051,20,446.895337
-10.645095,18,447.658942
-10.712274,18,447.718109
-11.005062,19,447.780568
-10.503572,17,447.83696
-10.586767,18,447.894733
-10.659492,18,447.953662
-10.924233,19,448.016321
-10.867322,18,448.074631
-11.278563,20,448.139475
-11.2553,18,448.198572
-10.870807,18,448.256998
-10.895078,19,448.319149
-10.675359,18,448.377984
-10.76761,18,448.436333
-10.927617,18,448.493833
-10.801569,18,448.551353
-10.976394,18,448.61007
-10.682536,18,448.66747
-10.811535,18,448.724965
-10.492692,17,448.779536
-10.635282,18,448.837782
-10.866441,19,448.899493
-10.738244,18,448.958237
-10.846447,18,449.016568
-10.697835,18,449.07435
-10.585224,17,449.455887
-10.864486,18,449.510682
-10.854749,18,449.565217
-11.17888,19,449.623328
-10.917335,19,449.680354
-10.86374,19,449.73773
-10.679462,18,449.79253
-10.76677,18,449.847255
-10.539275,18,449.902804
-10.851095,18,449.95754
-11.044367,18,450.013636
-10.722002,17,450.065263
-10.795728,18,450.120261
-10.69172,18,450.175122
-10.763057,18,450.231011
-10.646092,18,450.286092
-10.883642,18,450.341166
-11.240516,19,450.399374
-10.737233,18,450.45381
-10.801786,18,450.508534
-11.088395,18,450.562924
-10.623826,18,450.61847
-10.726508,18,450.672835
-10.872344,18,450.727418
-10.903678,18,450.782156
-10.783712,18,450.837325
-10.770631,18,450.891576
-10.961367,18,450.946626
-10.768537,18,451.001817
-10.757278,18,451.056567
-10.860565,18,451.111175
-10.724996,18,451.165438
-11.135259,19,451.910579
-10.828899,18,451.964997
-10.520923,17,452.342085
-10.857818,18,452.397041
-10.782054,18,452.453037
-10.588326,17,452.504515
-10.82396,18,452.558886
-10.895902,19,452.621208
-10.959227,18,452.675835
-10.759645,18,452.730471
-11.094116,19,452.787706
-10.770704,18,452.842494
-10.797071,18,452.896942
-10.800147,18,452.95213
-10.711133,18,453.00649
-10.916265,18,453.06201
-10.675089,18,453.116356
-10.809004,18,453.170725
-10.591074,18,453.225517
-10.705179,18,453.280122
-10.889846,18,453.334788
-10.560889,17,453.386
-10.682958,18,453.441139
-10.72101,18,453.495663
-10.769381,18,453.550505
-10.900622,18,453.604845
-10.815211,18,453.660368
-10.779393,18,453.714167
-10.705338,18,453.768065
-10.863121,18,453.822231
-10.772391,18,453.877469
-10.805886,18,453.933021
-10.641159,18,453.987653
-10.69712,18,454.042736
-10.809294,18,454.097118
-10.931673,18,454.151224
-10.571544,18,454.205577
-11.180297,19,454.932173
-10.788616,18,454.990564
-10.706157,18,455.048852
-10.794677,18,455.107119
-10.672464,18,455.165308
-11.363041,19,455.226381
-11.02328,19,455.284358
-10.963184,19,455.342013
-10.49534,17,455.393477
-11.157065,19,455.451185
-10.742026,18,455.505605
-10.821725,18,455.561098
-10.475223,18,455.615373
-12.654589,22,455.68267
-10.714796,18,455.73727
-11.328,20,455.797272
-11.414763,20,455.858658
-10.683195,18,455.912857
-10.827348,18,455.967083
-10.845694,18,456.672099
-11.127284,19,456.733589
-10.531412,17,456.789161
-10.86177,19,456.848161
-10.726345,18,456.903538
-10.972197,19,456.961317
-10.727863,17,457.013065
-10.874977,18,457.068613
-10.745624,18,457.124195
-10.93436,19,457.182227
-10.544375,17,457.233449
-10.863105,19,457.291545
-11.100092,19,457.348804
-10.904381,18,457.403661
-10.724821,18,457.458048
-10.741514,18,457.84027
-10.767022,18,457.895967
-10.693704,18,457.95032
-10.74455,18,458.004718
-10.526251,17,458.056815
-10.809788,18,458.112479
-10.788133,18,458.167778
-10.884545,18,458.221967
-10.510009,17,458.273342
-10.721663,18,458.328493
-10.831837,18,458.383595
-10.747301,18,458.437857
-10.718913,18,458.492676
-10.945038,18,458.548573
-10.761934,18,458.60302
-10.87951,18,458.657688
-10.544326,17,458.709728
-10.752264,18,458.764319
-10.816124,18,458.818608
-10.843173,18,458.872816
-11.022544,18,458.928037
-10.97133,19,458.987114
-10.741226,18,459.042406
-10.811381,18,459.097366
-10.820605,18,459.152881
-10.736056,18,459.20805
-10.641672,18,459.26335
-10.977821,18,459.318712
-10.638676,17,459.370435
-10.719283,18,459.424866
-10.991983,18,459.47926
-12.889774,25,459.557203
-10.794283,18,459.611809
-10.988373,19,459.669187
-10.739381,18,460.049315
-10.919694,19,460.107773
-10.778613,18,460.163929
-10.915045,19,460.221951
-10.763893,18,460.276565
-10.675164,18,460.331964
-10.782907,18,460.386429
-11.202151,19,461.286006
-10.661549,18,461.342043
-10.644461,18,461.396605
-10.613164,17,461.447948
-10.786595,18,461.502062
-11.405878,19,461.561011
-10.78677,18,461.615915
-10.69347,18,461.670805
-10.542807,17,461.72233
-10.734652,18,461.777914
-10.652069,18,461.832231
-10.736424,18,461.886581
-10.51241,18,461.942245
-10.869921,18,461.997702
-10.734983,18,462.052324
-11.071992,19,462.109641
-10.910639,19,462.168505
-10.573065,17,462.219963
-11.017731,19,462.277636
-10.761314,18,462.332344
-10.839351,18,462.387032
-10.468851,17,462.43841
-10.798355,18,462.4924
-10.775203,18,462.547439
-10.832021,18,462.602628
-10.701421,18,462.657384
-10.774962,18,462.711931
-10.677452,18,462.76759
-10.906914,18,463.14762
-10.51929,17,463.200903
-10.63298,18,463.255068
-10.895227,18,463.309315
-10.906236,18,463.364411
-10.738741,18,463.418644
-10.512262,17,463.469737
-10.889995,18,463.52416
-11.534948,21,463.59091
-10.628409,18,463.645468
-10.828347,18,463.699939
-10.77767,18,463.755442
-11.047603,19,463.813655
-10.515962,17,463.864889
-11.080444,19,463.922015
-10.699541,18,463.977118
-10.707903,18,464.031675
-10.841718,18,464.085948
-10.702166,18,464.141725
-10.744242,18,464.197227
-10.809978,18,464.251739
-10.543049,17,464.30322
-10.929525,18,464.358645
-10.85134,18,464.414086
-10.755298,18,464.468385
-10.780645,18,464.522501
-10.888923,18,464.577501
-10.546975,17,464.62941
-11.010742,19,464.686672
-10.88891,19,465.758325
-10.876658,18,465.813989
-11.072956,19,465.873762
-11.824389,21,465.939706
-10.955732,19,466.000987
-10.934135,19,466.419487
-10.676034,18,466.478069
-10.483402,17,466.532737
-10.857443,18,466.591261
-10.496993,17,466.646394
-12.327901,22,466.717183
-10.757373,18,466.776737
-10.584924,18,466.834746
-10.745907,19,466.893533
-10.826856,18,466.9483
-11.144452,19,467.00786
-10.875906,18,467.062663
-10.79933,18,467.116939
-11.067845,19,467.175128
-10.883396,18,467.230209
-11.434516,20,467.291307
-10.937794,19,467.350439
-10.765081,18,467.406449
-10.709209,18,467.461402
-10.801104,18,467.516449
-10.871259,18,467.571294
-11.043233,19,467.629598
-10.688672,18,467.684682
-10.872178,19,467.743282
-10.746323,18,467.79895
-10.810961,18,467.853905
-10.658199,18,467.908881
-10.697265,19,467.967195
-10.576766,17,468.019925
-10.650105,18,468.074942
-11.126651,19,468.132666
-10.534415,17,468.185041
-10.985286,19,468.244103
-10.783926,18,468.29961
-10.820779,19,468.687987
-10.531121,17,468.741361
-10.946986,19,468.800467
-10.696153,18,468.855673
-10.649155,18,468.910935
-11.065158,18,468.965564
-10.974322,20,469.027663
-10.601384,19,469.08571
-10.565329,17,469.137258
-10.811802,18,469.191905
-10.681867,18,469.248392
-11.040014,19,469.306662
-10.766669,18,469.362041
-10.980742,18,469.417888
-10.821301,18,469.472896
-10.840095,18,469.528125
-11.054658,19,470.297852
-10.87579,18,470.35437
-10.669425,18,470.40928
-10.927212,19,470.468297
-10.699807,18,470.522782
-10.76261,18,470.578251
-10.75027,18,470.634322
-10.657508,18,470.689106
-10.83308,18,470.744076
-10.699925,18,470.798831
-10.928652,19,470.858286
-10.797637,17,470.909698
-10.64609,18,470.964714
-11.00507,18,471.019633
-10.874465,18,471.0751
-10.762021,18,471.129544
-10.764511,18,471.184289
-10.741414,18,471.239913
-11.639022,19,471.611924
-10.815498,18,471.669158
-10.730466,18,471.727106
-10.807227,18,471.785152
-10.775113,18,471.843366
-10.586461,18,471.901912
-11.153354,20,471.966903
-10.802564,18,472.024421
-10.920891,19,472.086447
-10.855912,19,472.148163
-10.643252,18,472.206413
-10.911197,18,472.265219
-10.74828,18,472.323607
-10.906981,18,472.382819
-10.722751,19,472.444618
-10.792091,18,472.50332
-11.093306,19,472.564728
-10.558707,17,472.619756
-10.724194,18,472.678134
-10.798066,18,472.73631
-11.542909,20,472.801723
-10.920385,19,472.864161
-10.728771,18,472.922858
-11.053817,18,472.981966
-10.746786,18,473.040465
-10.75825,18,473.098811
-10.723523,18,473.154297
-10.884609,19,473.212371
-10.995075,19,473.273031
-10.907067,18,473.328901
-10.730539,18,473.38564
-10.787406,18,473.442428
-10.928735,19,473.502086
-10.819113,18,473.557261
-10.762462,18,473.61244
-10.711345,18,473.985598
-10.640496,18,474.041981
-10.69466,18,474.09805
-10.674274,18,474.154545
-10.640113,18,474.976821
-10.635252,17,475.028075
-10.678685,18,475.082443
-10.714073,18,475.138611
-10.871934,18,475.193346
-10.702912,18,475.247906
-10.690467,18,475.302966
-11.318067,20,475.363841
-10.651982,18,475.418595
-11.00019,18,475.472678
-11.468161,20,475.533937
-10.865896,18,475.58814
-10.710468,18,475.642444
-10.700737,18,475.697408
-10.545493,18,475.752029
-10.896029,19,475.809225
-10.778761,18,475.8633
-11.096556,19,475.921242
-10.514185,17,475.972995
-10.96464,19,476.030707
-11.045053,18,476.084849
-10.709764,18,476.140111
-11.960111,21,476.203805
-10.868207,18,476.257957
-10.953434,18,476.313468
-10.49176,18,476.368237
-10.791834,18,476.422804
-10.715992,18,476.477119
-10.945755,18,476.533181
-10.804999,18,476.587821
-10.874014,18,477.305564
-10.86284,18,477.361449
-10.8756,19,477.419296
-10.646052,17,477.470724
-10.863831,18,477.525676
-10.689294,18,477.581522
-10.507472,17,477.632731
-10.494116,17,477.683942
-10.925,18,477.739182
-10.685176,18,477.793311
-10.687225,18,477.847548
-10.671454,18,477.902256
-10.715187,17,477.954506
-10.899309,19,478.011838
-10.968069,19,478.069737
-10.721179,18,478.124446
-10.665657,18,478.179268
-10.51829,17,478.231281
-10.850704,19,478.288542
-11.714468,20,478.349572
-10.879908,18,478.403769
-11.403487,19,478.461079
-10.712689,18,478.51586
-10.990048,19,478.57409
-11.19902,18,478.628545
-10.852572,19,478.685903
-10.502676,17,479.364207
-10.899634,19,479.422745
-10.901354,19,479.480317
-11.013263,19,479.539076
-11.146752,19,479.597081
-10.771625,18,479.652323
-10.502056,17,479.704435
-10.684294,18,479.760829
-10.514998,17,480.141051
-10.855835,18,480.196192
-10.852686,18,480.251714
-10.721669,18,480.306672
-10.622451,18,480.363256
-10.690267,18,480.418098
-10.87459,18,480.472973
-11.087968,19,480.531061
-10.908435,19,480.589823
-10.649544,18,480.645352
-10.720328,18,480.700312
-10.934603,18,480.756038
-10.704108,18,480.81088
-10.76456,18,480.865376
-11.167389,18,480.919762
-10.952514,18,480.975673
-10.830601,18,481.030001
-10.742319,18,481.08519
-10.567058,18,481.140149
-10.80212,18,481.196221
-10.684955,18,481.250641
-10.736935,18,481.305538
-10.732611,18,481.36014
-10.657703,18,481.415097
-10.934778,19,481.47251
-11.439008,20,481.532968
-11.081824,20,481.595344
-10.569457,17,481.647189
-10.964517,18,481.701794
-10.868715,18,481.756968
-10.81973,18,481.812449
-10.739739,18,481.867118
-10.784517,18,481.922062
-10.703018,18,481.977377
-10.702569,18,482.032059
-10.830923,18,482.413432
-10.854989,19,482.471569
-10.80562,18,482.526439
-10.666283,18,482.581841
-10.497651,17,482.633719
-10.739899,18,482.688757
-10.720475,18,482.743597
-10.819685,18,482.798815
-10.668254,18,482.854043
-10.69565,18,482.908271
-11.007385,19,482.965633
-10.527725,17,483.017736
-10.741169,18,483.072
-14.20001,26,483.9141
-10.700406,18,483.971533
-10.877016,18,484.030182
-10.967788,19,484.09171
-11.138157,19,484.152779
-10.777348,18,484.212038
-10.703512,18,484.270716
-10.480651,17,484.32545
-13.637009,26,484.410636
-10.729074,18,484.468855
-10.717206,18,484.526825
-10.704548,18,484.585481
-10.695537,18,484.643925
-10.578212,18,484.702206
-10.83986,18,484.760888
-10.791685,18,484.820045
-11.10101,18,484.878555
-10.868015,19,484.936233
-10.825641,18,484.990803
-10.981799,18,485.046073
-10.76176,18,485.427685
-10.698033,18,485.483942
-10.807418,18,485.539481
-11.313029,19,485.596867
-10.83846,18,485.65233
-10.718768,18,485.706793
-11.116406,19,485.764907
-10.638908,17,485.817399
-10.978055,19,485.875192
-10.855013,18,485.929819
-10.707339,18,485.984355
-11.011754,19,486.042825
-10.698144,18,486.097021
-10.552322,18,486.152534
-10.910142,19,486.210309
-10.802213,19,486.269187
-10.674326,18,486.323621
-10.710359,18,486.378591
-10.686884,18,486.434574
-10.793332,19,486.492127
-10.677994,18,486.546854
-10.676087,18,486.601654
-10.866112,18,486.657364
-10.668353,18,486.712315
-10.776156,18,486.768125
-10.526157,17,486.819824
-10.730646,18,486.875907
-10.681697,18,486.930541
-10.556014,18,486.985189
-12.500677,24,487.059391
-10.834873,18,487.113876
-10.54796,18,487.168233
-10.531307,17,487.220001
-10.561371,17,487.273058
-11.40823,20,487.334833
-10.627222,18,487.717648
-11.975383,21,488.466964
-10.679705,18,488.524971
-10.966659,19,488.585993
-10.945464,19,488.647234
-10.808205,18,488.706229
-10.956175,18,488.765285
-10.9558,19,488.826954
-11.081634,19,488.889755
-10.682632,18,488.948314
-10.787853,18,489.006847
-10.555707,17,489.062127
-10.699156,18,489.120456
-10.948722,19,489.181707
-10.971536,18,489.240404
-10.508832,17,489.296097
-10.730668,18,489.356191
-10.672562,18,489.414114
-10.829509,18,489.472558
-10.79074,18,489.530626
-10.738018,19,489.591842
-10.596497,17,489.647289
-10.945873,19,489.708692
-11.314703,20,489.773744
-10.741658,18,489.831781
-10.807904,18,489.890979
-10.416996,17,489.946434
-10.942528,19,490.008575
-10.709903,18,490.066937
-11.881929,19,490.128771
-10.689076,17,490.183736
-10.677488,18,490.241832
-10.67668,18,490.300737
-10.501809,17,490.355773
-10.491735,17,490.765835
-10.867706,19,490.828197
-10.805348,18,490.887049
-10.904854,18,490.945843
-10.516737,17,491.000891
-10.84651,18,491.058778
-10.73544,18,491.11758
-10.751138,18,491.176125
-10.528626,17,491.230968
-10.881283,19,491.292565
-10.732832,18,491.351597
-10.686222,18,491.410141
-11.423478,20,491.475332
-10.673801,18,491.534709
-10.836188,18,491.593487
-10.50295,17,491.648683
-10.84162,18,491.707577
-10.715749,18,491.766009
-10.745123,18,491.824492
-10.861771,18,491.883136
-10.900632,18,491.94274
-10.725312,18,492.001099
-10.718836,18,492.059306
-10.705458,18,492.934939
-10.664339,18,492.991025
-10.649391,18,493.048326
-10.841417,18,493.106784
-10.688432,18,493.164771
-10.751014,18,493.22277
-12.379442,24,493.300538
-10.667673,18,493.359596
-10.730014,18,493.41846
-10.780901,18,493.476707
-10.682776,18,493.535755
-10.700089,18,493.938804
-10.680075,18,493.997968
-11.034145,19,494.059431
-10.672574,18,494.11855
-10.940733,19,494.180412
-10.813775,18,494.23906
-10.697951,18,494.297242
-10.786845,18,494.356435
-10.754159,18,494.415526
-10.686592,18,494.474595
-10.646999,18,494.533306
-10.928451,18,494.592095
-10.51871,17,494.647374
-10.714805,18,494.705562
-10.786803,18,494.764464
-10.509619,17,494.819615
-10.877301,19,494.881196
-10.89683,19,494.943339
-10.70685,18,495.002352
-10.989964,18,495.060935
-10.632922,18,495.119216
-10.721402,18,495.178944
-10.956396,19,495.240692
-10.722727,18,495.299117
-10.791712,18,495.35799
-10.520823,17,495.413651
-10.766418,17,495.468847
-10.675919,18,495.527325
-11.801334,21,495.595941
-10.879197,19,495.658461
-10.787273,18,495.71708
-10.720273,18,495.775558
-10.718442,19,495.836619
-10.733846,18,495.895245
-10.766689,18,495.954088
-11.179664,19,496.363714
-10.83935,18,496.423124
-10.878085,19,496.485145
-10.646202,18,496.543975
-10.6969,18,496.603941
-10.706371,18,496.66252
-10.659436,18,496.720977
-10.682762,18,496.78036
-10.563114,17,496.838831
-10.758393,18,496.897235
-10.706997,18,497.748626
-11.138873,20,497.814373
-10.857912,18,497.885707
-11.256993,20,497.94809
-10.989962,19,498.009129
-10.520912,17,498.064198
-10.877859,18,498.121985
-10.626079,18,498.180603
-10.813338,18,498.238292
-10.910893,19,498.299399
-11.39659,21,498.367068
-10.681977,18,498.425162
-10.676943,18,498.483168
-10.979646,18,498.54144
-10.743019,18,498.599739
-10.721179,18,498.657717
-10.765814,19,498.71878
-10.700453,18,498.776931
-10.54097,17,498.832567
-10.949898,19,498.893591
-10.502983,17,498.94836
-10.493277,18,499.006368
-10.769395,18,499.064282
-10.697012,18,499.12244
-10.672927,18,499.881171
-10.708361,18,499.939492
-10.713321,18,499.99837
-10.898698,18,500.056299
-11.273026,20,500.120989
-10.744766,18,500.179243
-10.590457,17,500.234294
-10.722153,18,500.292433
-10.836496,18,500.35028
-10.91949,19,500.411414
-10.657446,18,500.469613
-11.789703,21,500.537786
-10.542862,17,500.59303
-10.806765,19,500.654794
-11.067495,19,500.716701
-10.782433,18,500.774727
-10.840303,19,500.837009
-10.808453,18,500.894994
-10.675937,17,500.950036
-10.681966,18,501.008596
-10.488666,17,501.063923
-10.711945,18,501.122552
-10.663194,18,501.181307
-10.895803,18,501.239885
-10.796327,19,501.301211
-10.54993,17,501.356181
-10.723233,18,501.414489
-10.712791,18,501.473032
-10.682636,18,501.531264
-10.508819,17,501.586236
-10.766928,18,501.645542
-10.884343,19,501.707012
-10.790684,18,502.464154
-10.932403,19,502.525595
-10.69575,18,502.928649
-10.644678,18,502.986531
-11.047361,19,503.048292
-10.736654,18,503.105731
-10.703977,18,503.161428
-10.917694,19,503.218706
-10.81603,18,503.273864
-11.027158,18,503.327985
-10.744436,18,503.382293
-10.745346,18,503.43707
-10.767151,18,503.492101
-10.733586,18,503.546765
-10.882727,19,503.604614
-10.856717,19,503.663324
-10.882135,18,503.717641
-10.518325,17,503.769366
-10.694198,18,503.82373
-10.68323,18,503.878742
-10.732531,18,503.93273
-10.775596,18,503.987101
-10.815849,18,504.042078
-10.670237,18,504.096932
-10.751715,18,504.15144
-11.059626,18,504.206385
-10.729583,18,504.261907
-10.808181,18,504.316265
-10.885703,19,504.374311
-10.965255,18,504.428644
-11.019926,19,504.486643
-10.653168,19,504.543818
-10.502352,17,504.59484
-10.708686,18,504.649889
-10.976328,18,504.70596
-10.681234,18,504.760929
-10.699998,18,504.815422
-10.99974,19,505.208877
-10.5443,17,505.261779
-10.671774,18,505.318625
-11.018049,18,505.373465
-10.719545,18,505.427919
-10.80609,18,505.48319
-10.710151,18,505.537603
-10.85538,18,505.591679
-10.673956,18,505.647218
-10.677715,18,505.702224
-10.717794,18,505.757368
-10.877626,19,505.814563
-10.776086,18,505.869659
-11.453312,20,505.930856
-10.554998,17,505.98227
-11.601396,21,506.046315
-10.810111,18,506.101084
-10.823939,18,506.156021
-12.910063,24,506.228541
-11.349667,20,506.934413
-10.694475,18,506.991755
-10.565734,17,507.042969
-10.742262,18,507.098152
-10.719977,18,507.152637
-10.821361,18,507.207548
-10.684477,18,507.262285
-10.777127,18,507.31703
-10.918482,18,507.371874
-10.79048,18,507.426091
-10.488932,17,507.478188
-10.674662,18,507.533099
-10.867931,19,507.590205
-10.667094,17,507.641457
-10.715685,18,507.696607
-10.662971,17,508.075167
-10.910249,19,508.134418
-10.726388,18,508.189076
-10.636368,17,508.240354
-10.494684,17,508.292464
-10.699775,18,508.347093
-10.714672,18,508.401634
-10.654114,18,508.456562
-10.828694,18,508.511663
-10.651914,18,508.566177
-10.686155,18,508.620487
-10.874837,19,508.678546
-10.601461,18,508.733236
-10.77049,18,508.787662
-10.888603,18,508.841957
-10.726743,18,508.897008
-10.496424,17,508.948977
-10.672131,18,509.003258
-10.718816,18,509.05807
-10.532801,17,509.109833
-10.440218,17,509.16106
-10.629981,17,509.212375
-10.530295,17,509.263812
-10.720424,18,509.318772
-10.705844,19,509.37706
-10.764065,18,509.43136
-10.557111,18,509.486216
-12.561461,22,509.553109
-10.680915,18,509.607426
-10.842077,17,509.659203
-10.672649,18,509.714273
-10.684309,18,509.768949
-11.076987,19,509.826321
-10.674721,18,509.881497
-10.721636,18,509.936463
-10.729195,18,510.323553
-10.663303,18,510.378503
-10.698543,18,510.432801
-10.692875,18,510.487756
-10.62011,18,510.542087
-10.711575,18,510.597049
-10.819601,18,510.651596
-10.715307,18,511.356802
-10.433684,17,511.408996
-10.683479,18,511.463865
-10.49699,17,511.51628
-10.508504,17,511.568376
-10.669982,18,511.622817
-10.779925,18,511.677002
-10.703159,18,511.732377
-11.244022,19,511.790379
-10.722485,18,511.845465
-10.536684,17,511.897451
-10.755489,18,511.953321
-10.73151,18,512.007933
-10.761249,18,512.062142
-11.339389,20,512.123347
-10.51382,17,512.175429
-10.650043,18,512.229316
-10.729198,18,512.283592
-10.920584,19,512.341862
-10.70053,18,512.396888
-10.745822,18,512.451593
-10.707934,18,512.506845
-10.73552,18,512.562201
-10.792484,18,512.616551
-11.068585,18,512.670598
-10.598826,18,512.725538
-10.672679,17,512.777112
-10.776501,18,513.160695
-10.926924,19,513.21881
-10.714854,18,513.273652
-11.406073,20,513.334703
-10.622293,18,513.390258
-10.693021,17,513.441911
-10.669352,18,513.49639
-10.58694,17,513.548975
-10.684909,18,513.603128
-10.824721,18,513.657409
-10.514495,17,513.709124
-10.84494,18,513.764711
-10.740495,18,513.819014
-10.692854,18,513.874322
-10.677597,18,513.929645
-10.983161,18,513.984948
-10.885162,19,514.042743
-10.534446,17,514.09401
-10.674161,18,514.148904
-10.70447,18,514.20316
-10.695853,18,514.257988
-10.712021,18,514.312641
-10.723132,18,514.36818
-10.707239,18,514.422561
-10.743011,18,514.477424
-10.913107,19,514.535672
-10.655688,18,514.590564
-10.516253,17,514.642601
-13.109108,24,514.714988
-10.747173,18,514.770291
-10.782807,18,515.578455
-10.707003,18,515.633435
-10.645919,18,515.688162
-10.704284,18,515.743343
-10.829902,18,515.797933
-10.717209,18,516.183768
-10.759788,18,516.238847
-10.62263,17,516.290165
-11.01553,19,516.348267
-10.739752,18,516.403533
-11.19575,20,516.463914
-10.631387,18,516.518823
-10.861716,18,516.574382
-10.727634,18,516.629069
-10.90968,19,516.686359
-10.707629,18,516.740696
-10.929657,19,516.799212
-10.703439,18,516.85356
-10.752032,18,516.909652
-10.672023,18,516.965671
-10.602788,18,517.020327
-10.79484,18,517.074687
-10.752718,18,517.129129
-10.65728,18,517.184074
-10.558695,18,517.238815
-11.051986,19,517.296232
-10.492832,17,517.347476
-10.75913,18,517.402941
-10.684543,18,517.457169
-10.841276,18,517.51253
-10.722811,18,517.568581
-10.678324,18,517.622988
-10.885606,19,517.680178
-10.501274,17,517.731468
-11.033668,18,517.786728
-10.679447,18,517.842082
-10.567094,17,517.893304
-10.660326,18,517.947968
-10.730795,18,518.003475
-10.669705,18,518.387106
-10.736562,18,518.442102
-10.655207,18,518.497606
-10.742745,18,518.552988
-10.72239,18,518.608049
-11.092281,19,518.665547
-10.909063,19,518.722707
-11.171107,19,518.780767
-10.708218,18,518.835188
-10.682476,19,518.89234
-10.678635,18,518.947383
-10.646988,18,519.002788
-10.738569,18,519.057897
-10.839819,19,519.116045
-10.496245,17,519.16749
-10.738664,18,519.223103
-10.663499,18,519.277805
-10.495946,17,519.32901
-10.640807,18,520.046107
-10.517261,17,520.097596
-10.686523,18,520.152423
-10.738263,18,520.207029
-11.044685,19,520.264947
-10.729511,18,520.319412
-10.539048,17,520.370834
-10.682023,18,520.425838
-10.697856,18,520.480648
-10.538798,17,520.532242
-10.887418,18,520.586526
-10.534409,17,520.639319
-10.704006,18,520.693869
-10.720464,18,520.748464
-10.74061,18,520.803106
-10.825279,18,520.857711
-10.662066,17,520.909221
-10.716174,18,521.590461
-10.664576,18,521.646589
-10.533759,17,521.698511
-10.5011,17,521.750366
-10.482639,17,521.801932
-10.582013,17,521.854105
-10.513474,17,521.905777
-10.725556,18,521.960185
-10.734248,18,522.014988
-10.7392,18,522.069492
-10.950997,19,522.127645
-10.665327,18,522.183162
-10.678911,18,522.238425
-10.8259,18,522.292826
-10.734215,18,522.347183
-10.51278,17,522.398371
-10.72534,18,522.453612
-10.910799,19,522.511741
-10.928633,18,522.566522
-10.958086,18,522.621611
-10.785804,18,522.676396
-10.477101,17,522.727875
-10.768601,18,522.783135
-10.408862,17,522.836
-10.701629,18,522.890896
-10.84952,19,522.948871
-10.79569,18,523.003316
-10.490443,17,523.055507
-10.905874,19,523.113733
-10.799909,18,523.168744
-10.734963,18,523.223376
-10.674662,18,523.278525
-10.509724,17,523.330234
-11.033382,19,523.388507
-10.541787,17,523.441382
-10.613803,17,523.803934
-10.499107,17,523.856785
-10.796434,19,523.914561
-10.706253,18,523.969525
-10.868615,19,524.027359
-10.688959,18,524.886889
-10.491505,17,524.940019
-10.51554,17,524.993034
-10.753097,18,525.048269
-10.682592,18,525.103597
-10.516853,17,525.156521
-10.56923,17,525.210529
-10.740868,18,525.269145
-10.735304,18,525.327768
-10.710294,18,525.385856
-10.51397,17,525.440617
-11.165063,18,525.499508
-10.735383,18,525.557533
-10.705758,18,525.615442
-10.660919,18,525.674231
-11.402056,21,525.742806
-10.870506,19,525.805138
-10.67879,18,525.863843
-10.795258,18,525.922124
-13.078139,24,525.99942
-10.863944,18,526.057644
-10.866484,19,526.119882
-10.697918,18,526.178536
-10.48345,17,526.231011
-10.654931,18,526.286471
-10.746732,18,526.341509
-10.559068,19,526.399646
-10.644068,18,526.455091
-10.723163,18,526.510331
-10.69996,18,526.564897
-11.458221,20,526.95602
-10.703397,18,527.013908
-10.983989,19,527.075791
-10.862356,18,527.134479
-10.843446,19,527.196071
-11.375982,20,527.260809
-10.937098,19,527.322986
-10.799066,19,527.385403
-10.688093,18,527.443793
-10.65766,18,527.502704
-10.573122,18,527.561158
-10.729918,18,527.619854
-10.525999,17,527.674838
-10.699475,18,527.734221
-10.682542,18,527.792823
-10.675034,18,527.851076
-10.749475,18,527.910092
-10.870407,19,527.971935
-10.766273,18,528.030255
-10.696029,18,528.089075
-10.715671,18,528.147993
-10.667651,19,528.210568
-10.520318,17,528.265852
-12.176058,22,528.338407
-11.034077,19,528.40114
-10.714311,18,528.45941
-10.656249,18,529.162032
-10.567693,17,529.216712
-10.940198,18,529.275675
-10.945414,18,529.335498
-10.715047,18,529.391739
-10.530558,17,529.445953
-10.682406,18,529.503577
-10.672194,18,529.561502
-10.671878,18,529.963441
-10.56709,18,530.022896
-10.703095,18,530.080934
-10.48877,17,530.136512
-11.123722,19,530.197727
-10.51972,17,530.252373
-10.738367,18,530.310822
-10.715442,18,530.369779
-10.519953,17,530.424493
-10.830037,18,530.482391
-10.909221,18,530.540642
-10.657464,18,530.598957
-10.665146,18,530.657213
-10.97196,19,530.7188
-10.50129,17,530.773569
-10.904646,19,530.835291
-10.754434,18,530.89344
-10.67901,18,530.952536
-10.677474,18,531.010983
-10.694396,18,531.069385
-10.507345,17,531.124402
-10.698165,18,531.182945
-10.747782,18,531.24153
-10.51892,17,531.297513
-10.503809,17,531.353703
-10.78625,18,531.412335
-10.839207,18,531.470366
-10.746684,18,531.528833
-10.744034,18,531.58725
-10.732636,18,531.645347
-10.703901,18,531.703445
-10.708888,18,531.762369
-10.691391,18,531.821033
-10.757606,18,531.879598
-10.533222,17,531.934878
-10.534864,17,532.336648
-10.770372,18,532.396063
-10.741177,18,532.454334
-10.708666,18,532.512602
-10.737874,18,532.570904
-10.872098,19,532.632533
-10.719831,18,532.690476
-10.516001,17,532.745292
-10.868871,18,532.804225
-10.626611,18,532.862391
-10.497286,17,532.917352
-11.105037,19,532.979582
-10.385798,17,533.03504
-10.66419,18,533.092846
-10.794128,18,533.786316
-10.695284,18,533.845803
-10.530057,17,533.90178
-10.656062,18,533.960082
-10.688902,18,534.019218
-10.792798,18,534.077196
-10.816357,18,534.133989
-11.76371,21,534.20122
-10.656437,18,534.259569
-10.795943,18,534.31715
-10.522303,17,534.371778
-10.69726,19,534.440962
-10.482493,17,534.495042
-10.797512,18,534.55373
-10.782687,19,534.615251
-10.645624,18,534.673731
-10.967903,19,534.735219
-10.763454,18,534.793732
-10.677318,18,534.852304
-10.887848,18,534.910662
-10.505873,17,535.310516
-10.473663,17,535.365952
-10.525329,17,535.422946
-10.700713,18,535.47739
-11.148839,19,535.535328
-10.76542,18,535.590547
-10.681725,18,535.645453
-10.723747,18,535.699769
-10.925361,19,535.75724
-10.408176,17,535.808979
-10.726883,18,535.86416
-10.708911,18,535.918487
-11.287444,18,535.973304
-10.708822,18,536.028802
-10.646893,18,536.08337
-10.649853,18,536.137859
-10.677905,18,536.192963
-10.691246,18,536.248303
-10.52642,17,536.29968
-11.129231,19,536.357034
-10.521578,18,536.411985
-10.564014,18,536.466971
-10.520996,17,536.518333
-10.73518,18,536.572819
-10.932932,19,536.631139
-10.783433,18,536.685513
-11.216888,20,536.745697
-10.604743,18,536.800498
-10.725354,18,536.855403
-10.72082,18,536.909786
-10.699534,18,536.964794
-10.742666,18,537.019588
-10.623914,18,537.074543
-11.093503,19,537.131979
-10.583214,18,537.186447
-10.498558,17,537.561608
-10.690625,18,537.618052
-10.734536,18,538.337811
-10.688976,18,538.395716
-10.683016,18,538.45417
-10.626859,18,538.512593
-10.692531,18,538.570552
-10.655361,18,538.62883
-10.552724,17,538.684625
-11.0386,18,538.742761
-10.705586,18,538.800603
-10.776549,18,538.858608
-10.72871,18,538.91647
-10.735694,18,538.974772
-10.648794,18,539.033391
-10.746022,18,539.091128
-10.626394,18,539.149145
-10.915948,19,539.209799
-10.733715,18,539.268442
-10.702089,18,539.327119
-10.59333,18,539.384895
-10.653002,17,539.439814
-10.782989,18,539.497737
-10.664533,18,539.556127
-10.435459,17,539.610908
-10.648998,18,539.669345
-10.681502,18,539.727561
-10.643953,18,539.785191
-10.803998,18,539.843271
-10.6929,18,539.901284
-10.978889,19,539.962803
-10.530177,17,540.018694
-10.52977,17,540.074052
-10.52994,17,540.129068
-10.725347,18,540.187516
-10.725331,18,540.569965
-10.681462,18,540.629022
-10.746646,18,540.687575
-10.66075,18,540.746187
-10.67387,18,540.804332
-10.485484,17,540.859285
-10.832577,18,540.917409
-10.710167,18,540.976308
-10.674662,18,541.034672
-10.735845,18,541.093247
-10.754729,18,541.151865
-10.691609,18,541.210403
-10.834697,18,541.268837
-10.71901,18,541.327655
-10.540513,17,541.382449
-10.735372,18,541.440893
-10.719679,18,541.499423
-10.814545,18,541.558197
-10.720413,18,541.616855
-10.795242,18,541.675442
-10.693108,18,541.731524
-10.706651,18,541.788678
-10.480716,17,541.842797
-10.70625,18,541.901078
-10.694398,18,542.616022
-10.659158,18,542.671628
-10.690553,18,542.726766
-10.595657,18,542.781202
-10.848829,18,542.835464
-10.74192,18,542.890858
-11.103796,20,542.951682
-10.715229,18,543.006618
-10.561657,17,543.05893
-10.657072,18,543.115482
-10.646955,18,543.170748
-10.743146,18,543.853271
-10.962765,19,543.911626
-11.915325,23,543.981776
-10.502224,17,544.033839
-10.617929,18,544.089404
-10.702934,18,544.145482
-10.672819,18,544.20038
-10.678901,18,544.255868
-10.758281,18,544.311431
-10.71832,18,544.366733
-10.836517,18,544.422122
-12.273086,24,544.496074
-10.852757,18,544.551846
-10.673672,18,544.606526
-10.686447,19,544.664298
-10.700227,18,544.719727
-10.628296,18,544.774921
-11.083284,19,544.83292
-11.69407,20,544.893602
-10.721495,18,544.949535
-11.426615,20,545.010409
-10.759274,18,545.065666
-10.777967,18,545.122736
-10.695606,18,545.178151
-10.845494,19,545.235606
-10.685367,18,545.2901
-10.682698,18,545.345647
-10.741355,18,545.400645
-10.538521,17,545.452991
-10.772196,18,545.508704
-10.71476,18,545.56383
-10.762631,18,545.618586
-10.714932,18,545.674017
-10.520235,17,545.727006
-10.842181,19,546.099265
-10.533376,17,546.15304
-10.956044,19,546.21129
-10.996636,19,546.272667
-10.643807,18,546.328789
-10.729309,18,546.386336
-10.731748,18,546.441914
-10.790709,18,546.497263
-10.697196,18,546.553223
-10.739827,18,546.607933
-10.854378,19,546.665506
-10.710127,18,547.346731
-10.693084,18,547.401125
-10.732088,18,547.455633
-10.85593,18,547.510023
-10.746421,18,547.565968
-10.705156,18,547.620496
-10.659511,18,547.674819
-10.671886,18,547.729083
-10.777346,18,547.78348
-10.700962,18,547.837926
-10.65137,18,547.891952
-10.734535,18,547.946677
-10.714032,18,548.001055
-10.736894,18,548.055515
-10.761386,18,548.109625
-10.701151,18,548.165112
-10.672722,18,548.219359
-10.647538,18,548.273471
-10.726544,18,548.327662
-10.70134,18,548.382366
-10.392146,17,548.434311
-10.516986,17,548.485604
-10.781243,18,548.540545
-10.706899,18,548.908281
-10.479188,17,548.960698
-10.682564,18,549.015401
-10.499667,17,549.06799
-10.913626,18,549.122216
-10.734524,18,549.177531
-10.920405,19,549.235489
-10.719905,18,549.290104
-10.524276,17,549.34164
-10.693104,18,549.39685
-11.106374,19,549.454198
-10.779709,18,549.508537
-10.803118,18,549.563429
-10.698057,18,549.617779
-11.026561,19,549.675668
-10.920246,19,549.732934
-10.518047,17,549.784757
-10.850263,18,549.839178
-10.777683,19,549.896424
-10.684496,18,549.950662
-10.895688,18,550.006392
-10.802228,18,550.060431
-10.692188,18,550.114684
-10.632107,18,550.169526
-10.697241,18,550.223637
-10.58372,18,550.279022
-10.701244,18,550.335726
-10.685473,18,550.393117
-10.685855,18,550.448042
-10.84614,19,550.506093
-11.847105,22,550.573421
-10.958325,19,550.632482
-10.687615,18,550.688982
-10.89287,18,550.748579
-10.699693,18,551.883026
-10.925097,19,552.272419
-10.72204,18,552.333766
-11.071681,19,552.399922
-11.217007,19,552.466516
-10.723863,18,552.52792
-10.492903,17,552.586228
-10.682281,18,552.647111
-10.73654,18,552.70585
-10.746859,18,552.76528
-10.521056,17,552.820631
-10.507512,17,552.876203
-10.676643,19,552.937997
-10.951876,18,552.996465
-10.500487,17,553.052981
-10.682626,18,553.115192
-10.663501,18,553.176154
-10.651454,18,553.23619
-10.426617,17,553.292676
-11.042625,20,553.360696
-10.553054,18,553.421671
-10.704934,18,553.482371
-11.79372,22,553.557306
-10.681932,18,553.618995
-11.301871,19,553.684615
-10.715281,18,553.745827
-10.713097,18,553.807335
-10.666956,18,553.87251
-10.75842,18,553.937002
-10.607082,17,553.996313
-10.50997,17,554.056951
-10.699921,19,554.122766
-10.695802,18,554.184773
-10.801222,18,554.246027
-10.846763,18,554.308374
-10.68855,18,554.702607
-10.666658,18,554.764038
-10.479212,17,554.820369
-10.691704,18,554.881409
-11.312473,20,554.949825
-10.672571,18,555.010838
-10.518395,17,555.066613
-10.482193,17,555.121933
-10.684989,18,555.182545
-10.717111,18,555.242638
-10.423215,17,555.300151
-10.654568,18,555.364137
-10.739948,18,555.427642
-11.100706,18,555.491227
-10.725875,18,555.555002
-10.43767,17,555.618292
-10.983287,19,555.688198
-10.707081,18,555.751865
-10.808009,18,555.812611
-10.683531,18,555.875618
-10.738325,18,555.94132
-10.670187,18,556.83938
-10.762538,18,556.89745
-10.684749,18,556.954109
-10.692142,18,557.009932
-10.825016,19,557.06905
-10.741324,18,557.125938
-10.667846,18,557.182366
-10.522082,17,557.235635
-10.891401,19,557.294951
-10.501426,17,557.347917
-10.476736,17,557.400607
-10.862362,18,557.456648
-10.549254,17,557.509413
-10.682589,18,557.565778
-10.525809,17,557.950654
-10.500942,17,558.008077
-10.517926,17,558.063974
-10.596476,17,558.118208
-10.976017,18,558.176255
-10.825438,18,558.234396
-10.76808,18,558.293083
-10.690381,18,558.351033
-10.855665,18,558.408637
-10.650019,18,558.467054
-10.721174,18,558.525597
-10.526928,17,558.579543
-10.657494,18,558.636604
-11.148389,18,558.69361
-10.65664,18,558.751349
-10.552931,17,558.805808
-10.82876,18,558.864242
-10.560935,17,558.918938
-10.735261,18,558.975566
-10.501147,17,559.029367
-10.780716,18,559.086547
-10.483265,17,559.140788
-10.809891,18,559.197102
-10.879639,19,559.259676
-10.675051,18,559.318934
-11.067562,20,559.383262
-10.715011,18,559.441219
-10.864468,18,559.49973
-10.666801,18,559.558376
-10.482589,17,559.614068
-10.641163,18,559.671438
-10.679996,18,559.727951
-10.705688,18,559.784802
-10.916764,18,559.84153
-10.689837,18,559.897452
-10.803477,18,560.266238
-11.265932,19,560.333621
-10.629209,18,560.396886
-10.714117,18,560.457192
-10.790335,18,560.515538
-10.577899,17,560.570321
-10.658504,18,560.627005
-10.536948,17,560.681304
-10.678192,18,560.739208
-10.401145,17,561.833819
-10.76567,18,561.891176
-10.953124,19,561.95274
-10.689045,18,562.011446
-10.670053,18,562.071699
-10.954182,19,562.135755
-10.747756,18,562.196507
-10.675588,18,562.257203
-10.73937,18,562.316599
-10.655322,18,562.375731
-10.627029,18,562.433704
-10.899869,19,562.496373
-10.663292,18,562.554531
-10.508596,17,562.610721
-11.009844,19,562.675123
-10.813441,18,562.73615
-10.707505,18,562.798181
-10.659284,18,562.860394
-10.737059,18,562.922188
-10.902447,18,562.986855
-10.531816,17,563.04782
-10.890051,19,563.116207
-10.671579,18,563.181336
-10.711668,18,563.246243
-10.936845,19,563.314242
-10.669373,18,563.377527
-10.690966,18,563.771893
-10.645464,17,563.824841
-10.706089,18,563.884207
-10.670515,18,563.944566
-10.777324,19,564.008266
-11.139419,19,564.072771
-10.706927,18,564.133901
-10.567184,18,564.196253
-10.697243,18,564.258211
-10.746344,18,564.319701
-10.692553,18,564.381926
-10.515128,17,564.438206
-10.657327,18,564.498145
-10.771991,18,564.556834
-10.702823,18,564.615516
-10.675037,18,564.674096
-10.381834,17,564.729396
-10.684804,18,564.788108
-10.726692,19,564.850607
-10.713084,18,564.910681
-10.787135,18,564.972416
-10.685861,18,565.033933
-10.681221,18,565.095122
-10.692687,18,565.156897
-10.811856,18,565.218484
-10.4945,17,565.27756
-10.52179,17,565.334494
-10.997448,19,565.39699
-10.546742,17,565.453145
-10.552872,17,565.508726
-10.730139,18,565.567905
-10.525876,17,566.46029
-10.720358,18,566.516168
-11.061354,19,566.574241
-10.66995,18,566.628716
-10.862299,19,567.303454
-10.503505,17,567.355624
-10.539077,17,567.407226
-10.411751,17,567.459776
-10.731257,18,567.514421
-10.584789,17,567.566765
-10.951951,19,567.624526
-10.681503,18,567.679186
-10.83681,18,567.733551
-10.746118,18,567.78797
-10.3908,17,567.839347
-10.676385,18,567.894466
-10.695964,18,567.949023
-10.703592,18,568.004197
-11.235614,20,568.065537
-10.66388,18,568.120843
-10.918249,19,568.180081
-10.677787,18,568.23457
-10.493951,17,568.285937
-10.527745,17,568.336959
-10.506161,17,568.388892
-10.921002,19,568.446765
-10.657724,18,568.503302
-10.94461,19,568.562155
-10.494062,17,568.615777
-10.681016,18,568.67298
-10.491947,17,568.727263
-10.701432,18,568.784451
-10.653695,18,568.842042
-10.713247,18,568.899666
-10.684589,18,568.957327
-11.009579,19,569.018123
-10.696654,18,569.076032
-10.699569,18,569.134108
-10.828832,18,569.514521
-10.963955,19,569.5778
-10.734304,18,569.635588
-10.694565,18,569.693538
-10.680457,18,569.75142
-10.493631,17,569.806065
-10.720234,18,569.863821
-10.904781,19,569.925132
-10.707966,18,569.983635
-12.347057,24,570.061701
-10.53765,18,570.11968
-10.717523,18,570.177597
-10.716792,18,570.234876
-10.521471,17,570.288988
-10.647361,18,570.346775
-10.685868,18,570.406284
-10.999758,20,570.471596
-10.650596,18,570.5294
