#{"t_start": 1762492845.3286524, "env_id": "None"}
r,l,t
-8.548967,18,0.760395
-9.61474,19,0.820976
-9.112052,19,0.879452
-8.355639,18,0.936497
-7.844135,18,0.992392
-7.198138,18,1.0482
-9.859953,20,1.109667
-8.380128,18,1.16572
-6.638756,18,1.22111
-10.723451,20,1.282339
-9.112559,19,1.341345
-8.016729,18,1.396965
-8.619798,19,1.456232
-8.62982,19,1.514885
-9.539964,19,1.574003
-8.73264,18,1.629144
-7.77594,18,1.68438
-7.292698,18,1.74036
-8.092513,18,1.79635
-7.562011,19,1.854739
-6.667566,18,1.910713
-8.314709,18,1.967179
-7.751802,18,2.023497
-8.624901,20,2.085132
-7.177435,18,2.141579
-7.948699,18,2.197608
-7.840484,20,2.259241
-7.090844,19,2.317731
-8.332207,19,2.377221
-8.244851,18,2.433459
-7.58837,18,2.488822
-8.683478,18,2.544166
-7.180947,18,2.600561
-7.773525,19,11.505537
-8.995301,19,11.564316
-7.072626,18,11.619413
-8.390879,18,11.675197
-6.314536,18,11.730332
-8.748726,18,11.785822
-8.472324,18,11.841562
-9.840883,19,11.900403
-8.783435,18,11.956264
-9.407015,19,12.014878
-8.89988,19,12.073406
-7.485752,18,12.129271
-6.933644,18,12.184608
-9.282309,19,12.243085
-7.405209,19,12.302301
-7.80531,18,12.358363
-8.060487,18,12.413261
-7.682981,19,12.471795
-6.66867,19,12.53097
-6.603085,18,12.586333
-7.398449,19,12.64454
-7.660542,18,12.700399
-7.689019,18,13.544765
-8.497022,18,13.601045
-7.723478,18,13.657636
-7.881744,18,13.714759
-8.07512,18,13.771125
-7.813887,19,13.83063
-8.856924,19,13.890238
-7.29331,17,13.9436
-7.713695,18,14.000148
-6.363043,17,14.053663
-6.954506,19,14.113293
-7.971821,18,14.169733
-8.971196,19,14.561857
-8.609801,18,14.61808
-8.387314,18,14.674108
-6.808313,17,14.727575
-5.377903,17,14.780674
-9.078642,19,14.839764
-7.938027,18,14.895451
-7.261009,19,14.954784
-8.401492,18,15.010937
-7.969189,18,15.066955
-8.474044,18,15.123713
-7.914312,18,15.180214
-9.196831,18,15.237064
-9.128696,19,15.296555
-7.449074,19,15.356202
-7.172908,17,15.409295
-6.65135,18,15.465416
-7.736063,18,15.522017
-8.030274,18,15.578188
-7.595247,18,15.634016
-6.309413,18,15.689904
-8.354684,18,15.747015
-8.893919,19,15.80603
-7.98191,18,15.861954
-6.44855,18,15.918519
-8.123847,19,15.978163
-9.081836,19,16.03736
-6.902608,18,16.093391
-8.140713,18,16.150186
-6.761945,18,16.206754
-9.934257,19,16.265779
-7.237118,18,16.321738
-8.685077,19,16.38103
-12.429175,19,16.440346
-8.609471,18,16.496175
-8.143544,18,16.883897
-8.533692,19,16.944221
-7.684328,18,17.000806
-8.797027,19,17.060496
-6.230705,18,17.11684
-11.250964,18,17.1736
-9.431242,20,17.236291
-8.294051,19,17.295855
-8.579499,18,17.352457
-5.50975,18,18.130636
-6.336812,18,18.186932
-6.925237,18,18.242599
-8.501102,18,18.297912
-5.357053,18,18.354647
-7.950245,18,18.410344
-8.9609,18,18.465557
-8.58664,18,18.520842
-8.764899,19,18.580944
-8.435274,18,18.636443
-6.792746,18,18.692018
-8.905355,18,18.748271
-6.924112,19,18.807236
-8.339644,19,18.865819
-8.424333,19,18.924258
-7.761809,18,18.980464
-8.638733,19,19.038884
-7.785328,18,19.094114
-9.506578,20,19.158104
-7.858479,19,19.217825
-8.534063,18,19.273097
-7.123353,17,19.324939
-9.436734,19,19.383759
-7.430058,18,19.439717
-6.600029,18,19.495622
-7.02739,18,19.900099
-8.543226,18,19.957141
-6.555606,17,20.010814
-9.281149,19,20.070416
-7.608475,18,20.126751
-9.737772,20,20.189968
-8.582495,18,20.246797
-6.619486,18,20.303483
-7.794275,19,20.363483
-5.621861,17,20.417598
-8.413963,19,20.477626
-6.646563,17,20.531239
-8.36638,18,20.588685
-7.413031,19,20.648425
-6.68694,18,20.705095
-6.744755,19,20.765517
-6.90774,19,20.825876
-9.464998,19,20.885558
-8.109194,18,20.942194
-8.599949,18,20.999589
-8.510388,18,21.056185
-8.18638,18,21.11238
-10.227068,20,21.175131
-7.686742,18,21.231921
-9.498025,19,21.291595
-8.228711,18,21.347811
-7.743988,19,21.407838
-8.931372,20,21.470784
-6.935298,18,21.526979
-8.226357,18,21.583873
-6.985841,19,21.64364
-5.629616,17,22.329207
-8.294769,19,22.390211
-7.738346,18,22.447748
-7.780356,18,22.834563
-7.817597,18,22.890873
-8.030753,18,22.946799
-8.669848,18,23.003181
-7.286565,18,23.058656
-8.432438,18,23.114122
-9.103269,19,23.172876
-6.464672,18,23.229335
-8.664521,19,23.287671
-7.156308,19,23.346118
-6.62395,18,23.402374
-8.398221,18,23.457951
-9.090337,19,23.516871
-8.05309,18,23.572094
-7.82584,18,23.627999
-8.132497,18,23.68298
-5.741784,18,23.738022
-9.217543,19,23.796921
-8.82973,19,23.855348
-6.194746,18,23.91081
-6.954287,18,23.966017
-5.12876,17,24.019157
-9.645547,19,24.077315
-8.516807,19,24.135354
-6.585836,19,24.193367
-7.829794,18,24.249167
-8.149994,18,24.304369
-7.799896,18,24.359589
-8.179421,19,24.418619
-7.230359,18,24.474029
-6.874113,18,24.529249
-7.310584,19,24.587205
-9.39593,19,24.646395
-8.266006,18,24.701445
-10.063144,19,25.092048
-7.726952,18,25.147168
-7.329853,19,25.205256
-8.645288,19,25.264237
-8.91108,19,25.322461
-7.25047,18,25.383102
-8.526001,18,25.439168
-6.918559,19,25.497356
-6.062011,18,25.55256
-7.58083,19,25.610999
-6.371962,18,25.666731
-8.776535,19,25.724445
-6.84118,17,25.775865
-9.112472,19,25.834708
-7.491282,18,25.889843
-7.569611,19,25.94813
-6.770798,18,26.003179
-8.645736,18,26.058787
-9.00234,19,26.116811
-8.2989,18,26.81489
-7.376967,18,26.872084
-8.940955,19,26.93201
-7.317409,18,26.98912
-8.232481,18,27.046561
-6.80868,18,27.103644
-6.71401,18,27.160644
-6.314651,18,27.217378
-9.50358,20,27.281773
-9.303249,19,27.341987
-6.70209,18,27.399882
-6.327286,18,27.458073
-7.931721,19,27.518451
-7.415087,19,27.578035
-8.929706,19,27.638571
-8.137057,18,28.036699
-7.253307,17,28.091498
-7.999992,19,28.151852
-7.458061,18,28.209142
-7.002436,19,28.270355
-7.468311,18,28.327641
-7.000354,18,28.384776
-9.258575,19,28.445369
-7.890091,18,28.502837
-6.543458,17,28.557425
-7.608415,18,28.614969
-8.391901,18,28.672645
-8.842266,18,28.729962
-6.961603,17,28.783989
-8.358515,18,28.841266
-8.345328,18,28.899475
-9.237171,19,28.960485
-7.899155,18,29.017637
-6.419203,18,29.074929
-9.284063,19,29.134825
-8.42573,18,29.192146
-8.438498,18,29.249578
-8.329527,18,29.307202
-6.999483,17,29.361142
-6.534023,19,29.421755
-8.995009,19,29.482605
-7.182854,18,29.540069
-8.628916,18,29.597535
-8.315893,18,29.65483
-7.871778,18,29.712325
-8.589881,19,29.772847
-5.681147,18,29.829907
-8.223415,18,29.887424
-9.289594,19,29.947599
-6.567607,18,30.492292
-6.282286,17,30.545528
-7.454804,18,30.601202
-6.223995,18,30.657127
-6.588905,18,30.713603
-8.433912,18,30.769381
-8.267682,18,30.825151
-8.119227,19,31.586511
-9.72561,19,31.645043
-8.577256,18,31.700881
-5.17405,17,31.753005
-6.883308,18,31.808247
-8.926009,19,31.86648
-9.308115,19,31.925384
-6.533953,19,31.983579
-8.313523,18,32.038887
-8.626857,19,32.097708
-8.410421,18,32.153327
-8.226091,18,32.208909
-8.011075,18,32.26375
-7.38832,18,32.319686
-7.803471,18,32.374998
-7.160596,18,32.430147
-5.871176,17,32.482442
-6.6675,19,32.541443
-7.364304,18,32.596797
-7.319187,17,32.649083
-7.539458,18,32.704902
-8.350451,19,32.763671
-7.098498,18,32.819167
-7.034625,17,32.871234
-7.419134,18,32.927089
-8.785149,19,32.985609
-6.703156,18,33.040967
-8.432203,19,33.099563
-8.312085,18,33.48651
-5.926115,17,33.539793
-7.974725,18,33.594989
-8.936673,19,33.653078
-9.1756,19,33.711746
-7.781403,18,33.767207
-8.042912,18,33.822297
-7.220795,18,33.877137
-10.003326,20,33.938932
-10.054336,20,34.000614
-7.885559,18,34.05551
-8.221478,19,34.113585
-8.470622,18,34.169796
-6.771157,17,34.222082
-8.642595,18,34.277343
-6.656158,19,34.335664
-7.136315,17,34.388083
-6.528784,18,34.443302
-8.750024,18,34.498583
-8.713854,19,34.557443
-6.470411,18,34.61324
-9.602952,19,34.671463
-11.668886,18,34.727018
-6.838131,18,34.782429
-6.700285,17,34.834625
-4.718542,17,34.886497
-7.64379,18,34.942183
-6.948064,17,34.994626
-7.931952,19,35.73342
-6.191819,18,35.790411
-8.16107,18,35.846603
-6.129243,17,35.899561
-7.887516,18,35.956462
-7.677795,18,36.013623
-7.11535,17,36.405863
-8.202901,18,36.463004
-9.073687,19,36.523288
-8.573846,19,36.583869
-8.258954,18,36.640734
-7.497441,18,36.697687
-8.666156,18,36.75509
-7.650367,18,36.812412
-8.316321,18,36.869474
-7.454698,18,36.926409
-7.788109,18,36.984168
-6.875326,18,37.041166
-9.10802,19,37.101025
-8.441764,18,37.158463
-7.823133,18,37.215556
-9.205535,19,37.275704
-7.116895,17,37.329652
-8.799613,19,37.390385
-6.841782,19,37.450466
-8.691863,18,37.507285
-6.745618,18,37.563898
-7.587974,18,37.621193
-8.593685,18,37.678273
-5.978709,17,37.732148
-8.248919,19,37.792523
-6.927567,18,37.850392
-7.465487,19,37.910333
-8.083095,18,37.967447
-6.85341,18,38.024535
-5.6018,17,38.078804
-9.169631,20,38.141899
-6.954306,17,38.196504
-9.88848,19,38.256962
-8.331792,18,38.314518
-6.659641,18,38.713746
-6.659028,17,38.768616
-7.304747,18,38.827032
-8.332283,18,38.885514
-8.512182,19,38.944654
-8.403897,18,39.001631
-7.100054,17,39.055168
-7.159474,17,39.108737
-6.480005,18,39.165525
-7.368873,18,39.222899
-8.252479,18,39.279576
-7.460559,18,39.336587
-8.248317,18,39.39406
-7.813275,18,39.451213
-8.34815,18,39.508163
-10.463511,19,39.568248
-8.448542,18,39.625665
-5.759307,18,40.405674
-8.977122,19,40.466373
-6.252505,18,40.523457
-6.140575,19,40.583959
-9.015687,19,40.644929
-7.735879,18,40.70197
-6.738387,18,40.766872
-6.901783,18,40.824386
-5.687562,18,40.882087
-6.150046,18,40.939503
-7.386812,18,40.996947
-6.914017,18,41.055286
-6.634317,18,41.112623
-8.74673,18,41.169687
-8.624927,18,41.227812
-8.125125,18,41.285034
-7.525199,18,41.342217
-9.425432,19,41.402931
-6.659664,18,41.799225
-5.385737,17,41.853783
-9.033095,19,41.913647
-6.761077,18,41.970906
-7.440781,18,42.028522
-6.679694,18,42.085449
-9.099692,19,42.145704
-7.732197,19,42.205945
-5.392788,17,42.260434
-8.144257,18,42.317758
-5.215421,17,42.371691
-8.543772,18,42.429645
-8.378225,19,42.490669
-8.117846,18,42.548664
-10.097064,20,42.612943
-8.511034,19,42.674271
-6.651417,18,42.732194
-8.388303,18,42.789735
-8.532146,18,42.84743
-6.625585,18,42.905712
-7.144985,19,42.966693
-8.075778,18,43.025152
-8.051536,18,43.083925
-9.577449,20,43.148179
-7.765081,18,43.205585
-8.571413,19,43.266438
-8.287241,18,43.323759
-6.760496,18,43.381091
-6.844049,17,43.435685
-7.346434,17,43.490253
-7.99181,18,43.547792
-8.808771,18,43.605474
-7.462699,18,43.66405
-9.962389,19,43.724907
-7.230155,18,44.123933
-8.640818,18,44.182156
-6.726361,18,44.239514
-6.717079,18,44.298055
-6.047642,18,44.954269
-5.484363,18,45.011819
-7.678898,18,45.069588
-6.113751,17,45.124479
-8.483261,18,45.18229
-6.544734,17,45.236995
-6.064205,17,45.292242
-7.67883,19,45.353335
-5.907622,17,45.408312
-6.98385,18,45.466651
-7.290594,18,45.525289
-9.158303,19,45.586505
-8.25462,19,45.646984
-5.788722,18,45.70507
-6.431247,18,45.762895
-8.015757,18,45.820946
-8.77813,19,45.881996
-8.908345,19,45.943377
-5.848971,18,46.001281
-8.409096,18,46.059015
-6.353787,18,46.117025
-8.420435,18,46.174897
-7.812078,18,46.232042
-9.429834,19,46.292812
-8.27822,18,46.350573
-8.877345,18,46.40807
-7.222011,17,46.462483
-6.947282,17,46.517406
-6.891914,19,46.578324
-6.277052,17,46.633021
-8.79728,19,46.69363
-7.449831,18,47.093727
-6.49206,18,47.152172
-7.211635,17,47.206697
-5.870111,17,47.261431
-7.165298,17,47.31575
-7.231794,18,47.373578
-7.465709,18,47.43161
-8.291611,18,47.489136
-7.448793,18,47.547159
-7.971449,18,47.604804
-7.9195,18,47.662294
-8.853116,19,47.723505
-6.339574,18,47.78129
-8.264869,18,47.83867
-7.120126,17,47.893077
-8.651637,19,47.954623
-7.223371,17,48.009402
-8.235979,19,48.070694
-7.72693,18,48.128511
-7.99383,18,48.186301
-8.504736,18,48.243283
-5.904348,17,48.297888
-8.297835,18,48.356174
-7.979751,18,48.414181
-7.458546,19,48.475512
-5.142168,17,48.530512
-8.009437,18,49.223177
-8.018844,18,49.279795
-8.425861,19,49.340542
-5.720649,17,49.394879
-8.961838,19,49.455269
-9.644077,19,49.515417
-7.342125,17,49.570697
-6.481709,17,49.624708
-6.655404,17,49.679
-8.468486,18,50.06185
-6.565459,18,50.119834
-8.889148,19,50.181062
-6.898601,18,50.238991
-8.158647,19,50.300166
-8.334712,18,50.358129
-7.412677,18,50.416256
-9.202509,19,50.477212
-7.726395,18,50.534796
-8.593662,19,50.595983
-8.460698,18,50.653886
-7.827521,18,50.711038
-6.783362,18,50.770784
-8.020283,18,50.828929
-8.736033,18,50.886708
-7.830918,18,50.944154
-5.707213,18,51.002878
-8.155273,19,51.063548
-8.602604,18,51.121538
-5.103656,17,51.176645
-7.455314,18,51.234277
-4.848162,18,51.291724
-7.902476,18,51.349846
-8.782718,18,51.408364
-12.565036,19,51.469094
-4.863046,17,51.523772
-8.553941,18,51.582299
-8.364673,19,51.643757
-6.429328,17,51.697999
-6.018343,18,51.755409
-7.996725,18,51.813802
-5.860713,18,51.871917
-7.059675,18,51.929331
-5.760542,17,51.983889
-4.94968,17,52.038361
-7.065753,18,52.553357
-7.330421,18,52.611536
-6.184574,17,52.666316
-9.186838,19,52.727074
-6.042841,18,52.785124
-7.815324,18,52.843813
-7.307828,18,52.901803
-8.139385,18,52.959906
-7.721353,18,53.018466
-8.473939,18,53.076881
-7.395922,17,53.131374
-8.376478,18,53.189085
-8.735384,18,53.247557
-6.091414,17,54.077392
-7.421913,17,54.130044
-8.76048,18,54.186481
-7.997342,18,54.244004
-6.480592,17,54.29775
-7.073344,18,54.354856
-7.964191,18,54.412272
-8.084924,18,54.470006
-7.627106,18,54.527723
-6.887131,18,54.585258
-6.385854,18,54.643667
-8.449011,19,54.704787
-7.86562,18,54.761926
-5.925028,17,54.816363
-6.043991,17,54.870997
-8.453283,19,54.93119
-7.957167,18,54.988068
-6.313882,18,55.045901
-6.065594,18,55.103669
-7.441569,19,55.164526
-7.076481,17,55.218949
-7.759485,18,55.599259
-8.849454,18,55.657792
-5.856554,17,55.712439
-8.271772,18,55.774765
-7.565232,19,55.835956
-8.779643,18,55.89413
-7.05323,18,55.951621
-6.846412,18,56.009172
-7.729264,17,56.064718
-8.209624,18,56.122216
-8.593328,20,56.18586
-9.247531,19,56.246844
-5.98933,18,56.304393
-9.329698,19,56.364328
-12.344568,18,56.421574
-7.712703,18,56.479852
-7.03063,17,56.534432
-7.568515,19,56.59536
-8.161389,18,56.653571
-6.705992,17,56.708596
-5.697507,17,56.763357
-7.53836,18,56.82094
-8.517871,18,56.878851
-7.121181,17,56.933101
-7.247436,17,56.987302
-6.197882,17,57.042053
-7.549258,18,57.100029
-8.382278,18,57.157884
-8.826389,18,57.215794
-6.420573,18,57.274034
-8.116782,19,57.335095
-6.31751,18,57.392673
-9.288543,20,57.457221
-6.840865,18,57.515078
-7.179568,19,57.576051
-6.914109,18,57.957829
-8.442865,18,58.689398
-6.181176,17,58.743752
-8.690258,19,58.804538
-6.304925,18,58.862184
-6.429371,17,58.917901
-5.429808,17,58.9725
-6.916727,18,59.030226
-5.190851,18,59.088476
-8.792765,19,59.150114
-5.486044,17,59.20501
-7.703907,18,59.262816
-8.452048,18,59.321129
-8.379354,18,59.378628
-7.067758,17,59.433206
-6.23891,17,59.48772
-8.319556,18,59.546748
-8.134857,18,59.604162
-6.156274,17,59.658544
-6.761754,17,59.713927
-8.323131,19,59.775383
-8.156819,18,59.832906
-8.297589,18,59.890604
-6.151719,18,59.949535
-6.561899,17,60.003988
-6.442486,17,60.059128
-8.813953,19,60.12074
-8.359785,18,60.178672
-8.393362,18,60.236152
-6.108773,17,60.290798
-7.861,19,60.352755
-6.843815,18,60.410851
-5.96031,18,60.468477
-9.214808,19,60.53054
-8.540211,18,60.58861
-7.205586,18,60.972844
-8.165353,18,61.031831
-7.390951,18,61.089848
-5.360306,18,61.148217
-8.80036,18,61.206445
-9.428711,19,61.268002
-6.759519,17,61.323022
-8.360535,18,61.381406
-7.675737,18,61.439802
-8.347049,18,61.497955
-8.712757,18,61.555987
-7.524347,18,61.614213
-6.481821,17,61.668736
-6.519502,18,61.72626
-7.540282,18,61.784813
-8.943202,19,61.846056
-8.522861,18,61.904172
-7.146535,17,61.959073
-7.773666,18,62.017287
-7.990289,18,62.075158
-7.406105,17,62.129827
-6.353553,17,62.185271
-5.861514,18,62.243393
-6.976548,18,62.92334
-8.576819,18,62.981907
-9.071875,19,63.043688
-5.989618,17,63.098102
-8.589114,18,63.156544
-6.145682,17,63.21139
-5.701695,18,63.268361
-6.659884,17,63.322537
-9.144311,19,63.383727
-7.933047,18,63.440969
-6.25499,18,63.498357
-7.113869,17,63.552538
-9.629469,19,63.937423
-6.415523,18,63.995253
-7.509567,19,64.05604
-8.24589,18,64.113439
-7.377859,18,64.171424
-5.601634,17,64.225959
-5.332764,17,64.280334
-8.799367,19,64.34058
-5.841679,17,64.394749
-7.214409,18,64.452304
-4.636233,18,64.509813
-5.991771,17,64.567786
-6.743766,17,64.623106
-6.873686,17,64.67798
-7.789767,18,64.736123
-8.561724,18,64.7941
-8.859881,19,64.854832
-7.225856,18,64.913072
-7.164802,18,64.9711
-7.514778,18,65.030607
-4.705666,17,65.084236
-8.230268,18,65.140308
-5.609423,17,65.193575
-8.638735,19,65.253029
-8.129622,18,65.308941
-8.276953,18,65.364784
-9.174675,19,65.425134
-6.141511,18,65.481426
-7.467342,18,65.537825
-8.312493,18,65.594165
-7.926142,18,65.650405
-8.010553,18,65.706522
-9.42284,19,65.76575
-6.503731,18,65.829044
-9.022978,19,65.888223
-6.985468,17,66.256841
-6.628221,17,66.310163
-6.066352,17,66.363049
-7.072296,18,66.419498
-7.679901,18,66.475569
-7.883855,18,66.531737
-6.552367,18,66.587634
-8.405088,18,66.644153
-8.17954,18,66.699949
-6.762056,17,66.752732
-8.752331,18,67.467724
-7.073245,17,67.520323
-6.488941,17,67.572735
-6.332133,17,67.625508
-7.24138,18,67.681605
-7.381478,19,67.740375
-8.351028,18,67.796008
-7.185173,18,67.851903
-6.528015,18,67.907455
-6.787176,18,67.963359
-7.009922,17,68.016259
-7.825085,18,68.073269
-5.378436,17,68.125988
-6.921013,17,68.178608
-8.333847,18,68.233989
-7.581105,18,68.289824
-5.991516,18,68.345142
-6.652079,18,68.400461
-8.041751,18,68.45673
-6.973625,18,68.512444
-6.982414,17,68.565036
-6.974291,19,68.623399
-7.172852,17,68.676544
-6.084355,19,68.735235
-8.316878,18,68.790754
-7.708921,18,69.162947
-8.01935,18,69.219403
-4.820618,17,69.272932
-8.548219,18,69.328887
-6.676865,17,69.381637
-7.678722,19,69.440789
-6.690816,18,69.497451
-8.620991,18,69.553306
-7.869021,18,69.609212
-5.002762,17,69.662229
-5.955522,18,69.718013
-5.594759,18,69.773445
-6.033413,17,69.826068
-8.273856,18,69.88235
-8.5698,18,69.938303
-5.688518,18,69.993725
-6.237133,18,70.049675
-6.872536,17,70.103362
-7.226154,18,70.158992
-6.884681,17,70.21138
-6.987472,17,70.264251
-6.376551,18,70.320069
-8.494899,18,70.375659
-7.202241,17,70.427923
-7.009249,17,70.480904
-5.96434,18,70.536439
-7.477065,18,70.592109
-7.785605,18,70.647632
-6.762937,19,70.706589
-8.801311,19,70.765319
-5.709642,18,70.822372
-5.537256,17,70.875331
-6.452906,17,70.928117
-7.095541,18,71.674278
-5.674377,18,71.732385
-6.551376,18,72.11534
-7.614745,18,72.17391
-7.262339,17,72.22908
-6.006458,17,72.284013
-7.969472,18,72.342638
-7.666102,18,72.40063
-8.352189,19,72.461789
-5.155443,17,72.516777
-6.206629,17,72.57147
-8.792025,19,72.632538
-7.363101,18,72.690704
-6.536953,17,72.745698
-7.519474,17,72.800361
-6.783713,17,72.854309
-6.526648,18,72.912012
-5.844461,18,72.969645
-9.433687,19,73.030325
-6.296313,18,73.087719
-9.603998,19,73.148724
-7.889067,18,73.206153
-4.480569,17,73.260787
-7.729158,19,73.321898
-8.014057,18,73.379848
-7.206353,17,73.434483
-7.914349,18,73.492079
-7.992341,18,73.549943
-7.723985,18,73.607528
-7.412039,17,73.661513
-6.705509,17,73.716097
-8.465882,18,73.774105
-8.149537,18,73.831599
-6.798055,17,73.885221
-8.657361,18,73.943054
-7.995289,18,74.000803
-7.214131,18,74.057814
-7.4365,17,74.538619
-6.479553,17,74.5931
-8.3093,18,74.650563
-7.372607,18,74.707719
-5.962914,17,74.762133
-6.299872,17,74.816719
-7.150665,17,74.870746
-5.933143,18,74.927714
-7.255926,18,74.985068
-7.525538,19,75.045779
-6.433053,17,75.099993
-7.225372,17,75.154431
-5.644799,17,75.208769
-8.647578,18,75.266097
-7.554818,18,75.323595
-5.205812,17,75.378297
-4.891226,17,75.43245
-6.799797,17,75.486516
-5.950925,18,75.543899
-4.938555,17,75.597835
-4.741811,17,75.651972
-5.70104,17,76.343679
-6.531898,17,76.397593
-6.710112,18,76.453667
-7.227734,17,76.506342
-6.817484,17,76.559359
-5.978897,17,76.611981
-6.881813,17,76.664655
-7.007673,17,76.717224
-7.937318,18,76.773353
-6.907771,17,76.82627
-5.766885,17,76.879529
-6.570857,17,76.932957
-6.19052,17,76.986417
-5.784142,18,77.042293
-5.309981,17,77.094997
-7.945135,18,77.467705
-7.264341,18,77.524301
-6.132027,17,77.577667
-4.644099,17,77.630383
-4.987348,17,77.682955
-5.060701,17,77.735545
-8.404838,19,77.794994
-8.283625,18,77.850912
-7.851157,18,77.906538
-7.296334,17,77.959255
-8.546573,18,78.016424
-6.256501,17,78.069271
-6.138741,17,78.121828
-7.184264,17,78.175177
-8.286207,18,78.231275
-7.352071,18,78.286733
-7.329313,17,78.338989
-7.314822,17,78.39195
-6.883828,18,78.4478
-7.591116,18,78.503663
-8.074868,18,78.559125
-5.081168,17,78.611871
-8.243085,18,78.667596
-7.805591,18,78.723233
-5.15698,17,78.775778
-5.8534,17,78.828923
-7.678622,18,78.884432
-4.910254,17,78.93702
-7.934377,18,78.993527
-8.822378,18,79.049488
-8.452049,18,79.104867
-7.572646,19,79.16387
-8.676592,19,79.223087
-6.958503,17,79.275964
-7.627087,18,79.331788
-7.094492,17,79.384931
-8.001409,18,79.755534
-7.92713,17,79.809211
-5.404783,18,79.865267
-7.119889,18,79.920786
-7.195065,17,79.973709
-5.917348,17,80.02715
-7.313991,18,80.082836
-6.165823,18,80.735348
-8.275828,18,80.791683
-8.700609,18,80.848648
-6.472308,18,80.904345
-6.126528,18,80.96005
-6.128516,17,81.013248
-7.579616,18,81.069698
-6.119611,17,81.122506
-6.837793,18,81.178565
-8.335177,18,81.235173
-6.157888,17,81.288218
-7.359545,18,81.34909
-5.681794,17,81.402037
-5.795669,18,81.458573
-7.277533,17,81.511589
-8.956974,19,81.570535
-5.831369,17,81.623021
-7.924657,18,81.679402
-6.219571,17,81.731989
-5.506976,17,81.784413
-7.640454,18,81.841216
-4.54915,17,81.89391
-7.031934,18,81.949554
-6.224795,17,82.00211
-5.984533,17,82.055477
-9.381865,19,82.11407
-6.92746,18,82.169388
-8.142449,18,82.224893
-5.089017,17,82.594282
-5.754304,17,82.648005
-6.044055,17,82.70086
-7.331262,17,82.753078
-6.208242,17,82.805457
-4.157949,17,82.859296
-6.113322,17,82.912092
-7.186382,17,82.9647
-10.012929,19,83.023652
-6.07346,17,83.076958
-5.59986,17,83.129336
-8.055071,18,83.185152
-6.53883,17,83.238007
-6.025572,18,83.294325
-6.500518,17,83.347294
-5.283756,17,83.399754
-6.403234,19,83.459383
-6.267152,17,83.512085
-7.488806,18,83.567736
-6.526169,17,83.620246
-6.898156,17,83.673532
-6.863562,18,83.729264
-6.319204,17,83.78185
-8.079141,18,83.837626
-6.752123,18,83.893841
-5.912704,17,83.946533
-5.639877,17,83.999106
-7.664003,18,84.054995
-6.141313,18,84.110826
-8.476942,18,84.166328
-5.137984,17,84.218783
-6.632752,17,84.997222
-5.297639,17,85.050005
-8.695199,18,85.106555
-8.765286,18,85.162194
-7.492189,19,85.221012
-5.056267,17,85.58796
-6.671686,18,85.643937
-5.366912,17,85.697035
-7.878728,18,85.752506
-4.815861,17,85.80471
-8.317511,19,85.863887
-6.325869,17,85.916728
-5.453807,18,85.972072
-6.826845,17,86.024463
-7.253886,17,86.07731
-6.170764,18,86.133273
-6.280234,17,86.185408
-6.290046,18,86.240786
-7.212202,18,86.29681
-7.213089,18,86.356905
-4.98259,17,86.409248
-5.021128,17,86.461771
-6.850527,17,86.514646
-5.668938,18,86.570162
-5.931703,17,86.622461
-8.481427,18,86.677787
-5.297053,18,86.733747
-6.430477,17,86.785987
-5.690351,17,86.838313
-5.516899,18,86.894005
-6.87981,18,86.950259
-7.91398,18,87.005916
-6.049439,17,87.058923
-5.122719,17,87.111999
-5.863422,17,87.164813
-8.291982,18,87.220301
-6.711121,18,87.275652
-6.252091,18,87.332064
-6.293537,17,87.38466
-7.253018,17,87.437273
-5.86534,17,87.49
-4.879929,17,87.85642
-5.008742,17,87.909758
-6.356414,17,87.962546
-6.208835,17,88.015274
-6.111508,17,88.068035
-7.979117,18,88.124247
-7.810774,18,88.179764
-7.009781,19,88.238207
-5.569182,17,88.290882
-6.9464,18,88.347356
-8.545123,18,88.402669
-7.16532,17,88.454816
-5.454602,17,88.507381
-7.975317,18,88.56371
-8.694047,18,88.619357
-6.420402,18,88.674656
-6.49023,18,88.730659
-8.371594,18,89.558767
-6.028984,17,89.612278
-5.738706,17,89.666478
-6.151647,17,89.721049
-5.823903,17,89.775457
-4.752047,17,89.830116
-8.590254,18,89.888321
-7.160741,18,89.946648
-5.683183,17,90.001263
-8.371529,18,90.059277
-5.200055,17,90.113619
-5.902566,17,90.168959
-7.152938,17,90.22383
-7.450497,18,90.28197
-6.959507,18,90.340707
-7.236274,18,90.399361
-7.751995,18,90.45746
-5.512842,17,90.512045
-4.8304,17,90.893692
-7.375516,17,90.949453
-5.86754,17,91.004959
-7.928001,18,91.06292
-6.618747,18,91.120998
-6.077547,17,91.177082
-5.639252,17,91.231935
-8.246507,18,91.290619
-6.019137,17,91.345751
-8.031419,18,91.406948
-5.16729,17,91.461772
-5.815485,17,91.516594
-6.039638,17,91.571837
-5.196144,17,91.627012
-6.9719,18,91.685214
-4.360019,17,91.739835
-8.192467,19,91.801904
-4.661203,17,91.856799
-7.883474,19,91.918152
-6.356561,17,91.973212
-4.431079,17,92.028056
-7.734886,18,92.086674
-7.360065,17,92.141218
-7.05939,17,92.196978
-5.240403,17,92.252173
-7.34338,17,92.30721
-7.17632,17,92.362454
-6.397803,17,92.417769
-6.396035,18,92.475931
-4.548079,17,92.530991
-7.392443,17,92.58594
-8.328251,18,92.643626
-5.931479,18,92.701239
-6.706446,17,92.755801
-6.065201,17,92.811306
-7.188218,18,92.86957
-6.015049,18,93.252538
-5.68237,17,93.308261
-7.228746,17,93.363399
-6.152683,17,93.418747
-5.933444,17,93.474064
-8.2989,18,94.1799
-7.551607,18,94.23677
-5.7687,17,94.290648
-8.603244,18,94.347529
-5.340474,17,94.401478
-6.260485,17,94.455902
-6.598461,17,94.510194
-4.834982,17,94.564461
-4.990019,17,94.619079
-6.10711,18,94.676688
-4.977502,17,94.730678
-7.157132,17,94.78478
-5.274336,17,94.839608
-6.018762,17,94.89385
-8.275629,18,94.951388
-8.230312,18,95.008538
-5.629985,17,95.06344
-6.534385,17,95.118367
-6.291887,17,95.172784
-8.115791,18,95.23074
-7.14812,18,95.288456
-8.076497,18,95.345745
-5.272199,17,95.399773
-6.980462,18,95.457904
-5.735873,18,95.515752
-4.523764,17,95.570593
-5.482299,17,95.625495
-5.359449,17,95.680332
-7.38808,17,95.735128
-5.666506,17,95.790016
-8.236654,18,95.847829
-5.244253,17,96.338441
-8.286319,18,96.397451
-8.863074,19,96.456783
-5.1373,17,96.509074
-6.796223,17,96.561405
-6.780551,17,96.613489
-4.831632,17,96.666248
-6.993499,17,96.718591
-6.07984,17,96.771148
-4.906311,17,96.823619
-6.336776,17,96.876372
-6.028153,17,96.928688
-7.941004,18,96.983941
-6.442739,17,97.036561
-6.40399,18,97.091943
-8.294969,18,97.147251
-8.666251,18,97.202694
-5.020261,17,97.255409
-5.885783,17,97.308778
-8.207919,18,97.364475
-4.978807,17,97.417877
-5.103815,17,97.474916
-7.147587,18,97.531697
-4.516008,17,97.58546
-5.884622,17,97.639539
-8.109722,19,97.700443
-5.995284,17,97.754777
-4.763756,17,97.809429
-5.0105,17,98.604187
-5.827754,17,98.657719
-6.385102,17,98.712117
-8.525109,18,98.768961
-7.481598,17,98.822594
-6.278443,17,98.877149
-6.34625,17,98.931409
-6.585975,18,98.989112
-6.105764,17,99.368983
-5.604027,17,99.422101
-6.157108,18,99.478357
-5.867242,18,99.533943
-4.840425,17,99.586595
-5.082871,17,99.639034
-6.948135,18,99.6952
-5.74471,18,99.750721
-4.675433,17,99.802935
-6.366868,17,99.855325
-6.857752,17,99.908539
-6.776868,17,99.961411
-6.413675,17,100.014082
-5.947002,17,100.066444
-6.357695,17,100.119758
-5.590296,17,100.172256
-6.088899,17,100.225151
-4.975736,17,100.278036
-7.228884,18,100.333793
-7.0608,17,100.386204
-6.775928,18,100.441745
-7.475665,18,100.497735
-6.587649,17,100.550411
-5.81015,18,100.606164
-7.608976,17,100.658618
-4.541137,17,100.711837
-8.555171,18,100.767556
-7.817382,18,100.823298
-6.027817,17,100.875515
-5.923859,18,100.931897
-6.237694,18,100.987404
-8.016931,18,101.043107
-4.910022,17,101.095844
-5.089013,17,101.148441
-4.542538,17,101.201312
-5.864038,17,101.253934
-6.297709,18,101.62123
-7.423862,17,101.674159
-6.143266,18,101.730318
-5.528395,18,101.786133
-7.567917,18,101.841761
-6.375677,17,101.893983
-5.229238,17,101.947086
-7.876643,18,102.002317
-7.424451,17,102.05445
-6.181233,17,102.106696
-6.924999,17,102.159278
-5.029577,17,102.211473
-8.49474,18,102.266948
-6.469518,17,102.319386
-5.930402,18,102.374879
-5.461904,17,103.049297
-4.540462,17,103.101596
-8.42415,18,103.157884
-5.062334,17,103.210348
-6.453678,17,103.262657
-6.588594,17,103.314956
-7.361713,17,103.368192
-4.655778,17,103.420878
-7.290766,18,103.476682
-7.297687,18,103.533183
-6.077216,17,103.585708
-5.091396,17,103.638233
-6.017881,18,103.69343
-7.988835,18,103.749763
-6.079122,17,103.802072
-5.536744,17,103.854209
-6.630628,17,103.906795
-4.891761,17,103.959872
-6.807214,17,104.012419
-8.366564,18,104.068072
-5.61795,17,104.120738
-5.757462,18,104.490425
-6.135175,17,104.544547
-5.688601,17,104.597605
-6.342461,17,104.650356
-5.089131,17,104.702873
-8.243848,18,104.759
-6.828305,17,104.811918
-8.414257,18,104.867481
-6.071314,17,104.919861
-7.536967,19,104.979301
-6.023501,17,105.031726
-6.118602,17,105.084364
-8.12167,18,105.140188
-6.971097,18,105.19621
-6.190674,17,105.248635
-6.323685,18,105.303806
-5.054814,17,105.356159
-6.1918,17,105.409027
-4.940025,17,105.46196
-6.19586,17,105.514261
-8.935881,18,105.570272
-7.486268,18,105.625852
-7.195688,17,105.67841
-8.691404,18,105.73376
-5.519748,18,105.789453
-6.542245,18,105.845275
-7.209794,19,105.903517
-5.185645,17,105.955916
-8.163419,18,106.012051
-5.989133,17,106.064391
-8.716888,19,106.122653
-5.741651,18,106.178551
-7.989821,18,106.233868
-6.456722,18,106.289066
-6.711409,18,106.344301
-6.219114,17,106.404648
-6.968464,18,106.771563
-6.153822,18,107.528602
-5.05124,17,107.582899
-8.229548,18,107.639299
-6.098361,17,107.69279
-5.05997,17,107.746405
-8.042865,18,107.804069
-5.777983,17,107.858151
-8.333042,18,107.915751
-4.722958,17,107.970079
-5.455825,17,108.024767
-6.664599,18,108.082234
-6.031757,17,108.136207
-6.778302,17,108.190742
-6.706875,17,108.245514
-6.512963,17,108.300052
-7.052102,17,108.354511
-6.217993,17,108.409196
-5.844999,17,108.463916
-6.576207,17,108.518423
-4.682663,17,108.57311
-5.087123,17,108.628273
-5.720229,17,108.682815
-4.62529,17,108.737228
-8.16563,18,108.795529
-4.820852,17,108.850538
-6.987872,17,108.905097
-4.581971,17,108.959526
-10.299983,20,109.024331
-5.497271,17,109.079052
-4.864678,17,109.133526
-6.401929,18,109.19127
-6.257957,17,109.246448
-4.941458,17,109.301008
-8.67057,19,109.361605
-5.728662,17,109.416499
-5.708897,17,109.794739
-6.763114,17,109.84836
-7.836717,18,109.904187
-5.96234,17,109.956725
-7.73033,18,110.01283
-6.695399,17,110.065587
-7.051756,17,110.118109
-6.403274,17,110.170503
-8.546976,18,110.227082
-5.697466,17,110.279717
-7.00766,18,110.335084
-4.879853,17,110.387314
-5.410204,17,110.440655
-5.620067,17,110.493265
-5.298991,17,110.545636
-8.503744,18,110.601023
-5.971514,17,110.654458
-6.229153,17,110.707349
-6.665175,17,110.759634
-5.59859,17,110.812211
-5.942997,17,110.865488
-6.072847,17,110.917851
-6.688591,17,110.970126
-6.797515,17,111.022678
-6.450123,17,111.075783
-4.985596,17,111.830671
-4.946086,17,111.885526
-4.916528,17,111.939939
-4.915814,17,111.994518
-5.56284,17,112.049744
-6.556849,17,112.104527
-5.686209,17,112.159198
-5.230562,17,112.214046
-4.474979,17,112.269095
-7.565724,18,112.327299
-6.387265,18,112.385578
-6.36687,17,112.766229
-6.721002,17,112.819536
-5.844206,17,112.872881
-5.077106,17,112.925814
-4.630911,17,112.978119
-4.779667,17,113.030472
-4.470054,17,113.083387
-4.386804,17,113.135844
-4.904613,17,113.18824
-5.674067,17,113.241277
-7.760799,18,113.297538
-7.228069,18,113.353251
-6.039939,17,113.405924
-5.403443,17,113.459208
-5.574828,17,113.513044
-4.724116,17,113.567659
-5.487326,17,113.62215
-8.436808,18,113.679767
-5.821622,17,113.733293
-4.923334,17,113.785973
-4.442612,17,113.839006
-6.319208,17,113.893073
-6.567744,18,113.949998
-6.294646,18,114.006198
-4.764928,17,114.060055
-8.288114,18,114.117986
-4.841501,17,114.171464
-6.34965,17,114.224701
-5.829824,17,114.27833
-8.491669,18,114.33475
-4.878852,17,114.387874
-7.323564,18,114.444661
-7.072701,17,114.498407
-5.036274,17,114.551379
-5.99351,17,114.603787
-4.922786,17,114.656804
-4.795335,17,115.027394
-4.679439,17,115.081351
-8.308772,18,115.137755
-5.503805,17,115.190445
-6.091511,17,115.242786
-6.478771,17,115.296062
-8.161006,18,115.35199
-7.93509,18,115.408114
-6.300813,18,115.464222
-6.144375,17,115.517673
-4.716091,17,115.570859
-7.051508,17,115.625444
-5.5078,17,116.408872
-6.785812,17,116.464902
-4.818488,17,116.521681
-6.443038,18,116.580158
-5.322175,17,116.63554
-6.103654,17,116.691409
-8.198248,18,116.751298
-7.453491,17,116.807429
-6.499364,17,116.866729
-4.919726,17,116.923375
-6.755809,17,116.978549
-5.759865,18,117.036545
-4.639208,17,117.09099
-8.477537,18,117.150161
-5.986717,17,117.20537
-8.569326,18,117.263607
-6.229119,17,117.31927
-6.222997,17,117.374746
-5.461754,17,117.430838
-6.019165,17,117.487947
-5.692907,18,117.548566
-6.810937,18,117.60797
-4.558093,17,117.663443
-7.198536,17,117.71945
-4.584107,17,117.775271
-6.392399,17,118.279253
-5.981244,17,118.336131
-7.089699,17,118.392431
-6.653899,17,118.448516
-7.025889,17,118.504181
-4.266269,17,118.559926
-6.594252,17,118.61564
-7.25341,17,118.67073
-7.065679,17,118.72603
-4.109538,17,118.781563
-4.906571,17,118.837198
-5.381596,17,118.892292
-5.909673,17,118.947788
-5.909703,18,119.006243
-5.811133,17,119.061572
-6.170471,17,119.116876
-6.484301,18,119.175879
-5.595152,18,119.234374
-4.794501,17,119.289198
-5.873538,17,119.34441
-4.147048,17,119.399481
-5.397979,18,119.457493
-8.549607,18,119.51564
-6.81985,18,119.573946
-4.697048,17,119.628769
-7.097327,17,119.683822
-5.755341,17,119.738963
-6.249939,17,119.794093
-5.671993,17,119.848662
-4.838788,17,119.902965
-6.485086,17,119.958046
-4.954563,17,120.013124
-5.065303,17,120.067989
-5.228576,17,120.122709
-7.062664,17,120.177687
-6.258619,17,121.01465
-6.280091,17,121.38068
-4.653793,17,121.433651
-4.979385,17,121.486458
-5.349298,17,121.539147
-5.835833,18,121.595539
-4.979371,17,121.647834
-6.064025,17,121.70084
-4.81611,17,121.753657
-6.300753,17,121.807164
-7.351821,18,121.863791
-6.064472,18,121.91932
-5.557465,17,121.972599
-5.803766,17,122.025474
-5.225478,17,122.078136
-7.693959,17,122.130647
-7.10562,17,122.18348
-4.411629,17,122.236614
-7.478546,18,122.292381
-5.681595,18,122.34923
-7.027142,17,122.403262
-6.354351,17,122.45614
-6.07731,17,122.508614
-6.347809,18,122.564214
-5.698548,17,122.617338
-8.693734,18,122.673326
-5.667782,18,122.729769
-4.790071,17,122.783929
-5.902503,17,122.83916
-7.871309,18,122.895855
-5.332943,17,122.948556
-4.517565,17,123.001996
-5.79253,17,123.054764
-6.531637,17,123.107884
-6.859576,17,123.161044
-6.978935,17,123.215243
-5.635666,17,123.267842
-5.595203,17,123.638436
-6.018567,17,123.69167
-8.739437,18,123.747695
-6.262136,17,123.801683
-5.537559,17,123.854383
-7.833328,18,123.910237
-6.713945,17,123.962837
-5.709521,17,124.01585
-7.967983,18,124.071927
-5.162732,17,124.124504
-5.753513,17,124.176804
-6.677788,17,124.230271
-4.986053,17,124.282747
-6.456046,18,124.338204
-5.310128,17,124.390574
-4.814344,17,124.443808
-4.940704,17,124.497866
-6.700233,18,124.555815
-5.384292,17,124.609902
-4.63693,17,124.662658
-4.840981,17,124.715181
-4.711541,17,124.767756
-6.895382,18,125.510525
-4.873732,17,125.565049
-4.603505,17,125.621995
-4.857243,17,125.678743
-7.282043,18,125.736953
-5.607065,17,125.791608
-5.412165,17,125.846931
-4.955162,17,125.901596
-4.873954,17,125.95663
-5.431398,17,126.013848
-4.897789,17,126.070765
-5.216737,17,126.125718
-5.13599,17,126.180683
-3.91555,18,126.23947
-4.832651,17,126.29464
-5.89261,17,126.676788
-6.269787,17,126.735785
-5.762606,17,126.792135
-6.554246,17,126.855031
-4.912905,17,126.910243
-6.072798,17,126.96535
-4.989776,17,127.020135
-5.440962,17,127.075511
-6.648971,17,127.131187
-5.995575,17,127.187889
-6.006256,17,127.243981
-7.076788,18,127.302706
-5.393671,17,127.35818
-4.520135,17,127.41335
-6.696047,17,127.469465
-4.566872,17,127.524475
-4.981544,18,127.583249
-4.481422,17,127.63842
-5.541022,18,127.697414
-6.162942,17,127.753316
-6.577566,18,127.81379
-6.908569,18,127.874246
-6.205056,17,127.930046
-5.288312,17,127.98589
-4.686597,17,128.041478
-6.143405,17,128.097164
-4.558555,17,128.15215
-5.999598,18,128.210478
-7.59603,18,128.2691
-6.31399,17,128.324402
-5.246777,17,128.380103
-6.008214,17,128.435293
-4.935233,17,128.491896
-6.96151,17,128.547761
-5.684783,17,128.604414
-5.156048,17,128.660728
-5.943306,17,129.043351
-6.198758,17,129.100396
-6.279011,17,129.156377
-7.011752,17,129.211751
-5.964359,17,129.267502
-4.694006,17,129.323421
-5.414836,17,129.37897
-7.485202,18,129.43783
-4.506408,17,129.493774
-4.795822,17,130.191928
-5.474805,17,130.246867
-4.420876,17,130.302524
-5.090077,18,130.36086
-5.430371,17,130.416116
-4.933901,17,130.471196
-4.809962,17,130.526389
-4.725365,17,130.581479
-5.745693,17,130.636209
-6.545338,17,130.691998
-5.218308,17,130.748433
-5.187433,17,130.804368
-4.93454,17,130.860179
-6.15902,17,130.915992
-5.033383,17,130.971121
-6.67209,18,131.029069
-5.043746,17,131.084066
-5.638435,17,131.139122
-6.312631,17,131.193809
-7.614901,18,131.254019
-4.821912,17,131.311855
-5.563151,18,131.370694
-5.566269,18,131.429237
-5.285214,17,131.484108
-6.198778,18,131.542675
-5.080699,17,131.597565
-4.714733,17,131.652151
-4.532887,17,132.032283
-6.832176,17,132.087316
-4.821819,17,132.142296
-4.501955,17,132.197138
-5.574613,17,132.251792
-5.824126,17,132.306756
-6.100581,17,132.36153
-5.587321,17,132.416236
-7.216792,17,132.470556
-6.064044,18,132.528462
-6.113973,17,132.583018
-5.385518,17,132.637993
-5.820952,17,132.692779
-4.848886,17,132.747467
-6.542256,17,132.802011
-5.495531,17,132.856586
-5.605796,17,132.911507
-5.020617,17,132.966189
-6.079927,18,133.024616
-7.273438,17,133.079758
-5.429064,17,133.135606
-5.271502,17,133.190952
-5.135869,17,133.246164
-4.871201,17,133.301819
-4.506269,17,133.356931
-5.144442,18,133.414971
-4.93772,17,133.470465
-5.571461,17,133.52635
-4.683801,17,133.581667
-5.090974,17,133.637
-6.488308,17,133.692368
-4.791548,17,133.748282
-4.493939,17,134.461638
-5.864039,17,134.51457
-6.507044,17,134.568004
-4.77865,17,134.621502
-5.07528,17,134.676529
-5.062696,17,135.053312
-4.625466,17,135.108812
-6.376272,17,135.164851
-4.489491,17,135.220442
-5.836654,17,135.275843
-4.659301,17,135.331511
-4.798711,17,135.388161
-6.156916,17,135.445399
-4.800925,17,135.505795
-4.227049,17,135.56639
-6.116708,17,135.626701
-7.495096,18,135.690285
-4.63978,17,135.750339
-4.168306,17,135.81075
-5.008641,17,135.871107
-5.158829,17,135.92888
-4.525977,17,135.987344
-5.812679,17,136.045225
-5.607916,17,136.103179
-6.027587,17,136.160248
-4.957376,17,136.216587
-5.963008,17,136.272794
-5.320864,17,136.329694
-4.593242,17,136.385379
-5.41618,17,136.441629
-5.449669,17,136.49898
-5.046284,17,136.556681
-6.527781,17,136.614199
-4.461708,17,136.676658
-5.947954,17,136.736284
-5.950384,17,136.79533
-6.833271,17,136.855134
-5.725792,17,136.912008
-5.680018,17,136.968349
-7.782304,18,137.028388
-5.825196,17,137.085151
-4.840896,17,137.480204
-6.331415,17,137.536342
-4.789842,17,137.592019
-5.724116,17,137.648259
-4.942997,17,137.704761
-6.846493,18,137.764125
-5.271652,17,137.819982
-4.920772,17,137.876442
-6.772454,18,137.93696
-6.38789,17,137.994086
-6.18715,17,138.05091
-6.118471,17,138.108119
-4.892078,17,138.164227
-4.532009,17,138.221345
-4.164573,17,138.2781
-4.650668,17,138.334498
-6.855249,18,138.394224
-4.70786,17,138.452544
-7.164622,18,138.513413
-5.071964,17,139.392069
-7.672325,18,139.449595
-7.140546,17,139.504762
-4.674256,17,139.560183
-4.812678,17,139.618342
-6.590059,18,139.679412
-6.867309,17,139.735639
-6.131349,17,139.790937
-4.911255,17,139.846396
-5.56465,17,139.902409
-4.611191,17,139.957818
-4.565895,17,140.013405
-4.723993,17,140.06885
-7.274263,18,140.128164
-4.454322,17,140.184326
-5.024782,17,140.242121
-4.328432,17,140.29872
-4.733725,17,140.355638
-4.986928,17,140.863264
-6.993511,18,140.921761
-6.682601,19,140.984003
-4.536964,17,141.040207
-9.809087,19,141.102178
-7.010095,18,141.16036
-7.739361,18,141.218905
-5.747523,17,141.274438
-4.556509,17,141.329551
-5.788967,17,141.384076
-6.271186,17,141.439323
-4.346703,17,141.496371
-6.146948,17,141.553709
-4.406318,17,141.611019
-4.80223,17,141.668076
-4.769296,17,141.72556
-5.51212,17,141.782372
-5.391946,17,141.839493
-6.128706,17,141.899559
-6.202598,17,141.954985
-4.587746,17,142.010672
-6.15071,18,142.070632
-5.048105,17,142.126639
-6.342741,17,142.182251
-5.786966,17,142.237743
-5.772507,17,142.294265
-6.120133,17,142.350767
-4.514422,17,142.407385
-4.635918,17,142.464738
-6.185586,17,142.520983
-4.614717,17,142.577601
-4.575337,17,142.63401
-4.882077,17,142.689906
-4.67189,17,142.747144
-5.837537,17,142.803916
-6.083026,17,142.860567
-5.286322,17,143.248079
-4.827482,17,143.304445
-5.291838,17,143.36158
-6.145401,18,143.421731
-6.072127,17,143.478385
-8.185464,18,143.53844
-6.1652,17,144.417138
-6.097235,17,144.475245
-4.646431,17,144.538539
-4.9788,17,144.595905
-4.911586,17,144.652659
-7.569024,17,144.70863
-6.017438,18,144.768256
-4.551991,17,144.823775
-5.17795,17,144.879416
-4.875708,17,144.935667
-4.891068,17,144.992004
-4.925927,17,145.04812
-4.487973,17,145.104401
-5.224301,17,145.161263
-5.503113,18,145.22092
-6.178836,17,145.277577
-5.312596,17,145.333314
-5.660108,17,145.389511
-5.720616,17,145.44629
-6.564328,18,145.506375
-5.038741,17,145.563959
-5.253031,17,145.621109
-4.982788,17,145.678502
-4.545649,17,145.735473
-5.834195,17,145.79294
-5.694267,17,145.850088
-5.39485,18,145.908938
-5.921945,17,145.964552
-4.987192,17,146.020797
-5.388882,17,146.076922
-5.370084,17,146.133002
-5.006733,17,146.523448
-4.690778,17,146.58373
-4.475467,17,146.641793
-4.814815,17,146.699877
-4.885192,17,146.757965
-4.696441,17,146.815422
-4.805811,17,146.872783
-5.696664,17,146.931252
-6.051222,17,146.988813
-4.916461,17,147.045979
-4.722027,17,147.102904
-4.688453,17,147.16102
-4.840573,17,147.22008
-4.66636,17,147.2804
-4.96745,17,147.340514
-6.412269,17,147.398196
-4.772772,17,147.455691
-6.377191,18,147.516745
-4.971745,17,147.574157
-5.518088,17,147.632237
-4.946931,17,147.690949
-4.468837,17,147.748738
-4.693507,17,147.806835
-4.59775,17,147.865043
-5.580767,17,147.922952
-5.107172,17,147.979452
-4.520982,17,148.03609
-7.221504,18,148.095751
-4.990739,17,148.990475
-7.162752,18,149.048949
-4.754898,17,149.10351
-4.800847,17,149.158022
-8.650762,18,149.215986
-6.005721,17,149.271039
-5.322996,17,149.325846
-5.78998,17,149.381403
-5.340283,17,149.760832
-5.189292,17,149.81675
-4.455239,17,149.871609
-4.884835,17,149.927995
-5.095888,17,149.984393
-4.616772,17,150.041262
-4.814077,17,150.097404
-4.80919,17,150.15362
-5.2113,17,150.20984
-7.061805,18,150.26897
-5.278295,17,150.324447
-5.12248,17,150.380378
-4.8492,17,150.435749
-5.508905,17,150.491453
-4.882416,17,150.546838
-6.0618,17,150.602294
-6.369656,18,150.660863
-5.218966,17,150.716499
-4.995814,17,150.771748
-8.369032,18,150.830396
-5.009599,17,150.885812
-6.016569,17,150.941338
-5.001844,17,150.997257
-5.481157,17,151.053192
-4.547851,17,151.109574
-5.040138,17,151.165505
-4.759791,17,151.220816
-4.870688,17,151.276235
-5.828824,18,151.33545
-6.407996,18,151.394178
-5.598419,17,151.449665
-5.085669,17,151.505166
-4.697994,17,151.560998
-4.838058,17,151.617765
-8.433638,18,151.676565
-4.983686,17,151.731892
-5.628743,17,152.112471
-7.643347,18,152.171771
-4.696641,17,152.22715
-4.67854,17,152.282372
-4.318758,17,152.339863
-4.299906,17,152.397098
-4.965068,17,152.457611
-6.20224,17,152.520026
-5.574448,17,152.579149
-5.827407,18,152.641073
-5.074632,17,152.699682
-5.294009,17,152.758067
-6.647202,17,152.816906
-6.522476,17,152.875863
-5.318031,17,152.934552
-4.847137,17,152.993289
-6.16792,18,154.46821
-4.656579,17,154.523736
-5.480771,17,154.578906
-5.721822,17,154.633433
-5.808336,17,154.687797
-4.74711,17,154.742722
-4.824705,17,154.798542
-4.375146,17,154.854183
-4.922935,17,154.909461
-4.487023,17,154.972748
-4.897875,17,155.028481
-4.496904,17,155.084423
-7.883255,18,155.14453
-6.85525,18,155.203877
-5.553541,17,155.26075
-4.395204,17,155.318124
-5.066433,17,155.375585
-4.500487,17,155.432952
-5.559439,17,155.490038
-4.484138,17,155.548203
-5.110657,17,155.605077
-6.230162,17,156.002805
-6.424717,17,156.060859
-5.439245,17,156.119802
-5.003265,17,156.178371
-4.89483,17,156.236909
-4.426983,17,156.295435
-4.809737,17,156.353611
-4.860845,17,156.411965
-4.710421,17,156.470373
-4.516852,17,156.528711
-4.506162,17,156.586727
-5.602369,17,156.643924
-4.522375,17,156.70186
-4.860946,17,156.759348
-4.634296,17,156.81639
-4.81926,17,156.874132
-4.601535,17,156.931925
-4.577948,17,156.989518
-8.341339,18,157.050464
-4.491341,17,157.109303
-5.823745,17,157.167119
-6.804414,17,157.224461
-6.21886,17,157.282568
-4.345354,17,157.340623
-5.011084,17,157.3991
-8.450914,18,157.46071
-5.037007,17,157.519581
-6.684943,18,157.58167
-5.784251,18,157.643361
-4.459978,17,157.701828
-4.519993,17,157.760642
-4.614447,17,157.819461
-5.67093,17,157.879453
-4.78149,17,157.938582
-4.96533,17,157.997724
-4.719326,17,158.056521
-5.581253,17,158.457368
-8.321972,18,158.520088
-4.926926,17,158.579489
-6.35924,17,159.762505
-7.228021,18,159.821192
-4.892622,17,159.876323
-7.191274,17,159.932578
-6.240402,17,159.995458
-5.83485,17,160.050642
-5.661018,17,160.106201
-4.711296,17,160.161385
-6.292751,17,160.2166
-6.20624,17,160.271496
-4.739446,17,160.326966
-4.203133,17,160.38241
-4.548577,17,160.437662
-4.412849,17,160.492372
-4.64248,17,160.547197
-6.921508,18,160.605648
-4.628942,17,160.660196
-4.584813,17,160.714529
-5.909036,17,160.768933
-4.986654,17,160.824614
-4.580367,17,160.880095
-6.228993,17,160.935435
-4.717388,17,160.990347
-4.474986,17,161.045151
-4.648049,17,161.098727
-4.934471,17,161.154019
-5.428509,17,161.208815
-7.053026,18,161.267096
-4.764128,17,161.322089
-6.054102,18,161.381291
-4.616278,17,161.436437
-4.86818,17,161.491939
-5.252625,17,161.547274
-4.512252,17,161.601842
-4.677033,17,161.983976
-4.355537,17,162.039139
-4.465887,17,162.09405
-4.984884,17,162.149106
-5.390799,17,162.204264
-5.721296,17,162.25955
-7.582977,18,162.317523
-4.532128,17,162.372938
-4.566162,17,162.427608
-5.905039,17,162.482252
-4.795217,17,162.537073
-6.081957,18,162.594552
-4.967985,17,162.648878
-4.562373,17,162.703396
-6.58162,18,162.760457
-4.941959,17,162.814297
-4.816465,17,162.869461
-4.419479,17,162.925702
-4.454587,17,162.981285
-5.221139,17,163.037185
-4.698125,17,163.092646
-6.251217,17,163.148768
-4.629321,17,163.204071
-4.334974,17,163.259682
-6.007024,17,163.315635
-5.436529,17,163.371123
-4.440176,17,164.354148
-4.940349,17,164.412341
-4.583048,17,164.469507
-5.861553,17,164.525964
-5.505648,17,164.582676
-4.570815,17,164.6401
-4.661909,17,164.695891
-4.500231,17,164.751321
-6.915681,17,164.806861
-4.960922,17,164.863004
-4.855741,17,164.921641
-4.919966,17,165.423892
-4.511126,17,165.47763
-4.688331,17,165.531111
-5.289896,17,165.58513
-4.732499,17,165.639024
-4.935356,17,165.69352
-4.413711,17,165.748003
-5.100232,17,165.802955
-4.692417,17,165.857958
-5.287261,17,165.912786
-4.578573,17,165.969062
-6.020172,18,166.02635
-6.431324,18,166.08441
-4.504872,17,166.138977
-4.753459,17,166.193552
-4.430028,17,166.248244
-4.826748,17,166.301866
-7.78447,18,166.358751
-4.384836,17,166.413821
-5.024612,17,166.468651
-4.489975,17,166.523081
-4.719961,17,166.577663
-5.84787,18,166.634331
-4.73193,17,166.689503
-5.662942,17,166.74437
-5.125288,17,166.79946
-6.828173,18,166.857764
-4.797478,17,166.912745
-5.775605,17,166.967179
-6.463841,17,167.02069
-4.628387,17,167.075347
-5.373464,17,167.128732
-4.554459,17,167.181942
-4.77649,17,167.234797
-6.263371,17,167.287686
-4.447047,17,167.340437
-4.97614,17,167.711503
-5.994952,17,167.764931
-5.249378,17,167.818151
-5.217994,17,167.871107
-4.458907,17,167.924556
-5.044458,17,167.977433
-4.747992,17,168.030542
-5.538771,17,168.083414
-4.948705,17,168.136398
-4.608047,17,168.190579
-4.731878,17,168.243858
-7.096903,17,168.2968
-4.470936,17,168.349867
-4.308652,17,169.10619
-4.953624,17,169.160146
-6.171263,17,169.214158
-4.463922,17,169.267377
-4.491387,17,169.321941
-4.442765,17,169.37707
-4.672735,17,169.432451
-4.641049,17,169.487387
-4.572089,17,169.541528
-4.706988,17,169.595815
-4.830776,17,169.649413
-4.94634,17,169.703482
-4.086774,17,169.757302
-4.956294,17,169.811376
-4.894883,17,169.865272
-4.470917,17,169.919741
-6.359124,17,169.973821
-6.430719,17,170.028109
-4.998751,17,170.082453
-4.880855,17,170.136961
-4.450521,17,170.192263
-4.762325,17,170.246007
-6.311291,18,170.302796
-4.745058,17,170.356602
-4.825365,17,170.736024
-7.009838,17,170.7896
-5.845077,17,170.842779
-5.060873,17,170.897625
-4.738613,17,170.951762
-4.742055,17,171.005393
-4.66494,17,171.058494
-5.2523,17,171.111587
-5.657992,17,171.165609
-6.65196,18,171.223153
-5.733122,18,171.28028
-5.922164,17,171.334663
-4.897742,17,171.388845
-5.125307,18,171.446399
-4.487671,17,171.500317
-4.685734,17,171.554577
-4.72274,17,171.607538
-5.020796,17,171.661106
-5.422947,17,171.716318
-4.472743,17,171.771548
-7.674891,18,171.832395
-4.764369,17,171.888411
-4.568572,17,171.943534
-6.557009,18,172.002856
-6.972424,18,172.063721
-4.682104,17,172.12283
-4.755621,17,172.186521
-4.726308,17,172.246715
-4.646119,17,172.306965
-4.921405,17,172.366433
-4.900499,17,172.419405
-4.917947,17,172.471707
-6.352699,17,172.524852
-4.36817,17,172.577837
-4.69259,17,172.63178
-4.758016,17,173.40632
-4.948958,17,173.796651
-4.79709,17,173.853814
-4.967902,17,173.911106
-5.880121,17,173.969179
-5.188526,17,174.027764
-4.563898,17,174.086447
-4.345475,17,174.144019
-4.784601,17,174.202344
-4.755095,17,174.259826
-4.428127,17,174.31779
-5.545659,17,174.375278
-4.3982,17,174.433417
-4.620971,17,174.490488
-4.338575,17,174.548422
-4.890462,17,174.605212
-5.020067,17,174.662373
-4.683212,17,174.719476
-4.341725,17,174.775882
-4.873896,17,174.832664
-6.159292,17,174.889709
-4.242759,17,174.946558
-4.595966,17,175.003405
-4.906188,17,175.06109
-5.314902,17,175.11897
-4.471646,17,175.180559
-4.855309,17,175.242321
-5.142959,17,175.301691
-5.125064,17,175.36094
-4.865546,17,175.421543
-4.904543,17,175.479584
-4.98779,17,175.537773
-4.669471,17,175.595956
-4.627558,17,175.654163
-5.444532,17,175.712308
-4.69483,17,175.770092
-4.467919,17,175.827232
-7.006969,17,175.883908
-4.713754,17,176.26827
-4.595925,17,176.323722
-5.189649,17,176.379251
-4.402977,17,176.434647
-4.671282,17,176.489783
-4.447791,17,176.545194
-6.248425,18,176.603534
-4.710781,17,176.658772
-5.949163,17,176.715355
-4.103445,17,176.771661
-5.567259,17,176.827369
-6.644886,17,176.882985
-6.259399,17,176.938491
-5.306362,17,176.994257
-4.770771,17,177.050475
-4.888213,17,177.106333
-5.457986,17,177.162002
-4.503979,17,177.21753
-5.234178,17,177.272688
-5.995648,18,177.331835
-5.748555,17,177.388862
-4.824452,17,177.446002
-4.997366,17,177.502386
-4.964183,17,178.485158
-5.705387,17,178.541333
-4.74867,17,178.601473
-4.429269,17,178.663635
-4.518933,17,178.725294
-4.594719,17,178.787495
-4.644752,17,178.845503
-5.50226,17,178.903908
-5.071095,17,178.963613
-5.825269,17,179.022235
-4.346368,17,179.080601
-6.076628,17,179.138912
-4.489778,17,179.197629
-4.792075,17,179.256727
-4.822418,17,179.656392
-4.528193,17,179.713488
-4.632782,17,179.77169
-5.808287,18,179.834859
-6.367903,18,179.899441
-4.858864,17,179.960692
-5.22093,17,180.019681
-4.705149,17,180.07881
-5.536298,17,180.136604
-4.885354,17,180.193027
-5.249056,17,180.249546
-5.088402,17,180.306081
-4.765373,17,180.362825
-6.090152,18,180.422462
-5.520036,17,180.480014
-5.370144,17,180.537406
-4.790127,17,180.594513
-4.565438,17,180.65131
-4.786684,17,180.708195
-4.723072,17,180.76545
-4.909039,17,180.822821
-5.236789,18,180.883566
-5.067781,17,180.939039
-4.867848,17,180.995498
-4.189628,17,181.050664
-6.233681,17,181.10594
-4.247752,17,181.160989
-4.696016,17,181.216037
-4.532066,17,181.2715
-4.452921,17,181.326742
-4.362049,17,181.382023
-4.517182,17,181.437776
-4.804856,17,181.493917
-4.900939,17,181.549033
-5.888196,17,181.605727
-5.434975,17,181.662786
-5.725006,17,182.056788
-5.303407,17,182.112854
-5.617508,17,182.168813
-5.528813,17,182.224488
-5.996874,17,182.280036
-4.965782,17,182.33782
-5.853641,17,182.402806
-4.670459,17,182.464049
-5.581552,17,182.521894
-4.334424,17,182.57843
-4.570403,17,183.551315
-4.811909,17,183.61201
-4.674342,17,183.67067
-6.02053,18,183.730897
-4.780197,17,183.789908
-5.400628,17,183.8487
-5.227824,17,183.906828
-4.820427,17,183.965187
-5.574323,17,184.02365
-7.025952,17,184.081461
-5.413102,17,184.137738
-5.29989,17,184.19326
-4.428221,17,184.249757
-4.840186,17,184.307672
-4.616205,17,184.365363
-4.664257,17,184.424615
-5.234538,17,184.483766
-5.671298,17,184.542945
-4.578518,17,184.602653
-4.63176,17,184.661011
-4.852971,17,184.71923
-4.543613,17,184.775166
-4.654842,17,184.830837
-4.770918,17,184.887885
-5.263164,17,184.945223
-4.57624,17,185.001862
-4.708476,17,185.058323
-5.939551,17,185.445578
-4.486825,17,185.503224
-5.002634,17,185.559423
-4.411667,17,185.615708
-4.711723,17,185.671925
-4.632132,17,185.727703
-5.168843,17,185.783005
-4.655607,17,185.838359
-4.509477,17,185.893738
-6.275179,17,185.948796
-4.946243,17,186.004196
-4.316278,17,186.059421
-5.059385,17,186.114637
-4.922153,17,186.170526
-4.026311,17,186.226889
-5.236461,17,186.287054
-6.277316,17,186.34552
-4.422961,17,186.404905
-4.516763,17,186.463983
-7.744283,18,186.526736
-3.807219,17,186.584056
-4.779858,17,186.640443
-4.80454,17,186.696757
-4.474848,17,186.753294
-4.922215,17,186.808752
-5.298935,17,186.864662
-4.700248,17,186.920932
-4.666658,17,186.977424
-4.494727,17,187.033499
-4.789176,17,187.090787
-4.958606,17,187.149019
-3.990372,17,187.207772
-6.155416,17,187.264678
-5.397904,17,187.987666
-3.999693,17,188.040599
-4.516283,17,188.092986
-4.727101,17,188.576294
-5.322574,17,188.630223
-4.979169,17,188.683519
-4.424083,17,188.736868
-5.308141,17,188.790451
-4.736824,17,188.843812
-4.388713,17,188.897238
-4.778717,17,188.950843
-6.390748,17,189.00519
-4.815438,17,189.059518
-4.576623,17,189.11314
-4.708513,17,189.166897
-4.454909,17,189.226468
-4.693756,17,189.282771
-5.367166,17,189.342801
-4.661169,17,189.399925
-4.216928,17,189.462494
-6.179709,17,189.527412
-5.453247,17,189.587988
-5.538628,17,189.649229
-5.698688,17,189.708039
-4.20765,17,189.767164
-4.46096,17,189.827384
-4.970773,17,189.886607
-5.619136,18,189.948175
-4.471651,17,190.006161
-5.566001,17,190.064199
-4.756538,17,190.122123
-5.145586,17,190.17954
-4.742002,17,190.236898
-4.431761,17,190.298584
-4.827527,17,190.359312
-4.49595,17,190.421278
-5.900074,17,190.481934
-5.725909,18,190.541747
-5.449722,17,190.59777
-4.546776,17,190.654051
-4.821717,17,191.054492
-4.641467,17,191.111393
-4.578259,17,191.167847
-5.64503,17,191.224027
-4.432779,17,191.280047
-4.892016,17,191.335527
-4.365254,17,191.391007
-5.106858,17,191.446592
-4.715054,17,191.50367
-4.572311,17,191.560684
-4.538392,17,191.618403
-4.24296,17,191.676452
-4.831509,17,191.734546
-4.451512,17,191.792671
-4.924375,17,191.85036
-5.0678,17,191.907663
-4.843536,17,191.965481
-5.961498,17,192.022179
-4.803005,17,192.078894
-4.503458,17,192.134809
-5.412953,17,192.900344
-4.689224,17,192.954187
-5.740201,18,193.010988
-4.378025,17,193.064404
-6.244482,18,193.120896
-4.467485,17,193.174471
-5.805323,17,193.228577
-4.500893,17,193.282438
-4.581676,17,193.335757
-5.453465,17,193.389618
-4.819426,17,193.443287
-4.960544,17,193.497429
-4.161226,17,193.550612
-5.291018,17,193.607216
-5.477505,17,193.666471
-5.21635,17,193.724756
-6.998482,18,193.785579
-5.501188,17,194.165617
-4.58334,17,194.220234
-4.346799,17,194.27334
-4.751597,17,194.326206
-4.336653,17,194.378921
-4.526282,17,194.432492
-5.176543,18,194.48881
-8.523661,18,194.544944
-5.378167,17,194.597161
-4.496967,17,194.649737
-5.716309,17,194.702343
-4.488874,17,194.754647
-4.796809,17,194.806679
-4.465467,17,194.858764
-5.28788,17,194.910818
-4.495745,17,194.963105
-5.16231,17,195.015756
-4.97617,17,195.068156
-4.702468,17,195.120455
-4.490813,17,195.172733
-4.456025,17,195.224932
-4.778744,17,195.277148
-4.779347,17,195.329466
-4.545065,17,195.38166
-4.215796,17,195.433926
-5.041802,17,195.486518
-4.515277,17,195.538854
-4.359464,17,195.591105
-4.90223,17,195.643234
-4.094102,17,195.6953
-4.968354,17,195.747536
-4.381995,17,195.799641
-4.764543,17,195.851773
-4.520803,17,195.903921
-5.003592,17,195.956313
-4.883824,17,196.012135
-4.788797,17,196.374284
-4.309985,17,196.427788
-5.434009,17,196.480472
-4.508801,17,196.532677
-4.202937,17,196.585255
-6.123189,17,196.637604
-4.45099,17,196.690214
-4.601187,17,197.411337
-4.611036,17,197.46695
-5.138602,17,197.522809
-4.743925,17,197.578311
-4.812211,17,197.633679
-4.821636,17,197.690509
-5.561208,17,197.746552
-4.816958,17,197.802054
-6.050318,17,197.858087
-4.614008,17,197.913486
-4.664197,17,197.968971
-4.520462,17,198.024608
-4.508501,17,198.080287
-4.570366,17,198.136952
-4.315169,17,198.193638
-4.9677,17,198.25037
-4.436378,17,198.306557
-5.022165,17,198.363308
-4.708434,17,198.419575
-6.312562,17,198.47559
-4.595902,17,198.531284
-4.43458,17,198.586584
-4.859563,17,198.641997
-4.603081,17,198.697914
-4.52994,17,198.753811
-4.573693,17,198.809566
-4.710073,17,198.865608
-4.653655,17,198.921489
-4.426856,17,198.9776
-4.735186,17,199.033416
-4.657235,17,199.417348
-4.52851,17,199.473298
-4.539984,17,199.535247
-4.772452,17,199.590742
-7.266973,18,199.649276
-4.991339,17,199.705445
-4.941725,17,199.761266
-4.725759,17,199.817106
-4.913204,17,199.872874
-4.164003,17,199.928378
-4.569597,17,199.984192
-5.243127,17,200.039828
-5.331613,17,200.095533
-4.698029,17,200.151621
-4.858157,17,200.207489
-4.186028,17,200.263157
-6.147725,17,200.318687
-4.64772,17,200.374158
-4.049489,17,200.42954
-5.498934,17,200.485239
-4.456955,17,200.540533
-4.411197,17,200.596003
-4.686867,17,200.651648
-4.767694,17,200.70698
-5.135801,18,200.76559
-4.82328,17,200.820811
-5.065279,17,200.8759
-6.863915,18,200.93362
-4.682616,17,200.988753
-4.485385,17,201.043777
-4.335142,17,201.752628
-4.579469,17,201.80485
-4.682658,17,201.857053
-5.189335,17,201.909169
-4.809317,17,201.961689
-4.892285,17,202.013978
-4.60262,17,202.066242
-4.57237,17,202.429977
-4.57456,17,202.482432
-4.448406,17,202.534924
-4.769893,17,202.587154
-4.41126,17,202.639259
-4.627776,17,202.69156
-5.386926,17,202.743872
-4.643445,17,202.79619
-5.318426,17,202.848694
-5.006109,17,202.900883
-4.641821,17,202.953167
-3.957834,17,203.005453
-4.574495,17,203.057844
-4.7407,17,203.109947
-4.731059,17,203.162345
-4.819887,17,203.21459
-4.599277,17,203.266674
-4.956856,17,203.318879
-5.052911,17,203.371236
-5.374873,17,203.423523
-6.559824,18,203.478685
-4.906455,17,203.531024
-3.992095,17,203.58313
-4.690534,17,203.635371
-4.703354,17,203.687431
-4.586749,17,203.739532
-4.910295,17,203.791747
-4.890507,17,203.844143
-4.984874,17,203.896294
-4.576188,17,203.948552
-4.707269,17,204.000652
-4.170801,17,204.052961
-4.731578,17,204.105097
-4.49117,17,204.157232
-4.735242,17,204.209343
-4.59079,17,204.261679
-6.098956,17,204.624032
-5.036691,17,204.676658
-4.496682,17,204.728857
-5.949512,17,204.781296
-4.970761,17,204.833488
-5.433008,17,204.885626
-4.51377,17,204.937736
-4.457957,17,204.990054
-4.358785,17,205.042746
-4.792758,17,205.095282
-4.441125,17,205.147537
-4.402657,17,205.199782
-5.722026,18,205.255196
-4.805616,17,205.307912
-4.285692,17,205.360353
-4.414333,17,205.412817
-4.872827,17,205.469409
-4.277669,17,206.1483
-5.006211,17,206.203202
-4.344542,17,206.25792
-4.474986,17,206.312641
-6.300407,17,206.3675
-4.403187,17,206.422258
-4.456278,17,206.477199
-5.046249,17,206.532305
-4.510435,17,206.587552
-4.469448,17,206.642687
-5.046676,17,206.697372
-4.503484,17,206.752087
-4.842459,17,206.806952
-4.693677,17,206.862016
-4.289867,17,206.916817
-5.541029,17,206.971913
-7.604314,19,207.033336
-4.823661,17,207.088608
-4.63778,17,207.143765
-4.536545,17,207.199248
-4.862525,17,207.579803
-4.500531,17,207.634559
-5.257215,17,207.689488
-8.586468,18,207.747771
-4.507055,17,207.802303
-4.554998,17,207.857001
-4.952336,17,207.912118
-4.846433,17,207.966852
-4.650434,17,208.021761
-4.572433,17,208.076848
-4.563996,17,208.131742
-4.451589,17,208.186894
-4.715322,17,208.242317
-4.454581,17,208.297238
-4.715601,17,208.352009
-4.888825,17,208.406736
-4.772324,17,208.461369
-4.74695,17,208.51583
-4.756068,17,208.570714
-4.398085,17,208.625599
-5.713015,17,208.680528
-4.334553,17,208.735569
-4.436609,17,208.790879
-5.511255,17,208.845899
-4.398548,17,208.90097
-4.257669,17,208.956389
-4.547779,17,209.011535
-4.245042,17,209.066789
-4.635991,17,209.121658
-4.827178,17,209.176852
-4.500753,17,209.231974
-4.56935,17,209.287197
-4.554013,17,209.342295
-4.36215,17,209.397197
-4.493708,17,209.45236
-4.224215,17,209.507319
-4.718418,17,209.562104
-4.497534,17,210.05009
-4.259844,17,210.104936
-6.006106,17,210.15951
-4.525349,17,210.85935
-4.519531,17,210.911665
-4.764608,17,210.964764
-6.158821,17,211.017713
-4.620049,17,211.069932
-4.72907,17,211.122397
-4.661534,17,211.174873
-4.457617,17,211.227077
-4.508406,17,211.279157
-4.808414,17,211.331229
-4.422086,17,211.383567
-4.431382,17,211.435827
-4.684117,17,211.488009
-4.504453,17,211.540419
-5.020623,17,211.592785
-4.308939,17,211.645029
-4.753765,17,211.697292
-4.628712,17,211.749544
-4.662655,17,211.801622
-4.412402,17,211.853845
-5.898608,17,211.906025
-5.127515,17,211.958631
-4.523082,17,212.010838
-4.38295,17,212.063268
-4.453872,17,212.115831
-4.661315,17,212.16792
-4.952795,17,212.220171
-4.301375,17,212.272392
-4.407704,17,212.324667
-4.716346,17,212.376793
-6.048185,17,212.428849
-5.174056,17,212.481427
-4.695767,17,212.533725
-6.150518,17,212.895459
-4.655324,17,212.948567
-4.587256,17,213.001202
-4.693648,17,213.053653
-4.920722,17,213.105922
-4.637555,17,213.158357
-4.458705,17,213.210831
-4.107419,17,213.263139
-4.352644,17,213.315423
-4.368799,17,213.36784
-4.229331,17,213.420043
-4.720596,17,213.472633
-4.623777,17,213.52522
-4.734133,17,213.577561
-4.337286,17,213.629831
-4.898522,17,213.682153
-4.642065,17,213.734752
-4.923617,17,213.786951
-4.595824,17,213.839365
-4.664402,17,213.891701
-5.918086,17,213.944257
-4.716254,17,213.996959
-4.715425,17,214.04959
-4.446583,17,214.101947
-4.651615,17,214.154445
-4.982402,17,214.206789
-4.529297,17,214.259179
-4.487924,17,214.923055
-4.487349,17,214.975793
-4.706689,17,215.028658
-4.525815,17,215.081497
-4.352149,17,215.133899
-4.55516,17,215.186391
-4.447534,17,215.238948
-4.907999,17,215.291407
-5.384796,17,215.343802
-4.478665,17,215.396186
-4.831514,17,215.761068
-4.830448,17,215.814003
-6.171133,18,215.869571
-5.223943,17,215.922332
-4.767364,17,215.978094
-4.35475,17,216.030595
-4.872111,17,216.083279
-4.455563,17,216.135503
-4.645324,17,216.187759
-4.356034,17,216.240257
-4.497345,17,216.292645
-4.505499,17,216.344892
-4.601238,17,216.397078
-4.543736,17,216.449592
-4.252289,17,216.502125
-4.733003,17,216.554949
-5.748981,17,216.607528
-4.955068,17,216.660061
-4.517296,17,216.712473
-4.834911,17,216.764938
-4.339477,17,216.817322
-4.638735,17,216.869826
-4.289154,17,216.922302
-4.672251,17,216.974879
-5.065514,17,217.027682
-4.505902,17,217.080256
-4.643609,17,217.132762
-4.443196,17,217.185044
-5.574124,17,217.237515
-4.365541,17,217.290195
-4.440508,17,217.342579
-4.406524,17,217.394933
-4.962695,17,217.447351
-4.693528,17,217.500189
-4.53451,17,217.552865
-4.622917,17,217.605243
-4.534215,17,217.657606
-4.768128,17,218.02317
-4.486859,17,218.076375
-4.968872,17,218.128911
-4.478474,17,218.181384
-4.810569,17,218.233963
-4.283958,17,218.286469
-6.269468,17,218.338772
-4.769537,17,218.391392
-4.418917,17,218.444052
-4.487659,17,218.496584
-4.789021,17,218.54915
-4.457012,17,218.601579
-4.617829,17,218.653977
-5.893577,17,219.387908
-4.362763,17,219.440377
-4.577934,17,219.492648
-5.456975,17,219.544805
-4.424157,17,219.596862
-3.870432,17,219.649173
-4.937326,17,219.701495
-4.598129,17,219.753785
-4.100506,17,219.805962
-4.901275,17,219.858237
-4.590545,17,219.910436
-4.400678,17,219.962726
-4.557348,17,220.015064
-4.560739,17,220.067424
-5.618135,18,220.122819
-5.617236,18,220.177882
-4.801657,17,220.230188
-4.353748,17,220.28231
-6.576106,17,220.334474
-5.033156,17,220.386892
-4.722113,17,220.439126
-4.445508,17,220.491465
-4.651769,17,220.543905
-4.384824,17,220.596086
-4.304388,17,220.966467
-4.625711,17,221.018838
-4.395917,17,221.071135
-4.492769,17,221.123331
-4.72165,17,221.175517
-4.52367,17,221.227636
-4.649465,17,221.279972
-4.342926,17,221.332285
-4.367671,17,221.384388
-4.384502,17,221.436344
-4.502859,17,221.488873
-5.590003,17,221.541286
-4.826484,17,221.593529
-4.537373,17,221.645601
-4.834508,17,221.697846
-8.288762,18,221.753233
-4.337016,17,221.805379
-5.663813,17,221.857434
-4.316232,17,221.90975
-4.399962,17,221.961941
-5.33018,17,222.014367
-4.660264,17,222.066569
-4.642254,17,222.118973
-4.730594,17,222.171108
-4.813774,17,222.223099
-4.781295,17,222.275187
-4.545512,17,222.327533
-4.861714,17,222.379502
-4.914539,17,222.431623
-4.87843,17,222.483663
-4.555537,17,222.535912
-5.754331,17,222.588055
-4.551614,17,222.640036
-4.240946,17,222.692062
-4.741345,17,222.744368
-4.684813,17,222.796572
-6.014994,18,223.807767
-4.404492,17,223.863165
-4.846685,17,223.918526
-4.665459,17,223.973936
-4.548301,17,224.029037
-4.299036,17,224.084374
-4.879818,17,224.139529
-5.898704,17,224.194527
-4.699698,17,224.249823
-4.625051,17,224.304823
-4.435462,17,224.359919
-5.827678,17,224.415094
-4.629897,17,224.46999
-5.17152,17,224.525381
-3.962463,17,224.580328
-4.615942,17,224.635149
-4.429101,17,224.690141
-4.803042,17,224.745161
-4.326163,17,224.800199
-6.376599,17,224.855237
-4.397619,17,224.910148
-4.129105,17,224.96499
-4.626112,17,225.019778
-4.730487,17,225.074002
-4.448692,17,225.128522
-4.836009,17,225.183436
-4.607956,17,225.238107
-4.569227,17,225.292561
-4.556508,17,225.347101
-4.598541,17,225.40198
-4.514706,17,225.456481
-4.165749,17,225.511303
-4.327002,17,225.565766
-5.094975,17,225.620345
-4.435584,17,225.67498
-4.560722,17,225.729299
-4.940682,17,225.783623
-4.561882,17,226.159147
-4.894649,17,226.214002
-4.548581,17,226.268441
-4.49754,17,226.322986
-4.468895,17,226.377589
-4.782549,17,226.432182
-4.503764,17,226.486876
-4.881143,17,226.541379
-4.336752,17,226.595961
-6.060908,17,226.650604
-4.602905,17,226.70539
-5.236228,17,226.759682
-4.707322,17,226.814266
-4.439997,17,226.869126
-4.732702,17,226.923589
-4.656245,17,226.97804
-4.217093,17,227.032655
-5.475886,17,227.087274
-4.300361,17,227.141778
-4.618052,17,227.196367
-5.07171,17,227.251075
-4.311313,17,227.305692
-4.794914,17,227.360077
-4.523082,17,227.414628
-4.871046,17,228.083471
-4.304864,17,228.137689
-4.482049,17,228.192139
-4.431663,17,228.246948
-4.477977,17,228.301848
-4.48115,17,228.35642
-4.667136,17,228.410906
-4.31427,17,228.465227
-4.653712,17,228.519902
-4.497672,17,228.574232
-4.782249,17,228.628321
-4.469827,17,228.682686
-4.412985,17,228.736988
-4.470355,17,229.11163
-4.431424,17,229.166272
-4.695094,17,229.22066
-4.563501,17,229.275422
-4.591165,17,229.329992
-4.399444,17,229.384505
-4.299315,17,229.439035
-4.826446,17,229.493503
-4.563781,17,229.54798
-4.594492,17,229.60211
-4.237242,17,229.656593
-4.364042,17,229.711218
-4.482494,17,229.7656
-4.468879,17,229.819577
-4.337368,17,229.873398
-5.686126,17,229.927789
-4.237103,17,229.982069
-4.045217,17,230.036207
-4.706362,17,230.090547
-5.176256,17,230.145282
-4.537054,17,230.199653
-4.503069,17,230.253929
-5.080627,17,230.308216
-5.688989,17,230.36259
-4.376341,17,230.417141
-4.374262,17,230.471316
-5.268503,17,230.525711
-4.617804,17,230.579912
-4.455084,17,230.634094
-4.90393,17,230.688416
-4.461225,17,230.742522
-4.268935,17,230.797015
-4.426342,17,230.851288
-4.575907,17,230.905596
-5.269006,17,230.965614
-4.281873,17,231.019976
-4.316707,17,231.074303
-4.775321,17,231.561648
-4.548038,17,231.616403
-4.390635,17,231.671319
-4.704998,17,231.725997
-4.240463,17,231.780309
-4.479736,17,231.834871
-4.740614,17,231.889549
-4.788216,17,231.944294
-4.326203,17,231.998851
-4.389453,17,232.053551
-5.932369,17,232.713927
-4.648652,17,232.768976
-4.582849,17,232.823829
-4.622263,17,232.878494
-5.032026,17,232.933246
-4.601,17,232.988406
-4.319864,17,233.043075
-4.167638,17,233.09776
-4.505346,17,233.15259
-4.145824,17,233.207336
-4.53379,17,233.261951
-4.321056,17,233.316787
-4.852729,17,233.371455
-4.669911,17,233.426318
-4.33732,17,233.480945
-5.161383,17,233.535618
-4.567345,17,233.590385
-4.386438,17,233.644912
-5.239613,17,233.699675
-4.524442,17,233.754656
-4.188261,17,233.809609
-4.727592,17,233.864356
-4.841142,17,233.91883
-4.456493,17,233.97353
-4.566749,17,234.0282
-4.064862,17,234.082829
-4.620396,17,234.443268
-5.057797,17,234.495692
-4.54042,17,234.547947
-4.410782,17,234.599996
-4.360195,17,234.652147
-4.314671,17,234.704204
-4.381826,17,234.756808
-4.43872,17,234.809061
-4.636955,17,234.861165
-4.621481,17,234.913332
-4.174083,17,234.96549
-4.75053,17,235.017737
-4.482682,17,235.069832
-4.39921,17,235.122067
-4.412997,17,235.174345
-3.802949,17,235.226499
-4.483545,17,235.278878
-4.398866,17,235.33115
-4.236707,17,235.383255
-5.249545,17,235.435573
-4.490696,17,235.487799
-4.626052,17,235.539972
-4.461699,17,235.592101
-4.582122,17,235.644449
-4.580646,17,235.696685
-6.258852,17,235.748903
-4.276185,17,235.801115
-4.518012,17,235.853233
-4.220209,17,235.905452
-4.020719,17,235.960167
-4.715034,17,236.012393
-5.024346,17,236.064586
-4.755307,17,236.116961
-4.585717,17,236.16916
-4.536539,17,236.877152
-4.802134,17,236.931662
-4.784698,17,236.986097
-4.204801,17,237.362834
-4.612138,17,237.417653
-4.601034,17,237.472568
-4.47813,17,237.52717
-4.651722,17,237.583787
-4.703992,17,237.638846
-4.496666,17,237.694062
-4.584064,17,237.749619
-4.7879,17,237.805209
-4.123273,17,237.860888
-4.458833,17,237.916234
-4.612429,17,237.971133
-4.30014,17,238.026704
-4.525449,17,238.082187
-4.326302,17,238.137549
-4.131319,17,238.193377
-4.378442,17,238.248787
-5.818445,18,238.307258
-4.4178,17,238.362751
-4.175302,17,238.418469
-4.573179,17,238.474126
-4.585858,17,238.529497
-4.202447,17,238.584872
-4.558234,17,238.640517
-4.689679,17,238.695811
-5.387241,17,238.75086
-4.507445,17,238.805974
-4.410112,17,238.861754
-4.258965,17,238.917553
-5.490906,17,238.972913
-4.526637,17,239.028625
-4.445014,17,239.084358
-4.393036,17,239.139829
-4.232618,17,239.195318
-4.959457,17,239.250947
-4.147455,17,239.306603
-4.386877,17,239.362027
-4.49507,17,239.744727
-4.380957,17,239.799847
-4.499771,17,239.855454
-4.3554,17,239.911097
-4.257157,17,239.966551
-6.225548,17,240.022206
-4.483298,17,240.07786
-4.165436,17,240.132998
-4.966285,17,240.188276
-4.851857,17,240.24346
-4.345193,17,240.299075
-4.648024,17,240.354516
-5.001678,17,240.409851
-4.610848,17,240.465474
-4.397586,17,240.520809
-4.589273,17,240.576169
-4.650416,17,240.631373
-4.853162,17,240.686769
-4.655561,17,240.742387
-4.223822,17,240.797712
-4.447875,17,241.47941
-4.603629,17,241.537135
-4.340781,17,241.592279
-4.738075,17,241.647309
-4.138856,17,241.70339
-4.477853,17,241.758837
-4.531492,17,241.814265
-4.250386,17,241.869099
-4.764066,17,241.923963
-4.402512,17,241.9791
-4.514142,17,242.034013
-4.318281,17,242.089556
-4.402632,17,242.14464
-4.351572,17,242.199721
-4.344801,17,242.254942
-4.138135,17,242.310336
-4.348036,17,242.365451
-4.386598,17,242.746302
-4.19902,17,242.801299
-4.501497,17,242.856504
-4.151732,17,242.911769
-4.331338,17,242.967022
-4.298679,17,243.022012
-4.36305,17,243.077331
-4.50418,17,243.13235
-5.316648,17,243.18762
-4.2121,17,243.242621
-5.891448,18,243.300831
-4.916234,17,243.355913
-4.558066,17,243.410892
-4.570876,17,243.46578
-4.005032,17,243.520814
-4.68203,17,243.576036
-4.264038,17,243.63146
-4.321954,17,243.68648
-4.594962,17,243.741387
-6.228185,17,243.796267
-4.068496,17,243.851296
-4.468331,17,243.906319
-4.489267,17,243.961428
-4.603799,17,244.016394
-4.567556,17,244.071748
-4.606285,17,244.126946
-4.345743,17,244.182052
-4.40795,17,244.236871
-5.012989,17,244.291892
-4.658975,17,244.34707
-4.762951,17,244.402006
-4.779944,17,244.45725
-4.680162,17,244.512734
-4.515621,17,244.567902
-4.990252,17,244.623081
-4.478346,17,244.677821
-4.449285,17,245.056041
-4.613734,17,245.111244
-4.74254,17,245.166
-5.023497,17,245.220613
-4.744987,17,245.275619
-4.446194,17,245.330518
-5.0708,17,245.385548
-4.542449,17,246.077217
-4.36306,17,246.130097
-4.290435,17,246.182838
-4.580552,17,246.235338
-4.312575,17,246.28766
-4.332638,17,246.340036
-4.495155,17,246.392296
-4.750067,17,246.444581
-4.408363,17,246.497096
-4.315363,17,246.549695
-4.722269,17,246.602354
-4.136583,17,246.654775
-4.276237,17,246.707444
-4.648205,17,246.759776
-4.315009,17,246.812306
-4.117956,17,246.864623
-4.467565,17,246.916885
-3.979886,17,246.969161
-4.454574,17,247.021541
-4.307376,17,247.07369
-4.488773,17,247.126056
-4.366415,17,247.178813
-4.172652,17,247.231075
-4.52199,17,247.283494
-4.287479,17,247.335974
-5.014498,17,247.388563
-4.721489,17,247.44083
-4.42832,17,247.49378
-4.708154,17,247.548242
-4.378436,17,247.602435
-4.726522,17,247.971381
-4.73479,17,248.025263
-4.323603,17,248.079098
-4.153492,17,248.132803
-4.449295,17,248.186631
-5.276726,17,248.240006
-5.009485,17,248.294132
-4.640338,17,248.347379
-3.988551,17,248.400979
-4.508878,17,248.456482
-4.409753,17,248.514549
-4.16717,17,248.571305
-4.538399,17,248.627517
-4.284749,17,248.68381
-4.45556,17,248.739662
-4.416214,17,248.794284
-5.218218,17,248.849049
-4.39115,17,248.904162
-4.448793,17,248.957127
-4.089054,17,249.010116
-4.49119,17,249.062669
-4.449403,17,249.116872
-4.426928,17,249.172
-5.016681,17,249.227738
-4.783787,17,249.281794
-4.553873,17,249.336289
-4.65529,17,249.391467
-4.290249,17,249.44615
-4.467411,17,249.499953
-4.330768,17,249.555051
-4.898713,17,249.610012
-4.556758,17,250.492919
-4.398534,17,250.546708
-4.42426,17,250.599607
-4.588319,17,250.65187
-4.63662,17,250.705785
-4.771155,17,250.760642
-4.62221,17,251.12864
-5.740597,18,251.184562
-5.052688,17,251.237168
-4.393633,17,251.290096
-4.742316,17,251.342918
-4.37813,17,251.397474
-4.440077,17,251.451867
-4.585612,17,251.504454
-4.529019,17,251.56065
-4.508133,17,251.61347
-4.370902,17,251.665622
-4.427432,17,251.72084
-4.463965,17,251.778365
-4.953214,17,251.831039
-4.37041,17,251.883322
-4.557481,17,251.935438
-4.73668,17,251.987912
-4.497088,17,252.041521
-4.217343,17,252.095767
-4.412183,17,252.148728
-4.250166,17,252.200989
-4.602169,17,252.25336
-4.515947,17,252.305403
-4.408669,17,252.358269
-4.295374,17,252.413382
-4.781172,17,252.467807
-4.485374,17,252.520067
-4.16469,17,252.572858
-5.440266,18,252.628631
-4.854707,17,252.68123
-4.462344,17,252.736221
-4.257089,17,252.7902
-4.210236,17,252.842685
-4.832404,17,252.895366
-4.138412,17,252.947416
-4.509396,17,252.999726
-4.464115,17,253.476988
-4.504214,17,253.53029
-5.101484,17,253.582801
-4.447184,17,253.635604
-4.693507,17,253.688118
-4.679371,17,253.740412
-4.782861,17,253.792528
-5.20358,17,253.844886
-4.316043,17,253.897268
-4.321699,17,253.949542
-4.860202,17,254.003305
-4.326399,17,254.059132
-4.159172,17,254.113579
-4.334304,17,254.165865
-4.727698,17,254.218256
-4.365946,17,254.270576
-4.779417,17,254.324505
-4.03259,17,254.379639
-4.817362,17,255.083506
-4.356786,17,255.136095
-4.533525,17,255.188726
-4.744295,17,255.241067
-4.853674,17,255.294509
-4.766869,17,255.347865
-4.463391,17,255.400498
-4.557551,17,255.453656
-4.224825,17,255.506734
-4.834219,17,255.559521
-4.381768,17,255.611742
-4.260963,17,255.664319
-4.434138,17,255.71711
-4.592585,17,255.769913
-4.024926,17,255.822742
-4.446679,17,255.875914
-4.374601,17,255.928843
-4.485176,17,255.982141
-4.463349,17,256.036267
-5.728667,17,256.417757
-5.435248,17,256.47166
-4.554077,17,256.527525
-3.942413,17,256.580709
-4.573195,17,256.633703
-3.9064,17,256.687577
-4.37315,17,256.741409
-4.975949,17,256.795781
-4.499622,17,256.84992
-4.359914,17,256.90323
-4.828547,17,256.956254
-4.517781,17,257.009494
-4.906502,17,257.06236
-4.545482,17,257.115154
-4.76189,17,257.168759
-4.480078,17,257.222965
-4.787429,17,257.276419
-4.471804,17,257.330692
-4.807946,17,257.386525
-4.468761,17,257.44053
-4.555891,17,257.493917
-4.228588,17,257.548041
-4.29679,17,257.601825
-4.417696,17,257.655706
-5.400921,17,257.709479
-4.414494,17,257.763398
-4.629765,17,257.817009
-4.438324,17,257.873186
-4.702315,17,257.928583
-4.929177,17,257.984873
-4.506842,17,258.040239
-4.592818,17,258.094252
-5.036058,17,258.148951
-4.435107,17,258.202983
-4.8429,17,258.258181
-4.276677,17,258.314242
-4.530366,17,258.369894
-4.567748,17,258.752565
-4.493541,17,258.807564
-4.390612,17,258.862199
-4.539507,17,258.917712
-4.198944,17,259.776755
-4.202897,17,259.834037
-4.538235,17,259.894484
-5.126902,17,259.952097
-4.226757,17,260.010157
-4.634202,17,260.068568
-4.218869,17,260.127127
-5.351956,17,260.184691
-4.657266,17,260.240658
-4.079633,17,260.296692
-4.898795,17,260.353997
-4.605619,17,260.411783
-4.684298,17,260.469627
-4.764176,17,260.527708
-4.456865,17,260.585803
-4.508535,17,260.643273
-4.066321,17,260.698936
-4.492571,17,260.755546
-4.39114,17,260.812558
-4.095371,17,260.869803
-5.013765,17,260.926911
-4.462341,17,260.98422
-4.268703,17,261.042041
-5.094503,17,261.099895
-4.668562,17,261.156611
-4.947846,17,261.212261
-4.59664,17,261.269986
-5.784462,17,261.327932
-4.428185,17,261.384998
-4.665265,17,261.440833
-4.606517,17,261.497612
-4.645361,17,261.55399
-4.286004,17,261.609994
-4.870043,17,262.002469
-4.530394,17,262.059492
-4.534611,17,262.116639
-4.122297,17,262.17319
-4.93533,17,262.228338
-5.087721,17,262.284062
-4.610553,17,262.341494
-4.572689,17,262.397049
-4.348734,17,262.452982
-4.548771,17,262.5086
-4.40916,17,262.565342
-4.833352,17,262.620332
-4.265226,17,262.674651
-4.622866,17,262.728294
-4.882862,17,262.781782
-4.248179,17,262.834639
-4.583943,17,262.888401
-4.349281,17,262.942507
-4.124982,17,262.995836
-4.722108,17,263.049049
-4.270176,17,263.102605
-4.43463,17,263.156022
-4.291394,17,263.208926
-4.425201,17,263.262472
-5.260548,17,263.316674
-4.527196,17,263.371516
-4.860327,17,263.425535
-4.423926,17,264.249163
-4.820614,17,264.304104
-4.145321,17,264.36061
-4.427808,17,264.417337
-4.382577,17,264.473214
-4.189958,17,264.528925
-4.62307,17,264.584576
-4.409107,17,264.63831
-4.601938,17,264.69242
-4.50604,17,265.071235
-4.725166,17,265.125319
-4.021996,17,265.179467
-4.44939,17,265.234465
-4.345815,17,265.290038
-4.307579,17,265.34444
-5.762908,17,265.400035
-4.385253,17,265.45407
-4.440497,17,265.508027
-5.08559,17,265.561733
-4.368016,17,265.61543
-5.067438,17,265.669867
-4.364346,17,265.724268
-4.503461,17,265.779114
-4.499434,17,265.832827
-4.452993,17,265.887421
-4.36706,17,265.94158
-4.346147,17,265.995023
-4.820615,17,266.048445
-5.61948,17,266.101903
-4.393821,17,266.155054
-4.572367,17,266.20842
-4.342448,17,266.261826
-4.573047,17,266.315518
-5.593492,17,266.369873
-4.412472,17,266.423409
-4.59522,17,266.477027
-4.326769,17,266.530677
-4.40822,17,266.584301
-4.32565,17,266.643124
-4.675387,17,266.701866
-4.353186,17,266.761606
-5.127446,17,266.821102
-4.529107,17,266.882534
-4.382978,17,266.942313
-4.280973,17,267.00299
-4.620776,17,267.062955
-4.254968,17,267.46618
-4.398363,17,267.52479
-4.402825,17,267.582652
-4.563848,17,267.639892
-4.446691,17,267.697098
-4.406813,17,267.754716
-4.421754,17,267.813977
-4.500754,17,267.870812
-4.422503,17,267.927069
-4.472047,17,267.983133
-4.348845,17,268.03961
-4.091248,17,268.096238
-4.67557,17,268.152466
-4.872933,17,268.208669
-4.574021,17,268.264928
-4.197332,17,269.114576
-4.213901,17,269.168137
-4.124656,17,269.22116
-4.127561,17,269.273905
-4.803116,17,269.326492
-5.10035,17,269.382332
-4.748344,17,269.438609
-4.363606,17,269.492828
-4.418836,17,269.547356
-4.459775,17,269.601887
-4.731039,17,269.657078
-4.220185,17,269.712454
-4.396324,17,269.769303
-4.637565,17,269.824881
-4.512401,17,269.877475
-5.189873,17,269.93057
-5.328801,17,269.983732
-4.446154,17,270.036365
-4.860634,17,270.090298
-4.433545,17,270.144135
-4.453226,17,270.19705
-4.223584,17,270.250452
-4.354575,17,270.622614
-4.562945,17,270.675605
-4.262632,17,270.728187
-4.347108,17,270.780474
-5.02305,17,270.833472
-4.022903,17,270.887837
-4.391279,17,270.940779
-5.721626,17,270.993161
-4.483482,17,271.045869
-4.026472,17,271.100701
-4.718309,17,271.157174
-4.658131,17,271.212594
-4.455367,17,271.268035
-4.504835,17,271.322385
-4.292487,17,271.37729
-4.675438,17,271.4328
-4.377192,17,271.48814
-4.553278,17,271.543762
-4.410912,17,271.598554
-4.418194,17,271.652077
-4.341515,17,271.705258
-4.476859,17,271.759154
-4.38497,17,271.812959
-4.431781,17,271.867486
-4.194621,17,271.920577
-4.374695,17,271.974416
-4.326702,17,272.029788
-4.764412,17,272.084997
-4.531791,17,272.139353
-4.773815,17,272.19252
-4.768364,17,272.244985
-4.329566,17,272.299092
-4.411439,17,272.354003
-4.314052,17,272.408858
-4.620639,17,272.463198
-3.849645,17,272.517504
-4.414941,17,272.572836
-4.722011,17,272.955496
-4.392348,17,273.806836
-4.53184,17,273.864269
-4.428005,17,273.918654
-4.352357,17,273.973677
-4.830354,17,274.029269
-4.228321,17,274.082444
-4.750345,17,274.135944
-4.434059,17,274.18967
-4.814903,17,274.24437
-4.307978,17,274.298123
-4.468382,17,274.351814
-4.639775,17,274.405792
-4.759031,17,274.459638
-7.04074,18,274.516704
-4.217872,17,274.571698
-4.526561,17,274.62568
-4.773282,17,274.679452
-4.171313,17,274.732238
-4.519627,17,274.784736
-4.455869,17,274.837233
-4.217281,17,274.889739
-4.538091,17,274.942216
-4.251633,17,274.994674
-4.511211,17,275.047279
-4.421296,17,275.099492
-4.386974,17,275.152073
-4.476541,17,275.204735
-4.319488,17,275.258803
-4.220355,17,275.313045
-4.314331,17,275.366289
-4.616321,17,275.418679
-4.976734,17,275.470912
-4.660691,17,275.523935
-4.389326,17,275.579425
-5.406681,17,275.635397
-4.382757,17,276.117268
-4.423483,17,276.170414
-6.254807,18,276.226434
-4.841635,17,276.279193
-4.319696,17,276.332012
-4.671448,17,276.385016
-4.760596,17,276.437309
-3.961333,17,276.490035
-4.533892,17,276.542692
-4.427019,17,276.595047
-4.422947,17,276.647252
-4.153772,17,276.699486
-4.30856,17,276.751938
-4.088813,17,276.804325
-4.198006,17,276.856491
-4.637656,17,276.909151
-4.487185,17,276.961687
-5.566722,17,277.014354
-4.523962,17,277.067094
-4.249365,17,277.119126
-4.198491,17,277.171399
-4.644578,17,277.223607
-4.475019,17,277.275648
-4.661804,17,277.328171
-4.500532,17,277.38092
-4.589778,17,278.100245
-4.756827,17,278.159489
-4.479486,17,278.219548
-4.422366,17,278.281195
-4.456811,17,278.3438
-4.266406,17,278.402912
-4.383626,17,278.459384
-4.39124,17,278.515634
-4.207684,17,278.57171
-4.483283,17,278.627847
-4.321613,17,278.683695
-5.225264,17,278.740295
-4.336955,17,279.129719
-4.367659,17,279.185882
-5.128345,17,279.241758
-4.84106,17,279.298083
-4.543145,17,279.354184
-5.125854,17,279.409878
-4.865964,17,279.465989
-4.418565,17,279.522371
-4.587911,17,279.580821
-4.591287,17,279.640024
-4.774777,17,279.698705
-4.042142,17,279.758073
-4.741428,17,279.817383
-4.424787,17,279.873903
-4.380273,17,279.932827
-6.948262,19,279.999016
-4.499406,17,280.058038
-4.455802,17,280.116767
-4.342044,17,280.175265
-4.612609,17,280.235373
-4.375073,17,280.292124
-4.622807,17,280.351236
-4.619984,17,280.408461
-4.387202,17,280.467373
-7.13896,18,280.527577
-4.531695,17,280.585721
-5.298718,17,280.643106
-4.41046,17,280.699332
-4.713461,17,280.755255
-4.530512,17,280.811514
-4.311812,17,280.867565
-4.419157,17,280.924386
-5.500123,17,280.980537
-4.552672,17,281.038037
-4.331762,17,281.093976
-4.559137,17,281.149307
-4.292714,17,281.204185
-4.440599,17,281.586535
-4.288132,17,281.64211
-4.545793,17,281.697546
-5.095698,17,281.752327
-4.362678,17,281.807076
-4.515429,17,281.862257
-4.130952,17,281.917299
-4.754266,17,281.972301
-4.642513,17,282.02741
-4.299317,17,282.082136
-4.381735,17,282.136793
-4.617779,17,283.013623
-4.442574,17,283.070911
-4.847849,17,283.129661
-4.26219,17,283.18773
-4.256171,17,283.245873
-4.485246,17,283.304056
-4.242513,17,283.361537
-4.605222,17,283.416829
-4.25435,17,283.472136
-4.259388,17,283.527507
-4.548114,17,283.583197
-4.296709,17,283.638239
-4.375113,17,283.693528
-4.737366,17,283.748787
-4.408077,17,283.803572
-4.543751,17,283.858618
-4.826232,17,283.913834
-4.30523,17,283.968664
-4.760288,17,284.023693
-4.628568,17,284.078611
-4.330829,17,284.133118
-3.975492,17,284.187342
-4.54745,17,284.242429
-4.336444,17,284.298906
-4.79864,17,284.354112
-4.393362,17,284.409759
-4.39923,17,284.791939
-4.483944,17,284.84913
-4.595936,17,284.909981
-4.210357,17,284.97187
-4.731618,17,285.033742
-4.137317,17,285.092056
-4.278148,17,285.147943
-4.672277,17,285.203709
-4.46217,17,285.25963
-4.769811,17,285.314767
-4.422076,17,285.369876
-4.110775,17,285.425348
-4.485982,17,285.480951
-4.242887,17,285.536317
-4.398539,17,285.591913
-4.648339,17,285.647476
-4.549115,17,285.705979
-4.228383,17,285.762583
-4.020641,17,285.81868
-4.118768,17,285.874181
-4.347059,17,285.930905
-4.570198,17,285.987187
-4.790664,17,286.042917
-4.501235,17,286.100309
-3.971249,17,286.157259
-4.449064,17,286.21366
-4.515208,17,286.270111
-4.287163,17,286.326654
-5.005363,17,286.383102
-4.590059,17,286.439248
-4.129115,17,286.495781
-4.277313,17,286.552924
-4.64498,17,286.609619
-4.758267,17,286.666228
-4.41242,17,287.649518
-4.033576,17,287.704612
-4.35106,17,288.099081
-4.31431,17,288.155619
-4.734068,17,288.212291
-4.318359,17,288.270139
-4.369686,17,288.32662
-4.638709,17,288.383015
-4.499281,17,288.439025
-4.400329,17,288.496747
-4.387872,17,288.555535
-4.724683,17,288.614197
-4.448816,17,288.673582
-5.385028,17,288.731567
-4.728756,17,288.789678
-4.355183,17,288.846839
-4.504357,17,288.90422
-4.135702,17,288.961501
-4.827438,17,289.019346
-4.334131,17,289.075357
-4.582725,17,289.131281
-4.697259,17,289.188456
-4.844771,17,289.245842
-4.291018,17,289.304214
-4.413938,17,289.364488
-4.443224,17,289.424983
-4.636804,17,289.485935
-4.285492,17,289.546381
-4.560328,17,289.606897
-4.44593,17,289.665996
-4.332948,17,289.723567
-4.414983,17,289.780165
-4.327559,17,289.836655
-4.542026,17,289.893157
-4.413142,17,289.949307
-4.436174,17,290.005464
-4.257269,17,290.061249
-5.493734,17,290.117725
-4.326254,17,290.174155
-4.37781,17,290.570846
-4.270226,17,290.628401
-4.426303,17,290.686661
-4.233623,17,290.74399
-4.680874,17,290.801393
-4.135271,17,290.857701
-4.328819,17,290.914685
-4.813387,17,290.97166
-4.420126,17,291.028097
-5.099809,17,291.08452
-4.514715,17,291.141368
-4.31594,17,291.198253
-4.316055,17,291.254404
-4.838014,17,291.310669
-4.364998,17,291.367502
-4.672073,17,291.424009
-4.193972,17,291.481063
-4.444201,17,291.53818
-4.607924,17,291.595931
-4.304053,17,291.65417
-4.129043,17,291.71271
-5.592376,18,292.700227
-4.303469,17,292.757757
-4.638199,17,292.819045
-4.669113,17,292.880119
-4.327205,17,292.942303
-4.692729,17,293.004938
-4.333737,17,293.067719
-4.391353,17,293.130814
-4.778645,17,293.189879
-4.294124,17,293.249981
-4.459535,17,293.309114
-4.245453,17,293.367461
-4.291552,17,293.42649
-4.720702,17,293.48534
-4.550805,17,293.543905
-4.340549,17,293.602644
-4.779069,17,293.996581
-4.776,17,294.052761
-4.057316,17,294.109277
-4.53412,17,294.164931
-4.078403,17,294.220654
-4.277685,17,294.283097
-4.426178,17,294.344517
-4.444821,17,294.405085
-5.875241,17,294.465813
-5.072225,17,294.525944
-4.437466,17,294.586891
-4.411707,17,294.649379
-4.521899,17,294.711041
-4.451274,17,294.772573
-4.253527,17,294.833189
-4.167114,17,294.893053
-4.011998,17,294.953137
-4.934283,17,295.013123
-4.033645,17,295.073105
-4.358137,17,295.131068
-4.297194,17,295.189327
-4.344854,17,295.248701
-4.139062,17,295.307229
-4.736294,17,295.365229
-4.027424,17,295.422769
-5.741231,18,295.484993
-5.784262,17,295.541957
-4.189838,17,295.599126
-5.097891,17,295.659044
-4.530308,17,295.718406
-4.242609,17,295.777159
-4.600436,17,295.836481
-4.355528,17,295.896187
-5.425665,17,295.955316
-4.210057,17,296.016498
-4.62255,17,296.076102
-4.358803,17,296.469223
-4.722359,17,296.525931
-4.33437,17,296.582447
-4.668321,17,296.639404
-4.541061,17,296.697108
-4.257539,17,296.753956
-4.572975,17,296.810349
-4.452257,17,296.868531
-4.438473,17,296.925869
-4.253345,17,297.79633
-4.307486,17,297.852809
-4.474842,17,297.909509
-4.549882,17,297.965927
-4.321938,17,298.022452
-4.544027,17,298.079756
-4.347079,17,298.136053
-4.394838,17,298.192399
-4.887394,17,298.248871
-4.304472,17,298.305514
-4.624836,17,298.361712
-4.292522,17,298.417718
-4.089064,17,298.474541
-4.889429,17,298.531186
-4.690562,17,298.587471
-4.550402,17,298.643611
-4.44969,17,298.699804
-4.601934,17,298.756084
-4.287267,17,298.81225
-4.258133,17,298.869359
-4.198735,17,298.92576
-4.205601,17,298.981823
-4.659527,17,299.037716
-4.337033,17,299.09461
-4.592214,17,299.150815
-4.645443,17,299.207699
-4.357677,17,299.267336
-3.81846,17,299.324677
-4.445503,17,299.835483
-4.22717,17,299.894088
-4.622558,17,299.951369
-4.560643,17,300.008593
-4.324054,17,300.065833
-4.088755,17,300.123961
-4.310678,17,300.181092
-4.344765,17,300.23778
-4.91908,17,300.295309
-4.72122,17,300.352365
-4.388972,17,300.409018
-4.540084,17,300.465679
-4.956028,17,300.523049
-4.215704,17,300.579442
-4.366639,17,300.635618
-4.328986,17,300.692446
-4.467645,17,300.748803
-4.206275,17,300.805807
-4.208535,17,300.86166
-4.16142,17,300.918816
-4.663452,17,300.975054
-4.442778,17,301.031992
-4.314845,17,301.089358
-4.313999,17,301.146151
-4.346902,17,301.202766
-4.403504,17,301.259234
-4.513522,17,301.31622
-4.454287,17,301.372481
-4.07567,17,301.428853
-4.479844,17,301.485317
-4.333537,17,301.541429
-4.020673,17,301.597746
-4.408423,17,302.565911
-4.913657,17,302.623085
-4.79657,17,302.680241
-4.389126,17,302.738654
-4.232503,17,302.794932
-4.25759,17,303.19231
-4.420052,17,303.249949
-4.351099,17,303.307761
-4.67307,17,303.364893
-4.275148,17,303.422331
-4.301405,17,303.479598
-4.801411,17,303.537452
-4.076117,17,303.594118
-4.402061,17,303.650298
-4.054655,17,303.706803
-4.954884,17,303.762929
-4.417347,17,303.818471
-4.451534,17,303.873929
-4.729644,17,303.930536
-4.319563,17,303.987408
-4.414929,17,304.043955
-4.454344,17,304.100226
-4.236662,17,304.156942
-4.436055,17,304.213077
-4.723348,17,304.275953
-4.617593,17,304.332777
-4.322933,17,304.389793
-4.093568,17,304.445935
-4.493288,17,304.50291
-4.39449,17,304.560052
-4.55026,17,304.615902
-4.432843,17,304.671843
-4.226626,17,304.727715
-4.773023,17,304.783795
-4.429015,17,304.839699
-4.517075,17,304.895738
-4.387882,17,304.952709
-4.367173,17,305.008888
-5.281297,17,305.064637
-4.403307,17,305.120212
-4.381227,17,305.176916
-4.200979,17,305.232601
-4.297585,17,305.616489
-4.337021,17,305.67076
-5.093856,17,305.725588
-4.726007,17,305.781857
-4.279025,17,305.837019
-4.266243,17,305.892332
-4.432109,17,305.948098
-4.972917,17,306.00383
-4.374407,17,306.059404
-4.210458,17,306.114698
-4.409275,17,306.170757
-4.033004,17,306.226187
-4.741056,17,306.281345
-4.422841,17,306.336675
-4.601085,17,306.39255
-4.232315,17,306.448025
-4.458231,17,306.504893
-4.496534,17,306.563346
-4.573115,17,307.502267
-4.76894,17,307.557285
-4.262478,17,307.613032
-4.165438,17,307.668214
-4.306209,17,307.723725
-4.21542,17,307.780185
-4.235925,17,307.835758
-4.259689,17,307.891117
-4.421552,17,307.94615
-4.39958,17,308.002274
-4.520886,17,308.057953
-4.372632,17,308.113318
-4.428171,17,308.169216
-4.479014,17,308.224705
-4.345454,17,308.279888
-4.335038,17,308.336189
-4.520279,17,308.39329
-4.411472,17,308.449319
-4.294807,17,308.505498
-6.463621,18,308.907757
-4.428898,17,308.965494
-4.341659,17,309.023203
-4.06782,17,309.08054
-4.534781,17,309.137614
-4.177734,17,309.195946
-4.464619,17,309.260886
-4.185204,17,309.317252
-4.521483,17,309.375067
-4.488528,17,309.432703
-4.831124,17,309.489362
-4.321177,17,309.545809
-4.046472,17,309.602456
-4.374201,17,309.658657
-4.540904,17,309.714523
-4.509918,17,309.770736
-4.480226,17,309.827461
-4.20588,17,309.88382
-4.408845,17,309.939995
-4.198857,17,309.996978
-4.4346,17,310.053076
-4.5496,17,310.109458
-4.61261,17,310.165093
-4.54536,17,310.222076
-4.762213,17,310.277888
-4.800773,17,310.333875
-4.394889,17,310.390435
-4.533178,17,310.447507
-4.291443,17,310.504197
-4.249956,17,310.560723
-4.396263,17,310.617439
-4.35363,17,310.673389
-4.26558,17,310.729723
-4.319655,17,310.785476
-4.371478,17,310.842179
-4.469458,17,310.898153
-4.938345,17,311.28652
-4.444291,17,311.342754
-4.709602,17,311.399677
-4.234597,17,311.455953
-4.566405,17,311.511928
-4.31852,17,312.506478
-4.445616,17,312.560359
-3.992759,17,312.614761
-4.653743,17,312.667957
-4.374348,17,312.721412
-4.575977,17,312.774405
-4.231448,17,312.828109
-4.105335,17,312.880803
-4.439506,17,312.933568
-4.124821,17,312.986427
-4.313382,17,313.040335
-4.406468,17,313.093599
-4.500989,17,313.146226
-4.152376,17,313.198916
-4.837296,17,313.252341
-4.646123,17,313.305197
-3.793525,17,313.358223
-4.313955,17,313.410876
-4.574179,17,313.464373
-4.123349,17,313.518195
-4.626116,17,313.571321
-4.273124,17,313.625953
-4.480259,17,313.681076
-5.287349,18,313.738656
-4.35521,17,313.792599
-4.560595,17,313.847307
-4.455619,17,313.901465
-4.445009,17,313.955613
-5.217549,17,314.009115
-4.009141,17,314.06434
-4.490229,17,314.119255
-4.857177,17,314.173649
-4.876095,17,314.549317
-4.239299,17,314.602629
-4.335968,17,314.656537
-4.319701,17,314.709735
-4.685584,17,314.762825
-4.29642,17,314.815417
-4.315214,17,314.869993
-4.669188,17,314.923506
-4.464969,17,314.977265
-3.999772,17,315.031467
-4.315812,17,315.087493
-4.972503,17,315.142349
-4.44961,17,315.195569
-4.467648,17,315.249518
-4.621478,17,315.303864
-4.373281,17,315.358047
-4.370643,17,315.411834
-4.229333,17,315.466242
-5.355395,17,315.519703
-4.386352,17,315.573814
-4.209431,17,315.628545
-4.720961,17,315.684235
-4.319935,17,315.738521
-4.868752,17,315.792206
-4.102759,17,315.846954
-4.210845,17,315.900015
-4.242818,17,315.952668
-4.341641,17,316.005324
-4.249695,17,316.659005
-4.331813,17,316.712726
-4.341047,17,316.765944
-4.57467,17,316.818862
-4.376694,17,316.873568
-4.071772,17,316.92679
-5.763563,17,316.97981
-4.277099,17,317.03251
-4.338443,17,317.086143
-4.613459,17,317.456882
-4.62471,17,317.51077
-4.54458,17,317.5639
-4.244155,17,317.616729
-4.269154,17,317.669697
-4.752566,17,317.723493
-4.201695,17,317.776609
-4.399453,17,317.829898
-4.036634,17,317.883373
-4.241602,17,317.93634
-4.343335,17,317.989311
-4.457598,17,318.044035
-4.274144,17,318.100921
-4.602829,17,318.155409
-4.629276,17,318.210379
-4.360007,17,318.264977
-4.266159,17,318.319723
-4.094048,17,318.373533
-4.363383,17,318.427168
-4.746358,17,318.480656
-4.092212,17,318.536311
-4.258459,17,318.590173
-4.360336,17,318.644871
-4.849141,17,318.700021
-4.453132,17,318.754897
-4.436853,17,318.808471
-4.323926,17,318.862548
-4.599864,17,318.917659
-4.303336,17,318.971679
-4.337811,17,319.025542
-4.286541,17,319.07947
-3.899617,17,319.134757
-4.265063,17,319.188903
-4.974763,17,319.242354
-4.429163,17,319.30405
-4.253875,17,319.358633
-4.313722,17,319.732142
-4.444873,17,319.78567
-5.168856,17,319.838686
-4.353039,17,319.891368
-4.515321,17,319.945261
-4.378894,17,319.998407
-5.136055,17,320.052081
-4.454734,17,320.104961
-4.13122,17,320.158816
-4.427657,17,320.211719
-4.741115,17,320.264681
-4.253985,17,320.318355
-5.081125,17,320.371511
-5.289574,17,320.423888
-4.639999,17,320.476278
-4.355993,17,320.529653
-4.667339,17,321.226389
-4.641632,17,321.282963
-4.279895,17,321.34002
-4.364871,17,321.396729
-4.765069,17,321.453812
-4.377595,17,321.510549
-4.359435,17,321.568253
-4.413127,17,321.624577
-4.409375,17,321.68071
-4.680162,17,321.738065
-4.281989,17,321.794374
-4.740162,17,321.850985
-4.318885,17,321.907504
-4.108711,17,321.965215
-4.216313,17,322.021973
-4.439267,17,322.078718
-4.28417,17,322.134826
-4.913134,17,322.191147
-4.814935,17,322.247168
-4.433825,17,322.303134
-4.588469,17,322.360407
-4.247761,17,322.863403
-4.181837,17,322.919937
-4.401021,17,322.97796
-4.816983,17,323.034745
-4.798531,17,323.092023
-4.671725,17,323.149078
-4.370062,17,323.208088
-4.292781,17,323.266414
-4.394178,17,323.324284
-4.877999,17,323.382293
-4.329518,17,323.438112
-4.360417,17,323.494822
-4.621284,17,323.551469
-4.351678,17,323.607964
-4.278424,17,323.663817
-4.70788,17,323.719676
-4.328293,17,323.776384
-4.329922,17,323.83232
-4.375335,17,323.888003
-4.699406,17,323.943665
-4.160573,17,323.999851
-4.50881,17,324.055568
-4.739936,17,324.11136
-5.009117,17,324.167605
-4.31636,17,324.223432
-4.72346,17,324.279313
-4.221832,17,324.338102
-4.316413,17,324.395888
-5.007841,17,324.451801
-5.380986,17,324.507488
-4.594051,17,324.56444
-4.373526,17,324.621023
-4.591813,17,324.677027
-4.317427,17,324.732831
-4.23938,17,324.789929
-4.40473,17,324.845994
-4.8134,17,324.901618
-4.446414,17,325.289863
-4.154428,17,325.346395
-4.181529,17,326.095729
-4.374218,17,326.148516
-4.257404,17,326.202394
-4.153716,17,326.255381
-4.028645,17,326.308142
-4.231728,17,326.362773
-4.527056,17,326.417086
-3.984687,17,326.471031
-4.217054,17,326.524347
-4.641462,17,326.57749
-4.647948,17,326.631444
-4.525905,17,326.684763
-4.344679,17,326.738011
-4.239232,17,326.792266
-4.758464,17,326.845809
-4.076687,17,326.899051
-4.866541,17,326.953655
-4.131699,17,327.009928
-4.565776,17,327.065911
-4.281553,17,327.121887
-4.731112,17,327.177954
-4.036199,17,327.235867
-4.248833,17,327.292322
-4.167785,17,327.348928
-4.328985,17,327.406452
-4.28873,17,327.46226
-4.981128,17,327.518426
-4.415972,17,327.575078
-4.304292,17,327.6331
-4.157996,17,327.690046
-4.211206,17,327.749415
-4.505645,17,327.809602
-4.311932,17,327.870675
-4.236284,17,327.930552
-4.725535,17,327.989444
-4.386577,17,328.392166
-4.289954,17,328.451189
-3.939316,17,328.50967
-4.476235,17,328.567553
-4.784539,17,328.625625
-4.320539,17,328.68456
-4.205271,17,328.74394
-4.454986,17,328.802237
-4.374701,17,328.860723
-4.390049,17,328.920972
-4.526008,17,328.980426
-4.146091,17,329.039901
-4.089874,17,329.0996
-4.358757,17,329.158475
-4.571599,17,329.21712
-4.328888,17,329.277014
-4.820589,17,329.340025
-4.624141,17,329.403262
-4.630535,17,329.467337
-4.312818,17,329.530517
-4.337065,17,329.594486
-4.267077,17,329.65689
-4.335515,17,329.717041
-4.335089,17,329.776839
-4.469891,17,329.836621
-4.342457,17,330.893234
-4.489068,17,330.947803
-4.496606,17,331.002287
-4.793741,17,331.056716
-3.969424,17,331.111357
-4.361464,17,331.166095
-4.377884,17,331.220522
-4.519963,17,331.27464
-4.247636,17,331.329349
-4.457991,17,331.383954
-4.195854,17,331.438112
-4.824534,17,331.490798
-4.550223,17,331.858776
-4.864577,17,331.911414
-4.536773,17,331.96393
-4.505943,17,332.01939
-4.211103,17,332.075862
-5.062507,17,332.133583
-4.341925,17,332.192142
-4.327773,17,332.249223
-4.558293,17,332.305365
-4.374928,17,332.363161
-4.836947,17,332.421003
-4.331412,17,332.479627
-4.037791,17,332.53816
-4.115395,17,332.595051
-4.546675,17,332.651608
-4.297013,17,332.708345
-4.51983,17,332.765487
-3.940988,17,332.822547
-4.502786,17,332.877793
-4.391764,17,332.932913
-3.824602,17,332.991997
-4.351005,17,333.047291
-4.738391,17,333.102173
-4.439119,17,333.158228
-4.136284,17,333.21369
-4.396491,17,333.269275
-5.73039,18,333.32884
-4.644787,17,333.383079
-4.508189,17,333.436871
-3.785074,17,333.493975
-4.415227,17,333.550751
-4.670038,17,333.608127
-4.270797,17,333.66464
-4.615281,17,333.720818
-4.598905,17,333.776833
-4.410546,17,333.833732
-4.576004,17,334.219015
-4.288812,17,334.272939
-4.218345,17,334.326214
-4.542298,17,334.379647
-4.639084,17,334.432211
-4.721311,17,334.485702
-4.318848,17,334.538933
-4.571325,17,334.592287
-4.452164,17,334.645565
-4.708442,17,334.699795
-4.590047,17,334.753468
-4.401232,17,334.806958
-4.040244,17,335.840779
-4.513584,17,335.895257
-4.551665,17,335.950376
-4.373751,17,336.005604
-4.478705,17,336.060904
-4.485126,17,336.117517
-4.375207,17,336.173265
-4.194546,17,336.228832
-4.4098,17,336.285049
-4.290938,17,336.342042
-4.216994,17,336.398
-4.603604,17,336.456376
-4.146828,17,336.512918
-4.343214,17,336.569333
-4.688232,17,336.625028
-4.080848,17,336.680857
-4.331358,17,336.737979
-4.494898,17,336.794803
-4.725539,17,336.851567
-4.310965,17,336.908412
-4.483959,17,336.965601
-4.157968,17,337.021679
-4.633525,17,337.077956
-4.403108,17,337.135214
-4.511861,17,337.191861
-4.223198,17,337.580602
-4.37827,17,337.636936
-4.328062,17,337.693496
-4.269791,17,337.75011
-5.84684,17,337.806336
-3.855613,17,337.862053
-4.093274,17,337.918054
-3.737716,17,337.975241
-4.755104,17,338.032115
-4.700813,17,338.089318
-4.406541,17,338.14703
-4.260257,17,338.204927
-4.285082,17,338.262122
-4.701867,17,338.319113
-4.461994,17,338.377383
-4.732671,17,338.43447
-4.564936,17,338.491514
-4.355737,17,338.549084
-4.202732,17,338.606531
-4.544117,17,338.663553
-4.792051,17,338.721181
-4.457182,17,338.779452
-5.084008,17,338.837023
-4.544499,17,338.894088
-5.013103,17,338.951735
-4.588383,17,339.01
-4.786975,17,339.06692
-4.668177,17,339.124224
-4.174403,17,339.182407
-3.799679,17,339.239076
-5.148009,17,339.295289
-4.366024,17,339.351617
-4.788546,17,339.408823
-4.855779,17,339.465539
-4.231258,17,339.522001
-4.765261,17,340.305789
-4.622226,17,340.360741
-4.450281,17,340.746805
-4.178782,17,340.803515
-4.141009,17,340.859106
-4.473066,17,340.915051
-4.56517,17,340.970512
-4.268496,17,341.027462
-4.414788,17,341.084271
-4.533213,17,341.140913
-4.329538,17,341.198288
-4.254892,17,341.254736
-4.436797,17,341.311346
-4.392932,17,341.368205
-4.427557,17,341.426686
-4.596699,17,341.484257
-4.245016,17,341.541125
-4.299614,17,341.598968
-4.64698,17,341.656497
-4.390419,17,341.713408
-4.27033,17,341.770149
-4.538293,17,341.827959
-4.289799,17,341.885012
-4.280676,17,341.942337
-4.883558,17,342.000091
-4.305592,17,342.057483
-3.929519,17,342.114069
-4.97152,17,342.170174
-4.363937,17,342.226858
-4.126995,17,342.282964
-4.432207,17,342.338641
-4.013556,17,342.39505
-4.288366,17,342.451406
-4.606252,17,342.507638
-3.991468,17,342.564113
-4.166155,17,342.621062
-4.595295,17,342.677422
-4.146004,17,342.733378
-4.496298,17,342.789288
-4.193227,17,343.172376
-4.260757,17,343.228742
-4.387644,17,343.284888
-4.784594,17,343.340329
-4.20704,17,343.395679
-4.473165,17,343.452053
-3.943699,17,343.507714
-4.322719,17,343.56389
-4.395747,17,343.620354
-4.213618,17,343.676735
-4.377744,17,343.732739
-4.224868,17,343.788698
-4.251366,17,343.845425
-4.278734,17,343.901395
-4.301199,17,343.957139
-4.709586,17,344.013494
-4.225845,17,344.070226
-4.306306,17,344.127053
-4.708861,17,344.183218
-4.394394,17,344.240216
-4.341817,17,344.296341
-4.062659,17,344.353106
-4.661293,17,345.164067
-4.947118,17,345.218293
-4.568127,17,345.271392
-4.532362,17,345.323788
-4.426921,17,345.376312
-4.376975,17,345.429558
-4.420799,17,345.483154
-4.336902,17,345.536231
-4.203162,17,345.589769
-4.446623,17,345.643629
-4.706198,17,345.696425
-4.712957,17,345.749294
-4.403993,17,345.802781
-4.477976,17,345.857294
-4.342892,17,346.329602
-4.720625,17,346.382489
-4.357977,17,346.43571
-4.443625,17,346.489505
-4.00536,17,346.542226
-4.294244,17,346.594692
-4.280427,17,346.64789
-4.250282,17,346.701366
-4.69228,17,346.754133
-4.408907,17,346.807102
-4.335275,17,346.860364
-4.947805,17,346.915502
-4.221193,17,346.969728
-5.00086,17,347.023487
-4.40285,17,347.078725
-4.135864,17,347.131828
-4.342496,17,347.18444
-4.266624,17,347.237441
-4.607773,17,347.291057
-4.436355,17,347.343642
-4.254974,17,347.39619
-4.34251,17,347.449171
-4.65357,17,347.502004
-4.434147,17,347.554432
-4.695623,17,347.607766
-4.336053,17,347.661188
-4.398947,17,347.713877
-4.304706,17,347.766573
-4.200616,17,347.818991
-4.117184,17,347.873188
-4.321074,17,347.925714
-4.402639,17,347.978805
-4.540193,17,348.036123
-4.133958,17,348.089758
-4.164158,17,348.142351
-4.323433,17,348.195805
-4.188198,17,348.249351
-4.163503,17,348.617648
-4.427576,17,348.672553
-4.26961,17,348.726729
-4.381228,17,348.781362
-4.501341,17,348.836209
-4.191854,17,348.894486
-4.548026,17,348.950977
-4.441246,17,349.007234
-4.27305,17,349.063666
-4.456375,17,349.948927
-4.63907,17,350.004088
-4.337195,17,350.05945
-4.229863,17,350.114799
-4.266204,17,350.17033
-5.347547,17,350.22486
-4.323575,17,350.279461
-4.422913,17,350.333953
-4.290319,17,350.389182
-4.324243,17,350.444141
-4.205674,17,350.498896
-4.303401,17,350.553839
-4.365829,17,350.609048
-4.243044,17,350.663611
-4.474372,17,350.718509
-4.385071,17,350.772866
-4.570518,17,350.82658
-4.652938,17,350.880674
-4.594363,17,350.934705
-4.293572,17,350.988056
-4.708757,17,351.041863
-4.221103,17,351.095894
-4.791367,17,351.149965
-4.104481,17,351.204953
-4.344957,17,351.259585
-4.114739,17,351.313549
-4.60604,17,351.36804
-4.174693,17,351.422017
-4.286434,17,351.805623
-4.360291,17,351.861543
-4.778373,17,351.918386
-4.879051,17,351.975587
-4.785502,17,352.033105
-4.188022,17,352.089887
-4.360879,17,352.147476
-4.86271,17,352.20528
-4.33915,17,352.262424
-4.487582,17,352.319721
-4.301825,17,352.376858
-4.097423,17,352.433685
-4.657577,17,352.491283
-4.439449,17,352.549374
-4.47227,17,352.607587
-4.497374,17,352.666042
-4.460469,17,352.723749
-5.674457,17,352.78143
-4.613773,17,352.839119
-4.800085,17,352.895573
-4.451503,17,352.951725
-4.266699,17,353.008667
-4.266184,17,353.065084
-4.30658,17,353.121474
-4.373844,17,353.177221
-4.26803,17,353.233857
-5.092732,17,353.289961
-4.341687,17,353.347914
-3.753638,17,353.405955
-4.450135,17,353.464408
-4.264738,17,353.522937
-4.353735,17,353.581592
-4.244109,17,354.484522
-4.2404,17,354.540004
-4.25931,17,354.597065
-5.022712,18,354.65778
-4.422023,17,354.715499
-4.231744,17,355.109348
-4.33623,17,355.165407
-4.298644,17,355.221843
-4.914616,17,355.278092
-4.480894,17,355.333945
-4.52179,17,355.389955
-4.378626,17,355.446634
-4.346412,17,355.502967
-4.489311,17,355.559322
-4.434628,17,355.615955
-4.261662,17,355.672177
-3.882876,17,355.728423
-4.232169,17,355.784376
-4.046364,17,355.840243
-4.345673,17,355.895942
-4.32629,17,355.952759
-4.381614,17,356.005358
-4.35462,17,356.057887
-4.129317,17,356.110967
-4.587678,17,356.163594
-4.390156,17,356.215927
-4.341452,17,356.26822
-4.25858,17,356.321077
-4.574248,17,356.373498
-4.645603,17,356.425684
-4.497286,17,356.477827
-4.175466,17,356.530856
-4.420293,17,356.583645
-4.354866,17,356.636139
-4.449794,17,356.688588
-4.224041,17,356.74172
-4.31817,17,356.794101
-4.275145,17,356.846454
-4.408629,17,356.898765
-3.76849,17,356.952654
-4.312331,17,357.005109
-5.061625,17,357.372243
-5.008521,17,357.425242
-4.350933,17,357.478033
-4.24435,17,357.530599
-4.417891,17,357.583835
-4.565845,17,357.636667
-4.184013,17,357.68906
-4.606936,17,357.741848
-4.104664,17,357.79503
-4.47527,17,357.847704
-4.126723,17,357.900232
-4.399561,17,357.952928
-4.521485,17,358.006371
-4.352426,17,358.059022
-4.320679,17,358.11182
-4.727592,17,358.16429
-4.3349,17,358.217732
-4.394796,17,358.270078
-4.189801,17,358.322663
-4.215813,17,359.09414
-4.245717,17,359.151525
-4.111176,17,359.207739
-4.543665,17,359.263926
-4.86565,17,359.319876
-4.574532,17,359.375779
-4.883784,17,359.431609
-4.347415,17,359.487793
-4.453356,17,359.543626
-4.282811,17,359.599329
-4.569977,17,359.655439
-4.433223,17,359.711505
-5.15285,17,359.767011
-4.675449,17,359.822555
-4.452156,17,359.886066
-4.332712,17,359.940732
-4.253764,17,359.996195
-4.321692,17,360.052104
-4.484681,17,360.438553
-4.107302,17,360.494699
-4.261919,17,360.550422
-4.334634,17,360.606769
-4.472507,17,360.662762
-4.3721,17,360.718818
-4.602802,17,360.774519
-4.396912,17,360.830343
-4.320253,17,360.886418
-4.285828,17,360.942153
-4.302937,17,360.997693
-5.002963,17,361.053598
-4.439962,17,361.109297
-4.705444,17,361.164814
-4.160477,17,361.221484
-4.211242,17,361.277467
-4.423301,17,361.333095
-4.421528,17,361.389032
-4.789556,17,361.444901
-4.685774,17,361.500703
-4.133517,17,361.556374
-4.088503,17,361.612348
-5.028149,17,361.667995
-4.511464,17,361.723677
-4.302775,17,361.779654
-4.641346,17,361.835365
-4.358178,17,361.890885
-4.196504,17,361.94715
-4.400563,17,362.002726
-4.337243,17,362.058334
-4.580966,17,362.114419
-4.54801,17,362.17089
-4.424959,17,362.226912
-4.1122,17,362.283345
-4.257359,17,362.33978
-4.464964,17,362.395943
-4.391447,17,362.452014
-4.743906,17,362.840829
-4.058833,17,362.897197
-4.741344,17,362.953467
-4.341397,17,363.009814
-4.482416,17,363.065904
-4.760958,17,363.122577
-4.162648,17,363.809417
-4.32331,17,363.8624
-4.50222,17,363.91494
-4.131704,17,363.967834
-4.421723,17,364.020593
-4.57629,17,364.073047
-4.295566,17,364.125919
-4.452578,17,364.178776
-4.777021,17,364.231382
-4.211818,17,364.283781
-4.179118,17,364.336687
-4.630428,17,364.389243
-4.901154,17,364.441597
-4.192957,17,364.494179
-4.458694,17,364.547385
-4.372623,17,364.599556
-4.52335,17,364.652029
-4.587715,17,364.704695
-4.265145,17,364.757152
-4.60444,17,364.810053
-4.223623,17,364.863134
-4.319917,17,364.916172
-4.557773,17,364.968711
-4.455951,17,365.021859
-4.6885,17,365.074861
-4.282792,17,365.127767
-4.753413,17,365.180335
-4.387583,17,365.23324
-4.050286,17,365.28599
-4.163339,17,365.338486
-4.62089,17,365.391356
-4.358585,17,365.758916
-4.658098,17,365.812831
-4.398921,17,365.867137
-4.795173,17,365.923065
-4.407212,17,365.978481
-4.812755,17,366.034262
-4.265155,17,366.089577
-3.936204,17,366.144914
-4.36099,17,366.200113
-4.448874,17,366.255946
-4.963695,17,366.311321
-4.457011,17,366.36741
-4.33597,17,366.423302
-4.342025,17,366.478675
-4.2549,17,366.534025
-4.33131,17,366.589644
-4.090963,17,366.645346
-4.220624,17,366.701757
-4.861497,17,366.757295
-4.340667,17,366.813576
-4.00928,17,366.86976
-5.316663,18,366.929181
-4.138691,17,366.985174
-4.645599,17,367.041351
-4.766278,17,367.097308
-4.45526,17,367.153642
-4.240693,17,367.209334
-4.306589,17,367.264887
-4.34758,17,367.320399
-4.145973,17,368.118763
-4.424476,17,368.171555
-4.380924,17,368.224754
-4.231283,17,368.277153
-4.491949,17,368.330271
-4.162117,17,368.382958
-4.50008,17,368.435712
-4.579789,17,368.905457
-4.636135,17,368.958759
-4.441932,17,369.011953
-4.406215,17,369.065115
-4.356997,17,369.118256
-4.406002,17,369.171613
-4.56095,17,369.224327
-4.324748,17,369.277895
-4.390691,17,369.330266
-4.085192,17,369.383273
-4.362744,17,369.435945
-4.288903,17,369.489098
-4.217494,17,369.541819
-4.198903,17,369.59541
-4.330675,17,369.648318
-4.665728,17,369.701124
-4.423968,17,369.75351
-4.355079,17,369.806388
-4.308611,17,369.858876
-4.354412,17,369.911506
-4.337936,17,369.964468
-4.488925,17,370.017372
-4.30764,17,370.069999
-4.19707,17,370.122395
-4.535582,17,370.175632
-4.452484,17,370.228103
-4.477068,17,370.280477
-4.218556,17,370.33275
-4.561439,17,370.385741
-4.329429,17,370.438153
-4.469359,17,370.490592
-4.473124,17,370.543015
-4.437795,17,370.596353
-4.385298,17,370.649103
-4.244826,17,370.701761
-4.321079,17,370.754256
-4.166812,17,370.807104
-4.601023,17,371.173765
-4.16358,17,371.227256
-4.70221,17,371.279865
-4.651416,17,371.332085
-4.620778,17,371.384909
-4.435023,17,371.437509
-4.37066,17,371.489867
-4.323219,17,371.542222
-4.370229,17,371.595472
-4.207752,17,371.648384
-4.629163,17,371.700742
-4.762227,17,371.752993
-4.332505,17,371.806165
-4.16165,17,371.858619
-4.429197,17,371.911191
-4.09237,17,371.963733
-4.488142,17,372.944986
-4.222877,17,372.99819
-4.493056,17,373.051617
-4.418837,17,373.104367
-4.066307,17,373.15716
-4.141016,17,373.210272
-4.453044,17,373.264211
-4.633474,17,373.317493
-4.417727,17,373.370296
-4.635399,17,373.423144
-4.372867,17,373.476506
-4.111848,17,373.529454
-4.616023,17,373.582778
-4.408361,17,373.636083
-4.276291,17,373.689604
-4.566701,17,373.742606
-4.445543,17,373.795181
-4.214173,17,373.848314
-4.43725,17,373.901918
-3.979285,17,373.955395
-4.734689,17,374.00907
-4.364729,17,374.377871
-4.095875,17,374.430964
-4.402512,17,374.483526
-4.806536,17,374.536217
-4.210396,17,374.588481
-4.269273,17,374.641293
-4.326987,17,374.694258
-4.162621,17,374.7472
-4.131138,17,374.79942
-4.340536,17,374.852651
-4.200472,17,374.905246
-4.16529,17,374.961004
-4.623254,17,375.013594
-4.638211,17,375.066586
-4.25072,17,375.119007
-4.402387,17,375.17158
-4.196144,17,375.224741
-4.679251,17,375.277402
-4.465479,17,375.330335
-4.331774,17,375.383501
-5.238401,17,375.436831
-4.32631,17,375.489085
-4.427417,17,375.542196
-4.482972,17,375.594724
-4.33672,17,375.648349
-4.303672,17,375.701401
-4.476883,17,375.754153
-4.160166,17,375.807041
-4.151108,17,375.859937
-4.180703,17,375.912948
-4.553599,17,375.965366
-4.094266,17,376.018681
-4.581439,17,376.071413
-4.7413,17,376.124575
-4.381661,17,376.177274
-4.288073,17,376.229673
-4.430782,17,376.282137
-4.436229,17,376.650928
-4.362421,17,376.704033
-4.661859,17,377.629479
-4.279884,17,377.683464
-4.32331,17,377.736732
-4.309351,17,377.790249
-4.326072,17,377.843086
-4.752225,17,377.895601
-4.303862,17,377.948116
-4.209464,17,378.00119
-4.044264,17,378.053599
-4.386595,17,378.106464
-4.385146,17,378.159008
-4.465008,17,378.211578
-4.029945,17,378.263896
-4.30446,17,378.316595
-4.784372,17,378.36904
-4.35765,17,378.422084
-4.644543,17,378.475253
-4.602369,17,378.527656
-4.540184,17,378.57998
-4.412938,17,378.63299
-4.423947,17,378.685491
-4.11625,17,378.738039
-4.113188,17,378.790911
-4.346998,17,378.843734
-4.142656,17,378.896195
-4.070269,17,378.948991
-4.244597,17,379.001438
-4.276076,17,379.05396
-4.232496,17,379.10791
-4.350738,17,379.160746
-4.550623,17,379.213592
-4.474331,17,379.266124
-4.19449,17,379.319007
-4.277761,17,379.371803
-4.683127,17,379.737483
-4.367158,17,379.790841
-4.296072,17,379.843186
-4.31757,17,379.895668
-4.483177,17,379.954234
-4.281501,17,380.00798
-4.489177,17,380.06131
-4.634367,17,380.114002
-4.515279,17,380.167189
-4.450379,17,380.220704
-4.445786,17,380.273678
-4.449144,17,380.325908
-4.354121,17,380.378714
-4.325388,17,380.432083
-4.394238,17,380.484625
-4.153635,17,380.53707
-4.308625,17,380.590474
-4.138885,17,380.64352
-4.392393,17,380.695729
-4.121058,17,380.748167
-4.054456,17,380.801708
-4.169974,17,380.854827
-4.65818,17,380.907861
-4.396227,17,380.960939
-4.247661,17,381.014261
-4.264794,17,381.067408
-4.4631,17,381.775959
-4.93456,17,381.829951
-4.230478,17,381.882617
-4.275564,17,381.936081
-4.616235,17,381.989533
-4.282861,17,382.042501
-4.349725,17,382.095395
-4.30673,17,382.147849
-4.133878,17,382.20135
-4.566961,17,382.254404
-4.323498,17,382.307312
-4.246318,17,382.677583
-4.238702,17,382.730123
-4.289241,17,382.783065
-4.013797,17,382.835281
-4.373661,17,382.888198
-4.356383,17,382.940651
-4.334454,17,382.993337
-4.606017,17,383.0462
-4.380203,17,383.098629
-4.300225,17,383.151807
-4.484187,17,383.205238
-4.384611,17,383.258946
-4.556789,17,383.312042
-4.27371,17,383.36489
-4.254468,17,383.417213
-4.294151,17,383.470142
-4.390855,17,383.523347
-4.698694,17,383.576295
-4.52182,17,383.628582
-4.342846,17,383.681114
-4.466297,17,383.734738
-4.32538,17,383.787511
-4.356605,17,383.840567
-4.050839,17,383.893526
-4.827797,17,383.946457
-4.757644,17,383.998822
-3.73339,17,384.051755
-4.403638,17,384.104547
-4.225729,17,384.157032
-4.26703,17,384.209365
-4.220956,17,384.262157
-4.408348,17,384.314639
-4.517501,17,384.366912
-4.40241,17,384.419387
-4.290821,17,384.472289
-4.470106,17,384.525602
-4.360528,17,384.578144
-4.387268,17,384.947257
-4.303501,17,384.999892
-4.385792,17,385.052895
-4.305177,17,385.106103
-4.418426,17,385.158445
-4.438247,17,385.210932
-4.480907,17,385.263144
-4.374782,17,385.316371
-4.351813,17,385.368572
-4.363792,17,385.420911
-4.163787,17,385.473277
-4.665353,17,385.526085
-4.325655,17,385.578226
-4.369388,17,386.325278
-4.106797,17,386.377586
-4.225707,17,386.429741
-4.36535,17,386.481716
-4.747296,17,386.535352
-4.45518,17,386.588045
-4.243718,17,386.640714
-4.353316,17,386.693178
-4.61316,17,386.74617
-4.507149,17,386.798653
-4.423149,17,386.850691
-4.461642,17,386.903245
-4.491121,17,386.955972
-4.201377,17,387.008121
-4.349432,17,387.060265
-4.685105,17,387.112963
-4.373572,17,387.1655
-4.337951,17,387.217946
-4.421329,17,387.27068
-4.433565,17,387.322832
-4.094351,17,387.375206
-4.412545,17,387.427695
-4.528427,17,387.480093
-4.378898,17,387.532269
-4.192616,17,387.899596
-4.508272,17,387.952837
-4.603235,17,388.005631
-4.289739,17,388.057823
-4.930964,17,388.110584
-4.654667,17,388.16353
-4.647737,17,388.216221
-4.332576,17,388.26841
-4.672356,17,388.321282
-4.135281,17,388.373668
-4.169375,17,388.425912
-4.276967,17,388.478039
-4.745634,17,388.530896
-4.451972,17,388.583343
-4.615007,17,388.635527
-5.043189,17,388.687842
-4.412745,17,388.740954
-5.8648,18,388.796959
-4.312001,17,388.849415
-4.439342,17,388.902176
-4.345808,17,388.955034
-4.231811,17,389.007462
-4.412946,17,389.060217
-4.293109,17,389.112682
-4.387806,17,389.165482
-4.322323,17,389.218318
-4.415219,17,389.270887
-3.840395,17,389.323326
-4.227352,17,389.375588
-4.388612,17,389.428702
-4.228186,17,389.480919
-4.537895,17,389.533048
-4.417765,17,389.585221
-4.183721,17,389.63811
-4.187676,17,389.690359
-4.549869,17,389.742411
-4.21934,17,390.972538
-3.795255,17,391.025434
-4.997283,17,391.077768
-4.34522,17,391.130585
-4.307063,17,391.184667
-4.818742,17,391.237454
-4.71076,17,391.289982
-4.561569,17,391.342357
-4.124371,17,391.395314
-4.111835,17,391.447677
-4.243196,17,391.500434
-4.486246,17,391.554329
-4.415647,17,391.608691
-4.171916,17,391.661852
-4.610918,17,391.714473
-4.624635,17,391.768137
-4.306013,17,391.820764
-4.388517,17,391.873015
-4.389331,17,391.926241
-5.182843,17,391.979225
-4.045755,17,392.031681
-4.139402,17,392.084473
-4.461853,17,392.137493
-4.344279,17,392.190109
-4.428182,17,392.242206
-4.266735,17,392.295142
-4.332247,17,392.348024
-4.141095,17,392.400276
-4.389678,17,392.452292
-4.625885,17,392.504969
-4.675754,17,392.557301
-4.107992,17,392.609522
-4.368027,17,392.662076
-4.707764,17,392.714391
-4.599441,17,392.766753
-3.991852,17,392.818961
-4.191422,17,392.871525
-4.286672,17,393.236787
-4.33864,17,393.289864
-4.315033,17,393.342471
-4.384222,17,393.394549
-4.281196,17,393.446632
-4.491753,17,393.499544
-4.161745,17,393.551738
-4.309401,17,393.603843
-4.106651,17,393.656406
-4.338688,17,393.709997
-4.235384,17,393.762604
-3.799756,17,393.815085
-4.292027,17,393.867652
-4.27059,17,393.920696
-4.617939,17,393.973436
-4.417616,17,394.025558
-4.261031,17,394.078319
-4.609688,17,394.131603
-3.930729,17,394.184691
-4.431931,17,394.23714
-4.296066,17,394.289802
-4.010399,17,394.343055
-4.291649,17,394.395574
-4.695605,17,395.08442
-4.423387,17,395.137368
-4.218131,17,395.189996
-4.43785,17,395.242195
-4.466905,17,395.29507
-4.197202,17,395.347804
-4.41162,17,395.400385
-4.519511,17,395.453216
-4.671566,17,395.506444
-4.692701,17,395.559106
-4.208221,17,395.612201
-4.398746,17,395.667518
-4.626763,17,395.722269
-4.286535,17,395.77543
-4.371648,17,396.145624
-5.501324,17,396.19905
-3.982175,17,396.252533
-4.046203,17,396.306372
-4.032261,17,396.359382
-4.31279,17,396.412411
-4.315256,17,396.465482
-3.801375,17,396.518461
-4.351931,17,396.572216
-4.366043,17,396.624686
-4.518175,17,396.677316
-4.521876,17,396.729938
-4.410498,17,396.783108
-4.255959,17,396.83653
-4.093437,17,396.889153
-4.310457,17,396.942415
-4.376286,17,396.995568
-4.288605,17,397.047979
-4.291035,17,397.100273
-4.533008,17,397.153824
-4.50186,17,397.207342
-4.132062,17,397.260667
-4.477968,17,397.313308
-4.314776,17,397.366668
-4.86447,17,397.419016
-4.050891,17,397.472097
-4.255143,17,397.524395
-3.881857,17,397.577781
-4.405585,17,397.630933
-4.415101,17,397.684075
-4.28715,17,397.736358
-4.381121,17,397.789427
-4.320498,17,397.841879
-4.567223,17,397.894262
-4.460165,17,397.946744
-4.667575,17,397.999867
-4.30608,17,398.052175
-4.179678,17,398.437844
-4.085533,17,398.490177
-4.457512,17,398.54333
-4.399223,17,398.595968
-4.459457,17,398.650178
-4.190917,17,398.705893
-4.264019,17,398.761045
-4.253255,17,398.816531
-5.145147,17,398.871962
-4.138136,17,399.662928
-4.431692,17,399.71928
-4.279622,17,399.774825
-4.193706,17,399.830014
-4.402974,17,399.885272
-4.200578,17,399.941522
-4.444238,17,399.997136
-4.497265,17,400.053587
-4.137027,17,400.1081
-4.689923,17,400.161786
-4.30365,17,400.214669
-4.718322,17,400.268538
-4.325619,17,400.32141
-4.304057,17,400.373752
-4.284694,17,400.427159
-4.058436,17,400.479868
-4.302434,17,400.533055
-4.201839,17,400.59194
-4.807558,17,400.644496
-4.480816,17,400.696756
-4.029099,17,400.750522
-4.271502,17,400.803582
-5.274145,17,400.856032
-4.268861,17,400.908081
-3.969921,17,400.961036
-4.271992,17,401.014145
-4.51296,17,401.066909
-4.654389,17,401.435411
-4.732507,17,401.48899
-4.215134,17,401.541424
-4.59713,17,401.593908
-4.29966,17,401.648064
-4.16487,17,401.700842
-4.250605,17,401.754066
-4.536153,17,401.807133
-4.250145,17,401.859991
-4.654993,17,401.912435
-4.382256,17,401.964891
-4.445008,17,402.017799
-4.025007,17,402.070214
-4.210608,17,402.122638
-4.62034,17,402.175041
-4.187387,17,402.228118
-4.178818,17,402.280761
-4.08755,17,402.333028
-4.153992,17,402.385292
-4.055209,17,402.438452
-4.255875,17,402.491159
-4.450876,17,402.543694
-4.273108,17,402.596191
-4.262726,17,402.64924
-4.348069,17,402.701751
-4.612985,17,402.754272
-4.704373,17,402.807421
-4.266938,17,402.8605
-4.231583,17,402.913054
-4.351678,17,402.965611
-4.78672,17,403.018008
-4.471595,17,403.070898
-4.620296,17,403.123364
-4.324888,17,403.176129
-4.505654,17,403.869718
-4.307898,17,403.92257
-4.003516,17,403.975162
-4.641593,17,404.344391
-4.012671,17,404.397502
-4.356552,17,404.450978
-4.168229,17,404.504933
-4.253872,17,404.557746
-4.118601,17,404.610461
-4.383056,17,404.663606
-4.412842,17,404.716536
-4.245324,17,404.769421
-3.990806,17,404.822536
-4.410663,17,404.876022
-4.379668,17,404.929147
-4.382458,17,404.981982
-4.329431,17,405.035532
-4.238859,17,405.088221
-4.586025,17,405.140435
-4.582137,17,405.193584
-4.214701,17,405.246643
-4.209076,17,405.299078
-3.904416,17,405.351474
-4.705268,17,405.403706
-4.134477,17,405.456722
-4.461688,17,405.509419
-4.495597,17,405.562333
-3.825594,17,405.618676
-3.948102,17,405.671196
-4.305814,17,405.723375
-4.362346,17,405.776325
-4.049422,17,405.828676
-4.753731,17,405.880896
-4.400129,17,405.9332
-4.163473,17,405.986461
-4.321817,17,406.03893
-4.322204,17,406.091382
-4.274114,17,406.143941
-4.875838,17,406.196949
-4.084271,17,406.24936
-5.561203,17,406.616115
-4.337662,17,406.670132
-4.829592,17,406.725317
-3.900548,17,406.780085
-4.219847,17,406.834831
-4.105468,17,406.889903
-4.275159,17,406.945711
-4.537873,17,407.001124
-4.385717,17,407.056335
-5.005221,17,407.111685
-4.767396,17,407.167666
-4.441102,17,407.223213
-4.57213,17,407.279184
-4.330907,17,407.334466
-4.009705,17,407.39039
-4.35101,17,407.446113
-3.81094,17,407.501521
-4.918628,18,407.560491
-4.006664,17,407.616094
-4.514884,17,407.671533
-3.99524,17,408.437454
-4.467903,17,408.490366
-4.464003,17,408.543027
-4.176798,17,408.596156
-4.546362,17,408.648659
-4.040638,17,408.701237
-4.861448,17,408.753576
-4.262559,17,408.806405
-4.226009,17,408.859296
-4.309591,17,408.912069
-4.187449,17,408.965158
-4.264006,17,409.017954
-4.331741,17,409.070437
-5.184182,17,409.123276
-4.341218,17,409.175995
-4.090361,17,409.229049
-4.343206,17,409.281887
-4.022174,17,409.652267
-4.320208,17,409.704888
-4.383361,17,409.758606
-4.60242,17,409.81156
-4.442528,17,409.864354
-4.946285,17,409.916745
-4.87925,17,409.970063
-4.244494,17,410.022844
-4.185784,17,410.075354
-4.606382,17,410.127909
-3.967874,17,410.181172
-4.573076,17,410.233709
-4.384982,17,410.28592
-4.400689,17,410.338185
-4.586441,17,410.391608
-4.338855,17,410.444206
-4.622276,17,410.496697
-4.095397,17,410.549507
-4.114255,17,410.610336
-4.778909,17,410.66264
-4.400453,17,410.715035
-4.24955,17,410.768087
-4.244775,17,410.820806
-4.199955,17,410.873257
-4.222325,17,410.925765
-4.028481,17,410.979455
-4.724985,17,411.032517
-4.308396,17,411.08521
-4.153324,17,411.137569
-4.568187,17,411.190819
-4.6154,17,411.2436
-4.045023,17,411.296063
-4.462731,17,411.348441
-4.184925,17,411.401589
-4.321816,17,411.454318
-4.629158,17,411.507074
-4.241415,17,411.980008
-3.860816,17,412.033627
-4.5638,17,412.08653
-4.164689,17,412.139606
-4.163387,17,412.193278
-4.316715,17,412.246176
-4.36505,17,412.298635
-4.258963,17,413.018893
-4.318087,17,413.073203
-4.174985,17,413.128119
-4.404384,17,413.183102
-4.023076,17,413.239008
-5.174977,17,413.294668
-3.777095,17,413.350345
-4.45954,17,413.406115
-4.187258,17,413.461806
-4.283248,17,413.516802
-4.200399,17,413.572221
-5.041828,17,413.628273
-4.302878,17,413.683743
-4.571848,17,413.739272
-4.485703,17,413.794743
-4.303146,17,413.851359
-4.218643,17,413.907272
-4.118351,17,413.965186
-4.482704,17,414.027266
-4.301583,17,414.090279
-4.197433,17,414.152746
-4.721831,17,414.215507
-4.438451,17,414.278432
-5.044202,17,414.341566
-4.373189,17,414.404786
-4.448941,17,414.468155
-4.225423,17,414.532004
-4.322637,17,414.595767
-4.466617,17,414.658231
-4.348638,17,414.720181
-4.191995,17,415.123847
-4.307019,17,415.182201
-3.931937,17,415.24051
-4.311292,17,415.299061
-4.125773,17,415.357148
-4.15147,17,415.415249
-4.146422,17,415.473873
-4.152141,17,415.532171
-4.247909,17,415.5959
-3.998599,17,415.653467
-4.324448,17,415.711357
-4.240829,17,415.768875
-5.379062,17,415.826582
-4.406817,17,415.884149
-5.261936,17,415.941875
-4.279416,17,416.000088
-4.118626,17,416.058526
-4.099086,17,416.118819
-4.675203,17,416.177341
-4.170002,17,416.234841
-4.686668,17,416.293766
-4.373678,17,416.35349
-4.359107,17,416.412642
-4.422407,17,416.471952
-4.417166,17,416.531807
-4.576575,17,416.591242
-4.805607,17,416.652064
-4.421957,17,416.712659
-4.505117,17,416.7731
-4.404813,17,416.832967
-4.173967,17,417.744517
-4.705424,17,417.800699
-4.136555,17,417.856568
-4.659964,17,417.912508
-5.349164,17,417.967911
-4.165829,17,418.024308
-4.340744,17,418.080302
-4.348972,17,418.471662
-4.343384,17,418.528656
-4.268903,17,418.585732
-4.298243,17,418.642657
-4.37356,17,418.700183
-4.717462,17,418.757904
-4.26384,17,418.815627
-4.290699,17,418.872893
-4.763216,17,418.929504
-4.615824,17,418.986933
-4.746765,17,419.04387
-4.261474,17,419.100539
-4.571549,17,419.15774
-4.419304,17,419.214606
-4.968002,17,419.272129
-4.359819,17,419.328734
-4.349895,17,419.38528
-4.189969,17,419.441607
-4.24789,17,419.49788
-4.461933,17,419.554071
-4.18739,17,419.610602
-4.247687,17,419.667533
-4.709426,17,419.723746
-4.803579,17,419.77982
-4.309425,17,419.836081
-4.184191,17,419.893229
-4.339553,17,419.950268
-4.077934,17,420.008659
-4.317892,17,420.065374
-4.670999,17,420.122083
-4.222001,17,420.178517
-4.445371,17,420.235773
-4.267553,17,420.292787
-4.699598,17,420.350627
-4.462043,17,420.412181
-4.0879,17,420.472797
-3.961672,17,420.533938
-4.498718,17,420.951337
-4.489342,17,421.011421
-4.402448,17,421.068715
-3.909326,17,421.125727
-4.100163,17,421.182244
-4.394625,17,421.239728
-4.39223,17,421.297556
-4.227773,17,421.354787
-4.679124,17,421.411558
-4.347055,17,421.467768
-4.615835,17,421.523999
-4.001853,17,421.580356
-4.262588,17,421.637013
-4.378379,17,421.69447
-4.031767,17,421.75126
-4.394886,17,421.80821
-4.291072,17,422.628167
-4.200019,17,422.688001
-4.698798,17,422.748961
-4.50187,17,422.809586
-4.01654,17,422.869973
-4.415379,17,422.930373
-4.399853,17,422.990728
-4.403044,17,423.051806
-4.315969,17,423.112139
-4.09657,17,423.173029
-4.311587,17,423.233647
-4.200228,17,423.293623
-4.64327,17,423.354307
-4.319241,17,423.413975
-4.23561,17,423.47511
-4.612279,17,423.535457
-4.094556,17,423.595685
-4.340842,17,423.655515
-4.55045,17,423.714298
-4.587254,17,423.769901
-4.200415,17,424.153307
-4.388469,17,424.208847
-4.31224,17,424.264292
-4.559631,17,424.320416
-4.652262,17,424.376108
-4.346485,17,424.431409
-4.326549,17,424.487667
-4.27301,17,424.543471
-4.386758,17,424.599667
-4.43652,17,424.655817
-5.637288,17,424.713336
-4.296835,17,424.770351
-4.569384,17,424.827292
-4.478965,17,424.884873
-4.318086,17,424.941598
-4.053393,17,424.997926
-4.137662,17,425.0551
-4.433168,17,425.111669
-4.418306,17,425.168256
-4.247169,17,425.224637
-4.048797,17,425.281204
-4.433744,17,425.337745
-4.176485,17,425.39483
-4.329424,17,425.451906
-4.224543,17,425.508489
-4.376957,17,425.564972
-4.956233,17,425.621676
-4.187817,17,425.678339
-4.088024,17,425.735987
-3.904431,17,425.793705
-4.233862,17,425.85086
-4.112328,17,425.909457
-4.269605,17,425.966939
-4.343864,17,426.024148
-4.306604,17,426.081119
-4.165522,17,426.137771
-4.140914,17,426.194831
-4.189438,17,426.583718
-4.346878,17,426.641113
-4.917827,17,426.697608
-4.372295,17,426.755237
-4.383362,17,427.669173
-4.238428,17,427.724983
-4.353975,17,427.780324
-4.485448,17,427.835997
-4.324444,17,427.89198
-4.285444,17,427.947637
-4.057189,17,428.003258
-4.312139,17,428.058262
-4.294236,17,428.113535
-4.320899,17,428.168109
-4.196381,17,428.223511
-4.641176,17,428.278983
-4.109649,17,428.333952
-4.208335,17,428.389253
-4.7472,17,428.444942
-4.604754,17,428.500876
-4.331754,17,428.556745
-4.412685,17,428.612029
-4.687102,17,428.666874
-4.495761,17,428.722233
-4.191472,17,428.778422
-4.255338,17,428.833787
-4.69694,17,428.888563
-4.184623,17,428.943177
-4.116013,17,428.997838
-4.308602,17,429.052908
-4.177451,17,429.107232
-4.34921,17,429.161509
-4.307278,17,429.217192
-4.798011,17,429.273966
-4.432406,17,429.32977
-4.190621,17,429.386231
-4.327319,17,429.442358
-4.197746,17,429.833272
-4.161027,17,429.891239
-4.382762,17,429.948873
-4.509849,17,430.005635
-4.196741,17,430.062912
-4.760427,17,430.120274
-4.163017,17,430.176739
-4.364883,17,430.233225
-4.329073,17,430.290044
-4.151269,17,430.346933
-4.322573,17,430.403821
-4.43468,17,430.460389
-4.197613,17,430.5175
-4.671381,17,430.574099
-3.810647,17,430.638827
-4.183164,17,430.694908
-3.946851,17,430.750964
-3.968204,17,430.806226
-4.068715,17,430.862005
-4.216626,17,430.918407
-4.365318,17,430.978023
-4.192318,17,431.034734
-4.267022,17,431.091872
-4.328718,17,431.147939
-4.141683,17,431.204069
-3.996793,17,431.260582
-4.481798,17,431.316954
-4.147425,17,432.062404
-4.160123,17,432.121447
-4.577493,17,432.177376
-4.113476,17,432.231834
-4.24883,17,432.286929
-4.522862,17,432.342768
-4.392379,17,432.399323
-4.205105,17,432.454916
-4.311266,17,432.511321
-4.013797,17,432.567235
-4.378897,17,432.950565
-4.156632,17,433.009109
-4.297321,17,433.068902
-4.008908,17,433.128788
-4.908592,17,433.189395
-5.239682,17,433.250535
-4.278302,17,433.311245
-4.280903,17,433.372519
-4.396713,17,433.435138
-4.167623,17,433.496024
-4.298637,17,433.555434
-4.227508,17,433.614776
-3.976845,17,433.674666
-4.313797,17,433.733658
-4.394079,17,433.792759
-4.232253,17,433.851957
-4.636692,17,433.911485
-4.17292,17,433.970743
-3.985382,17,434.02994
-4.465134,17,434.089219
-4.240547,17,434.148307
-4.334767,17,434.207903
-4.392419,17,434.267944
-4.459398,17,434.328815
-4.582385,17,434.389881
-4.193935,17,434.449981
-4.557271,17,434.509761
-4.25967,17,434.569632
-4.267766,17,434.631117
-4.674273,17,434.692088
-4.33004,17,434.753715
-8.311286,18,434.818281
-4.22975,17,434.879773
-4.275545,17,434.940122
-4.363372,17,435.001255
-4.370278,17,435.062926
-4.108684,17,435.596261
-4.21939,17,435.663616
-4.554804,17,435.724533
-4.229558,17,435.785211
-4.089746,17,435.845554
-4.199674,17,435.906886
-4.186322,17,435.967704
-4.290833,17,436.028259
-4.727507,17,436.088583
-4.346626,17,436.148333
-4.119284,17,436.208408
-4.34385,17,436.268808
-4.635187,17,436.329946
-4.252186,17,436.391444
-4.211985,17,437.290629
-4.292493,17,437.351879
-4.331935,17,437.415758
-4.140328,17,437.475204
-4.397272,17,437.535821
-4.811079,17,437.596581
-4.244377,17,437.656888
-4.392359,17,437.717081
-4.751852,17,437.778144
-4.6875,17,437.838903
-4.022293,17,437.900523
-4.228057,17,437.962077
-4.225739,17,438.023063
-4.434628,17,438.084405
-4.252315,17,438.144966
-4.341133,17,438.20529
-4.373329,17,438.265996
-4.687974,17,438.326325
-4.391613,17,438.387183
-4.455426,17,438.442715
-4.464506,17,438.500407
-4.226153,17,438.557592
-4.042064,17,438.615205
-4.757523,17,439.021052
-4.164627,17,439.078787
-4.266734,17,439.137686
-4.198021,17,439.19711
-3.795767,17,439.255859
-3.976577,17,439.314292
-4.3438,17,439.372649
-4.400997,17,439.431463
-4.228671,17,439.490861
-4.323968,17,439.548886
-4.89788,17,439.607341
-4.123563,17,439.665848
-4.966639,17,439.724222
-4.197874,17,439.782773
-4.193171,17,439.841404
-4.178122,17,439.900419
-4.215059,17,439.960884
-4.470166,17,440.020127
-4.3346,17,440.077897
-4.477491,17,440.13612
-4.163866,17,440.193941
-4.100005,17,440.252406
-4.480205,17,440.31122
-4.675829,17,440.36973
-4.061839,17,440.42856
-3.8227,17,440.487345
-4.224257,17,440.545576
-4.495811,17,440.603739
-5.235567,17,440.668174
-4.104646,17,440.726886
-4.273959,17,440.784756
-4.297642,17,440.842542
-4.398082,17,440.900382
-4.092002,17,440.959126
-4.55012,17,441.017821
-4.433709,17,441.076333
-4.324604,17,441.134583
-4.261354,17,442.254712
-4.075411,17,442.31387
-4.553475,17,442.383996
-4.409154,17,442.449749
-4.261437,17,442.506576
-4.59025,17,442.563811
-4.360433,17,442.626741
-4.400725,17,442.687593
-4.179797,17,442.746931
-4.199806,17,442.806538
-4.192699,17,442.866148
-4.164915,17,442.925541
-4.403013,17,442.984743
-4.184395,17,443.043479
-4.234261,17,443.101999
-4.431953,17,443.160426
-4.123596,17,443.21942
-4.502674,17,443.278549
-4.396935,17,443.337577
-4.468864,17,443.39635
-4.10152,17,443.454881
-4.418182,17,443.514147
-4.032795,17,443.573268
-4.061382,17,443.632429
-4.600594,17,443.692406
-4.364209,17,443.752175
-4.705091,17,443.811688
-4.130436,17,443.870725
-4.166192,17,443.930897
-4.277555,17,443.991556
-4.038336,17,444.051668
-4.419703,17,444.111918
-4.347057,17,444.171675
-4.000087,17,444.230942
-4.211776,17,444.289922
-4.062821,17,444.348419
-4.163803,17,444.406903
-4.561238,17,444.8096
-4.170246,17,444.868843
-4.332606,17,444.927644
-4.183268,17,444.986578
-4.014239,17,445.045163
-4.300451,17,445.103771
-4.618268,17,445.161908
-4.291249,17,445.219789
-4.000375,17,445.278899
-4.517278,17,445.338225
-4.282039,17,445.397387
-4.533819,17,445.456128
-4.664828,17,445.515289
-4.258258,17,445.574151
-4.22825,17,445.633191
-4.44964,17,445.695266
-4.183869,17,445.75422
-4.388067,17,445.812881
-4.382926,17,445.871516
-4.363856,17,445.930462
-4.023473,17,445.989502
-4.270252,17,446.048298
-4.793629,17,446.107094
-4.228899,17,446.16598
-4.414083,17,447.055678
-4.07911,17,447.11408
-4.127242,17,447.173929
-4.064906,17,447.228534
-4.513184,17,447.282978
-4.374211,17,447.337283
-4.565392,17,447.392046
-4.295079,17,447.447746
-4.272998,17,447.509717
-4.601616,17,447.569221
-4.676563,17,447.628789
-4.159411,17,447.688246
-4.549053,17,447.759543
-4.613764,17,448.153122
-4.477223,17,448.214176
-4.185155,17,448.269524
-4.164771,17,448.32423
-4.404336,17,448.379286
-4.177349,17,448.434249
-4.179266,17,448.489351
-4.095442,17,448.543435
-4.004632,17,448.597881
-4.37771,17,448.651816
-4.577372,17,448.70714
-4.435856,17,448.762239
-4.175986,17,448.816324
-4.354176,17,448.87155
-4.166008,17,448.927019
-4.159064,17,448.982112
-4.510881,17,449.037038
-4.190155,17,449.092508
-4.653244,17,449.148551
-4.028691,17,449.203993
-4.255213,17,449.259135
-3.991552,17,449.314813
-4.282102,17,449.370535
-4.065907,17,449.425011
-4.2433,17,449.481269
-4.186929,17,449.537027
-3.578547,17,449.59155
-4.611443,17,449.647425
-4.451313,17,449.703796
-4.262134,17,449.760264
-4.245218,17,449.81591
-4.426226,17,449.872034
-4.122572,17,449.927915
-4.255798,17,449.986421
-4.190507,17,450.04533
-4.625642,17,450.100912
-4.019883,17,450.484973
-3.888831,17,450.541451
-4.775915,17,450.5986
-4.253843,17,450.662028
-4.395977,17,450.717012
-3.926675,17,450.772643
-4.380139,17,450.831825
-4.091652,17,450.891757
-4.244234,17,450.952179
-4.11408,17,451.009887
-4.441955,17,451.06524
-4.560815,17,451.954682
-4.439335,17,452.009601
-4.048275,17,452.066215
-4.560318,17,452.122166
-4.394183,17,452.177507
-4.236275,17,452.233246
-4.427902,17,452.289232
-4.226047,17,452.345226
-4.707566,17,452.400988
-4.366588,17,452.456795
-4.403178,17,452.512268
-4.001756,17,452.567676
-4.237902,17,452.622901
-4.329332,17,452.677943
-4.382034,17,452.732713
-4.10838,17,452.787467
-4.623677,17,452.842135
-4.343456,17,452.898128
-4.160049,17,452.954567
-4.309837,17,453.009036
-4.667359,17,453.063825
-4.00436,17,453.118659
-4.06603,17,453.173417
-3.89946,17,453.229107
-4.140775,17,453.284254
-4.190107,17,453.339403
-4.245353,17,453.723992
-4.586845,17,453.780306
-4.278231,17,453.836484
-4.476509,17,453.892064
-4.243146,17,453.951625
-4.6799,17,454.009056
-4.14609,17,454.064493
-4.474821,17,454.119946
-4.132483,17,454.176886
-4.316242,17,454.23577
-4.166915,17,454.29356
-3.968972,17,454.350463
-4.641368,17,454.408068
-4.471717,17,454.465031
-4.230581,17,454.523016
-4.52523,17,454.579874
-4.261708,17,454.636716
-4.482282,17,454.693588
-4.39956,17,454.750294
-4.043004,17,454.806712
-4.355071,17,454.862378
-4.152298,17,454.918976
-4.36173,17,454.975139
-4.370699,17,455.030875
-4.200366,17,455.086053
-4.137354,17,455.141144
-4.410069,17,455.196272
-4.351712,17,455.253702
-4.227796,17,455.311592
-4.522299,17,455.369494
-4.285766,17,455.427614
-4.71802,17,455.483875
-4.303354,17,455.546086
-5.508708,17,455.605994
-4.291732,17,456.433984
-4.177748,17,456.490421
-4.126333,17,456.543884
-4.909437,17,456.93661
-4.357444,17,456.991372
-4.350384,17,457.046469
-3.883556,17,457.104728
-4.397382,17,457.162988
-4.410983,17,457.22116
-4.097687,17,457.279695
-4.320434,17,457.339115
-4.547891,17,457.397177
-4.395827,17,457.455326
-4.34503,17,457.516337
-4.174113,17,457.575868
-4.283903,17,457.636159
-4.54982,17,457.699122
-4.38684,17,457.756521
-4.458551,17,457.812372
-5.042715,17,457.868055
-4.68861,17,457.929523
-4.332371,17,457.984226
-3.827718,17,458.039483
-4.271201,17,458.097216
-3.927562,17,458.155253
-4.380374,17,458.21457
-4.009406,17,458.273847
-4.420105,17,458.342733
-4.227435,17,458.401465
-4.234217,17,458.460747
-4.532829,17,458.518768
-4.143611,17,458.587637
-4.348743,17,458.652164
-4.211971,17,458.716825
-4.332474,17,458.781218
-3.705256,17,458.841021
-4.38863,17,458.900927
-4.568903,17,458.960086
-4.284229,17,459.019171
-4.518427,17,459.07791
-4.347112,17,459.609915
-4.29234,17,459.669862
-4.105301,17,459.728773
-4.564541,17,459.788662
-4.212945,17,459.847811
-4.277035,17,459.906947
-4.114633,17,459.96571
-4.196492,17,460.024228
-4.279499,17,460.084121
-4.683076,17,460.144479
-4.302218,17,460.204635
-4.276582,17,460.264858
-4.280426,17,460.32443
-4.275953,17,460.384559
-4.264187,17,460.445191
-4.17819,17,460.504239
-4.631302,17,460.562582
-4.173606,17,460.620789
-4.341937,17,460.679446
-4.356618,17,460.739625
-4.290248,17,461.581733
-4.630453,17,461.638853
-4.650284,17,461.695529
-3.790481,17,461.751984
-4.229466,17,461.807578
-4.305484,17,461.863741
-4.445694,17,461.919622
-4.326928,17,461.975657
-3.740858,17,462.031997
-3.98728,17,462.088869
-4.261307,17,462.144994
-4.405452,17,462.201081
-4.527308,17,462.257469
-4.26925,17,462.315628
-4.173661,17,462.375826
-4.422115,17,462.436584
-4.046079,17,462.831371
-4.294232,17,462.888451
-4.54693,17,462.946278
-4.240867,17,463.002416
-3.708817,17,463.061609
-4.331918,17,463.124436
-3.820338,17,463.186411
-4.40863,17,463.251477
-4.500204,17,463.313587
-4.103924,17,463.372527
-4.636841,17,463.430584
-4.196174,17,463.486744
-4.644734,17,463.54387
-4.211554,17,463.599416
-4.364181,17,463.655559
-4.463326,17,463.710644
-4.447738,17,463.767063
-4.227773,17,463.822398
-4.342845,17,463.878221
-4.31783,17,463.933921
-4.29782,17,463.990167
-4.069293,17,464.04688
-4.060857,17,464.103811
-4.181582,17,464.160832
-4.290852,17,464.218611
-4.267838,17,464.276034
-4.319828,17,464.334729
-3.933301,17,464.393446
-4.455281,17,464.450874
-4.1952,17,464.511641
-4.251991,17,464.56919
-3.992321,17,464.627615
-4.397756,17,464.683498
-4.444141,17,464.741717
-4.680601,17,464.799291
-4.305676,17,464.857081
-4.459792,17,464.915572
-4.677185,17,465.320596
-4.106316,17,465.376894
-4.332741,17,465.435004
-4.036962,17,465.492445
-4.21104,17,465.552194
-4.51978,17,465.609172
-4.922403,17,465.666763
-4.220038,17,465.72514
-4.608708,17,466.517946
-3.783928,17,466.578879
-4.40682,17,466.645106
-3.98494,17,466.704053
-4.405356,17,466.763003
-4.300945,17,466.822684
-4.266708,17,466.882729
-4.46442,17,466.941732
-4.013384,17,467.002337
-4.36748,17,467.063782
-4.343409,17,467.126598
-4.25821,17,467.18821
-4.214895,17,467.253247
-4.330948,17,467.317356
-4.128202,17,467.380827
-4.129028,17,467.440798
-4.124939,17,467.500942
-4.381511,17,467.560473
-4.215248,17,467.620392
-4.178216,17,467.68128
-4.433677,17,467.744061
-4.232981,17,467.808373
-4.273092,17,467.873866
-4.209008,17,467.937814
-4.199409,17,468.002896
-4.742607,17,468.068689
-4.314419,17,468.135614
-4.609705,17,468.203102
-4.087586,17,468.270498
-4.209418,17,468.701631
-4.191656,17,468.763839
-4.224433,17,468.825548
-4.20873,17,468.889497
-4.132846,17,468.961241
-4.278855,17,469.023239
-4.051558,17,469.086085
-3.713508,17,469.148806
-4.491196,17,469.208947
-4.648013,17,469.269672
-4.182302,17,469.335739
-4.208691,17,469.40103
-4.237373,17,469.466711
-4.236879,17,469.530447
-4.15385,17,469.592184
-4.321866,17,469.655664
-4.184327,17,469.71873
-4.343818,17,469.782913
-4.265004,17,469.848387
-4.374556,17,469.914866
-4.365941,17,469.978935
-4.284578,17,470.042848
-4.047129,17,470.104511
-4.075545,17,470.169042
-4.584714,17,470.235398
-4.143596,17,470.30286
-4.251542,17,470.366843
-5.885678,18,470.43487
-4.164173,17,470.500674
-4.275287,17,470.568178
-4.898353,17,470.635155
-4.243326,17,471.536006
-4.037824,17,471.593566
-4.337984,17,471.648921
-5.705143,17,471.707227
-4.337552,17,471.764277
-3.768051,17,471.820641
-4.146597,17,472.210739
-4.236349,17,472.267254
-4.127899,17,472.323906
-4.228749,17,472.382495
-4.564071,17,472.439388
-4.293872,17,472.49495
-4.091607,17,472.553098
-4.265489,17,472.609693
-4.244654,17,472.666386
-4.194893,17,472.722729
-4.37811,17,472.781096
-4.168087,17,472.838216
-3.810004,17,472.894632
-4.562203,17,472.950834
-3.929351,17,473.009674
-5.042866,17,473.071897
-4.339655,17,473.128174
-4.399871,17,473.184917
-4.166544,17,473.242686
-4.206565,17,473.298946
-4.115844,17,473.355645
-4.50857,17,473.414782
-4.604952,17,473.471098
-4.58325,17,473.52685
-4.291871,17,473.582817
-4.274457,17,473.640427
-4.284912,17,473.696727
-4.173747,17,473.752329
-4.115272,17,473.809793
-4.086607,17,473.867015
-4.431754,17,473.922227
-4.256195,17,473.977462
-4.439217,17,474.03543
-4.534784,17,474.091335
-4.633803,17,474.146814
-3.57675,17,474.203344
-4.361487,17,474.591546
-4.315449,17,474.654805
-4.20282,17,474.710782
-4.436135,17,474.767282
-4.142454,17,474.823461
-4.188648,17,474.882026
-4.448917,17,474.938071
-4.32325,17,474.994638
-4.090504,17,475.053874
-4.437028,17,475.116584
-4.572325,17,475.172965
-4.520083,17,475.229885
-4.420445,17,475.286406
-4.150064,17,475.344381
-4.384729,17,475.404699
-4.386861,17,475.464632
-4.956406,17,475.524626
-4.031327,17,475.583072
-4.68403,17,476.415621
-4.221129,17,476.483143
-4.234286,17,476.548385
-4.369682,17,476.606818
-4.115693,17,476.663435
-3.909202,17,476.722074
-4.286996,17,476.77997
-4.226034,17,476.840711
-3.966625,17,476.90416
-4.762156,17,476.961839
-4.664423,17,477.018806
-4.515547,17,477.074882
-4.311883,17,477.132581
-4.502882,17,477.191375
-4.491953,17,477.252999
-4.551078,17,477.313426
-4.471821,17,477.373079
-3.774128,17,477.429659
-4.501897,17,477.486232
-4.121491,17,477.883077
-4.057303,17,477.941682
-4.56426,17,477.995703
-4.104006,17,478.055512
-4.327438,17,478.124156
-4.262262,17,478.184036
-4.232149,17,478.239583
-4.335044,17,478.296512
-3.810151,17,478.357947
-4.024558,17,478.415367
-4.59014,17,478.473264
-4.218845,17,478.531625
-4.231534,17,478.592424
-4.217257,17,478.656947
-4.120439,17,478.724544
-4.096208,17,478.788894
-4.455254,17,478.848039
-3.967188,17,478.905591
-4.328942,17,478.962481
-4.163992,17,479.019027
-4.053871,17,479.075478
-4.356661,17,479.13242
-4.062901,17,479.189716
-3.917758,17,479.246105
-4.191317,17,479.302728
-4.224077,17,479.35941
-4.047804,17,479.415735
-4.228827,17,479.4714
-4.393056,17,479.527681
-4.149141,17,479.584124
-4.637532,17,479.640075
-4.011897,17,479.696512
-4.391847,17,479.752107
-4.391646,17,479.807626
-4.32461,17,479.863106
-4.603173,17,479.918587
-4.175067,17,479.974894
-4.295995,17,480.364734
-4.439757,17,480.421371
-4.360732,17,480.481735
-4.139494,17,480.541271
-4.392854,17,481.530251
-4.336139,17,481.585662
-4.32875,17,481.641347
-4.016221,17,481.696628
-4.225361,17,481.752395
-4.793654,17,481.807677
-4.253983,17,481.863254
-4.397923,17,481.918787
-4.309512,17,481.974766
-4.380548,17,482.029955
-4.614321,17,482.085575
-4.166129,17,482.141129
-4.206949,17,482.197056
-4.436771,17,482.25311
-4.337889,17,482.309018
-4.224378,17,482.36474
-4.015904,17,482.420804
-4.153082,17,482.476959
-4.227452,17,482.533134
-4.099282,17,482.589875
-4.40082,17,482.6468
-4.31565,17,482.703634
-4.003436,17,482.760911
-4.319822,17,482.817742
-4.129437,17,482.874067
-3.962596,17,482.931088
-4.293711,17,482.987544
-4.32925,17,483.044192
-4.284208,17,483.099518
-4.303098,17,483.158652
-4.209266,17,483.214879
-4.556638,17,483.270416
-4.27881,17,483.326041
-4.200355,17,483.827266
-4.691885,17,483.8832
-4.194144,17,483.938221
-4.180987,17,483.994152
-3.812304,17,484.051269
-4.174396,17,484.107269
-4.320507,17,484.163249
-3.9996,17,484.21948
-5.356586,18,484.27901
-4.207133,17,484.334803
-4.17621,17,484.3942
-3.956368,17,484.451156
-4.140109,17,484.509766
-4.340526,17,484.566435
-4.115825,17,484.622816
-4.182169,17,484.678903
-4.36438,17,484.735027
-4.19578,17,484.79145
-4.288313,17,484.84787
-4.316121,17,484.904742
-4.617431,17,484.960481
-4.098297,17,485.016491
-4.037613,17,485.071721
-4.209939,17,485.128096
-4.397933,17,485.183764
-4.389775,17,485.239404
-4.323464,17,485.296778
-3.943662,17,486.40246
-4.465697,17,486.458837
-4.300332,17,486.518459
-4.16665,17,486.577415
-3.989955,17,486.636406
-4.562453,17,486.694945
-4.315941,17,486.753548
-4.563597,17,486.812567
-4.514186,17,486.871247
-4.113134,17,487.296639
-4.101738,17,487.359803
-4.388099,17,487.420548
-4.208718,17,487.478281
-4.528201,17,487.534529
-4.277249,17,487.593474
-4.044164,17,487.650354
-4.107581,17,487.708335
-4.194003,17,487.765357
-4.070251,17,487.82234
-3.82148,17,487.879539
-4.279611,17,487.936989
-3.960937,17,487.994062
-4.319711,17,488.051378
-4.255095,17,488.109292
-4.161849,17,488.169276
-4.256001,17,488.230911
-4.21484,17,488.29312
-4.279285,17,488.353268
-4.287966,17,488.410769
-3.960602,17,488.466152
-4.074268,17,488.520397
-4.271025,17,488.574931
-4.590812,17,488.629482
-4.046485,17,488.684197
-4.401107,17,488.739083
-4.403758,17,488.793246
-4.112368,17,488.848043
-4.203534,17,488.902379
-4.092376,17,488.955953
-4.498364,17,489.009953
-4.036823,17,489.063921
-4.259834,17,489.117916
-4.009144,17,489.171731
-4.614416,17,489.22577
-4.159569,17,489.279437
-4.409137,17,489.333258
-4.099808,17,489.709226
-4.236634,17,489.763475
-5.157906,17,489.817969
-4.117396,17,489.872378
-4.00042,17,489.925827
-4.154738,17,489.97965
-4.314274,17,490.033265
-4.372295,17,490.087857
-4.125838,17,490.141689
-4.278602,17,490.195788
-4.364657,17,490.249599
-4.29873,17,490.303495
-4.298842,17,490.357773
-4.175457,17,490.411971
-4.12541,17,490.465835
-4.162659,17,491.248095
-4.097151,17,491.304929
-4.28957,17,491.363167
-4.280072,17,491.426302
-4.610115,17,491.489358
-4.049696,17,491.551288
-4.491812,17,491.611991
-3.997728,17,491.672189
-4.087434,17,491.735587
-4.136502,17,491.796616
-4.445572,17,491.855267
-4.471487,17,491.913785
-4.138739,17,491.971769
-4.258266,17,492.031123
-4.312087,17,492.088756
-5.044015,17,492.146172
-4.18341,17,492.203429
-4.382117,17,492.260294
-3.99357,17,492.317681
-4.292656,17,492.374455
-4.12575,17,492.432297
-4.525485,17,492.491443
-4.491765,17,492.891102
-4.013313,17,492.950276
-4.322447,17,493.00802
-4.061243,17,493.065762
-4.677017,17,493.123556
-4.177123,17,493.18094
-4.133194,17,493.238768
-4.338265,17,493.295959
-4.635187,17,493.353672
-4.138445,17,493.411559
-4.574957,17,493.469187
-4.489276,17,493.526032
-4.326398,17,493.582418
-4.233033,17,493.639032
-4.191605,17,493.696812
-4.13866,17,493.753996
-4.004257,17,493.810915
-3.988627,17,493.867264
-4.333787,17,493.923686
-4.465714,17,493.980513
-4.397461,17,494.037908
-4.14843,17,494.095118
-4.294899,17,494.152045
-5.018622,17,494.209429
-4.153942,17,494.266874
-4.092579,17,494.324934
-4.317228,17,494.38183
-4.195365,17,494.438542
-4.502468,17,494.495533
-4.090813,17,494.552313
-4.357789,17,494.608948
-4.557402,17,494.665833
-4.149775,17,494.722394
-4.43382,17,494.778711
-4.343227,17,494.834912
-4.379746,17,494.891429
-4.226649,17,494.94773
-4.371613,17,495.341299
-3.966306,17,496.258271
-4.511232,17,496.312934
-4.269074,17,496.370004
-4.491613,17,496.426908
-4.416646,17,496.483353
-4.197249,17,496.539523
-4.378964,17,496.595954
-4.233049,17,496.652319
-4.190503,17,496.708733
-4.377078,17,496.764804
-4.449913,17,496.820948
-4.292224,17,496.877213
-4.434449,17,496.933475
-4.227399,17,496.98969
-4.523008,17,497.046391
-4.420726,17,497.103973
-3.72575,17,497.160252
-4.057048,17,497.21651
-4.382023,17,497.272785
-4.116576,17,497.329066
-4.381197,17,497.385397
-4.175712,17,497.441496
-4.180953,17,497.498565
-3.861678,17,497.55707
-4.168633,17,497.616014
-4.277206,17,497.675146
-4.99703,17,497.733639
-4.225375,17,497.792353
-4.262606,17,497.851596
-4.29477,17,497.910182
-4.149702,17,497.967299
-4.255269,17,498.024778
-4.334228,17,498.081663
-4.121454,17,498.138846
-5.046122,17,498.195796
-4.138064,17,498.58696
-4.258346,17,498.645769
-3.939859,17,498.705241
-4.241173,17,498.764619
-4.099728,17,498.823243
-4.151813,17,498.88259
-4.53894,17,498.94169
-4.063183,17,499.00068
-4.122919,17,499.060011
-4.106629,17,499.119622
-4.384638,17,499.181122
-4.683914,17,499.235531
-4.390682,17,499.290146
-4.286324,17,499.345111
-4.251532,17,499.400003
-4.311696,17,499.454256
-4.031473,17,499.508128
-4.220612,17,499.563259
-4.031116,17,499.618953
-4.224755,17,499.674913
-5.788829,17,499.730152
-4.321943,17,499.785899
-4.210267,17,499.841797
-4.295618,17,499.89837
-3.960945,17,499.952989
-4.019949,17,500.792263
-4.360963,17,500.850071
-4.023875,17,500.909013
-4.109001,17,500.969287
-4.549156,17,501.026267
-4.359869,17,501.083436
-4.20005,17,501.139365
-4.348236,17,501.19681
-4.120691,17,501.258672
-4.400046,17,501.320236
-4.137611,17,501.380719
-4.387532,17,501.443146
-4.131059,17,501.86524
-4.319824,17,501.925276
-4.374193,17,501.984997
-4.44392,17,502.045516
-4.596426,17,502.104579
-4.295205,17,502.164772
-4.112365,17,502.225577
-4.22846,17,502.287729
-4.164434,17,502.350676
-4.129774,17,502.413525
-4.05343,17,502.476647
-4.265837,17,502.53693
-4.116212,17,502.599612
-4.051765,17,502.660968
-4.053435,17,502.72364
-3.963922,17,502.785633
-3.992764,17,502.846191
-4.103742,17,502.906122
-4.046368,17,502.965355
-4.055593,17,503.023371
-3.808575,17,503.082145
-3.984147,17,503.140347
-5.037965,17,503.199197
-4.266173,17,503.258903
-4.271157,17,503.31795
-4.218154,17,503.376272
-4.381881,17,503.43462
-4.33984,17,503.492586
-4.147858,17,503.550968
-4.372241,17,503.609092
-4.26971,17,503.667096
-4.307893,17,503.725802
-4.557057,17,503.784323
-4.360339,17,503.842477
-4.269963,17,503.900813
-4.241268,17,503.958901
-4.192303,17,504.018951
-4.334333,17,504.421637
-4.061372,17,504.479464
-4.097146,17,504.537419
-4.207494,17,504.595027
-4.507072,17,504.652806
-4.222872,17,504.710639
-4.245505,17,504.76835
-4.585845,17,504.825955
-4.533606,17,504.883443
-4.386333,17,504.94164
-4.254327,17,504.999439
-4.449598,17,505.952445
-4.196871,17,506.007969
-4.623761,17,506.065479
-4.487972,17,506.123087
-3.977266,17,506.18068
-4.252427,17,506.238185
-4.034644,17,506.295572
-4.443453,17,506.35302
-4.412725,17,506.4107
-4.052561,17,506.468621
-4.995644,17,506.526399
-4.196842,17,506.584377
-4.585479,17,506.641816
-4.167568,17,506.698927
-4.44556,17,506.7569
-4.343198,17,506.814272
-4.56398,17,506.871679
-4.112581,17,506.929481
-5.218239,17,506.98691
-4.168406,17,507.044214
-4.208758,17,507.102092
-4.749587,17,507.159554
-4.04329,17,507.217063
-4.303372,17,507.274355
-3.931031,17,507.332089
-4.121283,17,507.389226
-4.388353,17,507.916459
-4.203624,17,507.978785
-4.546302,17,508.039752
-4.195276,17,508.101499
-4.009153,17,508.162772
-4.299817,17,508.222951
-4.065324,17,508.282887
-4.227813,17,508.342947
-4.320972,17,508.403224
-4.436184,17,508.462696
-4.615291,17,508.52227
-4.326996,17,508.58169
-4.567467,17,508.641591
-4.535811,17,508.701423
-4.192562,17,508.765405
-4.172536,17,508.827129
-4.061738,17,508.886311
-4.391161,17,508.94638
-4.354857,17,509.005979
-4.293499,17,509.065765
-4.24693,17,509.124553
-3.98597,17,509.183305
-4.357885,17,509.240407
-4.359449,17,509.297389
-4.218553,17,509.354253
-4.332872,17,509.411035
-4.196325,17,509.467705
-4.187116,17,509.524918
-4.23203,17,509.585485
-4.883154,17,509.645503
-4.296319,17,509.704064
-4.423573,17,509.761495
-4.251447,17,509.821846
-3.816192,17,509.881521
-4.348599,17,509.94127
-4.385294,17,510.817647
-4.130872,17,511.185427
-4.212041,17,511.23958
-4.287069,17,511.29361
-4.232978,17,511.348118
-4.18354,17,511.401817
-3.746534,17,511.455305
-4.463821,17,511.508762
-4.546801,17,511.562532
-4.233473,17,511.616335
-4.198649,17,511.670187
-4.326062,17,511.724174
-4.471638,17,511.777416
-4.24453,17,511.831096
-4.45727,17,511.885181
-4.886132,17,511.938697
-4.132459,17,511.993414
-4.425116,17,512.046923
-4.201242,17,512.100246
-4.034579,17,512.153681
-4.345871,17,512.207318
-4.340697,17,512.260258
-4.072364,17,512.312804
-4.302045,17,512.365814
-4.912442,17,512.418851
-4.318103,17,512.471694
-4.2336,17,512.524416
-4.170328,17,512.577576
-4.767266,17,512.630208
-4.402736,17,512.683022
-4.080496,17,512.736304
-4.251497,17,512.788817
-4.337494,17,512.842098
-4.035311,17,512.895975
-4.139087,17,512.949041
-4.133814,17,513.001658
-4.464778,17,513.054588
-4.180079,17,513.107265
-4.463726,17,513.471935
-4.169296,17,513.524698
-4.505103,17,513.577348
-4.485421,17,513.630078
-4.471865,17,513.682931
-4.051961,17,513.735739
-4.270979,17,513.788193
-4.3711,17,513.840889
-4.081054,17,513.893358
-4.247303,17,513.94605
-4.152505,17,513.998627
-4.088786,17,514.051192
-4.32685,17,514.103531
-4.39756,17,514.155881
-4.205846,17,514.208588
-4.17836,17,514.260997
-3.956723,17,514.313536
-4.156681,17,514.365925
-4.275067,17,514.418608
-4.270623,17,514.471256
-4.383438,17,514.523831
-4.263181,17,514.576758
-4.32498,17,515.280515
-4.061688,17,515.334122
-4.203887,17,515.386703
-4.473424,17,515.439013
-4.319783,17,515.491633
-4.260569,17,515.544416
-4.176474,17,515.597199
-4.416573,17,515.649684
-4.684795,17,515.702576
-3.795303,17,515.755172
-4.385962,17,515.807657
-4.161131,17,515.860624
-3.799095,17,515.912993
-4.026909,17,515.96557
-4.609052,17,516.017943
-4.39746,17,516.385407
-4.171261,17,516.43913
-4.24493,17,516.492944
-4.432956,17,516.548071
-4.295445,17,516.603386
-4.565916,17,516.658811
-4.693695,17,516.715503
-4.108408,17,516.771239
-4.839571,17,516.826667
-4.327981,17,516.882385
-4.165679,17,516.937965
-4.33302,17,516.994097
-4.129664,17,517.050007
-4.263884,17,517.106028
-4.37044,17,517.161943
-4.392881,17,517.217714
-4.281292,17,517.273584
-4.177719,17,517.329592
-4.22901,17,517.385601
-4.339155,17,517.441523
-4.256228,17,517.497461
-4.243949,17,517.553396
-4.000845,17,517.609267
-4.222073,17,517.66518
-4.022666,17,517.721216
-4.229133,17,517.777407
-4.577352,17,517.833339
-4.234114,17,517.889136
-4.19515,17,517.944876
-4.012337,17,518.000862
-4.361903,17,518.056638
-4.336772,17,518.112281
-4.138144,17,518.168299
-4.463336,17,518.224119
-4.554614,17,518.27987
-4.262507,17,518.335812
-3.980967,17,518.39171
-4.234374,17,518.778272
-4.24083,17,518.83396
-4.866106,17,518.889726
-4.095969,17,518.945521
-4.706636,17,519.001338
-4.443083,17,519.057044
-4.492621,17,519.113016
-4.828064,17,519.168842
-4.202213,17,519.894077
-4.222755,17,519.947649
-4.192612,17,520.003009
-4.369118,17,520.055464
-4.444391,17,520.108095
-4.209009,17,520.160915
-4.231607,17,520.213561
-4.229331,17,520.266978
-4.263339,17,520.319607
-4.390328,17,520.372604
-4.43232,17,520.425663
-4.211207,17,520.478674
-4.336527,17,520.531442
-4.216352,17,520.584905
-4.259409,17,520.638084
-4.514269,17,520.690516
-4.375153,17,520.742674
-4.362658,17,520.795251
-4.363245,17,520.847655
-4.638545,17,520.900323
-4.033158,17,520.95273
-4.191728,17,521.004955
-4.167621,17,521.057134
-4.321421,17,521.109452
-4.363334,17,521.161524
-4.818921,17,521.213677
-4.3683,17,521.265715
-4.033523,17,521.317943
-4.18569,17,521.370018
-4.214298,17,521.73687
-4.236866,17,521.789193
-4.185809,17,521.841532
-4.122319,17,521.893977
-4.048409,17,521.946301
-4.122036,17,521.998492
-4.166679,17,522.050809
-4.470889,17,522.103065
-3.774518,17,522.15524
-4.040802,17,522.207342
-4.142181,17,522.259583
-4.238105,17,522.311932
-4.541212,17,522.36422
-3.945124,17,522.416454
-4.077532,17,522.469018
-4.229038,17,522.521387
-4.039814,17,522.573661
-4.29185,17,522.625826
-4.136296,17,522.678149
-4.200433,17,522.730391
-4.404437,17,522.782682
-4.194186,17,522.835296
-4.440072,17,522.887883
-4.279971,17,522.940513
-4.868761,17,522.993083
-4.314389,17,523.045628
-4.34861,17,523.098162
-3.999736,17,523.151113
-4.064702,17,523.203816
-4.167063,17,523.256223
-4.386703,17,523.309257
-4.206487,17,524.009829
-4.349566,17,524.063712
-4.611753,17,524.116536
-4.420288,17,524.169642
-4.11743,17,524.222557
-4.280883,17,524.586669
-4.301047,17,524.639112
-4.254308,17,524.691574
-4.38678,17,524.743758
-4.138598,17,524.796116
-4.163334,17,524.848296
-4.137604,17,524.900353
-4.721046,17,524.95246
-4.395588,17,525.004828
-4.381675,17,525.057223
-4.076266,17,525.10956
-4.049027,17,525.161999
-4.226131,17,525.214499
-4.376053,17,525.266997
-3.771061,17,525.319508
-4.217225,17,525.37235
-4.880605,17,525.424742
-4.21125,17,525.477101
-4.48552,17,525.529446
-4.047784,17,525.581851
-4.208723,17,525.634304
-4.531526,17,525.686677
-4.210481,17,525.73933
-4.225992,17,525.791746
-4.424887,17,525.844778
-3.808644,17,525.897813
-4.196828,17,525.950913
-4.271272,17,526.00412
-4.154519,17,526.057112
-4.560671,17,526.110253
-4.326375,17,526.163432
-4.406503,17,526.216454
-4.472611,17,526.26944
-4.51002,17,526.322583
-4.263514,17,526.375863
-4.335114,17,526.428828
-3.848259,17,526.481919
-4.266256,17,526.848119
-4.065281,17,526.901254
-4.652776,17,526.954488
-4.60538,17,527.007297
-4.436504,17,527.060459
-3.988577,17,527.113615
-4.276757,17,527.166715
-4.210494,17,527.219786
-4.042376,17,527.272776
-4.37351,17,527.325854
-4.281639,17,527.37925
-4.868916,17,527.4322
-4.139668,17,527.485358
-4.125184,17,527.538508
-4.256131,17,527.592028
-4.162558,17,527.645338
-4.328044,17,527.698678
-4.151855,17,527.751854
-4.434955,17,528.539699
-4.226828,17,528.593061
-3.73565,17,528.646189
-3.970675,17,528.698946
-4.684229,17,528.751985
-4.307509,17,528.804598
-4.471996,17,528.857529
-3.982684,17,528.910099
-4.30275,17,528.962518
-4.293009,17,529.014913
-4.401697,17,529.067304
-4.185524,17,529.119467
-4.080162,17,529.171983
-4.204112,17,529.224219
-4.374399,17,529.276319
-4.327836,17,529.328574
-4.385405,17,529.38086
-4.172104,17,529.433081
-4.444581,17,529.485264
-3.969983,17,529.956068
-4.073817,17,530.008413
-4.730596,17,530.060926
-4.81146,17,530.113341
-4.271536,17,530.165972
-4.124414,17,530.218453
-4.11014,17,530.270946
-4.170551,17,530.323288
-4.339585,17,530.37552
-4.641821,17,530.427932
-4.1942,17,530.480201
-4.438043,17,530.532174
-4.563462,17,530.584243
-4.265188,17,530.636935
-4.816028,17,530.691334
-4.413255,17,530.743906
-4.329699,17,530.796129
-4.432769,17,530.848605
-4.017371,17,530.901181
-4.22564,17,530.953708
-4.530162,17,531.005868
-4.011322,17,531.058444
-4.068624,17,531.11085
-4.328139,17,531.163646
-4.471618,17,531.215917
-4.059153,17,531.268341
-3.985612,17,531.320901
-4.413037,17,531.373214
-3.907421,17,531.425394
-4.338905,17,531.477679
-4.306573,17,531.53
-4.263209,17,531.582371
-4.226025,17,531.634582
-4.211152,17,531.687291
-4.365953,17,531.741594
-4.09886,17,531.793956
-4.378303,17,531.846311
-4.303443,17,532.212662
-4.280972,17,532.265095
-4.203214,17,532.317488
-4.157411,17,532.369991
-4.117587,17,532.422433
-4.304746,17,533.166592
-4.400727,17,533.222807
-4.609368,17,533.279071
-4.164932,17,533.335112
-4.45835,17,533.391235
-4.449021,17,533.447313
-4.354236,17,533.5031
-4.225561,17,533.559096
-4.050995,17,533.615108
-4.452113,17,533.67099
-4.229945,17,533.72709
-4.689243,17,533.782687
-4.551262,17,533.838537
-4.378058,17,533.894489
-4.416362,17,533.95029
-5.518822,18,534.009501
-4.355711,17,534.065257
-4.235226,17,534.121113
-4.369959,17,534.176857
-4.458821,17,534.232973
-4.235944,17,534.288754
-4.034917,17,534.344326
-4.303065,17,534.400234
-4.428049,17,534.456286
-3.927152,17,534.512556
-4.415569,17,534.568812
-4.680998,17,534.62516
-4.203059,17,534.681481
-4.31047,17,534.737981
-4.156493,17,534.795054
-4.358112,17,534.851717
-4.303218,17,535.243719
-4.28609,17,535.298275
-4.192941,17,535.353612
-4.181154,17,535.409353
-4.534834,17,535.465214
-4.279607,17,535.520762
-4.320361,17,535.576421
-4.035384,17,535.632163
-4.256429,17,535.687997
-4.462755,17,535.743642
-4.106652,17,535.799444
-3.989495,17,535.855056
-4.691552,17,535.910912
-4.432512,17,535.966623
-4.594531,17,536.023098
-4.381334,17,536.081459
-4.156583,17,536.140471
-4.394821,17,536.199085
-4.195405,17,536.257529
-4.307717,17,536.316319
-4.149148,17,536.375415
-4.381506,17,536.434235
-3.81886,17,536.490983
-4.203278,17,536.547704
-4.266143,17,536.60382
-4.065842,17,536.659962
-4.216106,17,536.716057
-4.17517,17,536.775838
-4.301539,17,536.831947
-4.201858,17,537.591911
-4.38848,17,537.646096
-4.378449,17,537.70029
-3.987883,17,537.754447
-4.178753,17,537.808769
-4.422638,17,537.863957
-4.109706,17,537.917736
-4.057757,17,537.970089
-4.099548,17,538.334013
-4.289391,17,538.388479
-4.293926,17,538.443574
-4.083844,17,538.499523
-4.353715,17,538.555094
-4.384122,17,538.610512
-4.071279,17,538.666121
-4.356219,17,538.721731
-4.253197,17,538.777251
-4.052539,17,538.832691
-4.223103,17,538.888265
-4.405061,17,538.943983
-4.30651,17,538.999365
-4.135517,17,539.054815
-3.771218,17,539.110407
-4.286411,17,539.166122
-4.356114,17,539.221645
-3.588069,17,539.27698
-4.299569,17,539.332581
-3.998499,17,539.388074
-3.81765,17,539.44355
-4.325353,17,539.498915
-3.823628,17,539.554644
-4.226299,17,539.610319
-4.270861,17,539.665928
-4.335331,17,539.721726
-4.525921,17,539.777565
-4.001768,17,539.833017
-4.231811,17,539.888601
-4.487807,17,539.944219
-4.252899,17,539.999745
-3.794055,17,540.055377
-4.237845,17,540.110759
-4.181803,17,540.166182
-4.340371,17,540.221891
-3.750502,17,540.277354
-4.032358,17,540.33296
-3.959296,17,540.717965
-4.167871,17,540.774009
-4.38804,17,540.829516
-4.166963,17,540.885043
-4.162536,17,540.940544
-4.173967,17,540.996055
-4.292976,17,541.051695
-4.210759,17,541.107327
-4.055438,17,541.162711
-4.274426,17,541.218438
-4.174699,17,541.273996
-4.140179,17,541.329559
-4.1519,17,541.385153
-4.352159,17,541.440831
-3.799561,17,541.496247
-4.143862,17,542.18385
-4.002993,17,542.237177
-4.236276,17,542.290805
-4.359471,17,542.343676
-4.124487,17,542.396494
-4.632576,17,542.449371
-4.328544,17,542.501977
-3.784396,17,542.554446
-4.335202,17,542.607155
-3.713681,17,542.659781
-4.235135,17,542.712304
-4.18139,17,542.765108
-4.706295,17,542.817616
-4.108237,17,542.870232
-4.025095,17,542.92261
-4.401678,17,542.975264
-4.549062,17,543.027926
-4.432835,17,543.080521
-4.190437,17,543.133099
-4.381831,17,543.185585
-4.108368,17,543.238087
-4.438548,17,543.290972
-4.048582,17,543.664185
-4.43993,17,543.719397
-4.12571,17,543.775387
-4.038127,17,543.830732
-4.37794,17,543.886992
-4.346033,17,543.940551
-4.010385,17,543.99308
-4.497176,17,544.0459
-4.323948,17,544.099267
-4.213876,17,544.152446
-4.330068,17,544.205511
-4.243577,17,544.260355
-3.977942,17,544.31473
-4.311062,17,544.370447
-4.032932,17,544.426206
-4.137179,17,544.482133
-4.270326,17,544.537506
-4.339832,17,544.593107
-4.27963,17,544.649295
-3.979609,17,544.705834
-4.221574,17,544.762038
-3.966053,17,544.818091
-4.437604,17,544.873691
-4.116334,17,544.929837
-4.063093,17,544.985822
-4.271221,17,545.042413
-4.30662,17,545.098749
-4.252531,17,545.154907
-4.21874,17,545.210664
-4.325116,17,545.266213
-4.276878,17,545.322049
-4.167075,17,545.377657
-4.414756,17,545.433124
-4.228831,17,545.488663
-4.326904,17,545.544545
-4.101419,17,545.600907
-4.064657,17,545.989592
-4.262086,17,546.045801
-4.365743,17,546.924999
-4.303396,17,546.979606
-4.046641,17,547.035857
-3.934598,17,547.092109
-4.27963,17,547.14821
-4.227562,17,547.204414
-4.036711,17,547.2608
-4.138797,17,547.316869
-4.199043,17,547.372601
-4.107771,17,547.428389
-4.169274,17,547.484162
-4.238707,17,547.540388
-4.455679,17,547.596265
-4.10295,17,547.652129
-4.259689,17,547.70807
-4.182223,17,547.764133
-4.312916,17,547.821108
-4.307904,17,547.878749
-4.265395,17,547.933656
-4.653148,17,547.990011
-4.012629,17,548.05089
-4.185068,17,548.106834
-4.20366,17,548.161464
-4.024757,17,548.216838
-4.32353,17,548.271773
-4.265111,17,548.326492
-4.121484,17,548.380139
-5.043953,17,548.432315
-3.905858,17,548.484608
-4.056613,17,548.537029
-4.189883,17,548.590504
-3.898868,17,548.646249
-4.247084,17,548.701183
-4.406798,17,548.756459
-4.296287,17,548.811208
-4.262772,17,549.191636
-4.534448,17,549.24596
-4.028506,17,549.299073
-4.383916,17,549.3517
-4.443478,17,549.404128
-4.588896,17,549.457173
-4.250312,17,549.510843
-3.986312,17,549.563933
-4.186372,17,549.616308
-3.812073,17,549.668948
-4.027601,17,549.721885
-4.045066,17,549.774228
-4.08513,17,549.826899
-4.119453,17,549.879567
-3.790363,17,549.933983
-4.408344,17,549.988185
-4.079236,17,550.044882
-4.167836,17,550.100852
-4.149047,17,550.15692
-4.260741,17,550.212761
-3.788098,17,550.268406
-4.163973,17,550.323947
-4.510448,17,550.379764
-4.114032,17,550.435193
-4.290855,17,550.490596
-4.143276,17,550.546937
-4.040768,17,551.344578
-4.273535,17,551.400359
-3.998958,17,551.45678
-4.144232,17,551.514745
-4.038599,17,551.574186
-4.07491,17,551.632998
-4.933925,17,551.691115
-4.248861,17,551.75405
-4.254306,17,551.81154
-4.312422,17,551.868747
-4.131815,17,551.925002
-4.263994,17,552.420324
-4.488213,17,552.478028
-4.204828,17,552.535175
-4.298607,17,552.594084
-4.258326,17,552.652511
-4.778826,17,552.711258
-4.072563,17,552.76945
-4.321071,17,552.826113
-4.031361,17,552.879548
-4.134564,17,552.933379
-4.267245,17,552.987334
-4.04134,17,553.041658
-4.302774,17,553.095687
-4.031761,17,553.149309
-4.069297,17,553.202817
-4.776605,17,553.256187
-4.668838,17,553.309981
-3.979282,17,553.363434
-3.747408,17,553.416252
-4.034318,17,553.468789
-4.601508,17,553.521399
-4.211723,17,553.574504
-4.759184,17,553.62719
-3.986673,17,553.680267
-4.520811,17,553.732796
-4.075287,17,553.785257
-4.502357,17,553.840108
-4.123351,17,553.893117
-4.099772,17,553.946855
-4.238384,17,553.999466
-4.111378,17,554.051786
-4.276372,17,554.104003
-4.383858,17,554.157068
-4.22885,17,554.209668
-4.153093,17,554.262108
-4.421751,17,554.314491
-4.057414,17,554.366737
-4.324156,17,554.733885
-4.433691,17,554.786318
-4.214791,17,554.840505
-4.297518,17,554.895439
-4.442622,17,554.951267
-4.322546,17,555.008065
-4.193891,17,555.064417
-4.380024,17,555.120862
-4.309707,17,555.1755
-4.155494,17,555.22923
-4.176987,17,555.283039
-4.562561,17,555.33714
-4.122482,17,556.037842
-4.242088,17,556.095507
-4.190173,17,556.152398
-4.282801,17,556.208966
-4.214496,17,556.26569
-4.074577,17,556.322726
-4.691104,17,556.379983
-4.172598,17,556.43719
-4.299278,17,556.494288
-3.991563,17,556.551134
-4.462182,17,556.608061
-3.986537,17,556.66478
-4.246872,17,556.721236
-4.269095,17,556.777752
-4.103575,17,556.834498
-4.091596,17,556.892762
-4.325044,17,556.950663
-4.345299,17,557.007479
-4.209083,17,557.064586
-4.228238,17,557.121231
-4.149492,17,557.178045
-4.629608,17,557.235042
-4.65983,17,557.291987
-4.280849,17,557.348202
-3.821508,17,557.745487
-4.457821,17,557.802609
-4.283439,17,557.859255
-4.200694,17,557.915607
-3.973148,17,557.971547
-4.085043,17,558.027685
-3.98847,17,558.084551
-4.101398,17,558.140196
-4.249032,17,558.196676
-4.156294,17,558.252716
-3.924934,17,558.308783
-4.133288,17,558.364852
-4.022187,17,558.4244
-4.621741,17,558.4815
-4.037509,17,558.537815
-4.27041,17,558.594139
-4.012573,17,558.65071
-4.233503,17,558.707096
-4.661117,17,558.763254
-4.454497,17,558.819211
-4.548923,17,558.876751
-4.243668,17,558.932231
-4.211417,17,558.988235
-3.973445,17,559.044034
-4.540911,17,559.099613
-4.243908,17,559.155844
-4.131679,17,559.211474
-4.227706,17,559.267899
-4.02328,17,559.324031
-4.421329,17,559.380131
-4.541383,17,559.435975
-4.077365,17,559.493254
-4.312192,17,559.549585
-4.059748,17,559.605831
-4.431355,17,559.662253
-4.613557,17,559.718673
-4.231874,17,560.493927
-4.303516,17,560.875248
-4.274578,17,560.931125
-4.292785,17,560.990829
-4.389601,17,561.049443
-4.176664,17,561.106114
-4.193711,17,561.162332
-4.200823,17,561.219813
-4.424996,17,561.277231
-4.237169,17,561.334754
-4.123183,17,561.392342
-4.136021,17,561.448673
-4.038565,17,561.505163
-4.444328,17,561.561577
-4.117006,17,561.618247
-4.364798,17,561.677083
-4.395005,17,561.737123
-4.201313,17,561.795411
-3.948851,17,561.852526
-4.129097,17,561.910349
-4.348147,17,561.968184
-4.247589,17,562.026189
-4.311047,17,562.083354
-4.182294,17,562.140053
-4.037618,17,562.197031
-4.05985,17,562.253943
-4.173798,17,562.310659
-4.395106,17,562.367454
-3.775782,17,562.424824
-4.555966,17,562.482012
-4.079413,17,562.538766
-4.257967,17,562.596033
-4.161776,17,562.653038
-4.607942,17,562.715136
-4.330992,17,562.771298
-4.245526,17,562.826402
-4.024605,17,562.881851
-4.408238,17,562.938036
-4.214912,17,563.328197
-4.228245,17,563.387202
-4.057099,17,563.441762
-4.156275,17,563.494547
-4.034052,17,563.547319
-3.761605,17,563.601982
-3.996765,17,563.658029
-4.376242,17,563.711926
-4.091622,17,563.765466
-4.38338,17,563.819375
-4.382496,17,563.873115
-4.751913,17,563.927148
-4.459353,17,563.980721
-4.058221,17,564.033358
-4.468154,17,564.086123
-4.233124,17,564.138935
-4.538219,17,564.190993
-4.276751,17,564.243093
-4.525717,17,564.295275
-4.184583,17,564.347355
-4.399625,17,564.399555
-4.374633,17,564.451732
-4.324978,17,565.387595
-3.899687,17,565.44121
-3.977958,17,565.497327
-4.120586,17,565.552673
-4.495495,17,565.607633
-4.019976,17,565.662655
-4.197024,17,565.716846
-4.369944,17,565.771111
-4.270305,17,565.824642
-4.554219,17,565.878013
-4.944504,17,565.930729
-4.154872,17,565.984153
-3.830781,17,566.036891
-4.145255,17,566.089762
-4.582587,17,566.142268
-4.240338,17,566.513022
-4.247066,17,566.565777
-4.249938,17,566.618941
-4.810908,17,566.671451
-4.059608,17,566.724056
-4.179468,17,566.776696
-4.051729,17,566.828943
-4.082302,17,566.881589
-4.667283,17,566.934093
-4.32756,17,566.986583
-4.17074,17,567.039153
-4.660535,17,567.091387
-4.1816,17,567.143842
-3.885866,17,567.196437
-4.190852,17,567.248718
-4.137802,17,567.301086
-4.044652,17,567.353575
-4.133125,17,567.40655
-4.36077,17,567.459185
-4.240556,17,567.51196
-4.047744,17,567.564576
-3.811135,17,567.617018
-4.117046,17,567.669266
-4.41244,17,567.722869
-4.071985,17,567.7754
-4.213201,17,567.827805
-4.656341,17,567.880199
-4.077965,17,567.932515
-3.747381,17,567.985075
-4.214055,17,568.037771
-4.191961,17,568.091882
-4.159526,17,568.144633
-4.095074,17,568.197504
-4.198312,17,568.249947
-4.21253,17,568.302649
-4.101188,17,568.355038
-4.427243,17,568.723113
-4.225299,17,568.777082
-3.748008,17,568.830932
-3.977175,17,568.883781
-4.244194,17,568.936209
-4.473708,17,568.989164
-4.204416,17,569.041533
-4.142335,17,569.094292
-4.122434,17,569.147029
-4.674908,17,569.199797
-4.0896,17,569.945008
-4.21469,17,570.001036
-4.623984,17,570.05727
-4.078716,17,570.113935
-3.73866,17,570.170609
-4.628825,17,570.227126
-4.271358,17,570.284145
-4.219809,17,570.340706
-4.233102,17,570.397492
-4.173674,17,570.454165
-4.360062,17,570.510843
-4.204189,17,570.567134
-4.167018,17,570.623863
-4.18108,17,570.680383
-4.144616,17,570.736869
-4.051053,17,570.79343
-4.178836,17,570.849992
-4.062595,17,570.906209
-4.297498,17,570.962739
-4.460165,17,571.019718
-4.194698,17,571.076293
-4.953114,17,571.132479
-4.07637,17,571.189163
-4.348858,17,571.245203
-4.275769,17,571.301568
-4.345834,17,571.358145
-4.944603,18,571.418032
-4.300557,17,571.810922
-4.123397,17,571.867269
-4.083547,17,571.923686
-4.105581,17,571.9802
-4.171318,17,572.036507
-4.143342,17,572.092825
-3.912956,17,572.148853
-4.301656,17,572.204992
-4.673719,17,572.261113
-4.334989,17,572.317444
-4.522321,17,572.373721
-4.30138,17,572.430131
-4.207044,17,572.486386
-4.270172,17,572.543013
-4.082045,17,572.599292
-4.325345,17,572.655434
-4.144467,17,572.711487
-4.178296,17,572.767599
-4.120213,17,572.823506
-4.49833,17,572.879906
-4.375506,17,572.937149
-3.988635,17,572.993535
-4.213032,17,573.04944
-4.011303,17,573.105698
-4.045671,17,573.161746
-4.187715,17,573.21771
-4.077352,17,573.273885
-4.200443,17,573.330131
-4.352977,17,573.386305
-4.189713,17,573.442648
-4.573696,17,573.498551
-4.143526,17,573.55519
-4.376468,17,573.610874
-4.834722,17,574.363472
-4.44698,17,574.416173
-4.248253,17,574.469021
-4.021821,17,574.522269
-4.204094,17,574.999522
-5.668434,18,575.055879
-4.024499,17,575.108198
-3.961016,17,575.161214
-4.184646,17,575.217643
-4.056164,17,575.273344
-4.307167,17,575.326996
-4.250469,17,575.380726
-4.576616,17,575.434378
-4.23505,17,575.487829
-4.16463,17,575.541837
-4.187221,17,575.595703
-4.522706,17,575.650088
-3.915422,17,575.703661
-4.583481,17,575.759349
-4.183603,17,575.815831
-4.38063,17,575.869965
-4.136908,17,575.923351
-4.114758,17,575.976532
-4.175011,17,576.029094
-4.037508,17,576.081598
-4.221245,17,576.134486
-4.128086,17,576.188257
-4.860119,17,576.241648
-4.074977,17,576.294077
-4.120949,17,576.346279
-4.082311,17,576.398537
-4.023568,17,576.450928
-4.26273,17,576.503307
-3.998986,17,576.555519
-4.75604,17,576.607599
-4.377123,17,576.661248
-4.307484,17,576.71387
-4.025907,17,576.766268
-4.013165,17,576.818265
-4.223052,17,576.870533
-4.275237,17,576.923041
-4.907061,17,577.29058
-4.134448,17,577.346788
-4.046501,17,577.404412
-4.235517,17,577.463528
-4.0591,17,577.522201
-3.968649,17,577.579285
-4.346998,17,577.634838
-4.288032,17,577.690808
-4.54119,17,577.746362
-4.110165,17,577.801069
-4.030127,17,577.855504
-4.116193,17,577.910354
-4.764939,17,577.965707
-4.096488,17,578.021632
-4.219923,17,578.078148
-4.427744,17,578.13337
-4.076312,17,578.188422
-4.063764,17,578.243765
-4.26713,17,578.299536
