#{"t_start": 1762328971.1432378, "env_id": "None"}
r,l,t
-17.195871,25,0.583611
-16.551906,24,0.655648
-14.654308,23,0.725435
-16.681487,26,0.804826
-17.893529,27,0.888466
-15.567127,22,0.956091
-16.045365,25,1.0323
-17.594447,26,1.112678
-20.255206,31,1.20894
-15.771652,22,1.276233
-18.49881,26,1.356694
-17.013348,26,1.437582
-16.453866,23,1.508586
-14.024018,22,1.576708
-17.861694,26,1.656655
-14.436843,20,1.718372
-18.683884,26,1.799337
-16.783545,23,1.870543
-16.481418,25,1.947929
-18.885924,28,2.034884
-17.396483,24,2.109313
-13.501642,19,2.168281
-16.180128,25,2.245927
-17.91724,25,2.322839
-14.056438,20,2.3852
-16.354311,24,11.494383
-12.710198,19,11.551619
-19.821217,26,11.63026
-18.073544,27,11.711668
-16.231498,23,11.780777
-17.374164,26,11.858124
-15.336911,25,11.933225
-14.798677,22,11.998983
-17.263345,27,12.080506
-13.297916,19,12.138305
-14.449233,23,12.207048
-14.864697,21,12.269898
-17.585502,24,12.342241
-15.866511,23,12.41076
-14.843811,22,12.476116
-15.765095,24,12.548254
-13.593419,20,12.60814
-16.694563,24,13.531108
-12.117676,18,13.584871
-19.024763,26,13.662934
-17.338975,26,13.742429
-16.911729,25,13.817406
-16.553857,25,13.892974
-19.648942,27,13.974514
-17.01708,24,14.0463
-17.645036,26,14.12493
-17.881174,25,14.201045
-14.711715,22,14.668167
-17.726937,27,14.750765
-16.375615,23,14.819898
-19.007347,29,14.906108
-16.424376,25,14.982238
-13.150403,20,15.042191
-19.139339,29,15.1295
-15.05849,23,15.19894
-17.785532,26,15.278007
-18.186892,29,15.367039
-16.275494,23,15.436628
-17.4854,25,15.511775
-15.238399,23,15.58241
-14.448945,21,15.646407
-19.059026,30,15.73824
-15.593476,23,15.807266
-20.897486,28,15.890613
-17.729972,26,15.969288
-13.026351,22,16.035671
-13.256947,20,16.095526
-15.620113,23,16.165
-15.504129,23,16.234557
-16.632252,23,16.304282
-14.197744,21,16.367847
-14.750534,22,16.433946
-14.546677,21,16.920441
-14.221729,20,16.981661
-17.239278,27,17.06327
-19.220803,27,17.144125
-16.272819,23,17.214022
-17.757629,26,17.291703
-15.508038,23,17.361949
-14.849634,22,17.428159
-14.479376,22,18.211909
-18.824503,29,18.298461
-17.884441,29,18.386508
-15.320422,24,18.458171
-13.211763,21,18.52078
-14.674152,22,18.586993
-18.430589,27,18.669077
-19.713194,27,18.751826
-14.652318,22,18.820863
-16.239186,24,18.895171
-14.714187,21,18.961293
-15.946015,23,19.033959
-14.015047,21,19.098325
-13.520037,20,19.159702
-18.870484,29,19.253418
-15.105065,21,19.317408
-16.189894,24,19.38975
-15.151287,22,19.455652
-14.979996,22,19.52102
-17.368001,27,20.01976
-15.452698,23,20.089208
-15.867804,22,20.154761
-13.725109,21,20.218354
-13.546449,20,20.278903
-14.433045,22,20.345624
-15.929762,22,20.411929
-17.73489,27,20.492599
-15.691103,23,20.56204
-19.23034,29,20.650019
-18.731673,25,20.724833
-17.233555,27,20.805782
-14.14629,23,20.875337
-16.723401,25,20.950563
-13.639056,20,21.011441
-15.610432,23,21.080546
-17.411518,25,21.155379
-17.001234,25,21.231691
-13.045512,20,21.291726
-15.023196,25,21.366768
-13.365625,21,21.430631
-18.316441,26,21.509308
-14.98364,23,21.577902
-18.079917,26,21.656189
-15.700555,23,22.367377
-16.837994,27,22.44993
-12.751529,19,22.922222
-17.673695,25,22.998346
-17.079472,25,23.074881
-16.156676,24,23.146987
-13.274965,20,23.206978
-17.313317,25,23.28299
-15.131226,23,23.351842
-13.98043,23,23.420951
-18.637296,27,23.502769
-16.710804,25,23.577956
-18.265064,27,23.659186
-15.885746,26,23.737371
-19.617783,28,23.821895
-15.59105,21,23.885566
-14.198012,21,23.948671
-15.712216,23,24.017718
-13.522896,20,24.079266
-15.981383,25,24.155228
-16.195969,24,24.227747
-13.875005,21,24.291327
-16.736734,24,24.36406
-16.766885,26,24.442627
-17.560655,25,24.517561
-16.33413,24,24.589592
-12.609524,21,24.653166
-18.615354,26,24.730676
-17.688962,26,25.199036
-18.064939,26,25.27816
-17.883138,24,25.350466
-19.423098,27,25.4311
-17.232919,23,25.500366
-13.598422,21,25.564064
-13.97414,21,25.627874
-17.42155,25,25.704991
-16.739232,26,25.783604
-18.07487,28,25.868798
-20.063027,27,25.951356
-15.027491,23,26.020806
-14.688787,22,26.088426
-13.565142,19,26.145839
-14.060144,20,26.213457
-16.04345,23,26.918251
-15.711856,23,26.989327
-13.489027,21,27.055531
-18.07721,28,27.14333
-13.763637,21,27.209239
-17.061927,27,27.293596
-16.268358,23,27.36548
-18.862391,26,27.446395
-18.008658,27,27.532113
-14.57626,22,27.600706
-14.12335,23,27.672282
-23.828147,31,28.153538
-14.340968,22,28.222644
-16.836087,24,28.297708
-19.181819,28,28.385536
-13.793395,21,28.450593
-13.323663,20,28.51316
-16.148486,24,28.588097
-15.638593,23,28.660285
-13.135084,21,28.726421
-16.23183,24,28.801022
-13.420174,20,28.864093
-14.016615,19,28.923779
-13.33033,21,28.989032
-14.81103,23,29.057493
-14.325748,22,29.124018
-19.993552,28,29.208413
-17.349837,25,29.283784
-17.484341,26,29.361177
-16.921184,25,29.436376
-16.474776,26,29.514787
-16.621748,26,29.592522
-16.69012,25,29.666862
-13.66644,20,29.727655
-16.886185,23,29.797003
-15.481717,22,29.862855
-16.875025,26,29.941093
-16.275815,24,30.015226
-18.133977,25,30.926218
-15.569169,23,30.99867
-14.431282,22,31.068445
-16.265383,24,31.144495
-15.216243,23,31.216561
-19.165714,27,31.971673
-14.20851,21,32.034593
-15.928163,24,32.107145
-15.940372,25,32.182307
-15.810379,23,32.251467
-16.114733,23,32.32131
-17.227713,26,32.398986
-12.607922,19,32.456171
-14.19064,22,32.52373
-16.538171,25,32.599897
-16.127869,24,32.674271
-15.381109,23,32.746229
-14.940923,22,32.815107
-16.274739,25,32.89267
-18.624271,28,32.980352
-18.366253,25,33.058149
-12.958352,19,33.118011
-15.400496,22,33.187446
-15.699092,24,33.262655
-16.635877,24,33.33801
-18.219145,27,33.42264
-17.043177,25,33.882288
-17.916263,28,33.971161
-17.290844,25,34.049284
-14.263258,23,34.121791
-17.779869,24,34.198047
-14.964198,23,34.273995
-14.359924,22,34.344194
-18.641716,27,34.429883
-17.616387,26,34.511445
-14.987968,23,34.584883
-15.804075,23,34.657428
-16.507697,26,34.740182
-16.833085,26,34.822046
-15.030398,22,34.891817
-12.196667,19,34.952589
-16.777655,25,35.03107
-16.610328,26,35.112127
-17.299565,26,35.19407
-15.284619,24,35.269768
-18.176854,27,35.354988
-14.189451,21,35.421197
-15.465529,22,35.490101
-17.274834,24,36.474525
-12.425433,19,36.530918
-16.684596,24,36.603418
-18.114789,25,36.678052
-17.315091,27,37.192627
-17.456711,27,37.274682
-17.161484,25,37.351135
-17.840033,26,37.429796
-14.556149,20,37.489782
-14.04548,21,37.552645
-13.301148,21,37.616691
-13.120009,19,37.673993
-14.591499,22,37.740117
-17.765098,26,37.819148
-18.092783,26,37.897777
-16.366265,25,37.974536
-17.572702,26,38.052716
-15.895163,26,38.131063
-17.513959,27,38.212682
-14.687186,21,38.27739
-16.21116,23,38.346991
-18.171154,28,38.43114
-12.701513,21,38.494164
-15.99819,24,38.566749
-17.778688,25,38.642937
-14.766503,22,38.708936
-17.018626,25,38.785644
-17.55613,26,38.86451
-14.453405,22,38.930796
-13.144733,20,38.991636
-14.173849,21,39.475647
-17.554044,26,39.555097
-13.659507,21,39.61906
-16.403206,23,39.68807
-17.561761,26,39.766213
-17.587207,25,39.842192
-16.323322,25,39.917983
-18.029484,26,39.997763
-15.087135,22,40.063718
-14.669366,23,40.132727
-16.4191,25,40.208544
-15.004155,23,40.278237
-15.858393,24,40.351219
-12.749691,19,41.135529
-15.081749,22,41.205655
-17.177272,24,41.282652
-19.30744,27,41.368226
-14.006388,21,41.435758
-14.973908,23,41.509595
-17.370405,25,41.589031
-19.413065,29,41.681939
-14.163486,22,41.752255
-15.030724,22,41.822605
-23.760345,29,41.915567
-16.545393,25,41.995258
-15.731093,24,42.071829
-16.416753,25,42.587695
-16.403986,24,42.665956
-18.018298,26,42.747217
-16.423599,25,42.825652
-18.593765,27,42.911022
-18.21682,26,42.99303
-17.043127,25,43.072189
-14.974788,22,43.141955
-14.740219,23,43.215202
-15.918417,24,43.296203
-18.383422,29,43.387791
-14.807718,22,43.457974
-18.237662,27,43.544551
-20.916877,29,43.635507
-16.35276,24,43.711599
-14.716416,22,43.780763
-15.76156,24,43.85757
-17.681458,25,43.937382
-15.547533,24,44.013287
-15.378526,23,44.086152
-13.608956,20,44.149126
-17.397853,24,44.225074
-14.947073,25,44.304296
-15.528185,22,44.373398
-13.429349,20,44.436746
-13.999792,21,44.503539
-17.601924,28,45.023229
-13.01123,20,45.087381
-17.127582,25,45.166524
-14.197654,22,45.85111
-16.08736,24,45.926235
-12.842541,20,45.987909
-12.676448,19,46.046814
-19.534069,27,46.13123
-14.467371,22,46.200036
-16.249491,24,46.275037
-14.838005,23,46.347481
-15.370048,23,46.41942
-14.627187,22,46.489409
-14.978134,22,46.559076
-19.294063,27,46.643924
-15.942295,25,46.722749
-20.230248,29,46.814219
-15.589954,23,46.886843
-13.197468,20,46.949644
-17.01138,27,47.034054
-14.411368,22,47.103433
-13.891368,23,47.175889
-17.958213,25,47.253736
-13.966245,23,47.325981
-13.492813,20,47.388159
-14.505568,24,47.463799
-15.296408,23,47.535762
-14.66911,22,48.026645
-12.891912,20,48.090176
-16.917416,26,48.17284
-14.486205,22,48.241369
-15.336124,24,48.317064
-16.700752,26,48.398958
-14.773408,21,48.464601
-14.416432,22,48.534916
-15.703059,25,48.613195
-16.401418,25,48.691046
-16.617346,25,48.769133
-16.094793,24,48.844864
-18.727599,25,48.922902
-13.588273,22,48.991799
-13.586323,21,49.058102
-14.980773,22,49.128321
-17.189595,26,49.210416
-14.13505,20,49.274472
-15.565532,22,49.34423
-14.43405,21,49.410596
-14.301442,22,50.118715
-18.481426,27,50.203696
-16.484784,24,50.277939
-15.668331,25,50.354211
-18.899171,29,50.441832
-14.581599,21,50.505046
-14.453747,22,50.572374
-19.084492,29,51.05262
-13.033638,19,51.11011
-19.032666,27,51.192651
-16.193978,25,51.26761
-15.083646,25,51.34268
-14.848918,22,51.409734
-14.625927,23,51.478177
-15.886459,23,51.547908
-15.159018,24,51.620189
-13.021319,20,51.681007
-11.864144,19,51.737906
-12.606039,22,51.804459
-15.907856,24,51.876575
-14.717248,22,51.942396
-18.028621,26,52.021942
-16.4588,25,52.096954
-24.882294,30,52.188341
-18.849499,28,52.273541
-12.111478,19,52.330344
-14.776978,23,52.400153
-14.249328,22,52.465714
-13.550299,21,52.528428
-13.599011,21,52.592018
-14.652976,22,52.658426
-16.587559,24,52.731119
-12.758579,18,52.786147
-15.370534,23,52.855244
-19.298789,26,53.657415
-12.981978,21,53.722209
-16.206519,25,53.801493
-16.0251,26,53.882187
-15.24041,24,53.957358
-15.359051,24,54.033158
-14.031581,20,54.095532
-12.345646,19,54.154958
-16.053359,23,54.229306
-13.374058,20,54.292897
-13.0952,20,55.0154
-14.179175,21,55.079934
-17.023784,26,55.160534
-17.598441,26,55.242718
-28.15376,34,55.349628
-13.521931,21,55.415426
-13.384881,20,55.477801
-12.317502,19,55.538495
-15.077101,23,55.611795
-12.241517,19,55.671729
-15.025125,21,55.738096
-17.834721,28,55.827468
-12.48387,20,55.890716
-14.30375,23,55.963402
-15.521537,24,56.039259
-15.455487,23,56.112096
-17.550858,26,56.194429
-16.072038,25,56.681859
-13.422312,21,56.74874
-13.929698,20,56.812685
-19.362781,28,56.901396
-16.729331,25,56.979895
-12.043612,18,57.036947
-15.432593,23,57.109504
-12.454828,20,57.173025
-14.256022,22,57.24331
-14.664311,23,57.316249
-14.127747,21,57.382993
-13.913149,21,57.449768
-13.317504,20,57.513323
-14.788391,21,57.579364
-16.148769,23,57.652789
-13.06948,20,57.716135
-16.1409,24,57.792139
-15.183255,22,57.862337
-14.242458,23,57.934752
-15.080374,22,58.003839
-16.12458,22,58.073714
-15.721345,23,58.146665
-12.690405,19,58.206743
-16.481553,25,58.286393
-16.284018,26,58.368073
-12.358068,19,58.428311
-13.345335,20,58.491105
-15.376951,23,58.563266
-13.830315,22,59.040884
-15.87365,23,59.8468
-16.29859,25,59.923786
-14.989156,22,59.991156
-14.130358,22,60.057411
-15.215264,23,60.126769
-15.231069,24,60.198452
-15.019743,22,60.266604
-13.821908,21,60.331055
-14.814775,24,60.405296
-13.067989,20,60.46828
-14.348411,21,60.534387
-13.762283,21,60.600349
-15.61126,25,60.679838
-16.43426,25,60.75797
-12.999163,19,60.817758
-14.801798,22,60.888786
-16.195979,24,60.964101
-13.218735,20,61.02674
-17.889114,25,61.106588
-15.31241,23,61.178384
-15.161979,23,61.250436
-15.87334,26,61.333741
-14.870595,22,61.403092
-14.680727,22,61.47299
-12.111429,19,61.533016
-16.377193,23,61.605496
-15.102918,22,61.675796
-13.923945,21,62.151917
-14.363131,21,62.216205
-13.92361,20,62.277517
-12.608634,21,62.341205
-14.913484,22,62.407426
-14.109322,21,62.470331
-13.739686,20,62.531526
-15.21957,23,62.600171
-13.751499,21,62.662859
-16.486714,24,62.735385
-13.91875,21,62.798979
-15.995618,25,62.876462
-15.789353,24,62.9518
-11.913531,18,63.007301
-15.379569,23,63.07962
-13.584928,22,63.149646
-14.322921,21,63.21599
-13.066391,20,63.278895
-13.412124,20,63.343317
-18.069824,28,64.110319
-12.431425,19,64.167776
-12.227478,19,64.224953
-19.370865,34,64.327436
-13.643986,22,64.394299
-14.952727,22,64.46099
-15.062565,23,64.531189
-24.934749,32,64.627203
-13.719197,23,64.696313
-13.051116,21,65.136724
-17.224561,25,65.213123
-13.404781,19,65.270684
-15.094357,23,65.340243
-15.128209,22,65.407068
-13.353886,20,65.467966
-12.500065,20,65.52918
-13.14207,20,65.589961
-16.238806,23,65.659319
-13.547218,20,65.719747
-15.255586,23,65.78998
-13.487472,20,65.850577
-13.58567,21,65.91383
-16.404488,23,65.983265
-12.366399,19,66.040782
-14.479283,23,66.109675
-14.717854,23,66.178648
-12.625478,19,66.235956
-16.729138,24,66.308171
-14.633145,22,66.374992
-12.556499,19,66.432527
-12.875291,19,66.489645
-15.928023,25,66.565104
-14.838217,22,66.631534
-13.919235,21,66.694956
-12.764561,19,66.752526
-14.469882,22,66.818436
-14.994157,22,66.884898
-13.104687,19,66.942721
-14.143369,21,67.389539
-13.962859,21,67.453606
-15.340834,25,67.529102
-17.360267,27,67.61096
-13.198008,20,67.670958
-15.367923,23,67.739657
-12.690241,21,67.802786
-12.25122,19,67.859454
-15.251678,24,68.610108
-12.119354,19,68.670146
-13.168657,21,68.733324
-14.347055,22,68.800046
-13.240574,18,68.85403
-16.260696,26,68.932335
-13.641613,21,68.99661
-14.841108,24,69.068881
-13.967381,21,69.132162
-17.494331,27,69.214764
-15.182887,24,69.287282
-12.837082,20,69.347534
-15.308446,25,69.423084
-13.369875,20,69.484116
-15.014932,22,69.552414
-14.936525,24,69.626591
-15.260063,24,69.701539
-14.638795,21,69.768626
-16.114599,24,69.844684
-15.653992,23,69.917091
-15.528761,23,70.368434
-14.780962,24,70.444942
-16.319304,24,70.522178
-12.409953,19,70.58282
-13.431196,19,70.643083
-15.833771,26,70.725083
-14.188909,23,70.7981
-12.644371,20,70.86222
-13.365816,20,70.925462
-14.892104,22,70.996074
-14.506649,23,71.069333
-15.719838,24,71.145661
-13.732217,21,71.212558
-12.703014,21,71.279315
-13.975415,22,71.349032
-13.408762,21,71.415635
-14.109685,22,71.486062
-14.965736,22,71.556113
-14.414376,22,71.62658
-15.988097,24,71.702275
-12.499409,21,71.768731
-15.499929,24,71.845351
-13.598405,21,71.911327
-13.575162,22,71.9811
-16.33795,24,72.05779
-14.456294,23,72.131642
-17.442224,26,72.854172
-14.294425,21,72.919823
-12.979387,21,73.362007
-16.258379,23,73.43232
-14.10813,22,73.50013
-13.915972,21,73.565552
-13.185763,19,73.625984
-12.435725,19,73.685718
-14.79958,22,73.755164
-12.924046,20,73.818024
-15.636777,22,73.885744
-13.38234,21,73.951135
-14.548149,24,74.026608
-15.3605,24,74.102287
-13.350335,20,74.165476
-14.647199,24,74.240882
-14.92736,23,74.312843
-14.945341,23,74.385159
-15.823812,24,74.460793
-14.661524,22,74.529904
-12.200381,18,74.58693
-12.786663,19,74.647381
-12.485078,20,74.710576
-13.382124,22,74.779753
-13.700067,22,74.849517
-15.073625,23,74.921945
-15.164366,23,74.994202
-12.670982,21,75.058372
-14.782406,23,75.127719
-13.378017,23,75.196484
-15.544244,24,75.270508
-14.382362,21,76.113522
-14.725687,21,76.176479
-13.497927,21,76.240449
-14.867969,23,76.309456
-15.175377,23,76.37887
-16.979015,27,76.460302
-12.346728,18,76.514305
-16.228214,26,76.592386
-13.957471,21,76.655727
-15.630775,24,76.729563
-14.246617,23,76.798801
-13.371409,20,76.859303
-15.097874,23,76.928313
-16.73207,25,77.003142
-13.135778,20,77.063817
-13.573125,21,77.126624
-14.50729,22,78.103382
-13.131232,19,78.160445
-14.030861,21,78.224524
-15.786418,26,78.303291
-15.576397,25,78.378711
-13.905892,21,78.44169
-12.385295,18,78.496636
-14.856187,22,78.562588
-15.080811,23,78.631979
-11.787092,18,78.686748
-11.954209,18,78.741422
-14.075714,22,78.807721
-13.518815,21,79.244223
-16.047068,24,79.318231
-14.792701,24,79.391446
-14.720095,22,79.457294
-12.8725,19,79.514271
-12.611607,20,79.57421
-17.584895,25,79.649641
-13.785663,24,79.722646
-14.924751,24,79.794806
-16.374818,26,79.873772
-14.634154,23,79.942747
-13.834709,22,80.009246
-13.200356,20,80.069661
-14.892414,23,80.138838
-13.346519,23,80.207917
-13.980401,21,80.271906
-12.501718,19,80.329659
-12.146792,19,80.388561
-20.676615,28,80.473487
-13.957379,21,80.536857
-12.745336,19,80.593545
-12.716479,20,80.653354
-14.553688,22,80.721017
-12.448566,19,80.77775
-17.077279,26,80.855693
-13.411068,21,80.918692
-15.753015,25,80.994149
-12.060955,18,81.047842
-12.925821,20,81.107927
-14.3949,22,81.5457
-13.012196,21,81.60919
-12.580674,19,81.666693
-12.568906,20,81.727631
-12.63742,20,81.788238
-14.056068,22,81.854531
-11.721472,18,82.684685
-14.381235,23,82.754674
-12.677718,19,82.812232
-14.615469,22,82.878618
-15.151372,23,82.949222
-13.359198,20,83.009097
-14.297628,23,83.078156
-14.357274,22,83.144972
-13.781436,20,83.205234
-12.938203,21,83.268271
-14.02969,23,83.339018
-12.74375,20,83.398918
-13.717565,21,83.461825
-15.646712,25,83.537278
-13.998398,22,83.603186
-15.031676,25,83.678689
-13.611255,21,83.743169
-12.631953,20,83.803247
-14.114366,21,83.866537
-12.034709,19,83.924475
-14.312018,23,83.993859
-16.447438,26,84.07182
-14.553725,22,84.13853
-14.689843,23,84.586587
-13.22904,20,84.648015
-12.403189,18,84.702454
-13.387833,21,84.76664
-12.326523,19,84.82359
-13.795692,21,84.88683
-12.148503,20,84.947699
-14.626691,24,85.02019
-12.721838,20,85.080085
-15.051248,25,85.155431
-15.792099,24,85.228091
-12.485001,20,85.289816
-16.325297,26,85.368424
-15.010474,25,85.442991
-12.505768,19,85.499822
-13.747451,20,85.561328
-14.210728,24,85.633018
-15.755746,24,85.704246
-13.025078,20,85.765284
-12.065734,18,85.819754
-13.686954,21,85.882811
-15.221796,23,85.952389
-14.962871,22,86.018134
-11.762658,18,86.071873
-14.954227,23,86.141812
-14.430097,24,86.832444
-12.169657,19,86.889693
-15.522796,25,86.965354
-15.399103,24,87.0375
-12.614083,20,87.426962
-12.084678,19,87.484154
-12.702457,20,87.545456
-12.246635,20,87.606285
-12.889613,20,87.666021
-12.634754,18,87.720813
-14.703494,23,87.790509
-16.172528,26,87.868645
-13.980357,22,87.935007
-14.958552,23,88.005288
-14.120653,23,88.073827
-13.680996,20,88.133656
-12.951066,20,88.194116
-14.864287,24,88.267016
-15.407897,23,88.337167
-16.184041,25,88.412818
-14.648461,23,88.482046
-14.683772,23,88.551017
-13.742897,21,88.615314
-15.217305,23,88.684082
-12.023284,19,88.741114
-13.572448,22,88.808015
-13.843206,21,88.87104
-13.08387,21,88.935455
-12.23619,19,88.993895
-12.821183,19,89.051168
-12.722612,20,89.111151
-13.365908,22,89.177624
-13.431748,21,89.241644
-13.301982,21,89.636756
-15.994424,27,89.718456
-15.228351,23,89.78775
-12.268557,18,89.842346
-13.467055,24,89.914397
-13.3871,20,89.975548
-12.514261,19,90.033282
-12.778944,20,90.093366
-13.253395,19,90.150874
-14.779664,22,90.217607
-15.713075,22,90.28383
-12.035389,18,90.346416
-12.549893,19,90.403748
-13.368161,22,90.470587
-15.003456,24,91.151692
-12.465517,18,91.208914
-13.072937,20,91.272363
-13.556441,21,91.339245
-14.939151,23,91.412519
-13.970748,22,91.48232
-12.43627,19,91.543291
-12.704222,19,91.603992
-17.132454,27,91.690966
-13.483611,23,91.76424
-12.186595,19,91.825239
-14.810896,25,91.904432
-13.132183,20,91.967581
-12.639046,19,92.029402
-12.695383,20,92.093198
-12.970041,21,92.500399
-12.586393,20,92.561661
-12.632443,19,92.61979
-13.099177,19,92.677534
-13.496472,20,92.737498
-12.995142,20,92.79755
-12.716804,19,92.854911
-13.795094,21,92.917831
-12.905879,20,92.978307
-11.977398,18,93.033087
-12.432951,19,93.090691
-12.375873,19,93.147775
-13.313016,22,93.213787
-13.575849,22,93.280179
-16.72051,26,93.358195
-13.245932,20,93.418534
-13.44606,20,93.478776
-11.758709,18,93.533287
-12.777176,20,93.593983
-13.081681,20,93.654573
-14.436681,22,93.720358
-12.198142,19,93.77744
-12.755174,19,93.83517
-13.848141,23,93.904815
-15.401109,23,93.973418
-12.625863,20,94.034621
-12.752786,19,94.092402
-13.612879,21,94.156842
-14.608706,24,94.22974
-14.549878,22,94.298951
-13.693708,21,94.365327
-13.618809,22,94.773607
-12.299842,19,94.834564
-13.713872,22,94.90465
-12.279465,19,94.965062
-12.386903,20,95.731532
-12.121385,19,95.791797
-13.590023,22,95.862784
-11.707423,18,95.920554
-11.97194,18,95.977912
-13.234148,20,96.042152
-29.102487,37,96.161218
-13.913874,20,96.225175
-12.50967,19,96.286464
-14.326165,22,96.35609
-15.011597,23,96.429157
-15.762784,25,96.510078
-12.818637,19,96.570822
-12.59943,19,96.631485
-11.938053,18,96.689676
-13.809747,22,96.759697
-12.395715,20,96.823202
-12.022142,17,96.877166
-12.987079,20,96.940717
-13.755093,22,97.010572
-13.940742,21,97.077611
-12.108936,19,97.138867
-13.386431,21,97.205991
-12.325127,19,97.266636
-12.860323,21,97.33437
-13.570986,20,97.397603
-12.760475,19,98.148468
-11.776415,17,98.203779
-14.855695,24,98.280764
-13.138444,19,98.341981
-12.851434,20,98.406355
-13.422139,22,98.477212
-11.932295,18,98.534941
-12.55551,20,98.599201
-12.971155,20,98.663176
-12.36209,19,98.724961
-12.739282,20,98.78931
-16.251272,25,98.869133
-12.425086,19,98.930373
-13.971564,24,99.007133
-13.753372,21,99.074474
-14.520711,21,99.143049
-15.387682,25,99.223612
-14.453145,22,99.293776
-12.769672,19,99.354983
-15.665936,26,99.438857
-12.574081,19,99.499924
-12.517127,19,99.560982
-12.599072,19,99.621936
-13.39464,21,100.38956
-13.186958,21,100.456494
-13.596645,21,100.522842
-13.743825,22,100.59376
-11.868445,19,100.654438
-13.280707,20,100.718065
-12.425031,20,100.782711
-12.690181,20,101.189594
-13.714586,21,101.256962
-13.098721,20,101.319979
-11.892347,18,101.377989
-12.337899,19,101.438376
-12.803625,19,101.498148
-11.962293,19,101.558322
-12.565148,19,101.618864
-13.31856,21,101.684829
-13.015217,19,101.745824
-12.1548,19,101.805994
-12.297106,19,101.865792
-11.971164,19,101.925411
-12.052998,18,101.982351
-13.613136,20,102.045981
-12.731979,20,102.108752
-13.533052,22,102.178608
-12.947376,19,102.238829
-11.976458,18,102.295873
-12.21687,18,102.353396
-14.593483,24,102.429399
-13.737871,21,102.495541
-11.744228,18,102.552832
-13.262086,22,102.622427
-12.154309,19,102.682196
-12.479575,19,102.742211
-14.176281,23,102.814991
-11.811115,18,102.872235
-14.706769,22,102.941887
-11.907495,19,103.003363
-12.322158,19,103.06422
-13.292932,22,103.133746
-12.0158,18,103.533402
-12.15028,19,103.594503
-13.499082,21,103.662148
-12.298468,19,103.721002
-12.421057,19,103.782551
-12.057663,18,103.839693
-13.362642,20,103.903117
-12.012732,18,103.959753
-11.946865,18,104.017878
-14.415623,24,104.094057
-13.187901,21,104.160372
-12.655061,20,104.224494
-12.544857,20,104.288038
-13.853368,21,105.079217
-13.627547,21,105.145125
-13.275074,20,105.208627
-12.584388,19,105.269434
-11.683319,19,105.330847
-12.913934,21,105.394618
-15.075046,22,105.461231
-11.872307,18,105.515839
-12.146936,19,105.573148
-11.915082,17,105.624891
-14.533881,22,105.691669
-13.630881,22,105.758393
-13.483246,21,105.821763
-12.418929,20,105.881731
-13.209862,20,105.941909
-13.396775,20,106.001951
-13.965061,22,106.068031
-16.738966,26,106.14582
-12.608711,19,106.527892
-11.923588,18,106.583982
-12.915819,20,106.646693
-12.019094,19,106.70605
-11.908801,18,106.762614
-13.070419,20,106.825837
-12.608819,19,106.885978
-15.867328,23,106.958704
-12.161906,18,107.015962
-11.699649,18,107.072872
-13.142961,21,107.138967
-13.568365,21,107.205504
-17.595679,29,107.296967
-12.328346,19,107.357307
-14.152926,25,107.436697
-12.393846,19,107.497112
-11.772341,19,107.558005
-14.013672,24,107.634281
-12.027176,18,107.69171
-13.178952,20,107.755324
-12.5693,18,107.812623
-12.410127,19,107.873807
-12.534391,20,107.937446
-12.122063,19,107.997927
-14.115197,23,108.071737
-13.492411,22,108.141897
-12.632876,20,108.20575
-12.934708,20,108.270306
-11.995539,19,108.330868
-14.094117,25,108.416088
-11.868867,18,108.47375
-12.350447,19,108.879304
-12.122704,19,109.597461
-13.956733,22,109.665004
-12.557545,19,109.722596
-12.33926,19,109.78046
-13.050336,22,109.848624
-12.879255,21,109.913034
-12.727997,20,109.974897
-12.220257,18,110.029959
-13.624994,21,110.095074
-12.368596,20,110.156465
-14.599187,21,110.220558
-14.647565,23,110.291668
-12.599869,21,110.356096
-11.537782,17,110.409173
-12.706625,19,110.467677
-12.324469,19,110.526974
-13.661142,24,110.60101
-13.168181,23,110.672175
-13.227024,21,110.737413
-13.795779,23,110.80787
-11.972933,18,110.863486
-13.608132,21,110.928763
-13.440956,20,110.989977
-13.649046,22,111.057425
-12.759856,20,111.118521
-11.968136,19,111.175997
-14.303034,22,111.242278
-13.15505,20,111.303019
-12.617539,19,111.361568
-11.705537,17,111.740464
-12.582454,21,111.805372
-13.888737,22,111.872507
-13.939865,22,111.939692
-13.2037,19,111.998641
-12.523291,19,112.057352
-11.973004,18,112.114789
-16.053185,25,112.193728
-11.865488,18,112.250887
-11.669412,18,112.309202
-12.892071,20,112.373519
-12.462729,19,112.434525
-11.979967,18,112.492055
-11.750458,18,112.55015
-11.943704,18,112.608914
-12.647034,20,112.673301
-16.139438,27,112.76011
-12.263118,20,112.824461
-12.777891,20,112.889046
-12.844168,21,112.957379
-12.398617,18,113.015263
-14.734767,22,113.086298
-11.593793,19,113.769493
-11.370481,17,113.824597
-12.367301,19,113.885965
-11.923157,18,113.944987
-12.506516,19,114.00636
-12.575147,20,114.070173
-11.872707,18,114.128211
-13.028117,20,114.19297
-12.702202,21,114.259555
-11.928767,19,114.320649
-14.469643,24,114.741247
-12.214315,18,114.799076
-12.658461,20,114.863203
-12.464654,19,114.924236
-14.836224,23,114.997551
-12.119785,18,115.055521
-12.153455,19,115.116066
-13.234138,21,115.184122
-11.83552,19,115.245044
-14.606618,23,115.319013
-11.959479,18,115.3747
-15.556659,25,115.453042
-12.005401,18,115.509764
-14.798472,24,115.588097
-12.515982,19,115.648661
-11.95197,19,115.708677
-14.034974,23,115.781987
-12.397717,20,115.845927
-11.766864,18,115.902838
-11.579364,18,115.960659
-12.296198,19,116.020797
-14.332644,23,116.094061
-13.282912,21,116.16261
-13.925014,21,116.229445
-13.096323,21,116.295957
-13.290447,20,116.360115
-13.244975,21,116.42731
-13.964728,21,116.494103
-14.118026,23,116.568269
-11.952978,19,116.62875
-12.797342,21,117.037345
-12.237505,20,117.101048
-12.743789,19,117.162989
-11.835912,18,117.219958
-11.795857,18,117.277013
-12.532285,19,117.337432
-12.342703,20,117.401026
-12.927526,22,117.471366
-12.331662,19,117.531503
-11.955562,19,117.592887
-12.696693,20,117.656359
-12.027564,19,118.452257
-12.727876,20,118.515116
-11.785815,18,118.572755
-11.797337,18,118.629871
-12.016133,18,118.68707
-15.096322,22,118.75706
-24.220231,31,118.85725
-14.341533,24,118.933758
-13.247967,20,118.997499
-11.473852,18,119.055037
-15.958047,26,119.138121
-11.518665,18,119.195657
-12.821629,19,119.256583
-12.300725,19,119.317269
-12.365616,19,119.378159
-13.001224,20,119.443568
-13.378026,22,119.513337
-15.398784,24,119.589917
-12.827319,23,119.663912
-12.217266,20,119.727117
-12.290502,20,120.52107
-12.51852,19,120.582351
-12.994329,21,120.650868
-12.515409,20,120.71516
-12.071326,18,120.771908
-12.860115,21,120.839788
-12.75466,21,120.907336
-14.515901,22,120.977047
-12.093814,19,121.037849
-13.833402,22,121.107916
-13.702634,20,121.172839
-12.908059,20,121.237354
-11.357263,17,121.29164
-13.237287,20,121.355278
-12.28165,20,121.418663
-12.240065,19,121.479817
-13.089554,21,121.54671
-12.202898,19,121.608237
-13.732287,21,121.675589
-13.756736,21,121.742326
-12.159735,18,121.799775
-11.92314,19,121.861153
-13.488217,21,121.928578
-13.135031,21,121.995156
-11.836932,19,122.055443
-13.112306,21,122.122546
-12.079408,19,122.183398
-13.386328,21,122.250609
-11.999508,18,122.308304
-12.90258,22,122.378124
-13.013635,20,123.081434
-11.823624,19,123.467991
-12.296223,19,123.525863
-14.197569,22,123.592877
-13.64012,22,123.660463
-12.221239,20,123.721694
-12.911965,21,123.785077
-12.140933,18,123.839568
-13.4763,22,123.906064
-11.940131,19,123.963321
-12.620197,19,124.02097
-12.486615,19,124.079268
-12.512539,20,124.139948
-12.304144,19,124.198409
-13.864716,21,124.26313
-12.093431,19,124.322113
-11.986716,19,124.379752
-11.985917,18,124.434098
-13.919961,22,124.501311
-11.852602,18,124.555614
-12.052819,20,124.616233
-13.35792,19,124.674193
-12.089661,19,124.731526
-11.765942,18,124.7858
-11.134616,17,124.837559
-13.251903,20,124.898572
-12.138417,19,124.956357
-11.911589,19,125.014156
-12.782642,20,125.075163
-11.584091,18,125.129496
-12.056251,19,125.186648
-11.352015,18,125.242478
-14.280318,22,125.309502
-11.765061,18,125.689863
-13.318056,21,125.754452
-13.069739,20,125.816812
-12.332124,19,125.877959
-13.02055,21,125.944961
-11.966546,19,126.005278
-12.005765,19,126.066645
-13.089344,21,126.133756
-11.936904,19,126.194772
-12.878701,20,126.258518
-12.406316,19,126.319638
-13.636327,21,126.386259
-12.628267,19,126.446996
-12.280208,18,126.505539
-12.889911,20,126.569668
-11.997378,18,126.627963
-13.554271,21,126.695345
-13.338667,22,126.765867
-13.122482,22,126.836787
-12.599339,20,127.688184
-11.288783,18,127.744452
-11.975477,19,127.80461
-13.172197,22,127.873969
-13.55251,24,127.951208
-13.175016,20,128.01431
-14.825284,25,128.093639
-12.04158,19,128.15357
-11.862608,19,128.213532
-11.809837,18,128.271331
-12.055605,19,128.33217
-12.444463,19,128.393256
-12.588387,21,128.460572
-12.008324,18,128.861167
-11.859031,18,128.917632
-12.111037,19,128.975192
-12.34587,19,129.032614
-12.029144,19,129.089688
-13.153647,20,129.1506
-13.834276,22,129.217314
-12.036777,18,129.271483
-14.309623,22,129.339104
-13.022293,22,129.405863
-14.393358,21,129.469977
-12.022933,18,129.525709
-12.999249,20,129.585973
-12.878326,21,129.649738
-12.246318,19,129.707609
-12.544132,19,129.765432
-12.875207,20,129.8266
-11.868128,19,129.884522
-12.266097,19,129.942891
-12.827826,20,130.004609
-20.589021,28,130.088919
-12.404547,19,130.147304
-13.532632,21,130.211151
-12.136696,19,130.268554
-12.62172,20,130.329066
-13.122665,20,130.390642
-13.590332,21,130.454257
-12.015263,18,130.508045
-12.248589,19,130.565921
-12.471728,19,130.623689
-12.019183,18,130.67847
-12.97344,20,131.072365
-11.892275,19,131.130271
-12.464782,19,131.188086
-11.656984,19,131.2464
-12.286641,19,131.304215
-11.525886,18,131.36275
-12.020344,19,131.421421
-12.485401,20,131.482915
-12.118363,19,132.229383
-12.818495,20,132.292154
-11.840516,19,132.352547
-12.640598,20,132.416736
-13.459965,25,132.496115
-12.29505,19,132.557538
-13.274967,21,132.624782
-12.905736,20,132.688914
-11.696378,18,132.746408
-12.233809,19,132.807651
-12.850228,20,132.87139
-12.455131,19,132.932566
-11.712301,18,132.990587
-12.077289,19,133.051984
-12.930827,21,133.118284
-12.998781,20,133.182423
-12.744683,20,133.246742
-12.649956,20,133.310538
-12.915489,21,133.383468
-12.020211,18,133.441163
-13.258335,21,133.507655
-12.047402,19,133.568039
-12.315431,20,133.631308
-13.028626,20,133.694632
-13.227162,21,134.104439
-11.519388,18,134.162386
-12.68193,20,134.227231
-12.652332,19,134.288241
-12.130739,19,134.349349
-11.852577,18,134.407687
-11.436316,17,134.462344
-12.641238,20,134.526234
-11.609643,18,134.583159
-12.474993,19,134.643717
-12.862887,20,134.707296
-11.793274,18,134.765961
-12.337635,19,134.827967
-12.541399,20,134.892225
-12.249021,18,134.950459
-12.089979,19,135.01281
-12.176439,18,135.070431
-12.14162,19,135.131169
-11.509738,18,135.189283
-11.42771,18,135.24775
-12.599746,19,135.309391
-12.129159,19,135.370465
-11.569588,18,135.42892
-12.739069,18,135.487621
-12.678415,20,135.551788
-13.131765,20,135.617158
-12.180211,19,135.677906
-12.388652,19,135.739418
-12.219211,20,135.80464
-11.970061,18,136.543471
-12.281926,19,136.603597
-12.730999,19,136.663652
-13.406378,21,136.729582
-11.517025,17,137.122064
-12.43557,19,137.179852
-11.941862,19,137.23819
-12.473788,19,137.296547
-12.477541,20,137.358598
-11.908366,19,137.419483
-11.466495,18,137.476426
-11.398693,18,137.533413
-11.996174,20,137.597783
-12.038254,19,137.658807
-11.91618,18,137.716286
-11.87749,19,137.777114
-11.815685,18,137.834995
-12.079251,19,137.896744
-11.616929,18,137.954207
-13.810667,22,138.025637
-13.067276,21,138.092896
-13.033062,21,138.159783
-13.256419,23,138.234568
-11.879643,18,138.292546
-12.417978,19,138.352846
-12.781739,21,138.419912
-12.251953,19,138.480716
-12.488744,20,138.544609
-12.069937,19,138.605001
-11.459159,18,138.663183
-11.960404,21,138.730444
-13.245164,21,138.797497
-12.29069,20,138.862053
-11.298553,17,138.916495
-12.726825,20,138.980748
-11.693257,18,139.038939
-12.87728,20,139.44601
-12.74758,20,139.51103
-12.740525,20,139.575054
-11.999035,19,139.636131
-13.467622,21,139.70337
-12.152605,19,139.765403
-12.314679,19,139.826547
-12.590901,19,139.8882
-14.200278,24,139.965455
-13.496257,23,140.040309
-12.86169,21,140.108039
-12.011408,19,140.168949
-12.213137,18,140.226626
-12.204407,20,140.290885
-12.065528,19,140.35181
-11.633755,18,140.409306
-13.378049,22,141.230254
-13.754802,22,141.297756
-12.086469,19,141.35477
-12.567283,20,141.415141
-12.989547,21,141.481052
-12.113972,19,141.538986
-12.091033,19,141.597951
-13.99407,22,141.66706
-12.266371,19,141.727087
-12.868272,20,141.790264
-12.097655,18,141.847656
-11.871197,19,141.908659
-11.819477,19,141.969038
-11.428962,18,142.026511
-12.196821,19,142.087477
-11.757864,18,142.145256
-11.174165,18,142.886009
-11.649711,18,142.943938
-12.600026,19,143.004914
-12.050344,19,143.065854
-12.213426,18,143.124058
-12.345953,20,143.188392
-12.059039,19,143.249027
-11.943588,19,143.309916
-12.468261,19,143.370309
-12.299397,19,143.430821
-12.798928,23,143.504746
-12.058932,19,143.565609
-11.435954,18,143.623208
-13.109976,20,143.686924
-12.066184,19,143.747903
-11.583049,18,143.805137
-14.375354,24,143.881942
-12.478223,20,143.945913
-13.03773,20,144.010097
-13.049769,20,144.073867
-11.320944,18,144.132053
-13.547758,22,144.202179
-11.815396,18,144.259127
-11.992423,18,144.316544
-11.469989,18,144.373868
-14.479671,25,144.453908
-13.795219,21,144.521428
-11.986365,19,144.582314
-13.515633,21,144.649767
-12.011853,18,144.707621
-12.864318,21,144.77574
-11.858183,18,144.833035
-11.881477,18,145.230989
-11.536021,18,145.287748
-12.124556,20,145.359636
-11.457886,18,145.416756
-13.885962,20,145.480806
-13.547936,21,146.295647
-11.964354,19,146.355026
-14.051486,24,146.430887
-12.274227,19,146.490263
-12.164285,19,146.550788
-11.882939,18,146.607381
-11.637672,19,146.667647
-12.1651,19,146.727847
-13.281215,22,146.798168
-12.888588,21,146.865233
-11.928855,19,146.925134
-11.511586,18,146.98241
-11.690716,18,147.03962
-11.686377,18,147.096869
-11.626111,18,147.154776
-11.653138,18,147.212355
-11.764438,18,147.269679
-12.278977,19,147.33002
-12.654191,20,147.391761
-12.757072,20,147.452621
-11.772323,18,147.50698
-12.651024,20,147.571848
-13.055134,23,147.643224
-11.541195,18,147.7001
-12.73533,20,147.762877
-12.188453,19,147.823361
-12.408159,20,147.886346
-11.809333,18,148.284632
-11.982313,18,148.342547
-13.406091,22,148.413367
-13.106283,21,148.480006
-12.598998,21,148.546733
-11.879655,19,148.607799
-12.371625,20,148.671794
-12.208865,20,148.73503
-13.010862,21,148.803057
-11.447813,17,148.857048
-13.086825,21,148.923886
-12.655703,21,148.990511
-12.154946,18,149.048257
-11.589609,18,149.106394
-12.08335,18,149.164093
-11.938857,18,149.221863
-12.243343,19,149.282752
-12.304989,20,149.34623
-11.683504,18,149.404512
-12.571617,19,149.46522
-12.751689,19,149.526182
-12.182593,20,149.590981
-12.082633,19,149.652608
-14.841207,24,149.730418
-13.110107,21,149.798508
-11.735152,18,150.500138
-12.060166,19,150.561864
-11.386502,18,150.620584
-11.302619,18,150.679536
-13.364522,21,150.747931
-12.436861,20,150.813259
-11.578793,17,150.868726
-12.436489,21,151.284112
-12.321792,18,151.342926
-12.506881,20,151.408297
-11.678203,18,151.466475
-11.739609,18,151.524383
-12.037538,19,151.585959
-11.840335,18,151.644545
-11.957758,19,151.706575
-11.862981,18,151.764589
-14.18246,23,151.839506
-11.470402,18,151.89818
-11.853632,18,151.956111
-11.626415,18,152.015033
-11.821179,20,152.079755
-11.481217,18,152.137518
-11.868807,18,152.195953
-12.132215,19,152.258146
-13.140855,20,152.323484
-11.607943,18,152.381179
-12.200944,20,152.446373
-12.948813,21,152.513952
-12.295657,20,152.578657
-13.990992,22,152.650353
-12.229608,19,152.711898
-12.362364,19,152.774077
-11.708276,18,152.832412
-13.680347,22,152.903835
-11.41276,18,152.962398
-13.610361,22,153.034049
-11.895942,19,153.095372
-13.211906,20,153.159646
-11.994279,19,153.222107
-11.948781,18,153.281148
-13.530727,22,153.693438
-11.338788,18,153.747993
-13.343544,22,153.814124
-12.599108,20,153.874905
-12.300314,19,153.931654
-12.678036,19,153.989269
-12.075408,18,154.044051
-11.679692,19,154.101595
-11.410516,18,154.155908
-11.668457,18,154.210103
-12.165596,19,154.269143
-12.757591,21,154.332648
-13.191229,24,154.405003
-12.227887,19,155.392628
-11.591603,18,155.449107
-11.492582,18,155.506417
-12.56533,19,155.566597
-12.57821,20,155.629913
-12.890004,21,155.696538
-14.008761,22,155.766457
-11.852773,19,155.827671
-12.409392,21,155.895296
-15.125462,27,155.981291
-11.696888,18,156.03868
-12.013779,18,156.09641
-11.852048,18,156.154077
-11.483144,18,156.211557
-12.073567,19,156.272794
-12.515315,20,156.336601
-12.093837,19,156.3975
-12.274535,19,156.458697
-12.218455,19,156.519146
-11.769691,18,156.913772
-12.091924,19,156.972013
-11.915153,19,157.029561
-11.604024,18,157.084763
-12.313415,18,157.139719
-11.847784,18,157.194213
-11.814274,18,157.249103
-12.14498,18,157.304795
-12.378801,19,157.362659
-12.141206,19,157.422561
-12.056448,19,157.482011
-11.680046,18,157.538665
-11.611773,18,157.595414
-11.977424,19,157.655263
-12.491094,20,157.719968
-12.136967,19,157.780274
-11.517709,18,157.838191
-13.59876,21,157.905243
-11.620947,19,157.966015
-11.595785,18,158.023498
-11.617946,18,158.081503
-12.186536,19,158.142334
-11.576001,18,158.200385
-12.441584,19,158.260852
-13.748997,21,158.328169
-12.660813,23,158.402556
-12.519473,21,158.4703
-12.399566,19,158.531914
-12.033855,20,158.596466
-11.849503,19,158.65757
-12.510966,20,158.72196
-11.363559,18,158.77973
-12.77802,21,159.186426
-13.322968,21,159.250488
-11.727342,19,160.031194
-11.957875,18,160.086253
-12.02254,19,160.144557
-12.061933,20,160.205142
-12.175247,19,160.26326
-12.257323,19,160.320824
-11.888556,18,160.375963
-11.511779,18,160.430713
-11.307988,18,160.485017
-13.072791,21,160.549045
-11.749916,18,160.603505
-11.761309,19,160.661701
-11.848911,17,160.713561
-11.637632,18,160.768153
-12.734928,21,160.831782
-12.722259,19,160.889488
-11.491385,18,160.9446
-12.040332,19,161.003149
-13.016288,20,161.06389
-11.63561,19,161.121224
-11.916464,19,161.178623
-12.10662,18,161.232837
-12.684301,20,161.293555
-11.525303,18,161.348318
-12.579536,19,161.406124
-11.933529,19,161.46402
-11.592027,18,161.518536
-13.218511,22,161.586016
-11.761977,18,161.640379
-11.868036,18,161.694561
-12.677583,20,161.755291
-12.216583,19,162.140345
-12.243072,19,162.198821
-13.153503,21,162.262717
-11.882242,18,162.316613
-11.460601,18,162.371597
-11.592818,18,162.427048
-11.240365,17,162.478541
-11.852687,19,162.536875
-12.890904,20,162.597332
-12.175034,19,162.654659
-11.344242,18,162.718528
-11.848783,19,162.779975
-11.7491,19,162.837915
-12.273422,20,162.898278
-11.896063,18,162.953138
-13.137318,20,163.013778
-11.846413,18,163.06844
-12.831154,21,163.132131
-11.895053,20,163.192823
-12.118269,19,163.250359
-11.703489,19,163.307423
-12.677824,21,163.371251
-12.524528,20,163.431849
-13.473614,23,164.156511
-11.864251,18,164.212283
-14.532732,25,164.288826
-11.731836,19,164.346631
-11.68942,18,164.402293
-11.702801,19,164.459962
-12.571668,20,164.521279
-11.36874,18,164.576532
-11.744149,18,164.632206
-11.742174,18,164.686869
-12.286739,20,165.41366
-13.059182,20,165.475208
-15.574448,28,165.561046
-11.291737,17,165.614205
-12.240414,19,165.672914
-11.527569,19,165.730284
-12.651229,20,165.791553
-11.968566,19,165.849217
-12.014905,19,165.906666
-11.81626,19,165.964382
-11.584509,18,166.021149
-12.040095,19,166.079079
-11.878422,19,166.136448
-12.417815,19,166.19465
-12.112452,19,166.252606
-11.749274,18,166.307417
-12.000758,18,166.361573
-12.222422,20,166.422517
-11.704335,18,166.477077
-11.925842,19,166.535051
-12.521981,19,166.59451
-11.511561,18,166.649664
-13.025195,21,166.713074
-11.738322,18,166.7677
-14.634961,23,166.837321
-11.743176,17,166.888595
-11.885155,19,166.946383
-11.282824,18,167.001852
-12.018655,18,167.057222
-12.587895,21,167.120594
-11.907887,18,167.174922
-11.807863,18,167.230692
-12.482772,20,167.619395
-11.780946,18,167.674519
-13.418036,21,167.738219
-11.54178,18,167.79291
-11.809025,18,167.848616
-12.780042,20,167.908363
-12.925343,21,167.971079
-11.552896,18,168.025705
-11.697771,18,168.079908
-12.21694,19,168.137652
-11.761217,18,168.191875
-12.162611,19,168.250511
-12.420229,19,169.137827
-12.595667,21,169.203719
-11.343654,18,169.261582
-12.840886,21,169.325956
-11.78509,18,169.380404
-13.325168,22,169.44751
-11.595553,17,169.498823
-12.408196,19,169.556028
-12.696658,20,169.618551
-12.336416,20,169.679644
-11.701762,18,169.733677
-12.167898,19,169.790577
-12.614367,20,169.851177
-12.899215,21,169.91452
-11.616092,18,169.968663
-11.602381,18,170.026001
-12.186994,18,170.081561
-11.779255,19,170.141683
-12.271293,20,170.20561
-12.186709,20,170.270199
-11.961976,18,170.327486
-12.233694,20,170.732985
-11.975015,18,170.787771
-11.423819,18,170.842968
-11.844379,19,170.900872
-11.747177,18,170.954986
-12.142114,19,171.011927
-12.553539,20,171.072903
-11.857951,19,171.130431
-11.327957,18,171.18542
-12.821495,20,171.246731
-12.214951,19,171.304071
-12.566371,20,171.364285
-12.295434,20,171.424298
-12.119693,19,171.482648
-11.98257,19,171.539853
-11.348217,18,171.594167
-12.171454,19,171.652541
-11.54128,19,171.709972
-11.64572,19,171.767709
-12.246665,19,171.824697
-13.121948,21,171.888481
-11.424664,18,171.942724
-11.528968,19,172.00025
-11.786891,19,172.058773
-12.169997,19,172.116731
-11.563704,18,172.173029
-12.398178,19,172.233795
-11.459391,18,172.291975
-11.869756,18,172.349163
-12.670646,21,172.416557
-11.708763,18,172.474473
-11.530049,18,172.53242
-11.956225,19,173.278096
-11.770209,18,173.684305
-13.030677,23,173.758391
-12.261863,19,173.819772
-13.892079,21,173.887552
-13.040525,22,173.957848
-11.845403,18,174.01555
-12.001126,19,174.077582
-12.61524,19,174.138423
-13.012195,21,174.205373
-11.549238,18,174.263676
-11.545147,19,174.325477
-12.110689,19,174.386727
-11.805908,18,174.444763
-11.754912,19,174.506269
-12.011467,19,174.567538
-11.911724,19,174.628512
-19.929761,28,174.720165
-13.055635,22,174.791733
-11.755552,18,174.849783
-12.992256,21,174.917921
-12.005711,19,174.979133
-11.416016,18,175.037356
-12.529892,20,175.102237
-12.398012,19,175.163603
-11.7753,18,175.221721
-11.742424,18,175.279856
-11.364803,18,175.338297
-11.958531,19,175.400212
-11.716868,18,175.458357
-12.179491,19,175.5199
-11.655333,19,175.581106
-11.768177,19,175.642416
-11.786697,19,176.048609
-12.195117,19,176.109867
-11.810173,18,176.167988
-11.903024,19,176.229074
-12.124093,19,176.290056
-13.204271,21,176.358711
-12.820708,19,176.41966
-11.435779,19,176.480673
-11.796368,19,176.542764
-12.67056,20,176.607101
-11.904029,19,176.668188
-12.242037,19,176.729871
-11.614293,18,176.787727
-11.73999,19,176.848742
-12.044116,19,176.910011
-12.024928,19,176.971348
-13.067485,22,177.041909
-14.283588,22,177.112291
-11.58538,18,177.169917
-11.574623,18,177.228294
-12.048413,19,177.937063
-12.421259,19,177.995529
-12.554774,19,178.05296
-11.816588,18,178.10714
-11.778369,18,178.162283
-11.439869,18,178.217393
-11.999962,19,178.275641
-11.627066,18,178.330471
-11.57394,18,178.385327
-12.245262,20,178.445931
-11.443658,18,178.50018
-12.800673,22,178.567854
-11.912873,19,178.625197
-11.891485,18,179.006006
-11.795377,18,179.060495
-11.925879,19,179.118175
-11.641455,18,179.173473
-11.639799,18,179.228538
-12.138756,19,179.285986
-11.983996,19,179.344414
-12.55506,19,179.402472
-11.618941,18,179.45748
-13.556,21,179.521209
-11.896909,19,179.579795
-12.743514,21,179.643722
-11.916852,19,179.701299
-11.428524,19,179.759718
-11.837186,19,179.818782
-13.746813,23,179.888739
-11.957935,19,179.947005
-12.000481,19,180.006075
-11.577224,18,180.062408
-11.794342,19,180.12223
-11.959989,19,180.183013
-12.071336,19,180.244335
-11.993415,19,180.302453
-11.494276,18,180.357751
-11.880021,19,180.416172
-13.232139,22,180.483795
-12.857537,22,180.550872
-11.671366,18,180.605829
-11.619785,19,180.663346
-11.504168,18,180.717741
-12.197608,19,180.77656
-11.628536,18,180.831904
-11.669732,18,181.213335
-12.889121,21,181.277399
-14.050144,22,181.34509
-11.971089,19,181.40487
-12.062846,19,181.462625
-13.259884,22,181.529351
-12.156278,18,181.585204
-12.211438,20,181.645772
-11.315784,18,181.701022
-11.626455,18,182.421082
-12.291953,19,182.481757
-11.344211,18,182.539402
-11.418842,19,182.600343
-12.158753,19,182.6611
-12.393238,19,182.721941
-11.932337,20,182.786102
-11.97361,19,182.847225
-11.965488,19,182.907587
-11.821965,18,182.965481
-11.449521,18,183.024255
-11.583271,18,183.081571
-12.062511,19,183.142104
-11.139935,17,183.197348
-12.268389,19,183.258492
-11.482197,18,183.316609
-11.30344,18,183.374306
-11.823853,18,183.433123
-11.692066,18,183.49137
-11.528113,19,183.55237
-11.408151,18,183.610646
-11.422863,18,183.668378
-11.447325,18,183.726161
-11.44608,18,183.783495
-11.890895,18,183.841896
-13.053053,21,184.250329
-12.144504,20,184.31383
-12.474814,20,184.373595
-11.625001,18,184.429276
-11.706657,19,184.48661
-12.138931,19,184.543528
-13.327847,20,184.604062
-11.992566,19,184.66231
-11.622792,18,184.716462
-11.36327,18,184.770543
-11.839497,19,184.828336
-11.873599,20,184.889294
-12.632886,19,184.947365
-11.574744,18,185.002228
-11.719851,18,185.058558
-11.506252,18,185.113106
-11.611934,18,185.167182
-11.540104,18,185.223818
-11.602622,18,185.279098
-12.822058,21,185.345177
-13.279645,20,185.408247
-11.551708,18,185.468011
-11.625861,18,185.526356
-12.083175,19,185.587813
-11.76753,18,185.647145
-11.663136,19,185.712041
-11.58592,17,185.765155
-11.541426,18,185.822162
-11.999002,18,185.880035
-12.630689,20,185.943368
-11.440091,18,186.676361
-12.409366,20,186.740077
-12.705258,21,186.807178
-11.701871,19,187.536452
-11.626769,18,187.591174
-11.839017,19,187.649093
-11.674446,20,187.711304
-11.796541,19,187.768396
-11.667123,19,187.826061
-13.14769,21,187.889915
-12.024652,19,187.947469
-14.848993,24,188.019708
-11.642806,19,188.077477
-11.909623,20,188.138187
-11.932319,20,188.19828
-12.332553,19,188.25516
-11.784667,18,188.310114
-11.382635,18,188.363925
-12.824393,21,188.427381
-12.477035,21,188.491642
-11.827049,19,188.549337
-11.855277,19,188.606551
-12.299057,20,188.667419
-11.726576,18,188.722527
-11.661525,18,188.776728
-12.133175,19,188.834274
-12.059084,19,188.891951
-11.542346,18,188.945893
-11.227714,17,188.996781
-12.921293,21,189.060974
-11.701091,18,189.11553
-11.591778,18,189.169062
-12.164692,19,189.226433
-11.160929,18,189.280947
-11.873141,19,189.338898
-12.318885,20,189.723194
-12.628718,19,189.780746
-11.984631,19,189.83778
-11.847615,18,189.892312
-12.282151,20,189.954033
-11.710429,19,190.012342
-11.731228,19,190.070753
-11.902623,20,190.131758
-14.630448,25,190.20768
-12.488754,22,190.275107
-11.124946,18,190.330079
-11.268751,18,190.384639
-12.244282,20,190.445093
-12.104094,19,190.503063
-13.784298,22,190.570513
-13.566576,22,190.638583
-11.395643,18,190.693932
-13.061274,21,191.523302
-11.654449,19,191.580787
-12.085063,19,191.639445
-11.5525,18,191.69369
-12.255061,19,191.751772
-11.648667,19,191.810209
-11.253487,18,191.865022
-11.872743,19,191.923494
-12.677155,21,191.98734
-11.656968,19,192.045285
-11.503172,19,192.102445
-11.365115,19,192.159945
-11.866835,20,192.220026
-11.284737,19,192.278003
-11.750968,19,192.335918
-12.468732,21,192.723165
-12.106655,19,192.781076
-11.18645,18,192.835809
-11.654197,19,192.893412
-12.600155,19,192.951231
-11.628654,19,193.008647
-12.326507,19,193.066013
-11.574744,18,193.120426
-14.288187,22,193.188657
-11.654598,19,193.246887
-12.175109,20,193.309039
-11.845826,19,193.369128
-11.55582,18,193.430256
-11.718773,18,193.487545
-11.487695,18,193.545407
-12.440815,21,193.612648
-11.68658,18,193.671039
-12.218814,19,193.73205
-11.825862,18,193.789469
-11.833005,19,193.850163
-11.847629,20,193.913771
-11.297913,18,193.971321
-11.704097,18,194.028461
-11.915274,20,194.09207
-11.469545,18,194.150148
-11.547779,18,194.207765
-11.831018,19,194.269163
-11.641438,18,194.326429
-11.845932,19,194.387896
-11.570238,18,194.445384
-11.705775,18,194.50259
-11.736036,19,194.563117
-12.851513,21,194.630857
-11.702013,18,195.032772
-11.6639,18,195.090598
-11.887165,19,195.151974
-11.415091,18,195.210404
-12.195389,20,195.275146
-11.553882,18,195.33151
-12.77043,20,196.081052
-11.732122,19,196.143692
-11.366846,18,196.202667
-12.369367,20,196.268521
-11.376938,18,196.326605
-12.374308,19,196.387955
-11.499612,19,196.449378
-11.31152,18,196.50686
-11.298588,18,196.564483
-11.979416,19,196.625039
-11.559456,18,196.682487
-11.919713,19,196.743166
-11.319056,18,196.800937
-11.697158,18,196.858634
-12.481501,20,196.922427
-12.087492,20,196.987116
-12.100095,19,197.048371
-13.517627,23,197.122216
-11.793294,19,197.183634
-11.872004,19,197.244956
-11.945692,19,197.30556
-11.75205,19,197.367059
-15.797492,27,197.453417
-12.870247,21,197.520951
-11.566409,19,197.582388
-12.035368,19,197.643711
-13.596121,23,197.717771
-11.83247,19,198.121004
-11.150351,18,198.178895
-14.394958,24,198.255433
-13.101204,24,198.331901
-11.757442,19,198.393648
-12.066391,19,198.457311
-11.177796,18,198.51468
-11.631849,19,198.575376
-11.572787,18,198.633428
-11.496683,18,198.691028
-11.754992,19,198.752027
-11.410882,19,198.81266
-11.73033,19,198.873884
-12.160333,20,198.937978
-11.645849,18,198.995431
-11.547844,18,199.053919
-11.5277,18,199.111563
-11.479675,18,199.169253
-11.335639,19,199.230623
-11.761942,18,199.288797
-13.289161,21,199.357489
-11.311995,18,199.415572
-11.848277,18,199.473764
-11.887722,20,199.537794
-11.348044,18,199.595746
-11.674188,18,199.653685
-13.483775,22,200.323374
-13.61784,22,200.389602
-11.588466,18,200.446451
-11.375397,18,200.502402
-12.751056,20,200.56544
-11.663541,18,200.62298
-11.78423,19,201.020794
-11.571517,18,201.078943
-11.559126,19,201.140125
-11.819028,19,201.201271
-11.457469,18,201.259742
-11.19412,18,201.316818
-11.32533,18,201.373969
-11.696885,18,201.431689
-11.635806,19,201.492486
-11.484451,18,201.54968
-11.704779,19,201.610299
-11.957046,19,201.671066
-11.282438,18,201.728488
-12.230592,20,201.792435
-11.755628,18,201.850261
-12.117702,19,201.911467
-11.962838,19,201.972016
-11.476938,18,202.029364
-12.260246,21,202.096892
-12.195733,19,202.157227
-11.359153,19,202.218597
-11.477144,18,202.276685
-13.069503,23,202.350452
-11.883409,19,202.411145
-11.859431,18,202.468613
-12.093916,19,202.529572
-12.516888,21,202.596694
-11.657102,18,202.654194
-12.092477,19,202.715011
-11.32569,18,202.772405
-11.452134,18,202.830076
-13.084854,24,202.904853
-11.639118,18,202.959644
-12.041608,19,203.342637
-12.583264,20,203.403298
-11.53982,19,203.460982
-11.955127,19,203.519596
-13.049319,21,203.583315
-11.955671,19,203.640333
-11.713595,19,203.697888
-11.825614,18,203.752448
-11.581732,18,203.807261
-11.383576,18,203.862291
-11.38171,17,203.913766
-12.100624,19,203.97144
-11.613089,18,204.025594
-11.632428,18,204.080196
-12.070728,19,204.138358
-12.068392,20,204.841688
-12.156162,19,204.903856
-11.380456,19,204.965397
-11.567826,19,205.026402
-12.442658,20,205.091346
-11.32258,18,205.14951
-12.213906,18,205.207181
-11.501649,19,205.2678
-11.189918,18,205.32599
-12.058695,19,205.387134
-11.248354,18,205.444746
-11.64125,18,205.502977
-12.921378,21,205.570429
-11.377432,18,205.628675
-11.669079,18,205.687537
-11.295081,18,205.745154
-11.818688,18,205.802376
-11.759637,19,205.863469
-11.614249,18,205.921797
-11.327348,18,206.323274
-11.384552,18,206.381273
-11.443508,18,206.439017
-11.759031,18,206.504277
-11.65627,18,206.562212
-13.057214,21,206.629389
-11.583241,18,206.687246
-11.578277,18,206.745334
-11.640534,19,206.805716
-11.754104,19,206.866489
-11.944306,19,206.927967
-11.756608,19,206.988974
-12.659713,22,207.059808
-11.347094,18,207.118131
-11.574831,19,207.179397
-11.977819,19,207.240337
-11.171024,18,207.297864
-12.160381,20,207.36341
-11.632355,18,207.421627
-12.019241,20,207.48534
-11.510239,19,207.54705
-11.326203,17,207.601414
-11.311438,18,207.65966
-12.190903,19,207.720359
-11.57252,18,207.778183
-11.608201,18,207.836626
-11.385289,18,207.894613
-11.865773,19,207.956342
-11.467327,18,208.015203
-12.097513,20,208.080122
-12.238899,19,208.141522
-13.347013,23,208.215271
-11.396835,18,208.27359
-12.095418,19,209.032761
-11.383411,18,209.088072
-11.090091,18,209.144066
-11.546709,19,210.132481
-11.600316,19,210.192008
-11.330945,18,210.250819
-11.200088,18,210.308026
-11.805261,19,210.368363
-11.963886,19,210.428885
-12.665401,22,210.498592
-11.264737,18,210.556855
-11.69893,18,210.614405
-12.757753,20,210.678225
-11.836077,19,210.73894
-12.204512,19,210.799534
-11.579726,19,210.859883
-11.616958,19,210.920851
-12.074242,20,210.985347
-11.501321,18,211.042664
-11.680769,19,211.103258
-11.980677,20,211.167847
-11.580623,19,211.228816
-11.696318,18,211.286417
-11.97513,19,211.34752
-11.821206,20,211.411576
-11.581231,18,211.472221
-11.771591,19,211.533463
-11.681508,18,211.591745
-11.438426,18,211.649403
-12.95208,21,211.715835
-11.412348,18,211.773689
-12.119777,19,211.834323
-11.649842,18,211.891948
-11.960107,19,212.294797
-11.661495,18,212.353115
-11.426182,18,212.411094
-11.4158,18,212.46866
-11.398554,18,212.526472
-12.039249,19,212.587946
-11.677455,19,212.649219
-11.447183,19,212.710311
-12.254085,21,212.777839
-11.925515,19,212.839395
-12.829221,21,212.906843
-12.24107,20,212.971195
-11.924715,20,213.035332
-11.634124,19,213.096468
-11.634941,18,213.154602
-11.532357,18,213.213001
-12.216558,19,213.27367
-11.870272,19,213.334837
-11.179926,17,213.389807
-14.076378,26,213.473483
-11.154085,18,213.530598
-11.567876,18,213.588195
-11.524333,18,213.646027
-11.441401,18,213.703539
-12.250288,19,214.495659
-12.436809,21,214.562839
-11.35767,18,214.621123
-11.651569,18,214.679048
-11.845729,19,214.740514
-12.702428,20,214.805385
-11.455415,18,214.864232
-12.744973,21,214.932083
-12.697613,20,214.99714
-11.512568,18,215.391338
-11.401973,18,215.447531
-11.663342,18,215.502881
-11.589989,19,215.561458
-11.504768,19,215.62009
-11.426629,19,215.679748
-11.626805,18,215.73473
-11.12632,18,215.789701
-11.686457,18,215.846062
-11.450583,18,215.900405
-11.725761,18,215.954718
-11.990107,19,216.013164
-11.072904,18,216.068748
-11.605405,18,216.125337
-12.473755,19,216.185222
-11.171368,18,216.24276
-11.501842,18,216.30072
-11.769605,18,216.358369
-11.562591,18,216.416194
-12.638506,20,216.487917
-12.724393,21,216.555384
-11.76324,20,216.620121
-11.413726,18,216.67767
-11.427371,18,216.735385
-11.275712,19,216.797008
-12.299059,19,216.85913
-11.331809,18,216.917238
-12.953296,22,216.987591
-12.166527,21,217.055755
-11.560968,18,217.114161
-11.236971,18,217.171763
-11.095983,18,217.230146
-11.675568,20,217.294808
-12.254285,20,217.703844
-11.687428,18,217.76251
-12.155691,19,217.824145
-11.803585,19,217.886152
-11.621211,18,217.94416
-11.073888,18,218.002041
-11.334937,18,218.060289
-11.416849,18,218.119018
-11.616172,20,218.183575
-11.871252,19,218.244448
-11.665346,18,218.302789
-11.570282,19,218.36315
-11.822293,18,219.118159
-13.680756,22,219.189465
-11.481132,18,219.247636
-12.565416,21,219.316054
-11.381533,18,219.374594
-11.246096,18,219.433496
-11.617449,18,219.492224
-11.345644,18,219.550532
-11.215192,18,219.608747
-11.919266,19,219.66997
-11.494871,18,219.728353
-11.225326,18,219.787244
-12.065995,20,219.85266
-11.345273,18,219.910724
-11.673296,18,219.968843
-11.732904,18,220.027506
-11.888404,19,220.089623
-11.557804,18,220.147744
-11.811985,19,220.209171
-11.994968,20,220.274642
-12.244406,19,220.33567
-12.309322,20,220.738354
-11.812731,19,220.797833
-11.566395,18,220.855304
-12.842772,24,220.932299
-11.519708,18,220.990221
-11.627107,19,221.051537
-11.447161,18,221.109377
-11.418537,18,221.166972
-11.345986,18,221.224967
-11.27372,18,221.283125
-12.15232,20,221.347142
-12.064314,19,221.408356
-11.048366,17,221.46309
-11.303408,18,221.521484
-11.416477,18,221.579381
-11.580673,19,221.6401
-12.151222,19,221.702046
-11.504137,19,221.760722
-11.507037,18,221.817878
-11.646872,18,221.875563
-11.205992,18,221.933764
-11.088916,17,221.988563
-11.830495,19,222.050283
-11.670062,18,222.108506
-12.735549,19,222.169729
-11.718948,19,222.230959
-11.586227,18,222.289113
-11.315213,18,222.347612
-11.074377,18,222.405603
-12.594142,21,222.473098
-11.475384,18,222.531431
-11.319286,18,222.589428
-11.627546,18,222.647527
-11.473763,18,222.706343
-11.66982,19,223.919425
-11.43054,19,223.979606
-12.01246,20,224.043714
-12.182625,19,224.104661
-11.428302,18,224.162648
-11.198818,18,224.22053
-11.200644,18,224.278341
-11.604125,18,224.336977
-11.329257,18,224.394936
-11.32207,18,224.453414
-11.525549,18,224.51162
-11.586773,18,224.569865
-11.409166,18,224.627819
-11.021464,18,224.685773
-12.027626,19,224.747004
-11.915461,18,224.804848
-11.064518,18,224.863081
-11.249088,18,224.921348
-12.788031,21,224.993439
-12.330533,19,225.053945
-11.222095,18,225.111957
-11.301468,17,225.167158
-12.269522,21,225.234818
-11.965294,19,225.295764
-11.497606,18,225.353972
-11.255731,18,225.411926
-11.617618,18,225.470403
-11.163434,18,225.528562
-11.307778,18,225.586644
-11.375587,18,225.644468
-11.717732,19,225.705608
-11.524917,18,225.76439
-11.616629,19,225.825342
-11.548138,18,225.883219
-11.082605,18,226.284699
-11.243012,18,226.343356
-12.128205,20,226.407936
-11.423376,18,226.466402
-11.605956,18,226.524351
-11.37113,18,226.583079
-11.575933,19,226.643989
-11.282389,18,226.701192
-11.834305,19,226.762838
-11.245604,17,226.817428
-11.202624,18,226.874861
-12.465483,20,226.938907
-11.854546,19,227.000567
-11.341584,18,227.058625
-11.248983,17,227.113308
-12.692728,21,227.181016
-11.31869,19,227.242021
-15.664575,27,227.328116
-11.967933,19,227.389823
-11.750673,19,227.450231
-11.87067,19,227.511533
-11.470896,19,228.219159
-12.449439,20,228.279929
-11.928958,19,228.337611
-12.252155,20,228.400323
-11.277538,18,228.456778
-11.45333,19,228.517622
-11.383394,18,228.575797
-11.164868,18,228.633505
-11.145579,18,228.691261
-11.283519,18,228.748524
-11.368946,18,228.80653
-11.279023,18,228.863702
-12.165222,19,229.26443
-11.472832,18,229.323092
-11.752739,19,229.384581
-11.364703,18,229.442892
-11.622594,18,229.501215
-11.366751,18,229.558661
-11.305013,18,229.616951
-11.664831,19,229.678152
-11.244822,18,229.735487
-12.03324,18,229.793437
-11.42762,19,229.854195
-11.53524,18,229.911735
-13.04624,23,229.986807
-12.640362,20,230.052016
-12.258366,20,230.116245
-11.490114,18,230.173952
-12.64859,19,230.235117
-11.546604,19,230.296388
-10.994015,18,230.354266
-11.421944,18,230.412365
-11.731881,18,230.469823
-12.844818,22,230.539879
-12.200434,20,230.605071
-11.481355,18,230.663669
-11.64,18,230.72151
-11.421975,19,230.782353
-11.560518,19,230.843333
-11.086823,18,230.900591
-11.475254,19,230.961625
-12.168819,19,231.02255
-12.004832,19,231.08373
-11.247841,18,231.141032
-12.587022,19,231.202713
-11.893471,19,231.954383
-11.941594,19,232.016201
-11.346191,19,232.077706
-11.415018,19,232.138688
-11.435433,19,232.199731
-11.911054,19,232.261348
-11.299675,18,232.319101
-11.602941,19,232.379945
-11.355265,18,232.437951
-12.059603,19,232.498486
-12.556767,21,233.369287
-11.492511,18,233.424379
-12.621696,21,233.487697
-11.707045,19,233.545294
-11.286952,18,233.599693
-11.611887,19,233.658465
-11.297879,18,233.7133
-11.649935,18,233.76759
-11.879765,19,233.825145
-12.414177,21,233.888276
-11.380003,18,233.942465
-12.246988,20,234.002893
-11.293463,18,234.057885
-12.654448,22,234.124378
-11.136456,18,234.17926
-11.391423,18,234.234195
-11.320241,18,234.288688
-11.636235,18,234.343847
-11.846858,19,234.407009
-11.590426,19,234.465041
-11.413134,18,234.51941
-11.101243,18,234.573882
-12.906622,23,234.644587
-12.548899,21,235.036363
-11.553323,18,235.09207
-11.488783,18,235.146555
-11.34399,19,235.204052
-11.233881,18,235.259598
-11.563337,18,235.314036
-11.321078,18,235.36851
-11.555222,18,235.423001
-11.897417,19,235.481121
-11.55863,18,235.535549
-11.602707,19,235.593467
-11.872136,19,235.651689
-11.83237,18,235.706798
-11.370421,19,235.764529
-11.671679,18,235.819384
-11.56109,19,235.878075
-11.285002,18,235.932352
-11.463943,18,235.986869
-11.122471,18,236.040868
-11.804077,19,236.098896
-11.507579,18,236.152933
-11.730999,20,236.21417
-11.394093,18,236.269369
-11.661385,19,236.326533
-12.021422,20,236.386429
-11.371611,18,236.440566
-12.760971,20,236.501874
-11.448187,18,236.556239
-11.104556,18,236.610404
-11.648156,18,236.665216
-11.490265,18,236.719931
-11.54029,18,237.45069
-11.821921,20,237.515819
-11.65786,19,237.576648
-11.872973,19,237.98329
-11.769103,19,238.044979
-11.821295,19,238.10794
-11.165349,19,238.165902
-11.209379,18,238.220838
-11.187609,18,238.276289
-11.419048,18,238.331152
-11.262293,18,238.38617
-11.35395,18,238.44174
-11.441883,18,238.496772
-11.515675,19,238.554337
-11.880833,19,238.611563
-11.458524,18,238.666736
-11.70199,19,238.725335
-11.156396,18,238.780026
-11.321253,18,238.834666
-11.963446,20,238.895536
-11.377034,18,238.949877
-12.668867,20,239.010171
-11.552053,17,239.062279
-11.475563,19,239.120239
-11.584798,17,239.172053
-11.27477,19,239.230006
-11.045168,18,239.284703
-12.096887,19,239.343424
-11.510557,19,239.400989
-11.527959,18,239.455002
-11.507425,19,239.513141
-11.509664,19,239.570893
-11.807497,19,239.628444
-12.434183,22,239.695903
-12.656088,20,239.757069
-11.005748,18,239.811638
-11.281701,18,240.193629
-11.569304,18,240.249831
-11.527874,18,240.306101
-12.750594,21,240.369987
-11.424355,19,240.427501
-11.454833,18,240.481874
-12.492689,20,240.542897
-11.152259,18,240.598723
-11.61904,19,240.657449
-11.763008,18,240.71343
-11.128412,18,240.768795
-11.355367,18,240.82393
-11.472101,19,240.88151
-11.260689,18,240.936677
-11.294658,18,240.990911
-11.868715,19,241.047859
-11.657788,19,241.10496
-11.449063,18,241.15984
-11.17311,18,241.21487
-11.097051,18,242.065816
-11.340102,18,242.123084
-11.094597,18,242.181634
-11.99072,19,242.242584
-11.718106,19,242.303881
-11.141096,19,242.365994
-10.989437,18,242.424305
-11.359982,18,242.48255
-11.583215,18,242.540907
-11.309051,18,242.599727
-11.248516,18,242.658393
-11.237758,18,242.716499
-16.247924,27,242.804372
-10.919774,17,242.859182
-11.598932,18,242.917154
-11.345313,18,243.318307
-11.747372,18,243.374752
-11.439121,18,243.431603
-11.6871,19,243.489565
-11.615452,18,243.544476
-11.38951,19,243.603333
-11.4815,18,243.657887
-11.464284,18,243.712345
-11.196111,17,243.765297
-12.354266,20,243.82614
-11.377943,19,243.883188
-11.468118,18,243.937945
-11.268821,18,243.993052
-11.553575,19,244.049937
-11.570157,19,244.106955
-11.994208,20,244.167895
-11.451663,18,244.223295
-11.550897,19,244.281004
-11.378525,19,244.338517
-11.475113,18,244.394158
-11.295428,18,244.448813
-11.457721,18,244.502779
-11.197114,18,244.557427
-11.286041,19,244.615661
-11.442037,18,244.669755
-11.420941,19,244.726518
-11.880633,19,244.784545
-11.641775,19,244.842555
-11.285631,18,244.89737
-11.860716,20,244.957627
-11.462626,18,245.013427
-11.114716,18,245.068317
-11.41353,19,245.125849
-12.15288,20,245.186741
-11.577311,18,245.569566
-11.815874,19,245.630376
-11.265866,18,245.687739
-12.181022,20,245.751094
-11.250537,18,245.809239
-11.276974,18,245.867018
-11.26942,18,246.687838
-11.571196,19,246.74912
-11.338574,18,246.805297
-11.728372,19,246.865494
-11.721201,18,246.92294
-11.490633,18,246.98017
-11.473409,18,247.038599
-11.344263,19,247.099042
-11.442254,18,247.156026
-11.495907,19,247.217443
-11.310616,18,247.275181
-11.328104,18,247.33227
-11.751878,19,247.392972
-11.635036,19,247.454539
-12.102762,21,247.521675
-11.611089,19,247.582293
-11.041825,19,247.64327
-12.381404,20,247.707019
-11.275851,17,247.760795
-11.438695,17,247.815923
-11.44114,18,247.873963
-12.572555,21,247.94111
-13.783998,25,248.021933
-11.367596,18,248.079958
-11.331262,17,248.134408
-11.457991,19,248.195174
-11.197013,18,248.253334
-11.328115,17,248.670869
-11.595157,18,248.729237
-11.64499,18,248.787098
-11.518301,19,248.849414
-11.455552,18,248.907673
-11.148361,18,248.965615
-11.233141,18,249.023757
-11.179185,18,249.082061
-11.325021,18,249.140324
-11.432117,18,249.198249
-11.116832,18,249.256993
-11.350008,18,249.315209
-11.048343,18,249.373222
-11.388646,19,249.435209
-11.703708,19,249.497161
-11.615342,18,249.555441
-11.11835,18,249.613491
-11.174816,18,249.672591
-11.300765,18,249.730532
-11.266373,18,249.788714
-12.544049,20,249.85377
-11.46625,18,249.91256
-11.491999,19,249.974055
-11.484285,18,250.03243
-13.511152,22,250.104754
-12.422606,21,250.172554
-11.779349,19,250.233809
-11.474651,19,250.295763
-11.598292,19,251.037281
-12.712364,21,251.1023
-11.277715,18,251.157193
-11.683927,18,251.211646
-11.056119,18,251.266872
-11.476006,18,251.322014
-11.21147,18,251.742774
-12.308594,21,251.807253
-11.362363,18,251.861827
-11.913223,19,251.920197
-11.435248,19,251.977657
-10.856486,18,252.032924
-11.155117,19,252.091877
-11.46872,19,252.149404
-11.574264,18,252.203947
-11.932673,19,252.261526
-11.914584,20,252.32327
-11.622795,19,252.380689
-11.314932,18,252.435339
-11.277883,18,252.490945
-11.535936,18,252.545906
-11.621762,18,252.600974
-12.910481,21,252.664926
-11.48822,19,252.724381
-12.194046,19,252.782007
-11.173759,18,252.836645
-11.53514,19,252.89521
-11.547012,19,252.953159
-11.751581,19,253.012126
-11.566071,19,253.071227
-11.496985,18,253.126836
-11.056193,18,253.181499
-11.609877,18,253.235697
-10.994725,18,253.290468
-11.61254,19,253.348916
-11.530996,19,253.406261
-11.368662,18,253.460625
-12.241773,20,253.523129
-11.817658,19,253.581436
-12.726238,21,254.329933
-14.658909,26,254.408887
-10.999342,17,254.460914
-11.285378,18,254.516721
-11.284111,18,254.571123
-11.57409,18,254.627129
-10.90775,17,254.678993
-11.896258,19,254.737703
-11.612497,19,254.795188
-11.341225,18,254.849719
-11.193414,18,254.90472
-11.079353,18,254.960295
-11.527779,18,255.016081
-11.169171,18,255.073394
-11.805343,19,255.135048
-11.725051,18,255.192675
-11.371801,18,256.116971
-11.712426,18,256.172415
-11.178921,18,256.227431
-12.005528,20,256.287992
-12.978378,22,256.354977
-11.470502,18,256.410077
-10.922561,18,256.464581
-12.805176,23,256.534744
-10.99209,18,256.589651
-12.497279,22,256.656272
-11.463241,18,256.711208
-11.679264,19,256.769422
-10.971813,18,256.824271
-11.939167,19,256.881563
-11.539889,18,256.936753
-11.688182,18,256.99145
-12.953394,21,257.055829
-11.413577,18,257.45906
-11.947701,20,257.52021
-11.039485,18,257.576054
-11.279567,18,257.631004
-11.181073,18,257.686434
-11.521158,18,257.741955
-11.153218,17,257.793591
-11.831966,20,257.853985
-11.456842,19,257.911254
-11.400563,19,257.970309
-10.92709,18,258.024876
-11.507712,18,258.079544
-11.047748,18,258.134439
-11.39344,19,258.193272
-11.84733,19,258.25066
-14.075908,26,258.330023
-11.52951,18,258.385292
-11.439093,19,258.442853
-11.171052,18,258.497172
-11.25812,18,258.552068
-11.764442,18,258.609051
-11.004837,18,258.663749
-11.7154,19,258.721092
-11.308322,18,258.776436
-11.39477,18,258.830645
-11.207593,18,258.886035
-12.561591,22,258.954125
-11.756958,19,259.013971
-11.78522,19,259.074297
-11.081246,18,259.132116
-11.093349,18,259.190048
-11.745339,19,259.252251
-12.818837,21,259.320578
-11.558644,18,259.741842
-11.233734,18,259.800892
-12.611781,23,259.875244
-11.696211,19,259.936784
-11.279203,18,260.776373
-11.384785,19,260.834904
-11.490594,18,260.889619
-11.984177,20,260.95012
-11.300595,18,261.005443
-11.343253,18,261.06037
-11.353196,18,261.114961
-11.922263,20,261.175571
-11.552118,19,261.23499
-11.295626,19,261.29361
-11.264133,18,261.348493
-11.590702,19,261.40695
-11.444405,19,261.464884
-12.202311,19,261.522505
-11.30684,18,261.576874
-11.248617,18,261.632687
-11.117497,18,261.687654
-11.303126,18,261.742431
-10.965843,18,261.797569
-11.325139,18,261.852261
-11.21489,18,261.907713
-12.523159,21,261.971546
-11.683657,19,262.030036
-11.537966,19,262.087825
-11.569399,18,262.142264
-11.350131,18,262.197343
-11.178386,18,262.252977
-10.907562,18,262.307533
-11.459942,19,262.364963
-11.761232,19,262.423156
-11.826741,18,262.825456
-11.280189,18,262.88089
-11.463837,18,262.935522
-14.945229,25,263.011828
-11.362289,18,263.06776
-10.970568,17,263.121769
-10.971628,18,263.180731
-11.041651,18,263.239674
-11.272873,18,263.296095
-11.417741,18,263.354065
-13.071455,24,263.431588
-11.103274,18,263.489858
-11.555025,18,263.547917
-12.157784,20,263.612715
-11.395763,18,263.670786
-12.863617,21,263.738602
-11.863503,19,263.800243
-11.349572,18,263.85938
-11.237829,18,263.917243
-11.628988,19,263.978507
-11.864372,20,264.043189
-11.222404,18,264.101369
-11.863866,19,264.163139
-11.669777,19,264.224568
-11.403926,18,264.988168
-12.816966,23,265.063287
-11.427812,19,265.124452
-11.443722,18,265.182508
-11.442727,18,265.240092
-11.074701,18,265.298206
-10.773794,18,265.356385
-11.327363,18,265.4142
-11.213095,17,265.469587
-11.547929,18,265.888438
-10.965695,18,265.946791
-10.991454,18,266.004833
-10.880165,18,266.063252
-10.964649,18,266.121406
-11.083408,19,266.183185
-11.427876,19,266.24475
-11.515142,19,266.306469
-11.257063,18,266.364573
-11.381327,19,266.425931
-11.197512,18,266.484203
-11.238829,18,266.54232
-11.295338,19,266.602777
-11.016652,18,266.660619
-11.171285,18,266.71902
-11.558621,19,266.779958
-11.120455,18,266.838751
-11.50197,19,266.900334
-11.027918,18,266.958143
-10.985926,18,267.01593
-11.641404,19,267.077193
-11.653142,20,267.141802
-11.858738,19,267.199234
-11.099821,19,267.257641
-12.399672,21,267.321858
-11.302074,19,267.379549
-11.527892,19,267.43768
-11.474611,19,267.496084
-13.258419,22,267.562203
-11.569914,18,267.616709
-11.091957,18,267.672325
-11.317437,18,267.726637
-11.68077,19,267.784342
-11.428647,18,268.179541
-10.864248,17,268.23144
-11.147485,17,268.283624
-11.199131,18,268.338574
-11.412423,18,268.393399
-11.384322,18,268.44872
-11.243829,18,268.503766
-11.134402,18,268.557967
-11.9105,18,268.61194
-24.960268,34,268.715451
-11.214134,18,268.769933
-11.157709,18,268.824256
-11.274538,18,268.879176
-11.351404,18,269.601864
-11.958579,20,269.663748
-11.479109,19,269.723876
-11.211793,18,269.780791
-11.288814,19,269.841322
-11.709131,19,269.902575
-11.92652,20,269.966799
-11.214833,18,270.02562
-11.811714,19,270.086657
-11.513969,18,270.144808
-10.933173,18,270.20239
-12.927459,21,270.270283
-11.633998,18,270.328712
-11.477222,18,270.386533
-11.157238,18,270.444436
-12.456131,21,270.512058
-10.983579,18,270.569801
-11.104182,18,270.627668
-11.191593,19,270.688715
-11.213761,19,270.750214
-11.691332,19,271.169895
-11.310484,17,271.22196
-11.587151,18,271.276299
-11.27133,18,271.332129
-11.213807,18,271.386449
-11.283572,18,271.440606
-11.641999,19,271.498179
-11.490077,18,271.553028
-10.943047,18,271.607216
-11.362488,18,271.662461
-11.392691,18,271.717135
-11.157391,18,271.7718
-11.446643,19,271.829134
-11.222673,19,271.886249
-11.077414,18,271.941423
-11.004319,18,271.995909
-11.373099,19,272.053321
-11.362904,18,272.107776
-11.555911,19,272.165536
-11.318381,18,272.220416
-11.440201,18,272.2749
-11.366229,18,272.329548
-12.31196,20,272.390133
-11.38631,18,272.444721
-11.477799,18,272.499092
-10.986898,18,272.554655
-11.205243,18,272.608923
-11.387604,19,272.666497
-11.606539,19,272.724226
-11.114886,18,272.77879
-11.534225,18,272.833791
-11.399139,18,272.888624
-11.636513,19,272.948372
-11.084937,18,273.005236
-11.019446,19,273.422105
-11.273893,18,274.277736
-11.06624,18,274.334242
-11.256485,18,274.391662
-11.615649,19,274.452401
-11.480292,18,274.510128
-11.54548,20,274.575142
-12.081455,20,274.641011
-11.270642,18,274.698663
-11.234349,18,274.75741
-11.115172,18,274.815377
-11.02123,18,274.873253
-11.203029,18,274.931467
-11.629685,19,274.993341
-11.340213,19,275.055249
-11.751188,19,275.116338
-10.978003,18,275.174775
-11.341722,18,275.232545
-11.287409,18,275.290977
-11.233629,18,275.349138
-11.727629,19,275.411003
-11.944302,19,275.472195
-11.585672,19,275.533482
-11.053036,18,275.592569
-11.404601,17,275.647794
-11.268879,18,275.706177
-11.328263,19,275.767525
-11.466745,19,275.828932
-11.053967,18,275.887487
-11.209037,18,275.946349
-10.936216,18,276.004888
-11.143478,18,276.063148
-11.18196,18,276.121101
-11.595009,20,276.185555
-11.659957,19,276.973697
-11.081532,19,277.033164
-11.287123,18,277.087831
-11.365545,18,277.142555
-11.395403,18,277.197354
-11.385703,18,277.251856
-11.428222,18,277.307979
-11.323056,19,277.366448
-11.490069,19,277.425045
-11.307093,18,277.479462
-11.490423,18,277.53375
-11.249136,19,277.592675
-11.700544,19,277.651055
-11.918264,19,277.708486
-11.161284,18,277.76252
-12.236188,20,277.823467
-11.682828,19,277.881246
-12.296071,20,277.941605
-10.971699,18,277.996555
-13.223515,22,278.063284
-11.251474,18,278.117848
-11.259148,18,278.172302
-11.150861,18,278.228087
-12.991704,22,278.892142
-11.613071,18,278.946217
-11.210936,19,279.00357
-11.12035,18,279.058217
-11.175721,18,279.113325
-11.367224,18,279.167951
-11.347014,19,279.227168
-11.201851,18,279.282223
-11.443224,19,279.341016
-11.140671,18,279.397101
-11.005049,18,279.453309
-10.864263,17,279.82804
-11.033011,18,279.882973
-11.468995,18,279.937679
-11.504727,18,279.992702
-12.039177,20,280.054356
-11.203827,18,280.108442
-11.653715,19,280.165655
-11.112421,18,280.220552
-10.99964,18,280.275031
-11.151746,18,280.329779
-10.949709,18,280.385485
-11.721146,20,280.448696
-12.334991,19,280.508489
-11.222188,18,280.565682
-11.503747,19,280.627489
-10.847852,18,280.686029
-11.100397,18,280.74387
-11.339151,19,280.804714
-11.754766,20,280.869717
-11.219409,18,280.927541
-11.374652,18,280.984341
-11.493583,19,281.045924
-10.998996,18,281.104172
-11.256521,18,281.162193
-11.084838,18,281.21987
-11.344647,18,281.278428
-11.151368,18,281.336616
-11.082348,18,281.394346
-11.325861,18,281.452587
-11.297877,18,281.510636
-10.741672,18,281.568334
-11.136781,18,281.626745
-11.339461,18,281.685014
-11.30941,19,281.746178
-11.416592,18,282.148641
-11.452521,19,282.210378
-11.128532,18,282.26948
-11.785914,19,282.331492
-11.53677,18,282.389347
-14.582608,25,282.470186
-11.174077,18,282.528085
-11.295288,18,282.586228
-11.660075,19,282.64809
-11.326567,18,282.706559
-10.969591,18,283.591084
-11.801034,18,283.647002
-11.197407,18,283.704456
-10.955328,18,283.761951
-11.498691,19,283.822314
-11.623944,19,283.883423
-10.98353,18,283.940908
-11.220545,18,283.999021
-10.700942,17,284.052792
-11.347078,18,284.110991
-11.079595,18,284.168387
-11.169888,18,284.225848
-11.888496,19,284.287112
-11.356618,19,284.348089
-11.270995,18,284.405842
-11.414027,18,284.463641
-11.604939,18,284.522135
-11.583854,18,284.579942
-12.443419,20,284.643893
-11.458523,18,284.702434
-11.120032,18,284.76119
-11.386848,18,284.819256
-11.485022,19,284.880576
-11.462314,18,284.938997
-11.441236,18,285.34164
-11.612175,19,285.399483
-11.548508,19,285.456793
-10.83289,18,285.511456
-10.833884,17,285.563448
-10.87477,18,285.618132
-11.388338,17,285.669491
-10.868099,18,285.725528
-11.239034,19,285.782704
-11.097902,18,285.837935
-11.461418,19,285.895791
-11.145834,18,285.950194
-11.361608,19,286.007449
-10.988012,18,286.062965
-11.880927,20,286.12358
-11.082705,18,286.177454
-11.36614,18,286.232228
-11.057337,18,286.286078
-12.028333,20,286.347497
-10.846778,18,286.401769
-11.384286,19,286.45864
-11.109516,18,286.513356
-13.278019,23,286.58252
-10.887522,18,286.637331
-11.356502,18,286.691426
-11.409963,19,286.749776
-11.471205,20,286.810163
-11.454188,19,286.867423
-10.881846,18,286.922808
-11.053574,17,286.974192
-12.630005,20,287.034335
-11.159839,19,287.755462
-10.768289,18,287.814618
-11.007507,18,288.218488
-11.001927,18,288.277181
-11.234421,17,288.333479
-11.265207,17,288.388887
-11.436991,19,288.450648
-10.994084,18,288.508812
-11.122391,18,288.567792
-10.770967,18,288.62616
-11.77353,19,288.687518
-11.205934,18,288.746255
-11.206962,18,288.805164
-11.398981,19,288.868084
-11.234435,18,288.926381
-11.341623,18,288.984828
-10.998798,18,289.042967
-11.233109,18,289.100657
-11.461914,18,289.159234
-11.018553,17,289.21469
-11.4827,19,289.276312
-11.895293,19,289.33836
-11.594413,19,289.400163
-11.029808,18,289.458552
-11.019651,19,289.520244
-11.729929,19,289.582306
-11.049184,18,289.641011
-11.226625,18,289.699305
-11.209877,18,289.75798
-12.373845,20,289.822983
-11.000723,18,289.881828
-11.252847,19,289.943739
-11.151614,18,290.002752
-11.083457,18,290.061633
-11.171331,18,290.120127
-11.097225,18,290.17963
-11.407532,19,290.241377
-11.121261,19,290.653347
-11.370499,18,290.712088
-10.890771,17,290.767655
-11.183034,18,290.826324
-11.219728,18,290.885355
-11.24257,18,290.944365
-11.272516,18,291.003672
-10.948608,18,291.062469
-11.470697,18,291.120917
-11.633577,18,291.180719
-11.278472,18,291.239481
-11.543231,19,291.301443
-11.54953,19,291.36331
-11.269506,18,291.422979
-11.087385,18,291.481821
-11.314663,18,291.543279
-11.490116,19,291.601452
-11.527624,19,291.659987
-11.186016,18,291.714987
-11.176055,18,291.769826
-11.217209,18,292.691307
-11.306006,18,292.74602
-11.423638,17,292.798706
-10.99568,18,292.853779
-10.977987,18,292.908255
-20.005898,28,292.997555
-12.394801,21,293.062001
-10.991743,18,293.116224
-11.221294,18,293.170579
-11.042238,17,293.222972
-11.90605,20,293.283376
-10.918016,18,293.337961
-11.193393,18,293.39239
-11.45068,18,293.772981
-11.034808,18,293.82993
-11.246821,18,293.884626
-11.038659,18,293.940473
-11.388304,18,293.996003
-11.088539,18,294.051143
-11.433101,19,294.108395
-11.309512,18,294.162462
-11.100411,18,294.217673
-11.103415,18,294.272932
-10.963957,18,294.327194
-11.027814,18,294.383392
-11.367392,18,294.439184
-11.152743,19,294.49644
-11.847751,19,294.555149
-11.600151,19,294.613224
-10.897644,18,294.668353
-11.037262,18,294.722668
-11.262848,19,294.779798
-11.65339,19,294.837926
-11.280031,18,294.89293
-12.524422,23,294.962511
-11.153936,19,295.020791
-11.447369,19,295.079353
-11.089966,18,295.133655
-12.169111,22,295.200595
-10.866961,18,295.25592
-11.515372,19,295.313524
-11.358489,18,295.367664
-11.509771,18,295.422364
-10.891347,18,295.477705
-11.19146,18,295.532765
-11.479313,19,295.59052
-11.094154,18,295.645951
-11.309565,19,296.026764
-11.167763,18,296.082498
-11.087997,18,296.137019
-11.118438,19,296.194728
-11.100983,18,296.249969
-11.343357,18,296.304358
-11.060366,18,296.358492
-11.46485,19,296.41597
-10.994483,18,297.203032
-10.958723,18,297.257993
-11.253426,18,297.31226
-11.247771,18,297.366742
-12.691889,22,297.43337
-11.288496,19,297.492007
-11.346313,18,297.546624
-11.132903,18,297.601247
-11.084721,19,297.659591
-11.300024,18,297.714505
-11.172222,18,297.769294
-10.980443,18,297.823578
-11.408775,18,297.878588
-11.164877,18,297.932834
-11.219703,17,297.98443
-11.145194,18,298.039277
-11.660979,18,298.093937
-11.559218,18,298.148264
-11.513307,19,298.205714
-11.440403,20,298.26699
-11.122453,18,298.321551
-11.048765,18,298.376223
-11.283832,19,298.433948
-11.683896,20,298.494837
-11.080849,18,298.549586
-11.131812,18,298.603829
-11.93733,20,299.313848
-12.599066,23,299.386274
-11.071294,19,299.443982
-11.326969,19,299.502278
-10.976911,18,299.55663
-11.382468,19,299.614443
-11.181631,19,299.672262
-10.846419,18,299.72669
-11.076115,18,299.780832
-11.470958,19,299.838487
-11.413145,19,299.897148
-11.181686,18,299.951362
-11.224326,19,300.010115
-11.030111,18,300.064906
-10.969066,18,300.120211
-11.007162,18,300.17475
-11.087359,18,300.230304
-11.481533,19,300.288975
-11.254979,18,300.344109
-11.516971,19,300.402165
-11.176387,18,300.456454
-11.43572,18,300.512235
-11.102622,18,300.567136
-11.133372,18,300.6219
-10.98276,18,300.677137
-11.364557,18,300.732527
-11.11952,18,300.787113
-11.240094,18,300.842283
-11.647057,20,300.903558
-11.449865,18,301.82291
-10.930306,18,301.877506
-11.081686,18,301.932549
-11.147469,18,301.987131
-11.099766,18,302.041716
-11.236658,19,302.429343
-11.323921,19,302.487908
-12.660894,24,302.561729
-11.376754,19,302.619829
-11.154643,18,302.674603
-11.2959,18,302.730216
-11.281649,18,302.785521
-10.796611,18,302.840315
-10.999622,18,302.895222
-11.344845,18,302.950953
-11.429704,19,303.008827
-11.546237,19,303.066407
-11.050863,18,303.121891
-11.102843,18,303.176632
-11.228344,18,303.232074
-10.976099,18,303.287295
-11.202984,18,303.343405
-11.208395,18,303.398769
-11.189288,18,303.453794
-11.457424,19,303.512228
-11.919046,21,303.576928
-10.809134,18,303.631597
-11.007029,18,303.686268
-12.46036,23,303.757693
-10.828616,18,303.812821
-11.240582,19,303.871229
-11.093086,18,303.926791
-10.828041,18,303.981928
-10.925041,18,304.03682
-10.957455,18,304.091569
-10.968466,18,304.147235
-11.442834,19,304.20568
-11.252173,19,304.264535
-11.01598,18,304.646044
-11.039557,19,304.704253
-11.089053,18,304.760558
-11.414214,18,304.815838
-11.129178,18,304.870643
-10.9027,18,304.92503
-10.899343,18,304.980288
-10.898169,18,305.034877
-11.274057,18,305.089621
-11.18495,18,305.14458
-11.467247,19,305.20241
-11.771856,19,305.261256
-11.66913,18,305.315732
-11.886713,19,305.373796
-11.281414,17,305.4258
-12.087807,20,305.486287
-11.074402,17,305.537689
-11.341148,18,306.434712
-10.958196,18,306.489249
-11.040018,18,306.544199
-11.251469,18,306.599334
-11.469569,18,306.65346
-11.655893,19,306.711248
-10.789746,18,306.76617
-11.06147,18,306.820665
-11.6467,19,306.879035
-10.956649,18,306.933351
-11.139011,18,306.988533
-11.147314,18,307.043231
-11.125834,18,307.097601
-11.240432,18,307.153022
-11.032313,18,307.209292
-11.429481,19,307.266691
-11.391695,19,307.323876
-11.207299,18,307.703618
-11.342271,19,307.761525
-11.602654,19,307.820297
-11.261229,18,307.874981
-11.005055,18,307.929626
-11.003619,18,307.985516
-11.240364,19,308.04378
-11.190184,18,308.099019
-11.593159,19,308.156504
-11.11768,19,308.215196
-11.120144,18,308.270027
-11.409046,19,308.327893
-11.034966,18,308.383607
-11.14528,18,308.439848
-11.164353,18,308.494675
-11.194518,19,308.55235
-11.280785,20,308.613719
-11.126884,17,308.665483
-11.450456,19,308.723473
-10.838037,18,308.77785
-11.023969,18,308.834032
-11.06089,18,308.888974
-10.660466,17,308.941164
-10.982871,18,308.995907
-11.359982,18,309.051745
-10.986463,18,309.106371
-11.374077,19,309.16402
-11.213614,18,309.219492
-11.06702,18,309.274534
-11.43136,18,309.329692
-11.607207,20,309.391128
-11.816392,20,309.452952
-10.897941,18,309.507704
-11.564646,19,309.565463
-10.713819,18,309.944978
-10.834637,18,310.001013
-11.345479,19,310.060327
-11.461979,19,310.118034
-11.310377,18,310.172814
-10.912009,18,310.906773
-11.024216,18,310.96175
-11.596103,20,311.023061
-10.983605,17,311.074692
-10.72942,17,311.12591
-10.979359,18,311.180199
-11.060013,18,311.235723
-11.24859,19,311.293139
-10.892233,18,311.347857
-12.694436,21,311.411397
-11.43551,18,311.466721
-11.112502,19,311.524867
-11.40414,19,311.584647
-11.392999,18,311.641523
-11.33267,19,311.703984
-11.162314,19,311.765458
-10.858777,17,311.819863
-11.061338,18,311.878764
-11.254347,18,311.936987
-11.039142,19,311.998607
-11.141077,18,312.057249
-12.00752,20,312.121893
-12.634302,21,312.190043
-11.117234,18,312.24848
-11.041337,19,312.309786
-11.149058,18,312.367741
-11.623383,19,312.428949
-10.670206,18,312.487698
-11.239867,19,312.549669
-11.027922,18,312.954321
-12.12839,21,313.021356
-10.771944,18,313.079761
-12.203497,19,313.141277
-11.179711,18,313.199786
-11.065299,18,313.258103
-11.213301,19,313.319476
-12.151818,20,313.383671
-10.990704,18,313.441747
-10.604845,18,313.501323
-10.950105,17,313.556327
-12.236674,21,313.623728
-11.100492,18,313.682754
-11.37937,18,313.741196
-11.160396,18,313.799372
-11.221399,18,313.85786
-11.192304,18,313.916447
-11.391082,19,313.977954
-11.074111,19,314.039553
-10.956078,18,314.097727
-10.984122,18,314.156449
-11.118678,18,314.214671
-11.00219,18,314.272958
-11.363882,18,314.331261
-10.769712,17,314.386581
-11.432474,18,314.444469
-10.872431,18,315.323943
-10.947699,18,315.384706
-11.407593,18,315.440792
-11.184275,18,315.497656
-10.852651,18,315.554797
-12.271987,21,315.622408
-10.940707,18,315.680094
-11.392427,19,315.741537
-11.562843,20,316.144812
-10.97398,18,316.2
-11.280915,18,316.25481
-11.41259,19,316.313375
-11.181554,18,316.367881
-12.484008,21,316.431176
-11.388278,19,316.488714
-10.935194,18,316.544067
-11.230776,18,316.5991
-11.029455,18,316.653805
-10.823249,18,316.709629
-11.223961,19,316.767351
-10.831027,18,316.821342
-12.718037,23,316.891369
-11.169547,18,316.946592
-11.135185,18,317.001004
-11.083844,18,317.055497
-11.554446,19,317.114069
-11.51394,19,317.17195
-11.340881,19,317.23087
-11.121646,18,317.287433
-10.9457,17,317.342723
-11.051563,19,317.403414
-10.969993,18,317.46082
-11.39401,18,317.51903
-11.152767,19,317.580382
-11.276124,18,317.638177
-10.950003,18,317.695485
-11.288619,18,317.754399
-11.252596,18,317.812843
-11.218476,18,317.870677
-11.088816,18,317.929698
-13.3396,24,318.006816
-11.022455,18,318.065066
-11.003621,18,318.460604
-10.557358,17,318.515738
-11.080978,18,318.574309
-10.865824,18,318.632485
-11.333889,19,318.693224
-10.837877,18,318.751379
-11.206445,19,318.812702
-11.660876,18,318.870513
-11.155983,19,318.931689
-10.930095,18,318.989429
-10.755124,18,319.047118
-11.194899,18,319.104741
-11.207529,18,319.163525
-11.184488,19,319.224725
-10.755678,18,320.128895
-10.936933,18,320.185988
-11.156047,20,320.249334
-11.385664,18,320.306681
-11.119328,18,320.364194
-11.131235,18,320.422087
-11.22683,19,320.482702
-11.234909,19,320.543943
-10.953754,18,320.601944
-11.253332,19,320.66299
-10.805842,18,320.720763
-11.919106,19,320.782231
-11.114908,19,320.843364
-11.044693,18,320.900622
-11.809127,19,320.962429
-11.401728,18,321.020872
-12.486356,21,321.088212
-11.122962,19,321.149284
-11.156415,18,321.207746
-11.184384,18,321.957571
-11.197062,19,322.019395
-10.852705,18,322.077612
-10.692296,18,322.135657
-11.148165,19,322.197505
-11.844791,20,322.262425
-11.235519,18,322.321008
-11.01614,18,322.379519
-11.851891,20,322.44408
-10.83149,18,322.502062
-11.474615,19,322.563393
-11.193983,18,322.622066
-11.186914,18,322.680097
-10.942933,18,322.738378
-11.222612,19,322.800104
-11.065565,19,322.861481
-11.199402,18,322.919419
-11.099176,18,322.978507
-11.13489,18,323.036819
-11.362293,19,323.097873
-10.959848,18,323.155779
-11.436554,19,323.218201
-11.190336,18,323.276551
-11.131531,18,323.334429
-10.923269,18,323.39339
-10.884359,18,323.451792
-10.866065,18,323.509878
-11.01289,18,323.567996
-11.564503,18,323.627496
-11.144352,18,323.686249
-11.478393,18,323.743986
-11.205242,18,323.802938
-10.934343,18,323.861143
-10.891405,18,323.920043
-10.866797,18,323.978606
-11.198796,18,324.38228
-11.211751,19,325.117902
-10.976047,18,325.175176
-10.859403,18,325.234159
-11.046758,18,325.292736
-12.188205,21,325.366122
-10.92329,18,325.424097
-11.372731,19,325.485598
-11.023931,19,325.546252
-11.238666,18,325.604493
-11.002708,18,325.662618
-12.255284,21,325.730386
-10.92733,19,325.791641
-10.868119,18,325.850292
-11.05585,18,325.908479
-11.150612,18,325.966141
-11.196615,18,326.023971
-11.642435,20,326.088269
-11.406424,19,326.149215
-11.288275,18,326.206943
-11.177862,17,326.262638
-10.605836,17,326.317125
-11.062593,18,326.375265
-10.73442,18,326.433086
-11.231646,19,326.49434
-11.151065,18,326.552558
-10.800478,18,326.610248
-11.051884,18,326.668434
-11.151041,19,326.729364
-11.187994,19,326.790629
-11.492049,19,326.852002
-11.262563,18,326.909748
-12.6482,21,326.976971
-10.962736,18,327.378171
-10.898446,18,327.436677
-11.002348,18,327.495055
-11.303328,18,327.553211
-11.318611,19,327.614618
-11.880261,18,327.672844
-11.178826,17,327.72744
-11.142181,18,327.7852
-11.182951,18,327.843481
-11.358572,20,327.90872
-11.155601,18,327.966693
-11.282523,18,328.024586
-10.81111,18,328.082508
-11.723655,20,328.146844
-10.833063,18,328.204784
-11.006378,18,328.262747
-14.377186,27,328.349946
-12.37735,21,328.417128
-11.223759,18,328.475631
-11.003434,18,328.5337
-10.99231,18,328.591997
-10.92788,19,328.653032
-10.739031,18,328.711088
-11.24451,18,329.529651
-11.069889,19,329.587999
-11.05363,19,329.645314
-11.396387,18,329.700379
-10.915507,17,329.751478
-11.065818,18,329.806364
-12.107921,21,329.870874
-11.087254,19,329.929552
-10.896937,18,329.985289
-11.341985,19,330.043155
-11.133629,18,330.098277
-11.435349,18,330.479884
-11.173071,18,330.535015
-10.984008,18,330.589617
-10.917175,18,330.643879
-10.926328,18,330.698781
-12.615605,22,330.765391
-11.193945,18,330.820263
-11.401417,19,330.878438
-10.959753,18,330.932844
-11.235531,18,330.987121
-11.073909,18,331.041583
-11.330776,19,331.099235
-11.281174,19,331.15698
-11.138674,18,331.211232
-11.209211,18,331.265475
-11.08783,18,331.32031
-11.098729,18,331.374908
-11.587076,19,331.433599
-10.775832,18,331.48869
-11.525305,19,331.546094
-11.017613,18,331.600416
-11.228236,18,331.658544
-10.807164,18,331.713592
-13.376689,23,331.783616
-11.541903,20,331.843993
-11.098315,18,331.899118
-11.090299,18,331.953193
-11.198745,18,332.007547
-10.792517,18,332.062787
-11.182111,19,332.120495
-10.994177,19,332.17804
-10.980873,18,332.232343
-10.973838,18,332.28713
-11.175142,18,332.667094
-11.221799,19,332.725765
-11.05425,18,332.780628
-11.213726,18,332.835266
-11.315111,19,332.893079
-10.945093,18,332.947827
-11.240268,18,333.003587
-11.261267,18,333.058592
-11.041425,18,333.113775
-11.969172,21,333.177219
-10.834239,18,333.232002
-12.358901,20,334.103595
-11.021639,18,334.160099
-10.871802,18,334.217779
-11.391482,20,334.282252
-11.184481,19,334.344197
-10.937273,18,334.402106
-11.138674,18,334.460545
-11.102759,18,334.519331
-11.237327,19,334.580989
-10.925776,18,334.639188
-10.880886,18,334.697258
-12.244265,21,334.76626
-10.78751,18,334.824327
-11.049636,18,334.882211
-14.034134,26,334.9667
-11.698331,19,335.028422
-10.861135,18,335.087572
-10.744575,18,335.145918
-11.132858,18,335.204162
-10.926388,18,335.262444
-11.02149,18,335.321251
-11.458722,20,335.390714
-10.914825,18,335.448724
-10.657713,17,335.84944
-11.076189,19,335.911226
-11.207188,18,335.970475
-11.14588,18,336.02932
-10.959378,18,336.087853
-11.062856,18,336.146443
-11.314045,19,336.207956
-10.939721,18,336.26577
-12.576797,22,336.336464
-11.179493,18,336.393896
-10.877924,18,336.448298
-11.359981,19,336.505672
-10.925241,18,336.560775
-11.150536,18,336.616005
-11.137108,18,336.670534
-11.445816,19,336.728959
-10.943643,18,336.78362
-11.075781,18,336.837951
-10.732173,18,336.892049
-11.507031,18,336.947096
-11.183222,19,337.005149
-11.19926,19,337.062905
-12.445543,23,337.132585
-11.142054,18,337.18786
-11.517202,20,337.248403
-11.11862,18,337.303457
-10.981542,18,337.358478
-11.314256,19,337.416136
-11.056316,18,337.47034
-11.193429,19,337.527776
-10.992686,18,337.587162
-10.861056,18,337.643198
-12.571438,21,338.433885
-10.84783,18,338.844861
-13.04574,24,338.918989
-11.174418,19,338.977755
-11.146434,18,339.033032
-11.575146,19,339.09121
-11.968806,21,339.154694
-11.004581,19,339.212858
-10.837739,18,339.26737
-12.00729,21,339.331564
-11.190542,18,339.386832
-10.998619,18,339.441137
-11.02071,18,339.495529
-11.123276,19,339.553389
-11.220057,18,339.609011
-11.623778,19,339.666426
-11.076058,18,339.721048
-10.90357,18,339.775717
-11.140933,18,339.830256
-10.947635,18,339.884686
-10.828937,18,339.939923
-11.924234,21,340.005123
-11.252976,18,340.059465
-11.986454,20,340.120604
-10.914632,18,340.175339
-11.002206,18,340.2313
-11.141852,18,340.286016
-11.049254,18,340.340503
-10.950865,18,340.395362
-10.78308,18,340.450032
-11.049445,18,340.50436
-10.950269,18,340.559366
-10.909291,18,340.614704
-11.137934,18,340.669616
-10.75101,18,340.724498
-10.87396,18,341.104045
-11.052391,18,341.161667
-11.437827,19,341.223091
-10.980863,18,341.280894
-10.929354,18,341.339008
-11.500289,20,341.403567
-11.407407,19,341.464882
-10.881806,18,341.523699
-11.227258,19,341.584937
-10.826125,18,341.643544
-10.918112,18,341.701946
-11.027604,19,341.763221
-11.175626,18,341.82193
-10.896957,18,341.88042
-11.284315,18,341.939154
-11.554911,18,341.99738
-11.160099,18,342.05604
-10.758759,17,342.111086
-10.878359,18,342.169672
-11.012167,18,342.228221
-10.843251,18,343.096727
-10.742451,18,343.154347
-11.281177,18,343.212471
-11.029121,17,343.268891
-10.979547,18,343.327153
-10.760544,18,343.385405
-10.748199,18,343.44471
-10.864342,18,343.503403
-10.991597,19,343.56523
-11.027845,18,343.62235
-11.834792,20,343.683644
-10.85578,18,343.738571
-10.797784,18,343.79355
-11.076464,19,343.852226
-11.069319,18,344.562181
-11.378363,20,344.623372
-11.038109,18,344.678676
-11.101174,18,344.733329
-11.681174,20,344.793777
-11.030081,19,344.85246
-11.091327,18,344.908939
-10.956861,18,344.964765
-11.592187,19,345.026756
-10.978646,18,345.084972
-11.048061,18,345.142893
-11.76573,20,345.207513
-11.500765,20,345.271919
-10.969738,18,345.329916
-10.900543,18,345.38768
-10.735677,19,345.448784
-10.83948,18,345.5067
-11.861682,20,345.567796
-10.859132,18,345.622838
-10.744298,18,345.678022
-10.833017,18,345.73276
-10.720032,18,345.787078
-11.046883,18,345.84242
-10.982755,18,345.897401
-10.992303,18,345.952013
-11.526434,20,346.012785
-11.081553,19,346.070817
-10.999344,18,346.1272
-10.527836,17,346.179267
-11.217912,18,346.234432
-11.58773,20,346.296583
-10.987274,18,346.351346
-11.124362,18,346.406582
-11.18578,19,346.464515
-10.966932,18,346.846209
-11.017917,18,346.902073
-10.838121,18,346.959556
-11.094201,18,347.014508
-11.043409,18,347.069865
-10.998203,18,347.126011
-10.553302,17,347.177492
-11.069697,18,347.231751
-11.003318,19,347.977728
-11.128947,19,348.036386
-11.005612,18,348.091383
-10.828592,18,348.147115
-10.879374,17,348.19922
-11.05878,18,348.254175
-11.225147,18,348.309771
-12.488155,21,348.374573
-11.219387,19,348.432491
-10.905232,18,348.493627
-10.834306,18,348.549936
-11.257943,18,348.605073
-11.30659,19,348.663386
-11.0493,18,348.71865
-11.368085,18,348.773848
-11.228358,19,348.831824
-11.406377,18,348.886689
-11.909348,20,348.948372
-10.932443,19,349.006932
-11.036902,19,349.065558
-11.264152,19,349.126812
-11.03308,19,349.188196
-11.212529,18,349.246536
-11.223673,18,349.304996
-11.376794,19,349.36693
-11.273533,18,349.424836
-10.993009,19,349.829177
-10.977186,18,349.884415
-11.272974,19,349.943222
-11.2393,19,350.001751
-11.05314,19,350.060047
-11.299712,18,350.115212
-13.159865,22,350.183094
-11.049767,18,350.237869
-11.046804,18,350.293298
-12.138093,23,350.363833
-10.956076,18,350.418685
-10.8436,18,350.472969
-11.610489,19,350.530221
-11.227088,18,350.587631
-11.169132,18,350.644018
-10.836945,18,350.701381
-10.85809,18,350.759603
-10.887412,18,350.817621
-11.048721,18,350.876355
-10.94756,18,350.934057
-10.83007,18,350.992393
-11.095016,19,351.053812
-11.070068,19,351.115484
-11.535532,19,351.177899
-11.377525,19,351.239463
-11.460945,18,351.297497
-11.254101,19,351.359264
-11.279098,18,351.417543
-11.948083,21,351.48461
-10.884609,18,352.245852
-10.862205,18,352.303622
-11.179265,18,352.36171
-10.611834,17,352.416992
-11.210279,19,352.839881
-11.556479,18,352.899129
-11.136312,18,352.958266
-11.309652,19,353.020499
-11.080937,18,353.078884
-11.40172,19,353.141043
-10.772616,18,353.199825
-11.053865,18,353.257499
-10.927579,18,353.315389
-11.134657,17,353.37001
-10.922488,18,353.42854
-10.887617,18,353.486469
-10.665926,17,353.541175
-10.973869,19,353.603223
-11.009885,18,353.661368
-10.752084,18,353.71969
-10.967434,18,353.778732
-10.858996,18,353.837245
-11.054008,18,353.895133
-10.773772,18,353.950993
-11.906181,20,354.015959
-11.065297,19,354.076902
-11.531127,19,354.13778
-10.976866,19,354.199174
-10.913134,18,354.255773
-10.989001,18,354.318835
-10.785259,18,354.373635
-11.128017,19,354.431858
-10.906178,18,354.486582
-10.969081,18,354.542306
-11.219327,18,354.599204
-11.06728,18,354.656682
-11.008341,18,354.714867
-10.76361,18,354.773233
-12.17071,23,355.210453
-11.075505,19,355.270306
-10.866467,18,355.32608
-11.146787,19,355.383749
-10.410718,17,355.43581
-11.416824,20,355.4959
-10.942068,18,355.550975
-10.69313,18,355.605822
-10.87388,18,355.660863
-10.67703,17,355.713146
-11.063741,19,355.771469
-11.301217,19,355.830282
-10.989541,19,355.887677
-11.028543,18,355.942556
-10.751141,18,355.996996
-10.828816,18,356.052125
-10.75888,18,356.106234
-11.006796,19,356.16478
-11.094424,18,356.965347
-11.334854,19,357.023938
-10.86379,18,357.081293
-10.956839,18,357.138385
-10.727869,17,357.192953
-11.05678,18,357.250717
-10.960936,19,357.311377
-11.710372,21,357.37858
-10.667149,18,357.435734
-11.217539,19,357.496725
-11.01064,19,357.557895
-11.20096,19,357.618446
-11.400066,19,357.679745
-12.621799,24,357.756776
-11.099791,18,357.814252
-11.508056,18,357.872977
-10.989714,18,358.271878
-10.958164,19,358.333673
-11.028362,18,358.391933
-10.794446,18,358.450364
-10.980401,18,358.508636
-11.721153,20,358.571471
-10.96745,18,358.629005
-11.065178,19,358.690241
-11.01972,18,358.748453
-11.211739,18,358.806684
-11.040133,18,358.865109
-11.36279,20,358.929451
-10.884381,18,358.98702
-10.9766,17,359.041405
-10.847725,18,359.099813
-11.734209,20,359.164136
-10.773114,18,359.221967
-10.89273,18,359.280039
-10.934477,18,359.338494
-11.239188,18,359.39639
-10.864403,18,359.458428
-10.787214,18,359.517024
-10.889405,18,359.575319
-11.013121,19,359.636647
-10.94799,18,359.695222
-11.289831,18,359.753643
-10.84106,18,359.812609
-11.168181,19,359.874232
-11.022084,18,359.931335
-11.042243,18,359.987612
-10.944797,18,360.043719
-10.976275,19,360.106412
-10.927149,18,360.164108
-11.074996,19,360.225461
-10.918009,18,360.630038
-10.935551,18,360.688969
-10.691361,18,360.747145
-10.732092,18,360.806158
-10.720556,18,360.864865
-11.002671,18,360.924141
-10.906903,18,361.703437
-10.776685,18,361.75852
-11.066005,19,361.817149
-10.825548,19,361.875293
-11.211883,17,361.928067
-11.186479,18,361.983044
-11.186189,19,362.040905
-11.6733,19,362.09901
-10.753665,18,362.15461
-10.980952,18,362.209267
-11.004268,18,362.263971
-11.063349,18,362.319895
-10.702712,18,362.374709
-10.770622,18,362.429901
-11.211594,19,362.487555
-10.93708,18,362.542602
-10.809254,18,362.597151
-11.057411,19,362.654519
-10.813944,17,362.706063
-11.147461,18,362.761686
-10.776787,18,362.816696
-10.896795,18,362.870983
-10.856737,18,362.92662
-11.59828,19,362.984203
-10.867086,18,363.039479
-10.983591,19,363.097002
-10.773359,18,363.152198
-10.928584,18,363.206517
-10.772355,18,363.605458
-11.031559,18,363.661421
-10.879064,18,363.719989
-11.4304,18,363.77809
-11.019372,18,363.836359
-11.009163,18,363.894265
-10.996326,18,363.952713
-10.994031,18,364.010848
-11.030983,18,364.068717
-10.737777,18,364.126723
-10.750366,18,364.184455
-11.464334,19,364.24578
-11.69593,19,364.307287
-10.9655,18,364.366424
-11.032616,19,364.427407
-11.012178,18,364.485266
-11.24075,18,364.543971
-12.133503,21,364.611245
-11.045085,18,364.668647
-10.783485,18,364.723472
-11.358732,19,364.781489
-11.024017,19,364.839098
-11.014315,19,364.896172
-11.355648,19,364.954396
-10.855568,18,365.00937
-10.941743,18,365.063502
-11.488656,18,365.118423
-11.100796,18,365.173085
-10.951094,17,365.901344
-10.752657,18,365.960527
-11.040501,18,366.018572
-10.925367,18,366.076638
-11.07763,18,366.135123
-11.045439,18,366.193633
-10.951273,18,366.252213
-11.059597,19,367.042147
-10.62637,18,367.096819
-10.81682,18,367.151767
-10.831549,18,367.206637
-10.981517,18,367.261515
-11.185956,18,367.316389
-10.913165,18,367.37131
-10.876858,18,367.42558
-11.41836,18,367.48001
-10.968335,18,367.534694
-10.948032,18,367.589564
-10.739452,18,367.644602
-11.023317,20,367.705016
-10.916433,18,367.759439
-12.107692,21,367.823127
-12.813181,25,367.899172
-11.425557,20,367.960937
-12.863181,22,368.028565
-11.180148,18,368.083353
-11.569885,19,368.14151
-12.118979,21,368.205868
-10.825975,18,368.260972
-11.048252,19,368.318589
-10.536919,18,368.373692
-10.851876,18,368.428605
-11.106227,18,368.483701
-11.56391,19,368.542579
-10.79678,18,368.598337
-10.840251,18,368.653033
-11.478735,20,368.713473
-11.083092,19,368.771564
-10.81875,18,368.826951
-11.187485,19,368.884498
-11.022859,18,369.296825
-10.763728,18,369.354666
-10.604672,17,369.409173
-12.413045,23,369.4827
-11.15547,19,369.544107
-11.165413,19,369.605384
-10.693169,18,369.66363
-10.897172,18,369.721726
-10.840786,18,369.779785
-10.94018,18,369.83849
-11.304249,19,369.899832
-10.650619,17,369.954422
-11.148601,19,370.017298
-11.221614,19,370.078773
-10.947365,18,370.775044
-11.259776,19,370.834097
-11.305149,19,370.891798
-10.74907,18,370.94629
-10.753967,18,371.001122
-10.83164,18,371.056422
-11.680017,19,371.115493
-11.005823,19,371.173044
-11.042133,19,371.231146
-10.901725,19,371.28866
-10.866691,19,371.346081
-10.73405,18,371.401359
-10.910652,18,371.456583
-11.17289,18,371.511704
-10.96247,18,371.56661
-10.826313,17,371.618896
-11.510744,18,371.673466
-10.707894,18,371.728611
-10.892859,18,371.78299
-11.083529,18,371.838239
-11.027604,18,372.245962
-10.868647,18,372.301892
-10.914404,18,372.358915
-10.742793,18,372.417581
-11.033206,19,372.479613
-11.131033,18,372.539348
-10.577442,17,372.593956
-10.725027,18,372.652894
-10.723608,18,372.711662
-11.393362,19,372.773051
-10.879418,18,372.832269
-11.148404,19,372.894026
-11.299395,18,372.952035
-10.846461,18,373.010722
-10.817407,18,373.069978
-10.94386,19,373.131474
-11.008768,18,373.187178
-10.781004,18,373.242491
-11.273902,19,373.300013
-11.106903,18,373.355284
-10.620878,17,373.408752
-10.805278,18,373.467187
-10.952359,18,373.524833
-10.869054,18,373.582745
-10.961673,18,373.647196
-11.155752,18,373.705168
-10.871894,19,373.767321
-12.769561,24,373.845414
-11.39786,17,373.899848
-10.642781,17,373.954601
-10.939557,18,374.01318
-11.084573,19,374.073597
-10.772864,18,374.128578
-11.381724,19,374.185583
-10.802978,18,374.582445
-11.060428,18,374.638595
-11.254494,19,375.387892
-11.066408,18,375.443232
-11.359973,19,375.501419
-10.892406,18,375.556314
-10.890192,19,375.614749
-10.757636,18,375.671644
-11.065639,19,375.730303
-10.793442,18,375.785182
-11.851516,19,375.842882
-11.466653,18,375.898468
-11.164421,18,375.953501
-11.084918,18,376.008163
-10.902061,18,376.063334
-10.746343,18,376.118774
-10.935173,18,376.173975
-10.952024,18,376.228852
-11.011817,18,376.28461
-10.780865,18,376.339305
-10.82314,18,376.393567
-10.744159,18,376.447923
-11.187465,19,376.506202
-10.762305,18,376.56107
-11.077588,18,376.615904
-10.859138,18,376.670828
-10.792652,18,376.72732
-10.892377,18,376.782021
-11.002321,19,376.839638
-11.087196,18,376.895655
-10.950678,18,376.950254
-10.930703,18,377.004778
-11.356952,19,377.062606
-10.803752,18,377.118106
-12.011383,22,377.531328
-10.858858,18,377.586104
-10.924722,18,377.641292
-11.058057,18,377.696247
-11.117603,18,377.752064
-11.100498,18,377.806646
-10.766857,18,377.86158
-10.983273,18,377.917146
-10.969185,18,377.971887
-10.739469,18,378.026373
-10.8629,18,378.081689
-11.823469,19,378.14099
-11.136569,19,378.198789
-12.763396,22,378.266284
-10.891855,18,378.322576
-11.063354,19,378.380604
-11.479509,20,378.442022
-10.824369,18,378.497416
-11.017884,19,378.555178
-10.975339,18,378.609784
-11.492127,19,378.668061
-10.810254,18,378.724227
-10.957538,18,378.780048
-10.99984,18,378.834564
-11.0454,18,379.503662
-11.131567,20,379.564656
-10.958735,18,379.619431
-11.152505,19,379.677816
-10.711489,18,379.734167
-10.700781,18,379.790731
-11.306145,19,379.84925
-10.949073,19,379.90811
-11.621442,20,379.970783
-10.549196,17,380.022965
-10.918155,18,380.391663
-10.824252,18,380.447125
-10.763271,18,380.501921
-10.750777,18,380.557367
-10.556986,17,380.609627
-11.005984,19,380.667467
-11.333197,19,380.726579
-11.146935,19,380.784202
-11.328163,19,380.842224
-10.997942,18,380.897167
-10.787615,18,380.95293
-10.794401,18,381.00736
-10.916043,18,381.062058
-11.381702,19,381.120266
-10.944831,19,381.177984
-10.813063,18,381.233319
-10.949031,19,381.290668
-10.964356,18,381.346313
-10.826535,18,381.400917
-10.957617,18,381.45538
-10.749798,18,381.510377
-10.846171,18,381.565655
-10.960363,19,381.623205
-12.465946,21,381.687069
-11.064947,18,381.742405
-10.455829,18,381.796961
-11.511172,20,381.858993
-11.060183,18,381.91372
-11.107596,19,381.972216
-10.901407,18,382.0267
-10.997852,18,382.081005
-10.910182,17,382.133564
-11.184528,19,382.191029
-10.985647,18,382.245757
-11.057573,18,382.622775
-11.213046,19,382.680784
-10.736852,18,382.736211
-11.343521,19,382.793852
-10.808025,18,382.848682
-10.912639,18,382.903277
-10.964608,19,382.962146
-11.272857,18,383.016593
-11.193872,19,383.07431
-10.713797,18,383.128865
-10.82154,18,383.184263
-11.487774,19,383.241746
-10.99945,18,383.898459
-10.996287,18,383.954173
-11.216864,19,384.011646
-10.884655,18,384.066237
-10.987098,18,384.12072
-11.132265,18,384.175952
-10.841919,18,384.230772
-10.69839,18,384.285779
-11.397499,19,384.343744
-11.374239,19,384.402322
-11.676478,21,384.465882
-10.769278,18,384.520814
-10.937345,18,384.576197
-10.929799,18,384.630497
-11.254947,19,384.688168
-10.806227,18,384.742772
-10.709267,18,384.797632
-10.799117,18,384.852367
-11.184128,18,384.907254
-10.905023,18,384.962203
-10.929169,18,385.016792
-10.837503,18,385.071381
-11.172491,18,385.458659
-10.909179,18,385.513497
-12.067158,21,385.57797
-10.836081,18,385.632267
-11.390309,19,385.689683
-10.794,18,385.744041
-11.060582,19,385.802986
-10.708382,18,385.857509
-10.867823,18,385.912138
-11.231908,18,385.96732
-11.127647,18,386.022482
-10.600324,17,386.074788
-11.074713,19,386.13287
-11.930377,20,386.194156
-11.210334,18,386.248973
-10.735276,18,386.303939
-10.91319,18,386.359215
-10.822985,18,386.414666
-10.997721,19,386.473224
-10.958003,18,386.52815
-10.987573,18,386.582927
-10.731968,18,386.637966
-10.908972,18,386.692529
-10.974614,18,386.748032
-11.091726,19,386.806455
-10.935442,18,386.86133
-11.34416,19,386.918813
-10.967983,18,386.974087
-11.18482,19,387.032775
-21.183745,31,387.127676
-11.170575,19,387.185458
-11.254183,18,387.240721
-10.71885,17,387.292048
-10.901076,19,388.757808
-10.958809,18,388.814108
-11.011726,19,388.875506
-11.014827,18,388.934165
-11.353258,19,388.995836
-10.933671,19,389.058532
-11.027571,19,389.120602
-10.936167,18,389.17897
-11.119021,18,389.237382
-10.684389,18,389.295418
-10.825691,18,389.353544
-10.695959,18,389.411613
-12.58188,22,389.483364
-10.880722,18,389.542133
-10.989338,19,389.603694
-10.966137,19,389.665462
-10.947624,18,389.724233
-10.776325,18,389.782379
-10.926878,18,389.8409
-10.934639,19,389.90226
-11.048481,19,389.963778
-11.328749,20,390.028631
-11.526692,19,390.091031
-10.704318,18,390.149211
-10.800984,18,390.207504
-11.180916,18,390.265759
-10.979257,18,390.325087
-11.424218,19,390.387046
-10.8122,18,390.445871
-10.881844,19,390.507108
-10.711722,18,390.565423
-11.231609,18,390.623351
-10.681511,18,390.682091
-10.858325,18,390.741086
-10.731332,18,391.145266
-10.922929,18,391.203753
-11.059705,18,391.26244
-10.847576,18,391.32127
-11.215389,19,391.382937
-11.111957,19,391.444129
-10.830289,18,391.502968
-10.689386,18,391.561395
-10.827356,18,391.61966
-10.960342,19,391.682276
-11.038139,18,391.741
-11.020371,18,391.798555
-11.128047,17,391.853488
-11.409433,20,391.91853
-11.089921,19,391.980044
-11.073922,19,392.042224
-11.094486,19,392.104282
-10.987917,18,392.162716
-10.494235,18,392.221291
-10.72442,18,392.279873
-10.719347,18,392.338687
-10.764492,19,393.271277
-10.977395,19,393.332613
-10.731287,18,393.390246
-10.946535,18,393.448279
-11.120952,18,393.507212
-10.796571,19,393.569422
-10.919461,18,393.627816
-10.825315,18,393.685824
-10.987768,18,393.744569
-10.891088,18,393.802517
-10.963827,18,393.861042
-11.230992,18,393.919785
-12.103523,22,393.990394
-10.962907,18,394.374192
-10.693809,18,394.43205
-10.904771,18,394.489598
-10.837487,18,394.548669
-10.984572,18,394.606612
-11.046519,19,394.667621
-10.910702,18,394.726237
-10.834011,18,394.784496
-10.835952,18,394.843032
-10.699578,18,394.900943
-10.578075,17,394.956235
-10.704003,17,395.011104
-11.399912,19,395.073018
-10.707522,18,395.131532
-10.735996,18,395.189916
-11.373824,18,395.247915
-10.804773,18,395.306103
-11.045107,19,395.368015
-10.719427,18,395.425948
-10.69831,18,395.484354
-10.692099,18,395.543308
-10.9353,18,395.60173
-10.911745,18,395.659914
-11.486489,19,395.721794
-11.146974,20,395.78677
-10.686402,18,395.845011
-10.846981,18,395.90327
-10.699736,18,395.961876
-10.87649,18,396.019795
-10.688251,17,396.073996
-10.86527,18,396.132758
-10.828345,18,396.19124
-10.688118,18,396.24919
-10.815483,17,396.303981
-10.708306,17,396.359627
-10.682405,18,396.758455
-10.774011,18,396.813629
-10.790826,18,396.868437
-10.9392,18,396.922957
-10.946773,18,396.97801
-10.718362,18,397.032452
-10.974441,18,397.087184
-11.218101,19,397.14517
-10.954077,18,397.199969
-10.759642,18,397.97033
-10.690464,18,398.024772
-10.686643,18,398.079215
-10.819154,18,398.134881
-11.115619,19,398.193717
-10.751845,18,398.248344
-10.80193,18,398.302813
-11.063178,19,398.361136
-11.318285,19,398.419139
-10.794358,18,398.4736
-10.832604,18,398.528341
-11.710874,19,398.586887
-11.134447,20,398.647424
-10.94222,19,398.705184
-10.898702,19,398.76375
-10.874704,18,398.818065
-10.492824,17,398.869287
-10.69827,17,398.920415
-10.781168,18,398.975581
-10.960808,19,399.033944
-10.950076,19,399.091569
-10.7288,18,399.146647
-10.819713,18,399.200896
-11.074715,18,399.255742
-11.647351,20,399.316196
-10.744998,18,399.698011
-10.942227,18,399.753173
-11.057171,19,399.811122
-11.267985,19,399.868639
-10.827772,18,399.922931
-11.190357,19,399.981707
-11.324409,19,400.039267
-10.796521,18,400.093701
-10.925232,18,400.148396
-10.875552,19,400.206093
-11.312395,19,400.264364
-10.999371,18,400.31918
-10.712803,18,400.374685
-10.757051,18,400.429095
-10.924759,18,400.483543
-10.85075,18,400.537354
-11.355637,19,400.596029
-10.91679,18,400.650132
-10.96571,18,400.704689
-10.96928,18,400.759358
-10.717568,18,400.813686
-10.653313,17,400.86483
-11.224503,19,400.923217
-11.070845,18,400.97857
-11.067083,19,401.036062
-10.682321,18,401.090356
-10.737906,18,401.14541
-10.908082,18,401.200544
-10.932896,18,401.255356
-10.684942,18,401.310228
-12.192166,21,402.079
-10.788011,18,402.133827
-10.876253,18,402.190089
-10.968598,19,402.249573
-11.052492,18,402.65048
-10.79168,18,402.708437
-10.669601,18,402.767584
-10.714432,18,402.826359
-10.840576,18,402.885024
-10.772716,18,402.943422
-10.855197,19,403.005127
-10.752484,18,403.063291
-10.753675,18,403.121073
-10.77449,18,403.179595
-10.951581,18,403.238726
-11.088076,19,403.300136
-10.954743,18,403.358652
-11.000945,18,403.417411
-10.80839,18,403.475321
-10.705796,18,403.533357
-10.839489,18,403.591908
-10.925943,18,403.649896
-11.084929,18,403.70777
-10.831679,18,403.766592
-11.090396,18,403.826161
-10.800398,18,403.885046
-11.044302,19,403.946954
-10.49729,17,404.002389
-10.988643,19,404.063644
-10.672896,18,404.121419
-10.870037,18,404.179869
-11.191731,19,404.242055
-11.973114,20,404.306636
-10.732945,18,404.365582
-10.751302,18,404.424449
-11.413071,20,404.490242
-10.97352,19,404.552121
-10.800777,18,404.61061
-10.896479,18,405.004794
-12.622226,23,405.075096
-10.563084,17,405.12739
-10.724863,18,405.181833
-10.731022,18,405.237535
-10.828405,19,405.295423
-12.84464,23,405.365557
-11.03847,19,405.423897
-11.030627,19,405.48279
-10.950519,19,405.540827
-11.018254,19,405.598681
-11.424886,19,405.6567
-10.785311,17,405.70803
-10.718302,18,405.762816
-10.713472,18,405.817859
-10.740505,18,405.872717
-10.852812,18,405.928011
-10.707661,18,405.982466
-10.951661,19,406.691877
-10.819404,18,406.750985
-10.818596,18,406.809254
-10.981982,18,406.868505
-11.119041,18,406.926748
-10.785066,18,406.985377
-11.37406,20,407.051382
-10.716741,18,407.110059
-10.777171,18,407.168238
-10.78607,18,407.226929
-10.866998,18,407.285845
-10.92204,19,407.348256
-10.879007,19,407.410012
-11.215886,19,407.472771
-11.478107,18,407.531344
-10.616465,17,407.586576
-10.834898,18,407.984419
-10.567605,17,408.041357
-11.011946,19,408.103373
-10.983493,19,408.165024
-11.077065,19,408.226277
-10.810918,18,408.285255
-10.828244,18,408.34399
-11.484194,21,408.412841
-11.27599,19,408.475293
-11.195254,18,408.53379
-11.275986,19,408.595567
-13.697066,26,408.681171
-10.805647,18,408.739529
-10.883527,18,408.797821
-10.903923,18,408.856631
-10.555795,17,408.912356
-10.989596,19,408.974593
-11.0083,18,409.03352
-10.853064,18,409.092592
-10.765165,18,409.15134
-10.735672,18,409.209868
-10.743777,18,409.268551
-10.998467,19,409.331216
-10.721905,18,409.39009
-10.951429,18,409.448611
-10.764801,18,409.507759
-10.983797,18,409.566844
-10.755049,18,409.625063
-10.639892,18,409.683723
-10.909084,18,409.742215
-11.203529,19,409.804115
-10.708551,18,409.862553
-10.736986,18,409.921278
-10.986854,18,410.667987
-10.965607,18,410.725171
-10.930018,19,410.786579
-10.718078,18,410.844548
-11.287107,19,410.905935
-12.197987,24,410.983683
-10.714055,18,411.763664
-10.705994,18,411.819644
-10.705766,18,411.873886
-11.090285,19,411.932399
-11.58162,20,411.993358
-11.292602,20,412.05486
-10.574832,18,412.110169
-12.838607,24,412.185076
-10.975622,19,412.246157
-10.888635,18,412.303692
-10.828308,18,412.361919
-10.699677,18,412.419729
-10.706973,18,412.477564
-11.074391,19,412.539066
-10.775332,18,412.596625
-10.724576,18,412.655223
-10.659836,18,412.713063
-11.158244,19,412.774009
-10.786582,18,412.831976
-10.979209,18,412.889656
-10.713127,18,412.947673
-10.774257,18,413.006495
-10.872762,19,413.067763
-10.845502,18,413.1262
-10.925557,18,413.184398
-11.008618,18,413.242619
-10.719592,18,413.3016
-10.911887,18,413.360244
-10.544147,17,413.761566
-10.693536,18,413.820155
-11.465079,20,413.884491
-11.151246,18,413.942409
-10.813762,18,414.000754
-10.806716,18,414.058302
-10.972376,18,414.116363
-10.954005,18,414.174497
-10.649789,18,414.232213
-10.766728,18,414.290232
-10.729296,18,414.348423
-11.255572,19,414.409312
-10.921168,19,414.470259
-10.754466,18,414.527905
-11.042188,18,414.587147
-10.934876,18,414.646215
-11.413066,20,414.710639
-10.884658,18,414.769864
-11.033372,18,414.828022
-10.643044,17,414.88292
-10.833212,18,414.941
-11.02806,19,415.002388
-11.277238,19,415.06357
-10.979073,18,415.12202
-10.935927,18,415.180545
-11.029863,18,415.239199
-10.778168,18,415.297777
-10.824582,18,415.356261
-10.840132,18,416.246986
-10.838597,18,416.301557
-10.977319,18,416.355883
-10.841704,18,416.412761
-11.034406,18,416.468447
-10.944083,18,416.525228
-11.097499,18,416.905706
-11.006478,18,416.96386
-11.470126,20,417.028978
-10.781922,18,417.087067
-11.088196,18,417.144524
-10.853186,18,417.202852
-10.794755,18,417.260756
-10.738871,18,417.317916
-10.890198,19,417.379266
-10.69843,18,417.437708
-10.909126,18,417.4956
-11.266725,20,417.559375
-10.684564,18,417.61723
-10.99434,19,417.678667
-10.901528,18,417.738121
-10.623101,18,417.796528
-10.775146,18,417.854239
-10.666276,18,417.911658
-11.263406,18,417.969522
-10.947095,18,418.028241
-10.751016,18,418.085925
-10.806219,18,418.144104
-10.782829,18,418.202459
-10.521997,17,418.25724
-11.076411,19,418.318903
-10.690284,18,418.377433
-10.9899,18,418.435548
-10.744516,17,418.48999
-10.665715,17,418.544845
-11.029378,19,418.606178
-10.808996,18,418.66447
-10.966487,19,418.7257
-10.781651,18,418.783635
-10.959163,18,418.842005
-10.932984,18,418.899715
-10.812501,18,419.283885
-10.884017,18,419.34323
-11.130269,18,419.401133
-10.648251,18,419.459542
-10.769013,18,419.517265
-10.76061,18,419.575312
-12.182656,22,419.646941
-11.689123,21,419.714535
-10.531066,17,419.769288
-10.931696,19,419.830665
-10.80502,18,419.888395
-13.099687,26,419.972129
-11.416381,20,420.037627
-11.43201,19,420.098842
-10.749299,18,420.774296
-10.860835,18,420.829597
-11.377169,19,420.887381
-10.865869,18,420.941748
-11.575897,21,421.004732
-11.220339,19,421.062541
-10.532403,17,421.113624
-11.013585,18,421.168136
-10.845125,18,421.223104
-10.731491,18,421.277573
-11.520916,20,421.337703
-10.685894,18,421.391598
-10.917982,19,421.449182
-10.750069,18,421.503506
-10.782965,18,421.557278
-11.014839,19,421.614287
-10.933516,19,421.672783
-10.676874,18,421.727098
-10.835676,18,421.781333
-10.93471,18,422.159363
-11.184593,19,422.217089
-10.758858,18,422.272468
-10.722387,18,422.326768
-10.793853,18,422.380729
-11.414509,20,422.441279
-10.65796,17,422.493102
-10.414201,18,422.547544
-10.860661,18,422.601681
-10.916289,18,422.6561
-10.868185,18,422.710958
-10.732118,18,422.765992
-10.867857,18,422.820822
-10.72143,18,422.876062
-11.368211,19,422.934034
-10.661149,17,422.985112
-10.784219,18,423.03979
-11.024613,18,423.094717
-10.753279,18,423.149048
-10.803293,18,423.203188
-10.783443,18,423.258283
-10.689714,18,423.313623
-10.769065,18,423.369174
-11.02911,19,423.428867
-11.214001,19,423.487021
-10.66968,18,423.541279
-11.033318,18,423.595758
-10.592178,18,423.650968
-10.856248,19,423.709048
-10.685942,18,423.763544
-11.161885,19,423.821284
-10.87319,19,423.879202
-10.907377,19,423.937112
-10.751623,17,423.988816
-10.944222,18,424.368392
-10.822845,18,424.422946
-11.066346,19,424.480556
-11.362066,19,425.16625
-10.804005,18,425.221394
-10.955626,18,425.276503
-11.464596,20,425.337738
-10.634567,17,425.389114
-11.137793,19,425.446488
-10.75765,18,425.501232
-11.047998,18,425.556066
-11.007474,18,425.610347
-11.102608,19,425.667368
-12.895157,25,425.742676
-10.710092,18,425.797413
-10.737533,18,425.852241
-10.906271,18,425.907204
-10.736961,18,425.961814
-11.170034,19,426.018824
-10.823687,18,426.073008
-10.658089,18,426.12822
-12.134043,23,426.197597
-10.769071,18,426.251303
-10.998564,18,426.306199
-10.729901,18,426.360888
-10.865512,19,426.418426
-10.835423,18,426.472174
-10.960261,19,426.52988
-10.744363,18,426.583978
-10.952583,19,426.640667
-10.884872,18,426.694828
-10.779452,18,426.749937
-10.75082,18,426.803996
-10.897758,18,426.857882
-10.875885,18,427.236729
-11.011614,19,427.29415
-10.755534,18,427.349486
-10.499649,17,427.400568
-10.922778,19,427.457441
-11.088131,18,427.511713
-10.832506,18,427.566527
-10.915174,18,427.620467
-10.85621,18,427.674741
-11.03735,19,427.732031
-10.648289,18,427.786204
-11.154645,19,427.843596
-10.776124,18,427.898072
-10.738671,18,427.953264
-10.684794,18,428.00717
-10.598622,18,428.06105
-10.814745,18,428.114409
-10.918715,18,428.168755
-11.138476,18,428.222764
-10.933054,18,428.278464
-10.705249,18,428.332738
-10.873741,18,428.387233
-10.836971,18,428.446483
-10.521515,17,428.497813
-11.336213,19,428.555412
-10.716659,18,429.479146
-10.68195,18,429.535548
-10.512364,17,429.589717
-11.936839,21,429.656357
-10.754704,18,429.713867
-10.679937,18,429.772345
-10.768156,18,429.830004
-10.874829,19,429.891286
-10.732262,18,429.949561
-11.143507,19,430.334346
-11.056998,19,430.394123
-10.73795,18,430.448573
-10.883992,18,430.502991
-10.908865,18,430.557858
-10.881411,18,430.612661
-10.878692,18,430.666728
-10.755264,18,430.721704
-10.928821,19,430.779255
-10.630833,17,430.830685
-10.934184,18,430.88517
-10.721701,18,430.939877
-13.470217,24,431.013477
-10.674628,17,431.064473
-10.533995,17,431.11568
-10.613558,17,431.167722
-10.854085,18,431.222204
-10.692162,17,431.273527
-11.028406,19,431.331456
-10.68591,18,431.386735
-11.003855,19,431.444371
-10.745522,18,431.498676
-10.944801,19,431.556972
-10.934663,18,431.612779
-10.739007,18,431.667323
-10.937514,19,431.724665
-10.74432,18,431.779588
-11.113192,18,431.834213
-10.73016,18,431.888474
-10.818037,18,431.943288
-11.018909,18,431.998715
-10.748845,18,432.053362
-10.773287,18,432.108445
-10.784264,18,432.163634
-10.866873,19,432.876197
-10.820085,18,432.931123
-10.71519,18,432.986525
-10.829993,19,433.044347
-11.316464,19,433.101682
-10.503095,17,433.153359
-10.921107,18,433.209153
-10.704002,17,433.261091
-10.929744,18,433.315667
-11.109429,18,433.370152
-12.666424,23,433.440686
-10.66096,18,433.495842
-10.851755,19,433.561506
-10.912117,19,434.320404
-10.898376,18,434.374491
-10.986821,18,434.429276
-10.682373,18,434.484034
-10.809462,18,434.539615
-10.735598,18,434.594168
-10.803993,18,434.649242
-10.549129,17,434.700373
-10.790518,18,434.754794
-10.52857,18,434.809931
-11.102483,18,434.864499
-10.705001,18,434.918977
-10.578828,17,434.970308
-10.636235,17,435.023148
-10.880161,18,435.078238
-10.803161,18,435.13339
-10.826063,18,435.187435
-10.723099,18,435.242555
-10.979785,18,435.297092
-10.849727,18,435.351731
-10.518333,17,435.403691
-10.811709,18,435.458532
-10.560024,17,435.836072
-10.84783,18,435.890941
-10.891235,18,435.945325
-10.686837,18,435.999566
-10.659354,18,436.055248
-11.188105,19,436.113254
-11.08681,19,436.171385
-10.68256,18,436.226323
-10.949939,18,436.280946
-10.7265,18,436.335175
-10.830457,18,436.390148
-10.89379,19,436.448572
-11.037589,19,436.506151
-10.861131,18,436.560672
-11.333711,19,436.619445
-11.036651,18,436.676646
-10.766494,18,436.731593
-10.96268,19,436.788909
-10.725786,18,436.844254
-10.902665,19,436.901861
-10.768582,18,436.956559
-10.662413,18,437.010871
-10.814394,18,437.065994
-10.538312,17,437.117876
-10.854677,18,437.171939
-10.709626,18,437.226565
-10.97776,18,437.281401
-10.658552,18,437.335738
-10.827197,18,437.389858
-11.763612,19,437.447997
-10.795855,17,437.499538
-11.234397,20,437.561159
-10.721681,18,437.615723
-10.802993,18,437.671412
-11.164572,19,438.737701
-10.829035,18,438.793343
-10.854201,18,438.848882
-10.701374,18,438.904262
-10.674406,18,438.959094
-10.52494,17,439.010638
-10.540733,17,439.06326
-11.023875,19,439.122219
-10.752265,18,439.177404
-10.863796,18,439.233949
-11.283546,19,439.294075
-10.673001,18,439.349371
-11.870323,22,439.416564
-10.697733,18,439.472347
-10.863432,18,439.527769
-11.340749,18,439.582805
-10.908188,18,439.637385
-11.568624,20,439.699396
-11.014147,18,439.754368
-10.964245,20,439.815565
-10.952731,18,439.871228
-11.031586,19,439.929037
-10.70934,18,439.984465
-10.786731,18,440.039053
-10.797515,18,440.094993
-10.851932,18,440.150791
-10.719713,18,440.205628
-11.079071,18,440.261865
-10.787645,18,440.317079
-10.575402,18,440.37181
-10.721471,18,440.426911
-10.53407,17,440.479584
-10.708123,18,440.534055
-10.827588,18,440.588487
-10.730698,18,440.970938
-11.006533,19,441.029628
-16.064716,32,441.127849
-10.766892,18,441.182434
-10.671288,18,441.23745
-10.80757,18,441.293011
-10.828345,18,441.348628
-10.793515,18,441.403584
-10.843254,18,441.458215
-10.798692,18,441.51382
-10.84317,18,441.568556
-10.869818,18,441.623137
-11.200465,19,441.682215
-10.745835,18,441.738009
-10.823036,18,441.792732
-10.66007,18,441.847154
-10.767825,18,441.901975
-10.816616,18,441.95667
-10.860074,19,442.01454
-10.941636,18,442.068918
-11.726025,20,442.130991
-10.72765,18,442.185606
-10.637334,19,442.989551
-10.8294,18,443.047811
-10.936549,19,443.109899
-10.625384,18,443.168945
-10.677353,18,443.228145
-10.679171,18,443.287338
-11.008316,18,443.347274
-10.860104,18,443.405057
-10.669352,18,443.463215
-10.987488,18,443.522252
-10.370928,17,443.577777
-10.958239,18,443.636393
-10.956533,19,444.050697
-10.967868,18,444.109794
-10.683196,18,444.168561
-12.698555,25,444.250311
-10.55025,17,444.306199
-10.773242,18,444.366219
-10.777716,18,444.425155
-10.991464,19,444.487083
-10.935054,19,444.549531
-10.757351,18,444.608327
-10.687052,17,444.663883
-10.817791,18,444.723218
-11.298307,18,444.782655
-10.782201,18,444.841077
-10.683582,18,444.899229
-10.928753,18,444.958552
-10.875063,17,445.014555
-11.027456,18,445.072897
-12.563571,24,445.15113
-10.528824,17,445.206419
-10.682076,18,445.264869
-10.730039,18,445.323406
-11.93559,22,445.396271
-10.699711,18,445.454947
-11.163826,19,445.516401
-10.782172,18,445.57557
-10.954269,19,445.637572
-11.572321,19,445.69665
-10.61902,19,445.755062
-10.875542,18,445.809739
-10.855683,18,445.864781
-10.797267,18,445.919382
-10.797467,17,445.972034
-10.835408,18,446.026583
-10.795208,18,446.408541
-10.52859,17,446.460449
-10.817933,18,446.515383
-10.698249,18,446.57088
-10.531958,17,446.622972
-12.669378,27,446.704524
-11.377604,19,446.762867
-10.850092,18,446.817586
-10.585581,17,446.868969
-10.816219,18,447.631239
-11.167716,19,447.693727
-10.902234,18,447.752351
-10.894975,18,447.811972
-10.913475,19,447.873846
-10.779901,18,447.932686
-10.85583,18,447.991776
-10.681231,18,448.050046
-10.677867,18,448.108417
-10.988764,19,448.170655
-11.2292,20,448.235708
-10.725582,18,448.294699
-10.671583,17,448.349745
-10.919147,18,448.408811
-10.887843,18,448.466368
-10.701735,18,448.523928
-10.775908,19,448.585918
-10.567876,17,448.640025
-11.070847,20,448.704128
-10.742747,18,448.761374
-10.99458,19,448.823101
-10.676856,18,448.881638
-10.746005,18,448.940552
-10.847954,18,448.998606
-10.658643,18,449.056497
-10.413402,17,449.43847
-10.781644,18,449.493237
-10.799869,18,449.547869
-10.864447,19,449.605871
-11.093725,18,449.660012
-10.695453,18,449.714421
-10.842307,18,449.768471
-10.662482,18,449.823842
-10.666364,18,449.879312
-11.314766,20,449.940241
-10.820244,18,449.996271
-10.919095,18,450.050879
-10.908579,18,450.105877
-10.699468,18,450.160719
-10.879179,19,450.219853
-10.82022,18,450.274922
-11.046262,19,450.332976
-10.880318,18,450.388235
-10.935519,18,450.442648
-11.036952,19,450.500299
-10.576294,17,450.551759
-10.891657,18,450.607316
-11.302255,19,450.664646
-10.905157,19,450.722246
-10.513812,17,450.774036
-10.842714,18,450.829185
-10.750449,18,450.883458
-11.024423,19,450.941417
-11.017797,19,450.999849
-10.953605,18,451.054458
-10.869659,19,451.11201
-11.145897,19,451.856571
-10.87272,18,451.911553
-11.032392,19,451.96908
-10.798161,18,452.349421
-11.08888,19,452.40801
-10.932595,18,452.462851
-10.698987,18,452.517209
-10.582372,17,452.568496
-11.046849,18,452.628252
-10.859452,18,452.682518
-10.719983,18,452.737334
-11.032138,19,452.794433
-10.83085,17,452.846373
-10.788621,18,452.901137
-10.950631,19,452.958943
-10.507415,17,453.011134
-11.12282,19,453.068732
-11.012747,19,453.126165
-10.629808,18,453.180365
-10.718028,18,453.235511
-10.806414,18,453.289751
-10.8161,18,453.344487
-11.08733,19,453.402084
-10.747157,18,453.457207
-10.51228,17,453.508698
-10.694739,19,453.566412
-10.961406,18,453.621904
-10.54855,17,453.673204
-10.730017,18,453.727062
-10.612336,18,453.781002
-10.824746,18,453.835954
-10.882419,19,453.893891
-11.047342,19,453.952172
-10.702425,18,454.006587
-10.747692,18,454.061621
-10.760647,18,454.115864
-11.351903,19,454.173172
-11.01539,19,454.89806
-10.766481,18,454.956577
-10.70641,18,455.014598
-10.776625,18,455.073145
-11.0462,19,455.134601
-10.793744,18,455.192421
-11.164545,19,455.251788
-10.702593,18,455.306086
-10.72946,18,455.36099
-10.570135,17,455.412165
-10.873774,18,455.467103
-10.790426,18,455.522588
-10.840259,19,455.579937
-11.028725,19,455.638193
-11.223038,18,455.692688
-10.785292,18,455.74696
-10.735882,18,455.801083
-10.619387,18,455.856393
-11.144181,19,455.913671
-10.928996,19,456.618396
-11.070119,19,456.68047
-10.751845,18,456.738659
-10.900678,18,456.796589
-11.091861,19,456.855994
-10.557661,17,456.907508
-10.708139,17,456.959187
-10.734097,18,457.013863
-10.728829,18,457.069576
-11.328166,20,457.131553
-10.780315,18,457.186165
-10.859287,18,457.240454
-10.813165,18,457.29538
-10.914329,19,457.35268
-10.650242,18,457.40757
-10.713183,18,457.789208
-10.723929,18,457.84446
-10.766229,18,457.900127
-10.749962,18,457.954452
-10.696202,18,458.009122
-11.054616,19,458.067716
-10.70006,18,458.122991
-10.810156,18,458.177767
-10.795904,18,458.232028
-10.931765,19,458.290007
-10.676487,18,458.345069
-10.749124,18,458.399479
-10.732153,18,458.453618
-10.726525,18,458.509305
-10.855303,18,458.564513
-14.296112,26,458.643203
-10.651867,18,458.698528
-10.8847,19,458.75621
-10.786247,18,458.810495
-10.550542,17,458.86161
-10.482539,17,458.913638
-10.790041,18,458.9696
-10.968784,19,459.027899
-10.50351,17,459.079652
-10.548453,17,459.132401
-10.693224,18,459.187602
-10.771284,18,459.242888
-10.898079,18,459.298303
-10.675428,18,459.353065
-10.777561,18,459.407479
-10.994429,18,459.461909
-10.707529,18,459.517587
-10.713813,18,459.573179
-10.541156,17,459.624683
-10.642066,18,459.679022
-10.896593,19,460.062487
-10.694154,18,460.11881
-10.860045,18,460.174023
-10.854575,18,460.229105
-11.057352,18,460.283509
-10.668368,18,460.338841
-11.111212,18,460.393391
-10.865103,18,461.289923
-10.890936,18,461.345881
-10.635284,18,461.400297
-10.674057,18,461.454436
-10.786532,18,461.509025
-10.709182,18,461.564813
-11.258859,21,461.628996
-10.850803,18,461.683407
-10.85206,18,461.739011
-10.625724,17,461.790691
-10.8593,18,461.845098
-10.869655,18,461.89932
-11.112726,18,461.956005
-10.947887,19,462.013639
-10.670841,18,462.068103
-10.851972,18,462.123504
-11.091944,18,462.178449
-10.541434,17,462.229773
-10.84986,18,462.284272
-10.746645,18,462.339276
-11.087311,19,462.396893
-10.746912,18,462.451137
-10.976327,19,462.508221
-10.878954,18,462.564145
-10.899937,18,462.618979
-10.914157,19,462.676251
-10.783249,18,462.731677
-10.785031,18,463.110559
-11.218769,19,463.170244
-11.763683,21,463.234491
-10.81611,18,463.288769
-10.924104,19,463.34697
-10.779271,18,463.401276
-10.522708,18,463.455327
-12.611321,25,463.53401
-10.82693,18,463.588658
-10.983623,18,463.643234
-10.687664,18,463.697718
-10.823502,18,463.753382
-10.759816,18,463.80839
-10.675263,18,463.862579
-11.016079,18,463.916789
-10.70685,18,463.971951
-11.080751,19,464.029394
-10.884677,19,464.087232
-12.017115,21,464.152171
-10.649809,17,464.203938
-10.896051,19,464.261453
-10.483364,17,464.312823
-11.860548,22,464.380754
-10.886801,18,464.435694
-10.788832,18,464.489775
-10.69951,18,464.544564
-10.906814,19,464.602308
-10.770563,18,464.656916
-10.829119,19,465.727086
-10.730012,18,465.783598
-10.933033,18,465.840096
-10.704626,18,465.896638
-10.675644,18,465.954181
-11.055357,19,466.015025
-10.487313,17,466.42751
-10.870844,18,466.485952
-10.741357,18,466.544099
-10.732686,17,466.599567
-10.553788,17,466.65445
-11.484552,19,466.716576
-10.758251,18,466.775402
-10.729721,18,466.833382
-11.037432,19,466.891319
-10.91857,20,466.95325
-10.859049,18,467.008731
-10.535639,17,467.060294
-10.70736,18,467.114677
-10.722377,18,467.169999
-10.806755,18,467.225018
-10.745878,18,467.28017
-10.656031,18,467.33593
-10.682858,18,467.392065
-12.322069,21,467.456574
-10.842835,19,467.514655
-10.690258,19,467.572572
-10.974801,18,467.627484
-10.973352,18,467.682594
-10.977494,19,467.741118
-10.742892,18,467.796902
-10.662112,18,467.851801
-10.845027,18,467.90675
-10.797141,18,467.962251
-10.685794,18,468.018042
-10.714625,18,468.072853
-10.736036,18,468.127542
-10.827874,18,468.183245
-11.17689,19,468.242036
-10.650447,18,468.297447
-10.769802,18,468.683051
-10.741751,18,468.739702
-10.674321,18,468.795506
-10.790331,18,468.850735
-10.645702,18,468.905769
-10.753045,18,468.960325
-11.042663,19,469.019581
-10.61297,18,469.074515
-11.052553,18,469.129171
-10.734996,18,469.183826
-11.207915,20,469.24631
-10.668975,18,469.301558
-10.870592,19,469.359948
-10.663492,18,469.415784
-10.739234,18,469.470766
-11.097672,18,469.526121
-10.72653,18,470.293369
-10.633721,18,470.349402
-10.672618,18,470.404612
-10.841129,18,470.460013
-10.779523,18,470.514495
-10.799868,18,470.570368
-11.090222,19,470.62947
-10.821456,18,470.684231
-10.683061,18,470.739352
-10.636887,17,470.790851
-10.885247,19,470.850203
-10.699474,18,470.904549
-10.806231,18,470.959569
-11.095679,19,471.018186
-10.695558,18,471.072945
-11.073507,18,471.1274
-10.954767,19,471.185306
-10.504104,17,471.237983
-10.643628,18,471.607351
-10.696042,18,471.664464
-11.99081,21,471.731958
-10.715423,18,471.789883
-10.700729,18,471.848467
-10.738248,19,471.910009
-10.926935,18,471.968253
-10.737314,18,472.026602
-10.83547,18,472.085327
-10.85021,18,472.143343
-10.910439,19,472.204854
-10.572258,17,472.260597
-10.893733,19,472.323101
-10.918856,19,472.384424
-11.096518,19,472.446815
-10.574608,18,472.505026
-10.684626,18,472.563337
-10.67139,18,472.621329
-10.704348,18,472.679826
-10.549763,18,472.738461
-10.925314,19,472.800064
-11.055999,18,472.85941
-10.677959,18,472.918581
-10.74631,18,472.977125
-11.15566,19,473.03895
-10.507408,17,473.093748
-10.983498,19,473.152225
-11.029458,18,473.207363
-10.847492,18,473.265101
-10.680484,18,473.321006
-10.866452,19,473.380754
-10.822038,18,473.437153
-10.706895,18,473.493932
-10.798302,18,473.549038
-10.765644,18,473.604233
-10.723423,18,473.977472
-10.699383,19,474.036856
-10.716347,18,474.092933
-10.804757,19,474.892514
-11.072756,19,474.977741
-11.005323,19,475.035058
-10.832561,18,475.090771
-10.702925,18,475.145714
-10.621523,18,475.200187
-10.810554,18,475.254887
-10.526732,17,475.307088
-10.724051,18,475.361831
-10.751151,18,475.416447
-10.964818,19,475.473581
-10.65628,18,475.528837
-10.714217,18,475.583079
-11.081815,19,475.640337
-10.764143,18,475.695457
-10.731531,18,475.749765
-10.744468,18,475.804084
-10.775899,18,475.858138
-11.019223,18,475.91321
-11.058671,19,475.970827
-10.77324,18,476.025463
-10.696291,18,476.079581
-10.780879,18,476.134904
-10.573081,17,476.186155
-10.642256,18,476.240325
-10.602329,17,476.292837
-10.812684,18,476.347838
-10.79433,18,476.40239
-10.860053,18,476.456706
-10.719332,18,476.512278
-11.068331,18,476.567257
-10.842818,18,477.284852
-10.528674,17,477.337814
-10.788825,19,477.395491
-10.719836,18,477.450138
-11.018848,19,477.508003
-10.736893,18,477.562787
-10.723487,18,477.618303
-10.722135,18,477.672791
-11.526067,20,477.734374
-10.705731,18,477.788443
-10.710476,18,477.842605
-10.636086,18,477.897576
-10.808177,18,477.952543
-10.725286,18,478.006946
-10.559106,17,478.058567
-10.737238,18,478.113322
-12.842082,26,478.192859
-11.195471,19,478.250347
-10.969616,20,478.311164
-10.668514,18,478.365448
-10.728011,18,478.419615
-10.822335,18,478.47391
-10.702548,18,478.529267
-10.953948,18,478.583958
-10.546431,17,478.635439
-10.660467,18,478.68978
-10.774515,18,479.371351
-10.718342,18,479.426821
-10.812195,19,479.484297
-10.824823,19,479.543145
-10.804883,18,479.598151
-10.690788,18,479.653534
-11.454332,19,479.711637
-10.942418,18,479.768228
-13.02921,24,480.169617
-11.220377,19,480.228149
-10.691709,18,480.283206
-10.855855,18,480.339463
-10.696442,18,480.39465
-10.790135,18,480.449643
-10.682582,18,480.504189
-10.927627,18,480.560204
-10.909622,18,480.615706
-11.066306,19,480.673821
-10.74942,18,480.729046
-10.8075,18,480.784513
-10.707079,18,480.838991
-10.717439,18,480.893371
-10.70716,18,480.948527
-11.242589,20,481.009709
-10.726568,18,481.064907
-10.581075,17,481.116596
-10.670774,18,481.172556
-10.68093,18,481.227224
-10.882712,19,481.285182
-10.699181,18,481.339281
-10.703207,18,481.394616
-10.925799,18,481.448991
-10.760425,18,481.503222
-10.623904,18,481.558855
-10.8643,19,481.617261
-10.700396,18,481.67212
-10.973201,18,481.726947
-11.134719,20,481.788837
-10.871704,18,481.843607
-10.904127,18,481.89858
-10.9477,18,481.95379
-11.208057,20,482.014612
-11.078724,19,482.398966
-10.578015,17,482.45102
-10.775523,18,482.505705
-10.731951,18,482.561365
-10.901394,18,482.616144
-10.700739,18,482.671276
-10.809557,18,482.725991
-10.911825,19,482.784192
-10.764937,18,482.839624
-10.526899,17,482.890774
-10.629623,17,482.941856
-10.501863,17,482.994056
-10.692141,18,483.048493
-10.690521,18,483.102947
-10.514481,17,483.91879
-10.697505,19,483.980407
-10.701376,18,484.038332
-10.530281,17,484.093294
-10.752256,18,484.151477
-11.252011,19,484.214505
-10.536442,17,484.269163
-10.583397,17,484.324054
-10.777648,18,484.382847
-10.805324,18,484.441402
-10.969139,19,484.502572
-10.683982,18,484.560836
-10.698261,18,484.619427
-10.812634,18,484.67782
-10.794684,18,484.736597
-10.520508,17,484.792311
-10.809353,18,484.850703
-11.001073,19,484.909633
-10.711894,18,484.964073
-10.671605,18,485.019467
-10.693223,18,485.074143
-10.789777,18,485.457252
-10.684008,18,485.512847
-11.003488,19,485.570312
-10.630655,19,485.628589
-10.85468,18,485.683208
-10.913124,19,485.741271
-10.692774,18,485.796357
-10.772209,18,485.851537
-10.734402,18,485.906132
-10.678705,18,485.960752
-10.539154,17,486.013024
-10.521674,17,486.064605
-10.639957,18,486.119364
-10.734504,18,486.174705
-10.801031,18,486.230032
-10.647703,17,486.281974
-10.559636,17,486.333603
-10.464711,17,486.385519
-10.527894,17,486.438375
-10.538365,17,486.489945
-10.786035,18,486.544651
-10.552568,17,486.596516
-11.004822,19,486.655165
-10.752393,18,486.710142
-10.895946,19,486.768925
-10.857342,18,486.824501
-10.531235,17,486.876781
-10.665868,18,486.931373
-10.70809,18,486.985975
-10.90154,18,487.041925
-10.874996,18,487.096516
-10.933041,19,487.153811
-11.082427,19,487.211818
-10.798278,18,487.267957
-10.510309,17,487.32029
-10.689393,18,487.703149
-10.685089,18,488.442806
-10.694016,18,488.500838
-10.552275,17,488.555768
-10.788982,18,488.613458
-10.900841,19,488.675552
-10.893347,18,488.734626
-10.71057,18,488.792989
-10.694508,18,488.852517
-10.544836,18,488.911158
-10.75549,18,488.969557
-11.019345,19,489.031226
-10.755811,18,489.089816
-10.774114,18,489.147985
-10.847873,18,489.206266
-10.698355,18,489.265599
-10.854751,19,489.328622
-10.778192,18,489.386712
-10.811376,18,489.444884
-10.69996,18,489.503173
-10.5269,17,489.558074
-10.755614,18,489.616127
-10.543434,17,489.671843
-10.66056,18,489.729938
-10.65077,18,489.788404
-10.669549,18,489.846777
-10.682577,18,489.905778
-10.788028,18,489.964464
-10.703396,18,490.023102
-10.753355,19,490.084914
-11.12163,19,490.14652
-10.710798,18,490.204583
-10.555322,17,490.259901
-10.716621,18,490.31839
-10.622955,18,490.731327
-10.697479,18,490.790713
-12.740732,25,490.872225
-10.787636,18,490.931112
-11.024326,19,490.992981
-10.685905,18,491.050926
-10.686322,18,491.109689
-10.746466,18,491.16813
-10.883244,18,491.226305
-11.007993,19,491.288384
-10.678956,18,491.347081
-10.723442,18,491.405716
-11.078774,19,491.467472
-10.825826,18,491.526768
-10.715761,18,491.585654
-10.720191,18,491.644014
-10.492975,17,491.699715
-11.066951,19,491.761475
-10.604087,18,491.819909
-10.620072,17,491.875297
-10.810842,18,491.935114
-10.780522,18,491.993184
-10.646705,18,492.05136
-11.07606,18,492.926775
-10.832322,19,492.98632
-10.815698,18,493.043581
-10.880634,18,493.101994
-10.597373,18,493.160121
-10.540779,17,493.21482
-10.742568,18,493.27299
-11.113132,19,493.335301
-10.572222,17,493.390387
-11.090632,18,493.449486
-11.007697,19,493.511003
-10.726412,18,493.91385
-11.13417,18,493.973562
-10.780671,18,494.031912
-10.570785,18,494.090734
-10.820359,18,494.149538
-10.66036,18,494.208157
-11.06901,19,494.270007
-10.685874,18,494.328791
-10.932001,18,494.387607
-11.001949,18,494.447071
-10.957149,19,494.508735
-10.908026,18,494.567653
-10.73822,18,494.626199
-10.891094,18,494.684541
-11.127725,19,494.746571
-10.741544,18,494.805016
-10.716348,18,494.863404
-11.039545,19,494.925586
-10.674021,18,494.984559
-10.962413,18,495.04308
-10.74628,18,495.10142
-10.726393,18,495.161036
-10.71501,18,495.219633
-11.042291,18,495.278181
-10.887515,18,495.336882
-10.714396,18,495.395845
-11.117133,19,495.457743
-10.705623,18,495.516226
-10.815509,18,495.575156
-10.796783,18,495.634206
-10.885226,19,495.695954
-10.790435,18,495.754566
-10.69892,18,495.812688
-11.023531,19,495.874256
-10.694075,18,495.933116
-10.92991,18,496.33927
-10.560796,17,496.395581
-10.696972,18,496.454376
-10.699972,18,496.513205
-10.714944,18,496.572991
-10.510857,17,496.628397
-11.030218,19,496.690149
-11.060433,20,496.755793
-10.515816,17,496.811388
-10.657022,18,496.872901
-10.621502,17,496.928269
-10.746192,18,497.780224
-13.294971,23,497.865871
-10.551745,17,497.920862
-10.870753,19,497.981752
-10.86843,18,498.039797
-10.873255,18,498.097762
-10.534956,17,498.152421
-10.647247,18,498.210939
-11.358932,19,498.271915
-10.557963,17,498.326514
-10.489972,17,498.381546
-10.82927,18,498.439404
-10.692076,18,498.497646
-10.571116,18,498.555832
-10.691736,18,498.614047
-10.784253,18,498.672053
-10.708518,18,498.730012
-10.521428,17,498.785345
-10.639459,17,498.840506
-10.722627,17,498.895212
-10.918942,18,498.953122
-10.623324,17,499.008022
-11.299891,20,499.07252
-11.147098,19,499.834263
-10.728779,18,499.892572
-10.616869,18,499.950559
-11.178544,19,500.012832
-11.038997,19,500.074494
-10.874331,19,500.135633
-10.611181,18,500.193862
-11.090977,18,500.252177
-10.570318,18,500.310168
-10.738626,18,500.367996
-10.662897,18,500.426197
-11.200057,19,500.487975
-10.685901,18,500.546155
-10.908456,19,500.608098
-11.035166,19,500.669729
-10.799259,18,500.728221
-10.713432,18,500.786418
-10.79899,18,500.845351
-10.705507,18,500.90358
-10.781856,18,500.961668
-11.065918,19,501.023478
-10.665151,18,501.082074
-10.66265,18,501.141317
-10.690228,18,501.199654
-10.715637,18,501.257858
-11.836564,22,501.328966
-11.169646,18,501.386825
-10.7307,18,501.445299
-10.427658,17,501.500867
-10.75792,18,501.559226
-10.555069,17,501.614991
-10.628466,18,501.67363
-10.677221,18,501.731755
-10.658074,18,502.48897
-10.706478,18,502.546574
-10.427779,17,502.946779
-10.682801,18,503.004687
-10.578114,17,503.060721
-10.829259,18,503.115975
-10.816096,18,503.171479
-10.729168,18,503.226412
-10.720106,18,503.280787
-10.701686,18,503.335287
-10.918237,18,503.389343
-10.613521,17,503.441277
-10.81287,18,503.496339
-10.696322,18,503.551403
-10.813363,18,503.605685
-10.818454,18,503.661201
-10.862754,18,503.715623
-10.747075,18,503.770475
-10.945042,19,503.82827
-10.63736,18,503.882604
-10.903666,19,503.939691
-11.009266,19,503.997057
-11.117653,19,504.055438
-10.77352,18,504.109614
-10.919207,19,504.167954
-10.534433,17,504.219928
-13.162541,26,504.298798
-10.525635,17,504.350115
-10.559499,17,504.401906
-10.694976,18,504.456873
-10.733446,18,504.511286
-10.801961,18,504.565389
-10.872485,18,504.620195
-10.583015,18,504.676304
-10.739008,18,504.731298
-10.669069,18,504.785861
-10.903549,19,505.178864
-10.522427,17,505.231787
-10.923264,18,505.286717
-10.713282,18,505.343877
-10.925853,19,505.401245
-10.693056,18,505.4566
-10.702865,18,505.510993
-10.745218,18,505.565261
-10.860983,18,505.6199
-10.687078,18,505.675672
-10.648159,18,505.73067
-10.815361,19,505.78815
-10.483633,17,505.839975
-10.745171,18,505.894844
-10.701802,18,505.949964
-10.800642,18,506.004359
-10.62463,18,506.059355
-10.852132,18,506.113753
-10.902384,19,506.171919
-10.423368,17,506.223568
-10.714134,18,506.924125
-10.86023,18,506.980587
-10.920806,19,507.03817
-10.707251,18,507.093099
-10.732677,18,507.147664
-10.678392,18,507.202378
-11.071527,19,507.260398
-10.534137,17,507.311885
-10.487393,17,507.36364
-11.062469,19,507.420921
-10.894793,18,507.476537
-10.899895,19,507.534023
-10.697852,18,507.588142
-10.842582,19,507.645612
-10.714468,18,508.025473
-10.7214,18,508.082413
-11.691123,21,508.147617
-10.66236,18,508.201934
-10.710556,18,508.256773
-10.965171,19,508.31428
-10.860228,19,508.371918
-10.716514,18,508.426854
-10.718004,18,508.481934
-11.694027,21,508.545538
-10.690844,18,508.5999
-10.51209,17,508.651578
-10.987612,19,508.709302
-11.017038,19,508.767098
-12.152014,21,508.830772
-10.720862,18,508.885812
-10.525038,17,508.937779
-10.700826,18,508.99205
-10.808061,18,509.046877
-10.89733,19,509.104717
-10.725582,19,509.161893
-10.802611,18,509.21617
-10.719784,18,509.271266
-10.650193,18,509.326557
-10.902482,19,509.383883
-10.588397,18,509.438113
-10.676039,18,509.493358
-10.830678,18,509.547883
-10.897524,18,509.602178
-10.682441,18,509.657078
-10.520893,17,509.709113
-10.720278,18,509.763788
-12.747697,24,509.836036
-10.66498,18,509.891426
-12.680522,24,510.296558
-10.921736,19,510.354745
-10.767229,18,510.409259
-10.671111,18,510.463506
-10.525944,17,510.515327
-10.682555,18,510.570304
-10.718491,18,510.624781
-10.935607,19,510.683361
-10.725754,17,511.38537
-10.529714,17,511.437221
-10.715241,18,511.492545
-10.859599,18,511.547772
-10.652325,17,511.599205
-10.848429,18,511.653552
-11.018764,19,511.711857
-11.029087,18,511.766812
-10.851743,18,511.821398
-10.769105,18,511.876722
-10.809278,19,511.936031
-10.803099,19,511.993528
-10.683847,17,512.044599
-11.283329,20,512.105753
-10.722992,18,512.160867
-10.624399,18,512.214678
-10.499602,17,512.266009
-10.934807,18,512.321062
-10.796375,18,512.37592
-10.793725,18,512.430391
-10.66114,18,512.485629
-10.539065,17,512.538338
-10.698543,18,512.592809
-10.915933,18,512.646996
-10.566574,18,512.701702
-10.634144,17,512.753844
-10.48646,17,512.805264
-10.709746,18,513.18927
-10.645266,18,513.244309
-10.513628,17,513.295626
-10.734893,18,513.350931
-10.720981,18,513.406545
-10.736967,18,513.461242
-10.687875,18,513.516243
-10.840257,18,513.57096
-10.702561,18,513.625039
-10.690837,18,513.679474
-10.719988,18,513.735313
-10.674278,18,513.789601
-11.562419,21,513.853586
-10.746676,18,513.908907
-11.087175,18,513.964527
-10.534439,17,514.016426
-10.837441,18,514.070399
-10.715697,18,514.125374
-10.810299,18,514.179644
-10.658717,17,514.231504
-10.79129,18,514.286128
-10.682128,18,514.341385
-10.677554,18,514.396042
-10.743756,18,514.45061
-10.520369,17,514.502082
-10.683647,18,514.557742
-10.712747,18,514.613012
-10.528515,17,514.664396
-10.712649,18,514.719199
-10.629704,18,514.774241
-10.643011,17,515.579478
-10.687316,18,515.63439
-10.791119,18,515.689338
-10.857088,18,515.744583
-10.910261,18,515.7992
-10.861733,19,516.187955
-10.673503,18,516.242929
-10.777038,18,516.297569
-10.735777,18,516.352744
-11.110069,20,516.413447
-10.746982,18,516.468112
-10.842042,18,516.523075
-10.613343,18,516.57812
-10.77592,18,516.63284
-11.010829,19,516.690143
-10.653318,18,516.745448
-10.661269,18,516.800104
-10.695279,18,516.854572
-10.715257,18,516.910493
-10.621502,18,516.966682
-10.543441,17,517.018306
-10.531177,17,517.069686
-10.516015,17,517.121069
-10.782394,18,517.17601
-10.557842,17,517.227617
-10.51528,17,517.278864
-10.758865,18,517.333018
-10.988951,18,517.388494
-12.201331,23,517.458626
-10.567582,18,517.514107
-10.736757,18,517.569442
-10.715842,18,517.623827
-10.410363,17,517.675001
-10.67086,18,517.729398
-10.783209,18,517.78469
-10.702774,18,517.839965
-10.751271,18,517.894339
-10.61861,17,517.946047
-10.508784,17,517.998433
-10.694107,18,518.382162
-10.714194,18,518.43699
-10.71353,18,518.492497
-10.652637,18,518.548057
-12.287947,24,518.621086
-10.704682,18,518.675337
-10.513189,17,518.726692
-10.674743,18,518.78196
-10.69797,18,518.836093
-10.693266,18,518.890128
-10.398871,17,518.942071
-10.960384,19,519.000736
-10.530674,17,519.053045
-10.530863,17,519.10486
-12.458546,24,519.178298
-10.736124,18,519.233291
-10.707432,18,519.287561
-10.715695,18,520.004193
-10.685938,18,520.059216
-10.948193,19,520.116857
-10.617643,17,520.168419
-10.822056,18,520.223447
-10.511165,17,520.27475
-10.893377,19,520.332624
-10.698593,18,520.387304
-10.80547,18,520.441942
-11.028097,19,520.499745
-10.677942,18,520.554229
-10.839624,18,520.609236
-10.67576,18,520.664448
-10.536012,17,520.715943
-10.707685,18,520.770332
-10.624114,18,520.825255
-10.699912,18,520.879708
-10.491954,17,521.55725
-10.510041,17,521.610813
-10.728964,18,521.665586
-10.999663,19,521.723702
-10.730656,18,521.778122
-10.837484,18,521.833458
-10.704046,18,521.888134
-10.7296,18,521.942585
-10.983775,18,521.997286
-10.526801,17,522.048963
-10.649782,18,522.103644
-10.698102,18,522.158601
-10.825639,18,522.214494
-11.299907,20,522.275336
-10.72958,18,522.32983
-10.700417,18,522.38402
-10.944587,18,522.438934
-10.69905,18,522.493941
-10.712614,18,522.548753
-10.898332,19,522.607184
-10.705131,18,522.662014
-10.732107,18,522.716784
-10.676908,18,522.772031
-10.719264,18,522.827966
-10.926781,19,522.885853
-10.690912,18,522.940614
-10.652767,18,522.995256
-10.700306,18,523.050319
-10.474786,17,523.102554
-10.798812,18,523.157541
-10.721887,18,523.212209
-10.685423,18,523.267347
-10.855076,18,523.32221
-10.672915,18,523.377291
-10.772389,18,523.433175
-10.718167,18,523.798868
-11.141204,18,523.854786
-10.665723,18,523.909539
-10.674104,18,523.964342
-10.738797,18,524.019336
-10.516979,17,524.875732
-10.668114,18,524.931859
-10.706127,18,524.987842
-10.900141,19,525.046257
-10.526522,17,525.098495
-10.926557,19,525.15765
-10.646324,18,525.215474
-10.712196,18,525.27459
-10.688559,18,525.332629
-10.737934,18,525.390823
-10.903781,18,525.449576
-10.773453,19,525.510799
-10.789115,18,525.5686
-10.685693,18,525.626671
-10.892929,19,525.689383
-10.871268,18,525.74833
-10.765797,18,525.806954
-10.880595,19,525.868877
-10.516408,17,525.92386
-11.173402,19,525.984881
-10.639403,18,526.043067
-10.680201,18,526.102113
-10.896506,19,526.163626
-10.72325,18,526.219815
-10.754118,18,526.275304
-10.706754,18,526.330305
-10.624106,18,526.385243
-10.571189,17,526.437667
-10.670154,18,526.492801
-10.976632,19,526.550527
-10.765589,19,526.938344
-10.851316,18,526.996115
-10.488482,18,527.054747
-10.481561,17,527.110112
-10.725319,18,527.168331
-10.561473,17,527.223463
-10.722997,18,527.282608
-10.915901,19,527.344699
-10.679761,18,527.403573
-10.93635,19,527.465131
-10.653373,18,527.524212
-10.718153,18,527.582686
-10.579958,18,527.641129
-10.745927,18,527.700376
-10.783384,18,527.759128
-10.712825,18,527.817397
-10.64116,18,527.875675
-10.591925,18,527.934849
-10.716388,18,527.993332
-10.887692,19,528.0549
-10.692576,18,528.113772
-10.72204,18,528.173209
-10.76978,18,528.231908
-10.706684,18,528.291126
-10.680653,18,528.350695
-10.728717,18,528.409339
-10.686588,18,529.110587
-10.704562,18,529.169971
-10.69242,18,529.228387
-11.910639,22,529.300725
-10.6275,18,529.358616
-10.592398,18,529.415457
-10.827369,18,529.472933
-10.700558,18,529.53097
-10.716686,18,529.93264
-10.68444,18,529.992254
-11.010827,19,530.053413
-10.481515,17,530.108703
-10.694238,18,530.166941
-11.725477,19,530.228152
-10.801129,18,530.286312
-10.696388,18,530.345241
-10.771093,18,530.403182
-10.702744,18,530.461189
-10.659572,18,530.519534
-13.31844,26,530.604112
-10.67919,18,530.66226
-10.512146,17,530.717365
-10.538454,17,530.772175
-10.508031,17,530.827347
-10.523872,17,530.882359
-10.622844,17,530.937839
-10.528531,17,530.993143
-10.399145,17,531.048248
-10.679748,18,531.106442
-10.743355,18,531.165107
-11.111793,19,531.226892
-10.434348,17,531.282869
-11.472,20,531.348965
-11.034648,18,531.407492
-10.75463,18,531.465537
-10.740684,18,531.524138
-10.692448,18,531.582404
-10.481187,17,531.637375
-10.510149,17,531.692295
-10.496812,17,531.747739
-10.89488,19,531.809871
-10.94551,19,531.871586
-10.619421,18,531.930595
-10.614498,17,532.332102
-10.524575,17,532.388101
-10.695066,18,532.446414
-10.80338,18,532.504624
-10.827835,18,532.562922
-10.719481,18,532.621393
-10.509752,17,532.675904
-10.698354,18,532.734192
-10.785525,18,532.79309
-11.501665,21,532.860689
-10.877266,18,532.918876
-11.105473,18,532.97819
-10.711057,18,533.036496
-10.71099,18,533.094721
-10.640944,18,533.789227
-10.682414,18,533.847559
-10.521616,17,533.903358
-10.934651,19,533.965675
-10.682817,18,534.024334
-10.633174,18,534.082237
-10.680086,18,534.138555
-10.687813,18,534.196499
-10.67012,18,534.254674
-10.688547,18,534.312262
-10.490549,17,534.375519
-10.680164,18,534.43292
-10.500287,17,534.48745
-10.813185,18,534.545546
-10.765531,18,534.60416
-10.651922,18,534.662662
-10.683124,18,534.720523
-10.689615,18,534.77898
-10.939176,19,534.841171
-10.698192,18,534.899517
-11.113888,19,535.305974
-10.741373,18,535.364683
-10.721042,18,535.42396
-10.501289,17,535.475789
-10.685765,18,535.530666
-10.682468,18,535.585357
-11.094463,18,535.640166
-10.518277,17,535.691524
-10.539903,17,535.74284
-10.918078,18,535.797762
-10.669835,18,535.853091
-10.693153,18,535.907394
-10.682022,18,535.962267
-10.703261,18,536.017609
-10.886965,19,536.075281
-10.674665,18,536.129719
-10.532929,17,536.181822
-10.678191,18,536.237122
-11.228535,19,536.294448
-10.67201,18,536.348806
-10.935397,18,536.403744
-10.719898,18,536.458789
-11.024274,19,536.516152
-10.709703,18,536.570704
-10.674628,18,536.626012
-10.743637,18,536.680272
-10.640618,18,536.734493
-10.675588,18,536.789324
-10.703607,18,536.844225
-10.713951,18,536.898572
-10.494421,17,536.950434
-10.793417,18,537.005217
-10.489297,17,537.057294
-10.688319,18,537.111623
-10.677697,18,537.165929
-10.504985,17,537.540837
-10.86588,18,537.597025
-10.652752,18,538.316732
-11.174078,20,538.381158
-10.539749,17,538.43658
-10.682452,18,538.494853
-10.513672,17,538.549716
-11.645124,21,538.617716
-10.957358,20,538.682974
-11.205352,20,538.747512
-10.512577,17,538.802044
-10.630433,17,538.856997
-10.678807,18,538.914938
-10.544598,17,538.969928
-10.980008,19,539.031706
-11.023425,18,539.089351
-10.503936,17,539.144239
-10.651641,18,539.201787
-10.798647,18,539.260461
-10.790046,18,539.31916
-10.540023,17,539.37377
-10.973248,19,539.434949
-10.907737,19,539.49637
-10.696054,18,539.55454
-10.554,17,539.609268
-10.882858,19,539.671217
-10.727811,18,539.728988
-10.652339,18,539.786819
-10.804114,19,539.848029
-10.678256,18,539.906219
-10.670272,18,539.964798
-10.839733,19,540.027095
-10.630082,18,540.085222
-11.061962,18,540.144045
-10.538415,17,540.198836
-10.913049,19,540.584728
-10.81702,18,540.644096
-10.75374,18,540.702435
-10.767149,18,540.760749
-10.73536,18,540.818762
-10.776323,18,540.877122
-10.722341,18,540.935974
-10.632618,18,540.99417
-10.725549,18,541.052952
-10.521619,17,541.107969
-10.65966,18,541.166637
-10.543313,17,541.221756
-10.629064,18,541.280766
-10.673276,18,541.339138
-10.854431,18,541.39725
-10.939158,19,541.459015
-12.439031,25,541.540465
-10.689524,18,541.599046
-10.630389,17,541.654619
-10.535479,17,541.707405
-10.685492,18,541.764724
-10.730475,18,541.82204
-10.929859,18,541.880283
-10.706912,18,542.59554
-10.635282,17,542.647667
-10.762689,18,542.703385
-11.21207,21,542.766809
-10.493614,17,542.818145
-10.749416,18,542.873467
-10.935455,18,542.928165
-12.44911,24,543.001848
-10.80244,18,543.057201
-10.635794,18,543.113655
-10.656991,18,543.168735
-10.767972,18,543.851129
-10.707683,18,543.9067
-10.755744,18,543.961487
-10.79688,18,544.016419
-10.66307,18,544.071716
-10.696807,18,544.128014
-10.764364,18,544.182916
-10.882266,18,544.238356
-10.695232,18,544.293705
-10.689678,18,544.349186
-10.670426,18,544.404604
-10.720064,18,544.459775
-10.506345,17,544.512654
-10.639962,18,544.567858
-10.848422,18,544.622461
-10.496374,17,544.674215
-10.508221,17,544.727021
-10.885776,19,544.784698
-10.535534,17,544.836641
-10.478579,17,544.888732
-10.701972,18,544.944381
-10.710519,18,544.999246
-10.711484,18,545.054523
-10.696062,18,545.111593
-10.680802,18,545.166975
-10.995351,19,545.224426
-10.701275,18,545.278906
-11.802838,22,545.347121
-10.951591,19,545.405005
-10.674243,18,545.460024
-10.728742,18,545.516079
-10.750788,18,545.570863
-10.736709,18,545.625935
-10.881365,19,545.684167
-10.524645,17,546.05022
-10.686049,18,546.10698
-10.501959,17,546.160038
-10.560029,17,546.212405
-10.52738,17,546.267607
-10.879178,18,546.323733
-10.631103,18,546.381429
-10.702716,18,546.436669
-10.739003,18,546.492074
-10.682054,18,546.548013
-10.495527,17,546.599695
-10.506631,17,546.651016
-10.675833,18,547.332276
-10.737761,18,547.386648
-10.665853,18,547.441244
-10.692893,18,547.495634
-10.662338,18,547.551541
-10.669998,18,547.606074
-10.715581,18,547.66039
-11.063993,19,547.717913
-10.74667,18,547.77228
-11.156141,19,547.829736
-10.634731,18,547.883744
-10.400863,17,547.935512
-10.635871,18,547.989891
-10.637719,18,548.044315
-10.722651,18,548.098459
-10.727575,18,548.153927
-10.678053,18,548.208148
-10.960199,19,548.265336
-10.742414,18,548.319501
-10.772373,18,548.374143
-10.501218,17,548.426189
-10.724524,18,548.480423
-10.842952,18,548.543163
-11.119952,18,548.903226
-10.853782,19,548.961708
-10.974484,19,549.019529
-10.890216,18,549.074818
-10.700701,18,549.129612
-10.676033,18,549.184431
-10.707288,18,549.239413
-10.488695,17,549.290853
-10.721664,18,549.346249
-10.503206,17,549.397581
-10.566788,17,549.449013
-10.669761,18,549.503209
-10.693717,18,549.558262
-10.418289,17,549.609575
-10.935318,19,549.66747
-10.672018,18,549.72175
-10.569629,18,549.776587
-10.717703,18,549.830989
-10.681435,18,549.885246
-10.504513,18,549.939637
-10.600432,17,549.991953
-10.819594,19,550.049356
-10.704865,18,550.10348
-10.647222,18,550.158468
-10.861643,19,550.21553
-10.72596,18,550.271076
-10.657565,18,550.327939
-10.510782,17,550.382071
-10.754578,18,550.436964
-10.765306,18,550.491648
-10.691121,18,550.546626
-10.511728,17,550.599649
-10.697467,18,550.655349
-10.741693,19,550.716425
-11.033355,19,551.855501
-10.861564,18,552.240757
-10.525395,17,552.298765
-10.762141,18,552.36022
-10.683849,18,552.424209
-10.661223,18,552.485855
-10.519972,17,552.543772
-10.718485,18,552.604973
-10.714782,18,552.664967
-10.771695,18,552.724456
-10.620346,18,552.782955
-10.664242,18,552.841724
-10.786154,18,552.900387
-10.710185,18,552.95884
-10.71685,18,553.017837
-10.475607,18,553.079153
-10.728255,18,553.141111
-10.706309,18,553.201329
-10.525822,17,553.258071
-10.869019,18,553.318784
-10.698213,18,553.38009
-10.69423,18,553.440815
-10.514101,17,553.498606
-10.393428,17,553.556599
-10.717259,18,553.618251
-10.569375,18,553.680249
-10.871358,19,553.74484
-10.96955,19,553.810868
-10.513462,17,553.872221
-11.071334,19,553.940117
-10.776082,18,554.003516
-10.871709,19,554.070405
-10.688402,18,554.13264
-10.67231,18,554.194028
-10.628568,18,554.256039
-10.679019,18,554.317691
-10.498681,17,554.708354
-10.60364,18,554.769704
-10.774804,19,554.832399
-10.677935,18,554.893972
-11.241681,19,554.959142
-10.905692,19,555.02268
-10.762675,18,555.081321
-10.783828,18,555.140923
-10.800359,18,555.201428
-10.735598,18,555.261799
-10.701681,18,555.323649
-10.707466,18,555.388163
-10.708517,18,555.451699
-10.730243,18,555.515298
-10.662017,18,555.580452
-10.707096,18,555.648179
-10.659999,18,555.713062
-10.676039,18,555.774015
-10.694861,18,555.835226
-10.430165,17,555.897714
-10.709585,18,555.96094
-10.844806,19,556.859505
-10.683574,18,556.917906
-10.660732,18,556.973831
-10.73671,18,557.029526
-10.508855,17,557.08315
-10.655905,18,557.139698
-11.112524,19,557.199476
-10.926641,19,557.258415
-10.506907,17,557.311878
-10.675008,18,557.367672
-10.85102,18,557.423573
-10.919577,19,557.482584
-10.728388,18,557.539026
-10.497254,17,557.921716
-10.672354,18,557.983071
-10.855833,19,558.045601
-10.787724,18,558.103511
-10.830416,18,558.161713
-10.517112,18,558.219793
-10.678645,18,558.278558
-10.687803,18,558.33653
-11.052698,19,558.397611
-10.62336,17,558.452339
-10.554472,17,558.507566
-10.707353,18,558.56493
-10.867526,18,558.62201
-10.660513,18,558.679123
-10.73047,18,558.736643
-10.688754,18,558.794843
-10.40703,17,558.849698
-12.321992,22,558.920829
-10.542557,17,558.973867
-10.874556,19,559.034075
-10.417167,17,559.087981
-11.080046,20,559.151735
-10.858382,19,559.211304
-10.490172,17,559.26885
-10.718679,18,559.327057
-10.727586,18,559.384935
-10.67019,18,559.442845
-10.497938,17,559.498318
-10.524564,17,559.553742
-10.603513,18,559.612925
-10.966643,19,559.672959
-10.440595,17,559.726533
-10.502967,17,559.779943
-10.728973,18,559.836676
-10.751086,18,559.892547
-10.502311,17,560.258784
-10.667887,18,560.322542
-10.649276,18,560.385812
-10.758366,18,560.446082
-10.744621,18,560.504433
-10.704764,18,560.56234
-10.674018,18,560.619048
-10.734813,18,560.67636
-10.817457,18,560.734842
-10.684531,18,561.832499
-10.701141,18,561.889683
-10.499096,17,561.944854
-10.568344,17,562.000336
-10.639925,18,562.060595
-10.7125,18,562.121068
-10.707008,18,562.18183
-10.693519,18,562.242306
-10.866061,18,562.301971
-10.667948,18,562.361047
-11.398485,20,562.426032
-10.674996,18,562.485248
-10.799521,18,562.54341
-10.705824,18,562.603028
-10.562217,18,562.664044
-10.857311,19,562.72838
-10.685571,18,562.790516
-10.843573,18,562.852622
-10.689978,18,562.914657
-10.921928,19,562.982996
-10.783299,18,563.047429
-11.178874,20,563.119992
-10.727424,18,563.184763
-10.543767,17,563.246018
-10.880897,19,563.314081
-10.567897,17,563.373074
-10.716413,18,563.766769
-10.733092,18,563.822735
-10.696399,18,563.883377
-10.500701,17,563.940042
-10.671928,18,564.000615
-10.673502,18,564.061689
-10.712766,18,564.122797
-10.810282,18,564.185174
-10.716128,18,564.247284
-10.67876,18,564.308753
-10.669349,18,564.370967
-10.695865,18,564.430587
-10.861114,18,564.490391
-10.684851,18,564.54905
-10.711854,18,564.60757
-10.896917,18,564.666141
-10.685726,18,564.724663
-10.722102,18,564.783393
-10.527877,17,564.839492
-10.771901,18,564.899743
-10.883519,19,564.964926
-10.861247,19,565.029729
-10.918785,18,565.090936
-10.507324,17,565.149351
-10.513964,17,565.207436
-10.713026,18,565.269836
-11.050574,19,565.333323
-10.663845,18,565.392527
-10.660074,18,565.451664
-10.404391,17,565.507488
-10.666993,18,566.401366
-10.924015,18,566.461131
-10.512032,18,566.517266
-10.826615,18,566.57207
-10.829593,17,566.623795
-10.498782,17,567.292279
-10.642966,18,567.347468
-10.852282,19,567.40552
-10.488494,17,567.457762
-10.720441,18,567.512331
-10.525572,17,567.564511
-10.505394,17,567.616377
-10.898335,19,567.674033
-10.500307,17,567.725346
-10.514469,17,567.776796
-10.68913,18,567.831141
-10.977364,19,567.889235
-10.676341,18,567.943899
-10.755262,18,567.999113
-11.350938,20,568.060369
-10.741838,18,568.115738
-10.778805,18,568.171881
-10.864136,19,568.229453
-10.672069,18,568.283726
-10.995404,19,568.341428
-10.687087,18,568.395914
-10.860315,19,568.453987
-10.553941,17,568.507252
-10.674551,18,568.563622
-10.723077,18,568.620628
-10.697628,18,568.677925
-10.710554,18,568.735167
-10.732562,18,568.792607
-10.531674,17,568.846991
-10.754563,18,568.904618
-10.673594,18,568.96215
-10.705813,18,569.020092
-10.655545,18,569.077957
-10.97198,19,569.139436
-10.881214,19,569.5231
-10.831708,19,569.585797
-10.791742,19,569.646926
-10.525132,17,569.70168
-10.88977,19,569.763033
-10.747799,18,569.820656
-10.490185,17,569.875502
-10.795296,18,569.933368
-11.016422,18,569.992604
-10.707333,18,570.05059
-10.676237,18,570.108521
-10.487406,17,570.163011
-10.709661,18,570.220235
-10.836729,19,570.281291
-10.716873,18,570.338814
-10.516076,17,570.395213
-10.522294,17,570.450471
-10.730483,18,570.508351
