#{"t_start": 1762328971.1497252, "env_id": "None"}
r,l,t
-16.740959,26,0.580707
-15.304676,24,0.652627
-17.445936,25,0.728499
-15.447471,24,0.801843
-14.439935,22,0.869965
-17.163578,26,0.95002
-14.459012,22,1.017035
-17.808526,28,1.103267
-16.395615,25,1.181089
-17.816511,25,1.257514
-16.3309,25,1.334618
-13.436543,21,1.400097
-13.427583,20,1.462395
-14.16256,21,1.526783
-15.638693,22,1.595118
-14.38168,22,1.662957
-17.447092,26,1.74311
-15.049978,22,1.81161
-14.029225,21,1.876692
-18.53179,27,1.960552
-16.836932,25,2.037841
-19.760549,27,2.12152
-17.066102,25,2.199307
-15.297025,23,2.270226
-16.417851,23,2.341232
-17.97258,26,2.422901
-15.175978,23,11.52769
-16.565379,23,11.597169
-12.978261,20,11.65745
-14.046728,21,11.721234
-15.21478,24,11.792691
-12.558299,20,11.852049
-15.538684,23,11.920931
-13.928297,21,11.983463
-16.508523,24,12.056351
-15.28184,23,12.126098
-12.932336,20,12.185798
-17.935156,26,12.263841
-17.094526,24,12.336189
-13.883362,22,12.401508
-16.420704,25,12.475912
-13.554682,19,12.532998
-15.532578,23,12.602076
-17.508235,24,13.525066
-13.774797,20,13.584739
-13.613836,21,13.647532
-13.965117,22,13.714826
-12.602795,18,13.769729
-16.60546,24,13.841635
-16.449467,24,13.91447
-17.416374,25,13.989227
-13.584573,20,14.049529
-13.59093,22,14.115545
-13.312658,20,14.17678
-18.894291,28,14.662122
-15.608231,23,14.732373
-16.153396,25,14.807638
-12.636982,19,14.864374
-27.156004,32,14.960279
-16.372974,24,15.032938
-15.551467,22,15.099128
-14.357125,21,15.162653
-17.466518,26,15.241572
-19.004595,29,15.330159
-13.941412,22,15.396891
-18.553222,27,15.477958
-15.281388,23,15.548101
-15.459526,23,15.619017
-18.40145,27,15.700815
-17.650048,25,15.776606
-17.44915,27,15.85724
-12.176715,19,15.91418
-15.185051,23,15.984079
-17.629339,26,16.062174
-16.120082,24,16.134393
-15.467984,23,16.20404
-17.225157,25,16.279939
-17.957065,28,16.36493
-12.966604,20,16.424664
-14.026664,22,16.914407
-15.034606,23,16.984685
-14.539563,21,17.047997
-12.628917,19,17.104395
-15.255997,23,17.174176
-18.139024,26,17.25232
-20.987489,30,17.343097
-13.485901,21,17.406792
-18.713531,27,18.205873
-14.913162,23,18.274395
-17.973015,29,18.361579
-18.193478,28,18.446003
-20.02412,29,18.532323
-13.291762,21,18.59587
-17.494085,26,18.67525
-15.107837,22,18.742508
-15.652912,22,18.811474
-14.497068,22,18.879619
-12.616865,19,18.939194
-14.757531,23,19.010895
-15.48958,23,19.082843
-15.228594,23,19.153727
-14.854877,22,19.225548
-18.288189,26,19.305105
-14.676047,22,19.371271
-12.148946,18,19.425512
-12.563229,19,19.482085
-17.056465,25,19.973759
-16.139916,25,20.05005
-15.273531,23,20.118842
-15.576887,24,20.191182
-14.8755,22,20.257609
-15.173981,23,20.327216
-14.207949,22,20.393767
-12.879607,19,20.450463
-15.604591,22,20.516643
-18.217357,25,20.592521
-16.034284,25,20.668107
-17.223698,25,20.742616
-14.888588,23,20.811862
-18.580712,28,20.896158
-12.817691,20,20.956421
-17.838157,25,21.032215
-18.636025,27,21.113122
-15.191082,23,21.182631
-15.805963,23,21.252714
-16.858768,24,21.324864
-17.524604,25,21.40056
-17.253466,25,21.475738
-16.523486,24,21.547693
-18.29695,26,21.625682
-14.3962,21,22.330972
-17.797407,28,22.41627
-17.819847,25,22.906286
-16.908231,24,22.980115
-18.247996,26,23.059591
-12.27384,18,23.113507
-17.167437,25,23.188729
-17.907249,27,23.270755
-15.211554,24,23.342484
-18.059894,26,23.421325
-16.032908,24,23.49346
-14.659537,23,23.562833
-12.796675,19,23.620248
-14.980894,24,23.692009
-17.827686,25,23.767452
-16.082112,25,23.843159
-14.431341,23,23.912295
-16.809793,25,23.987346
-14.96248,22,24.054838
-16.501313,25,24.131234
-12.001618,19,24.188354
-15.089487,23,24.258101
-14.069398,22,24.324213
-19.243019,29,24.411937
-18.325984,26,24.490275
-15.778133,24,24.562458
-15.214515,24,24.634934
-19.355327,27,24.715543
-16.715029,26,25.183828
-14.852961,21,25.2479
-20.091907,29,25.335179
-16.131948,25,25.410052
-17.942718,26,25.488192
-17.1321,24,25.561051
-16.301941,23,25.631382
-14.452807,21,25.695724
-18.190359,27,25.777568
-16.362425,25,25.853334
-15.165739,23,25.923111
-14.724282,22,25.99033
-12.585193,20,26.051534
-15.824731,24,26.124259
-15.459518,23,26.201084
-16.077917,25,26.912245
-17.661776,27,26.995637
-21.036172,29,27.087484
-14.760252,22,27.156087
-13.942616,20,27.218684
-16.605501,25,27.297237
-15.528413,25,27.374994
-16.768427,26,27.456186
-18.286165,27,27.541512
-17.187356,26,27.621999
-17.20678,24,27.697521
-15.817299,22,28.150754
-15.772271,23,28.222944
-16.025618,23,28.294737
-17.774573,26,28.376218
-15.866594,22,28.444533
-14.782145,21,28.510128
-22.2988,30,28.604348
-19.853866,28,28.692131
-17.655481,26,28.773212
-13.295785,18,28.829661
-12.727803,19,28.889186
-15.197075,23,28.961368
-16.749822,25,29.036416
-14.780575,22,29.102685
-20.779404,30,29.193342
-16.906483,25,29.268605
-11.564066,18,29.322338
-15.520343,23,29.390569
-15.052324,23,29.460279
-17.493847,27,29.541738
-13.237469,20,29.601255
-16.646437,25,29.676023
-19.179637,29,29.764029
-12.226766,19,29.820661
-16.505697,26,29.89915
-15.317697,22,29.966562
-16.840247,24,30.872247
-15.883559,24,30.948903
-14.161255,21,31.014956
-15.974456,23,31.087976
-18.213361,27,31.173104
-16.650172,25,31.923331
-14.002191,21,31.986962
-13.117921,19,32.043606
-14.970386,23,32.11315
-17.185188,26,32.191364
-18.692494,29,32.278528
-15.520991,22,32.34537
-14.786566,22,32.41096
-16.819039,24,32.483803
-15.413573,23,32.554186
-13.99697,22,32.621928
-18.336057,27,32.70561
-14.771507,22,32.775034
-15.846323,23,32.846386
-16.635233,25,32.92456
-18.622194,29,33.014219
-17.413382,23,33.086401
-12.200446,18,33.144147
-16.964624,25,33.222362
-14.660629,22,33.290921
-13.211183,20,33.354051
-15.701441,23,33.426128
-14.057241,21,33.872839
-14.522729,22,33.942668
-14.184769,21,34.008904
-17.29934,24,34.083455
-15.759681,24,34.160124
-12.441469,18,34.216835
-17.291997,25,34.299086
-15.513636,23,34.372336
-15.489362,25,34.451668
-15.163421,24,34.527486
-17.669826,25,34.60692
-13.77356,20,34.670032
-20.262627,28,34.7595
-19.598755,28,34.847825
-15.098525,22,34.917489
-16.964701,25,34.996721
-16.334155,24,35.071936
-18.246834,27,35.156815
-16.102417,23,35.228718
-16.199949,24,35.30389
-15.143817,22,35.374636
-14.598344,21,35.440113
-19.384516,27,36.435598
-15.195783,21,36.498112
-19.096625,27,36.579579
-13.694663,22,36.64526
-16.2289,24,36.717471
-13.330225,20,37.211207
-15.334914,24,37.284021
-15.101198,22,37.351517
-13.865569,20,37.411227
-13.942216,21,37.474487
-14.774761,23,37.543327
-14.924425,23,37.613664
-16.518627,25,37.688639
-16.336098,24,37.761367
-15.775885,23,37.831384
-15.383943,23,37.90067
-13.192436,21,37.965158
-18.572021,27,38.046709
-17.555498,25,38.121819
-13.375904,20,38.182766
-14.998953,24,38.256274
-16.422224,23,38.325778
-16.618239,25,38.401446
-15.446103,26,38.479074
-17.055699,24,38.551439
-17.714469,26,38.630822
-14.782453,24,38.702891
-17.500406,26,38.782495
-15.061641,22,38.849437
-17.048125,26,38.927747
-15.732716,23,38.997211
-21.514098,29,39.505844
-16.438728,24,39.579179
-18.872455,28,39.663908
-13.646384,21,39.726771
-18.075234,24,39.799164
-14.579799,21,39.863381
-13.932368,21,39.927064
-16.007562,23,39.997675
-15.596636,22,40.063663
-14.163201,22,40.129614
-14.090177,21,40.193268
-16.57379,24,40.265971
-13.430245,21,40.329809
-13.858336,21,41.119888
-19.443472,29,41.212851
-14.619505,22,41.283101
-13.856424,21,41.349355
-17.372277,27,41.436243
-14.936062,22,41.506959
-15.898362,25,41.586049
-13.679592,20,41.650731
-13.434635,21,41.717649
-13.867589,21,41.784024
-15.497834,23,41.85814
-15.440651,24,41.935385
-18.16121,27,42.021776
-16.94252,24,42.097488
-15.562766,24,42.610227
-14.00259,21,42.678924
-14.775687,21,42.744288
-14.132555,20,42.806576
-13.376278,20,42.870195
-14.905486,22,42.940515
-15.037106,23,43.012082
-16.692828,25,43.091605
-13.191741,19,43.151908
-15.73285,24,43.228896
-16.394136,24,43.308904
-15.035598,22,43.37835
-16.520708,24,43.455251
-12.771216,19,43.515772
-15.889,25,43.594422
-13.460514,20,43.657741
-15.874613,25,43.736702
-16.666053,25,43.815324
-16.890682,24,43.892388
-15.104813,23,43.965916
-13.944463,22,44.035338
-18.198622,26,44.117659
-13.69242,20,44.180772
-15.496425,25,44.260277
-14.706717,22,44.329693
-16.667393,26,44.411444
-16.705199,23,44.48468
-14.9494,23,44.557046
-14.084904,21,45.055533
-13.970894,22,45.125803
-14.493774,22,45.195088
-16.725033,24,45.885498
-14.026297,21,45.950887
-12.705511,18,46.006403
-14.969305,24,46.081395
-13.30177,21,46.146807
-14.584232,21,46.212837
-16.113322,24,46.288168
-21.021547,31,46.385258
-17.539504,25,46.463689
-13.66121,21,46.530766
-12.634929,20,46.593965
-16.410925,24,46.669029
-13.813734,21,46.735463
-16.621728,25,46.814479
-16.079692,23,46.88704
-15.383291,24,46.962281
-15.176212,23,47.034156
-13.704475,21,47.100375
-16.140027,25,47.17909
-13.497547,22,47.247709
-16.064758,24,47.323099
-13.607063,20,47.385174
-13.799327,21,47.451407
-17.542636,26,47.532789
-16.041937,23,48.026909
-15.764578,25,48.106439
-12.632829,20,48.169892
-15.85195,23,48.241508
-15.995906,23,48.314245
-16.875799,25,48.392927
-14.017565,21,48.458596
-17.364562,26,48.5416
-17.410784,27,48.626073
-16.148285,23,48.697731
-15.576791,25,48.775846
-17.793922,26,48.857372
-14.378092,22,48.926386
-17.671718,27,49.011013
-15.416347,24,49.086959
-16.745036,26,49.169966
-17.476786,25,49.249192
-16.590918,25,49.328622
-18.964844,27,49.41441
-13.804036,21,50.11993
-12.789705,19,50.179516
-14.984293,22,50.247726
-15.967909,24,50.320379
-19.694945,29,50.408188
-13.904855,21,50.471382
-13.1377,20,50.53279
-12.448006,19,50.982019
-13.572455,20,51.043321
-17.474313,26,51.122532
-16.395095,24,51.195536
-18.344857,28,51.279438
-15.098526,24,51.351589
-17.869715,25,51.427553
-17.250754,26,51.505275
-17.617919,26,51.58407
-15.479067,23,51.653447
-16.529177,25,51.728512
-12.21315,19,51.786247
-15.681233,22,51.852567
-14.125729,21,51.915572
-14.485634,21,51.980115
-14.506708,23,52.049128
-13.874399,20,52.10915
-12.890299,20,52.169868
-15.222117,24,52.242587
-18.099712,27,52.324293
-14.461875,22,52.390669
-13.922381,21,52.453479
-14.002925,23,52.522363
-14.942053,23,52.592304
-14.918996,23,52.661418
-18.198819,27,52.743393
-14.915882,22,52.810462
-15.199419,23,53.60271
-14.42655,21,53.667073
-15.50097,23,53.738596
-14.715253,23,53.811049
-25.943552,30,53.904623
-16.543343,25,53.982853
-23.764265,32,54.083057
-15.379845,24,54.158519
-16.404231,24,54.235678
-13.087353,20,54.299361
-15.135538,23,55.031059
-15.303852,23,55.101811
-15.719603,24,55.176922
-15.516033,23,55.249354
-13.917233,20,55.311847
-16.836306,25,55.390599
-17.790345,27,55.474986
-13.399492,20,55.538913
-18.008987,27,55.624524
-17.346049,26,55.706483
-16.135588,25,55.786271
-14.550167,23,55.859431
-14.638583,22,55.928261
-14.796633,23,56.0014
-16.152447,24,56.076913
-14.96369,22,56.146991
-12.70862,20,56.210845
-14.837588,23,56.691827
-13.599161,20,56.755286
-15.989878,24,56.831681
-26.346397,31,56.929659
-15.920879,25,57.008494
-14.483996,22,57.077863
-15.565002,23,57.150877
-13.234289,20,57.214878
-13.106531,20,57.278522
-17.226123,26,57.360981
-12.999546,19,57.421387
-14.937725,23,57.494133
-12.723934,19,57.554183
-12.905244,20,57.617621
-17.167512,27,57.703666
-13.959436,22,57.773347
-15.196339,24,57.849819
-12.271299,19,57.909611
-14.63275,23,57.981765
-17.543288,25,58.061004
-15.407431,23,58.134212
-13.465151,20,58.197248
-14.381496,22,58.267487
-13.678271,21,58.33375
-16.082887,25,58.412135
-16.856346,25,58.491436
-18.056366,27,58.576367
-16.554758,23,59.057139
-15.294482,24,59.865092
-17.851349,26,59.944165
-13.109376,20,60.005679
-13.401487,20,60.066241
-14.354069,22,60.132455
-13.727429,24,60.204503
-15.614767,23,60.275789
-15.687433,25,60.353001
-13.158016,20,60.41467
-16.536904,26,60.496204
-14.820093,22,60.565625
-12.085388,18,60.622722
-15.568408,24,60.698547
-13.667597,21,60.76468
-16.025787,24,60.840477
-12.89126,20,60.904625
-13.874456,20,60.967401
-12.891105,20,61.030467
-13.743953,21,61.097077
-15.161573,23,61.168848
-15.590313,24,61.244391
-15.741672,24,61.321071
-14.290842,22,61.390334
-15.169723,24,61.466964
-17.087998,26,61.548695
-15.440026,24,61.624511
-13.312026,21,61.691712
-15.178599,24,62.176354
-15.213927,22,62.242618
-13.728376,23,62.313568
-13.906255,21,62.376864
-12.22536,19,62.434121
-16.014041,26,62.513476
-16.593989,26,62.590923
-24.8225,31,62.684299
-17.07794,26,62.762521
-14.671147,22,62.830584
-15.670031,23,62.901805
-15.094377,23,62.973197
-14.911967,22,63.042088
-16.1734,24,63.118399
-17.437997,25,63.19748
-13.646077,21,63.263364
-13.55411,21,63.330925
-16.505893,23,64.082286
-14.500891,23,64.152587
-14.542834,22,64.218897
-14.226725,21,64.281599
-14.496681,24,64.354473
-14.512943,22,64.421818
-12.844365,19,64.479251
-15.097896,23,64.549312
-15.379312,24,64.621145
-14.393054,22,64.687056
-16.110499,23,65.133867
-14.670434,23,65.2036
-13.404182,21,65.267627
-15.229109,23,65.337149
-13.059609,20,65.39772
-17.193215,24,65.470908
-12.392747,20,65.532311
-13.664497,21,65.595921
-13.71351,19,65.653274
-13.915527,22,65.720164
-15.35197,24,65.792883
-12.352078,20,65.853625
-12.991253,21,65.917039
-13.819173,22,65.983449
-12.719297,19,66.040784
-16.014129,23,66.109463
-15.185877,24,66.181749
-12.026537,19,66.238964
-14.475982,23,66.308175
-13.247786,20,66.368932
-14.911393,24,66.441498
-14.219298,22,66.507429
-13.991094,22,66.574081
-15.046194,24,66.646819
-17.382214,26,66.724878
-13.114022,20,66.785386
-13.425056,20,66.845512
-12.346939,19,66.902838
-16.284568,25,67.362062
-14.331092,22,67.429121
-13.661236,22,67.495635
-16.219615,26,67.574517
-13.86817,21,67.637505
-12.705823,20,67.697383
-14.849676,25,67.772591
-14.898289,22,67.83818
-14.41593,23,67.907175
-15.781675,25,68.664071
-14.939004,25,68.739882
-16.850516,24,68.812164
-12.838508,19,68.869643
-13.983352,21,68.932448
-13.970377,22,68.999624
-14.467742,23,69.069059
-14.376279,22,69.135278
-13.384137,21,69.199387
-16.279266,23,69.2687
-15.418927,24,69.341494
-16.509588,24,69.413757
-13.302902,21,69.478095
-16.113925,23,69.549541
-14.756213,23,69.620558
-16.82977,26,69.701806
-15.715762,23,69.77526
-14.445805,22,69.844829
-18.105512,29,69.936296
-13.376501,20,70.378595
-14.027096,21,70.445258
-13.709739,20,70.508921
-19.133387,28,70.59907
-14.428935,22,70.668749
-13.158314,20,70.731614
-14.249244,24,70.808279
-14.152753,21,70.87507
-14.18091,23,70.947788
-12.708591,19,71.00899
-14.273635,22,71.079072
-11.843552,17,71.133307
-22.768462,28,71.2221
-14.969755,23,71.295344
-16.151851,24,71.371507
-14.907234,22,71.441313
-17.230546,27,71.527344
-12.50132,19,71.588427
-17.253148,27,71.674018
-13.36603,21,71.740175
-15.561402,26,71.823126
-12.673752,19,71.882826
-12.827106,20,71.945992
-14.137509,21,72.012939
-15.13782,22,72.083737
-14.263624,22,72.153648
-12.273249,19,72.854315
-13.959971,21,72.919817
-14.372305,22,73.364735
-16.300902,24,73.437871
-15.544424,23,73.509736
-12.69019,20,73.571982
-14.310278,25,73.651073
-13.039322,20,73.714096
-14.08569,21,73.780365
-16.523886,25,73.857638
-13.333357,21,73.923199
-16.189602,25,74.001069
-14.396982,22,74.070796
-14.437545,24,74.146842
-13.076472,19,74.206433
-13.662693,21,74.27226
-13.297764,20,74.335026
-12.072133,18,74.391497
-14.349869,23,74.464125
-13.453734,21,74.529953
-14.344786,20,74.593486
-13.251732,21,74.660339
-12.600648,19,74.720385
-13.784409,22,74.789387
-13.611064,21,74.856306
-14.841581,22,74.925368
-15.140141,22,74.994778
-14.277382,22,75.061467
-14.708895,23,75.130692
-15.767141,25,75.205961
-13.892669,21,75.270462
-13.057043,21,76.113609
-14.524958,22,76.17952
-13.967664,22,76.246676
-13.194698,20,76.306359
-14.767476,22,76.372839
-13.230371,21,76.436015
-15.315482,25,76.5112
-14.449665,25,76.586344
-13.074085,23,76.655692
-12.874845,19,76.714386
-13.246256,20,76.774425
-14.451767,21,76.838166
-12.752552,18,76.892054
-12.698796,20,76.951859
-14.324947,21,77.015077
-13.531082,20,77.075702
-14.373988,21,77.138536
-14.754389,22,78.114938
-17.077035,25,78.190758
-13.169485,21,78.255077
-14.315237,21,78.318751
-13.804076,21,78.381444
-13.108661,19,78.438641
-14.979618,22,78.505321
-12.911819,20,78.56538
-15.548113,22,78.632038
-13.995423,22,78.698711
-14.014821,21,78.762361
-12.571885,20,78.822582
-12.936917,20,79.256666
-14.809853,23,79.327847
-17.013366,25,79.403007
-14.028794,23,79.472394
-14.798476,24,79.544217
-12.931758,20,79.604287
-13.205576,20,79.66486
-13.419776,20,79.725488
-12.835132,18,79.779491
-17.229069,27,79.861404
-13.327913,21,79.924604
-12.216028,18,79.97873
-15.421936,22,80.044663
-13.15147,21,80.108614
-17.032943,28,80.192808
-12.541481,19,80.250218
-13.717203,22,80.317517
-13.402446,21,80.382546
-13.606937,21,80.446115
-13.265866,20,80.506707
-13.06614,21,80.569693
-16.528049,25,80.644068
-13.828363,22,80.711663
-14.333822,24,80.783726
-12.648518,20,80.843363
-13.932534,22,80.909434
-15.683292,22,80.975957
-14.18541,22,81.041792
-15.422385,23,81.110989
-12.987162,20,81.542608
-14.822148,22,81.609164
-14.404513,21,81.673135
-12.919208,20,81.733537
-14.816526,23,81.803252
-15.020215,22,81.869427
-13.875149,21,82.708909
-16.152299,23,82.778514
-12.568923,19,82.836121
-12.447549,20,82.897475
-16.342762,24,82.970009
-12.413859,19,83.027366
-13.594492,21,83.090987
-13.310121,21,83.153988
-13.272658,21,83.217441
-11.753651,18,83.271384
-14.891041,23,83.342008
-14.098031,23,83.410963
-14.418598,23,83.479864
-11.931448,19,83.537058
-14.125634,22,83.603113
-15.942463,27,83.68459
-12.986667,20,83.745985
-14.630309,24,83.817972
-13.199461,21,83.881422
-15.752758,24,83.954526
-12.958571,20,84.014581
-13.610031,20,84.074982
-12.779756,20,84.135447
-15.117194,24,84.58654
-19.159316,29,84.675098
-19.887696,27,84.757211
-13.480636,20,84.817533
-15.277137,23,84.886639
-12.44245,19,84.944569
-13.550878,21,85.007972
-12.291837,19,85.064954
-13.86387,21,85.128288
-12.656249,19,85.185551
-13.436079,21,85.248919
-13.105819,21,85.314097
-16.015636,27,85.394908
-15.170422,25,85.469642
-13.561653,21,85.534119
-13.861334,21,85.596897
-13.710517,22,85.662186
-13.812041,20,85.722796
-16.960934,25,85.798418
-14.222539,21,85.861573
-11.866837,19,85.919062
-12.873495,19,85.976232
-13.957665,21,86.03906
-13.623683,22,86.104778
-12.307198,19,86.781198
-12.560798,18,86.835409
-12.480716,19,86.89272
-13.419918,20,86.953146
-14.587981,23,87.022117
-13.776527,22,87.417624
-13.056985,21,87.481218
-13.613813,21,87.545974
-13.554569,22,87.612451
-14.023524,21,87.675503
-12.786905,21,87.738834
-12.908387,20,87.799459
-13.698355,21,87.862599
-12.922897,19,87.919763
-13.662785,22,87.986594
-12.401552,20,88.046356
-12.80726,20,88.106287
-14.672879,22,88.172684
-12.312233,19,88.230627
-13.896478,20,88.291777
-12.331249,19,88.349266
-12.182357,19,88.406769
-12.314379,18,88.460655
-12.219136,19,88.517518
-11.460764,18,88.572186
-13.369811,20,88.632876
-14.218834,22,88.698552
-14.016336,22,88.765376
-18.159063,28,88.849484
-13.765389,21,88.914148
-11.914937,18,88.969337
-13.554614,24,89.041749
-15.113016,23,89.110964
-13.150337,20,89.171603
-12.176679,18,89.226264
-15.879665,27,89.639666
-14.305212,22,89.706294
-17.328799,27,89.78791
-12.558694,19,89.845242
-13.306629,20,89.905055
-12.564936,19,89.962044
-13.437632,21,90.027228
-13.945292,22,90.093355
-12.509017,19,90.150688
-15.28995,22,90.21789
-12.892124,20,90.277788
-13.939746,20,90.346267
-16.244649,25,90.421813
-12.324655,19,90.479552
-12.730515,20,91.148808
-12.995732,20,91.212221
-13.581454,22,91.282102
-12.323179,19,91.34275
-13.485217,21,91.409763
-14.045768,21,91.476294
-14.004946,21,91.543446
-13.001925,21,91.610962
-11.964322,18,91.668749
-14.644075,23,91.741983
-14.244599,23,91.815728
-13.190187,21,91.882496
-17.621223,27,91.967893
-13.441009,20,92.033199
-11.64994,18,92.090405
-12.145803,19,92.491021
-11.586515,18,92.546408
-12.533658,20,92.60738
-12.379784,19,92.665323
-14.183286,22,92.731462
-12.318026,19,92.7882
-14.374145,22,92.854774
-12.749972,21,92.917671
-14.96231,22,92.98431
-12.784825,19,93.042274
-13.681885,22,93.108566
-12.521492,19,93.165659
-13.032758,21,93.228923
-13.045576,21,93.291981
-12.218954,18,93.345972
-13.361046,21,93.409122
-12.436387,19,93.466216
-13.312119,21,93.530333
-14.766922,22,93.596852
-12.790619,20,93.657318
-13.590982,21,93.720215
-12.977574,21,93.783249
-14.203216,23,93.8534
-14.05329,23,93.922468
-12.5379,19,93.979073
-12.51491,20,94.040474
-13.13494,19,94.098333
-12.531437,19,94.156675
-13.271033,23,94.226884
-14.69921,22,94.295935
-12.772883,19,94.355728
-12.771544,19,94.754573
-13.296604,22,94.825087
-15.202539,25,94.904886
-13.29168,20,94.968567
-12.74926,19,95.731997
-12.311577,19,95.792278
-14.416984,25,95.872569
-13.655967,23,95.946202
-12.529017,21,96.013385
-11.991603,17,96.068347
-12.587057,20,96.132242
-12.228421,18,96.189821
-13.875317,22,96.260728
-13.285014,21,96.327661
-13.846838,23,96.400121
-12.3604,20,96.464936
-12.617521,20,96.529251
-13.605128,22,96.599267
-12.405775,19,96.660343
-12.646279,20,96.724631
-13.888221,21,96.79121
-14.589493,23,96.864128
-14.51719,22,96.934697
-13.002832,20,96.997893
-12.419532,19,97.05829
-13.736616,22,97.129454
-12.757112,20,97.193373
-12.550613,20,97.257313
-13.906247,21,97.324804
-12.271996,19,97.385181
-14.458414,24,98.152193
-13.596842,21,98.220165
-12.749203,20,98.284281
-13.064749,20,98.348737
-12.95112,20,98.413041
-13.028612,19,98.474418
-16.255349,24,98.551617
-13.000355,20,98.615592
-13.710942,20,98.679552
-12.557929,19,98.741118
-14.67671,23,98.815178
-15.603693,23,98.88864
-12.799921,20,98.953379
-16.034945,23,99.02686
-13.245175,22,99.097614
-12.360623,18,99.156366
-14.056083,22,99.226992
-12.237671,20,99.290953
-12.932264,20,99.355533
-12.450074,19,99.416854
-12.009307,19,99.47785
-11.989667,19,99.538759
-12.064748,19,99.599679
-13.826546,21,100.366862
-11.986777,18,100.42485
-14.428651,21,100.491407
-12.45616,19,100.552563
-13.477724,20,100.616606
-13.657213,21,100.682592
-13.034945,19,100.74456
-13.371608,21,100.811178
-11.909417,19,101.215462
-15.363939,24,101.291723
-11.972423,18,101.349327
-13.595691,21,101.416297
-14.093009,21,101.482707
-16.40566,26,101.564995
-13.030369,21,101.631506
-11.88839,19,101.691304
-13.612065,21,101.758769
-12.208489,18,101.815621
-13.229194,19,101.875662
-14.098159,21,101.941508
-14.01645,21,102.008011
-12.31909,19,102.068312
-13.858096,20,102.131031
-12.956946,20,102.194788
-12.316441,20,102.258135
-13.861765,22,102.327876
-12.694005,21,102.394819
-13.359452,21,102.461237
-12.510275,19,102.521379
-13.384227,23,102.59432
-14.289288,21,102.65998
-12.094859,19,102.720377
-14.008719,22,102.790232
-12.706405,18,102.847308
-12.863081,21,102.913872
-14.531748,22,102.984345
-12.082565,19,103.045325
-22.294676,31,103.143443
-12.233408,19,103.546393
-12.637253,19,103.607646
-12.658986,19,103.668508
-13.276619,20,103.730973
-12.500292,18,103.789615
-13.679496,21,103.855816
-12.496683,19,103.91608
-11.723323,18,103.973782
-13.850288,21,104.040803
-12.271986,19,104.100654
-12.685777,20,104.163979
-12.450273,19,104.224726
-11.893803,18,104.281995
-13.030418,20,105.069782
-13.026092,21,105.135545
-12.205433,19,105.195878
-12.632263,19,105.256794
-11.836491,18,105.315727
-12.186792,19,105.373072
-12.552965,20,105.433712
-12.575124,18,105.488301
-13.494783,22,105.554763
-12.33236,20,105.61561
-12.450989,20,105.676324
-12.552508,19,105.733804
-13.330885,21,105.797137
-13.395893,21,105.860129
-18.181772,30,105.95074
-13.359575,21,106.013804
-15.614213,24,106.086097
-12.037218,20,106.146083
-12.48578,20,106.531265
-12.971955,20,106.593784
-13.410743,21,106.659538
-12.986162,19,106.718853
-13.993972,23,106.791105
-14.140381,23,106.864043
-13.202567,19,106.924223
-13.162062,21,106.990031
-12.037724,18,107.047588
-15.018294,25,107.126397
-12.697466,20,107.189761
-12.478608,19,107.250114
-15.474109,26,107.33215
-11.879329,17,107.386108
-13.263492,19,107.446702
-12.33783,20,107.510456
-12.069522,18,107.567569
-13.223055,21,107.634661
-12.193522,19,107.69508
-12.967534,22,107.765303
-17.547519,30,107.861391
-12.160438,20,107.924985
-13.430904,23,107.998107
-11.818591,20,108.062274
-12.977993,20,108.12588
-12.115624,19,108.186726
-13.35905,21,108.254476
-13.381088,21,108.321378
-11.863308,19,108.387661
-17.594005,29,108.823967
-13.114391,21,108.892266
-12.255865,17,109.603593
-14.497606,22,109.670927
-12.978424,21,109.734646
-13.87106,22,109.802193
-12.447536,19,109.860879
-12.655906,20,109.92222
-11.778484,18,109.978106
-12.818527,19,110.036262
-13.165025,20,110.098511
-11.687074,18,110.153453
-11.974802,19,110.211196
-12.539659,20,110.273323
-12.465727,20,110.334877
-13.037261,21,110.399835
-13.861029,21,110.464648
-12.123484,18,110.520952
-12.481841,20,110.58259
-13.889152,22,110.65046
-12.064182,19,110.709766
-14.96188,24,110.783485
-12.696364,20,110.844915
-11.756196,18,110.901106
-12.345253,20,110.96277
-13.204392,21,111.026939
-12.826154,21,111.090959
-12.459501,19,111.148598
-12.536345,20,111.20897
-12.932165,21,111.272829
-12.628586,19,111.331411
-12.342772,19,111.388559
-13.081233,20,111.777726
-13.050192,19,111.835829
-12.238094,19,111.893987
-14.13723,21,111.958588
-13.027672,20,112.020162
-13.848813,22,112.089696
-12.104759,18,112.146478
-12.136683,19,112.206659
-12.795012,19,112.267117
-13.358934,23,112.342137
-12.578724,19,112.402679
-11.680781,18,112.460129
-12.520496,19,112.521357
-12.36219,18,112.57935
-13.79299,22,112.650944
-15.090361,22,112.721583
-15.181659,24,112.79905
-12.722786,20,112.862888
-13.092791,22,112.934828
-12.933088,21,113.002676
-12.150522,19,113.06377
-12.15192,19,113.74693
-12.173645,19,113.808416
-12.757128,21,113.876497
-11.967338,19,113.938975
-12.839368,20,114.003406
-13.463551,21,114.070725
-13.018871,20,114.135321
-12.085376,19,114.196555
-12.287248,19,114.256847
-12.62703,20,114.320959
-12.094321,19,114.725039
-12.332249,20,114.789191
-13.038175,20,114.853759
-11.621146,18,114.911443
-12.384895,19,114.972166
-13.507786,22,115.04304
-12.97299,21,115.110116
-11.806357,19,115.171667
-12.899702,20,115.23552
-13.009567,20,115.299438
-11.746411,19,115.359214
-12.643101,20,115.421504
-12.373765,18,115.478289
-12.120295,19,115.540066
-13.298019,21,115.607635
-13.148952,21,115.67391
-12.489069,19,115.73441
-12.308473,19,115.794813
-12.587947,20,115.858606
-12.119621,19,115.918931
-13.780577,22,115.988846
-12.446379,19,116.049994
-13.087071,21,116.116978
-12.828946,20,116.181788
-13.031936,20,116.245386
-13.810903,21,116.312225
-11.934835,18,116.370276
-12.288575,19,116.430965
-13.736814,20,116.494633
-12.650427,19,116.555441
-12.127287,19,116.615789
-12.563202,20,116.679524
-13.348346,20,117.085472
-13.040082,20,117.15028
-12.701343,21,117.217105
-11.776656,19,117.277361
-12.495229,19,117.33762
-11.992908,18,117.394982
-13.195046,20,117.458855
-12.542978,19,117.518792
-12.467262,19,117.580129
-11.741728,19,117.640626
-14.041805,23,118.449353
-12.807461,20,118.512334
-12.406982,19,118.573258
-12.216014,19,118.633563
-12.072529,19,118.693925
-13.623034,20,118.757576
-12.967658,22,118.829082
-13.22968,23,118.902203
-12.589059,20,118.9658
-14.430274,22,119.036088
-12.115053,19,119.096385
-14.014587,24,119.173024
-11.834796,19,119.23436
-11.737737,18,119.292178
-12.093646,19,119.352417
-12.197473,20,119.417161
-12.517039,20,119.481529
-12.586512,20,119.545303
-11.972785,18,119.603099
-12.274532,18,119.66111
-13.000311,21,119.727559
-12.507817,19,120.518298
-12.690857,21,120.586544
-11.797853,18,120.644845
-12.227425,19,120.705488
-12.762615,20,120.769025
-12.427182,18,120.82715
-12.222842,18,120.884926
-13.200914,21,120.951462
-14.871548,23,121.025101
-12.387355,20,121.088668
-13.501073,22,121.160019
-13.016903,21,121.22789
-13.869763,21,121.295161
-12.274881,20,121.358559
-12.20092,19,121.419342
-12.581263,19,121.480492
-12.192534,20,121.544204
-12.803864,19,121.605493
-12.502552,20,121.669566
-12.684111,20,121.732686
-12.559852,20,121.797134
-12.033119,19,121.858272
-13.056565,21,121.925765
-12.300804,19,121.98577
-13.246593,20,122.049419
-12.885434,21,122.116529
-12.687955,20,122.180512
-12.018321,18,122.238014
-12.314657,19,122.298787
-12.114865,19,122.359184
-12.201264,19,123.060091
-13.751509,23,123.4586
-12.264342,18,123.513666
-11.645438,18,123.568207
-12.788071,20,123.629614
-13.187536,21,123.694032
-12.232633,19,123.751767
-12.597988,21,123.814818
-13.508342,21,123.878533
-12.857229,20,123.93888
-13.401565,22,124.005657
-11.923088,18,124.060774
-12.604477,19,124.118319
-11.85917,19,124.17629
-12.245847,19,124.235343
-12.14194,19,124.294014
-12.863541,20,124.355138
-13.569263,21,124.418637
-11.794401,18,124.473572
-12.575148,21,124.537345
-14.63607,23,124.606961
-11.651138,18,124.661964
-11.930332,18,124.716078
-13.156807,21,124.779737
-12.831394,21,124.844355
-12.059729,19,124.901753
-11.24722,17,124.95343
-12.410197,19,125.011067
-12.339716,18,125.065872
-13.763649,22,125.132189
-13.701866,23,125.201947
-13.230463,21,125.266789
-12.433639,19,125.324592
-12.559154,19,125.708007
-11.974012,18,125.763875
-12.227147,19,125.823427
-13.649845,20,125.888001
-13.137701,21,125.95454
-11.845652,19,126.014961
-11.851605,18,126.073259
-12.443838,21,126.140398
-13.734422,20,126.204425
-13.648325,20,126.26839
-12.667652,18,126.326267
-13.203555,22,126.396137
-12.518696,19,126.457024
-12.187129,19,126.518819
-15.039608,25,126.599084
-12.506918,19,126.660139
-12.905476,20,126.724545
-12.686355,19,126.785808
-11.613689,18,126.843647
-12.876505,21,127.697542
-12.151674,19,127.757763
-12.670939,20,127.820934
-12.038956,19,127.881068
-12.306172,19,127.941534
-12.902272,19,128.001678
-12.354494,20,128.065175
-12.153459,19,128.125247
-12.380509,19,128.185
-11.98338,18,128.24248
-12.157086,19,128.30338
-11.532246,18,128.361171
-12.692087,21,128.428504
-13.614308,21,128.8393
-13.606609,20,128.901788
-12.051479,19,128.959546
-11.854305,20,129.020035
-13.198834,21,129.083639
-11.617965,18,129.138156
-13.689354,21,129.201965
-12.207066,19,129.25915
-12.123002,19,129.317158
-16.29463,27,129.399788
-12.536765,19,129.457525
-12.137512,19,129.5164
-13.422849,21,129.579916
-12.007659,18,129.634225
-11.772296,18,129.689058
-12.959921,20,129.750196
-11.791699,19,129.808405
-11.783481,19,129.86599
-12.231443,19,129.924391
-12.713472,20,129.98608
-12.897762,20,130.046677
-13.287579,20,130.107438
-12.972878,21,130.17156
-12.452944,20,130.232334
-13.665527,21,130.295401
-13.037299,20,130.357184
-13.118283,21,130.421051
-12.431298,19,130.478011
-12.740951,20,130.538752
-12.376185,19,130.595877
-12.075187,18,130.651237
-13.555774,21,131.047854
-13.918155,22,131.115004
-13.43919,22,131.182067
-13.041321,21,131.246414
-12.71328,20,131.307393
-11.909663,20,131.371951
-11.965475,19,131.430556
-12.966818,20,131.494486
-12.206028,20,132.241721
-12.99031,20,132.304839
-13.375072,21,132.372325
-12.391865,19,132.432631
-13.371338,20,132.496446
-11.150314,17,132.551527
-11.875426,18,132.609136
-12.290404,19,132.670218
-21.280815,27,132.756335
-13.217309,21,132.823758
-12.809818,21,132.890831
-11.824429,18,132.949009
-14.978032,23,133.023423
-12.204301,19,133.083812
-12.359013,20,133.146959
-12.967633,21,133.214556
-13.777556,22,133.284884
-12.818939,20,133.354896
-11.280141,17,133.409374
-12.04664,19,133.469891
-12.670013,20,133.533159
-12.13235,19,133.593656
-13.77537,23,133.666649
-11.875828,18,134.066395
-11.760947,19,134.127298
-12.448465,20,134.192038
-12.380523,19,134.253424
-13.284634,21,134.320712
-12.386366,19,134.382037
-12.108869,19,134.443185
-12.497617,20,134.507289
-12.038247,18,134.564426
-11.776367,18,134.621389
-12.736657,20,134.684789
-12.374124,19,134.746104
-12.707612,19,134.808595
-12.111133,19,134.869795
-12.49832,19,134.930663
-11.776904,18,134.990169
-12.564002,19,135.051474
-11.757682,18,135.109033
-11.753542,19,135.170187
-12.657571,21,135.238105
-13.041149,20,135.303368
-15.763032,25,135.38402
-12.050976,18,135.442062
-12.415386,20,135.507101
-13.90547,22,135.577771
-11.563099,18,135.636498
-11.915107,18,135.694456
-13.987412,23,135.768968
-12.187943,19,136.51291
-12.52526,19,136.571408
-11.944979,19,136.632159
-12.586066,19,136.692377
-12.236339,20,137.094517
-11.842351,18,137.149377
-11.49872,18,137.204594
-11.887014,18,137.259701
-13.361048,22,137.327414
-12.239425,19,137.3873
-12.298097,19,137.448434
-13.449624,20,137.511187
-13.564571,21,137.578708
-13.627248,21,137.646183
-12.433629,20,137.710273
-12.446822,20,137.774232
-12.244317,19,137.835541
-12.971134,21,137.903424
-11.704482,18,137.961153
-12.482289,19,138.022786
-12.246585,19,138.083417
-15.175942,26,138.166635
-12.236553,19,138.228549
-11.857917,18,138.286505
-11.852986,18,138.343388
-13.048041,20,138.407248
-12.703721,19,138.468212
-12.180089,19,138.528953
-12.697341,21,138.595548
-12.426994,19,138.657176
-12.407618,20,138.720952
-12.10736,19,138.781668
-13.49841,23,138.856032
-11.559915,18,138.913652
-12.636308,20,138.977861
-11.821696,19,139.039278
-12.927797,21,139.449531
-12.174767,19,139.511276
-11.807299,19,139.572151
-13.530794,21,139.639681
-11.816248,18,139.697344
-11.882835,19,139.759385
-12.173333,19,139.820499
-11.468172,18,139.878676
-11.659966,18,139.936594
-11.719882,18,139.995033
-11.463728,18,140.053636
-11.594836,18,140.111514
-13.033638,20,140.175774
-12.3696,19,140.23666
-11.809919,18,140.294525
-12.189942,19,140.355261
-11.473499,19,140.415925
-11.964473,19,141.227319
-11.961918,18,141.282328
-12.119329,19,141.3396
-12.138608,18,141.393926
-11.979735,20,141.455804
-12.270556,20,141.517022
-12.171526,19,141.576597
-11.799682,18,141.632006
-12.263422,20,141.695872
-11.713942,18,141.752632
-12.572283,20,141.815938
-12.534477,19,141.876798
-12.1346,19,141.937731
-11.878399,19,141.998394
-12.207563,18,142.055902
-12.875349,21,142.123148
-11.724867,17,142.86021
-11.993543,18,142.91846
-12.913772,20,142.982772
-12.121508,19,143.043653
-12.043031,19,143.105014
-12.639384,20,143.169468
-11.761452,19,143.230026
-13.163244,21,143.29736
-12.084482,19,143.357712
-11.778997,18,143.414863
-12.216039,19,143.475829
-12.02895,19,143.537138
-11.907332,18,143.594887
-12.518953,20,143.65837
-11.932734,18,143.716706
-11.921111,19,143.776963
-11.954566,18,143.834335
-12.287628,19,143.895214
-11.639495,18,143.952737
-12.011625,18,144.010291
-11.568463,18,144.067832
-12.381971,19,144.129112
-12.913618,22,144.199162
-14.708206,23,144.27184
-11.878131,18,144.329528
-12.545725,19,144.389911
-11.861645,19,144.450901
-12.35393,19,144.511887
-12.73244,21,144.579455
-11.426946,18,144.636972
-12.413007,20,144.701635
-12.334454,19,144.762467
-12.00594,19,144.823413
-11.731482,18,145.221531
-12.035044,19,145.281724
-12.739622,20,145.353604
-12.314984,19,145.41394
-12.382185,20,145.47787
-12.982192,20,146.289597
-12.409866,20,146.352048
-11.987616,19,146.411884
-11.724578,18,146.468484
-12.07633,19,146.529471
-11.769794,19,146.588485
-13.656079,21,146.65527
-12.989656,23,146.72835
-12.7501,22,146.798554
-11.604172,18,146.855752
-12.785195,20,146.919103
-11.737474,18,146.976375
-12.977343,21,147.043093
-12.83402,21,147.109917
-13.179809,22,147.181
-12.811498,21,147.247468
-11.76667,19,147.307676
-13.969288,22,147.37656
-11.815129,19,147.434086
-12.960858,21,147.497703
-11.690127,18,147.556514
-12.143604,19,147.615053
-11.772737,18,147.67209
-12.195143,19,147.731527
-13.406214,23,147.804728
-13.912864,23,147.876947
-11.588327,18,148.275227
-12.875049,20,148.339711
-12.015011,19,148.400846
-11.696976,18,148.458099
-12.082847,19,148.518327
-13.601355,22,148.589104
-12.118585,19,148.649912
-11.914322,18,148.70713
-11.577371,18,148.76512
-12.186707,19,148.825752
-12.162372,19,148.886229
-12.296267,19,148.946433
-11.905869,18,149.003993
-14.535664,22,149.074837
-11.89302,19,149.135432
-12.611825,21,149.202672
-11.575946,18,149.260696
-12.822865,20,149.324105
-11.958747,20,149.388674
-12.108185,19,149.449382
-12.123716,19,149.510179
-11.818269,19,149.571739
-11.363544,18,149.63022
-12.300277,19,149.691499
-11.527457,18,149.750348
-11.791945,19,149.811802
-11.814459,19,150.516982
-12.080094,19,150.578748
-12.885256,21,150.646856
-11.661573,18,150.706182
-11.525889,19,150.767764
-11.532518,17,150.823375
-12.04935,19,150.885171
-12.775299,21,151.300558
-12.17229,19,151.3626
-12.04297,19,151.424562
-12.429656,20,151.489184
-11.206568,17,151.544247
-12.31688,19,151.60582
-12.043391,19,151.667856
-12.309307,19,151.72975
-15.430823,25,151.810277
-12.326738,20,151.875642
-12.207943,20,151.940223
-13.389431,22,152.012275
-12.689672,19,152.073721
-12.018974,19,152.134622
-13.602616,22,152.206222
-12.607092,21,152.274518
-12.22202,19,152.336387
-12.9505,21,152.404573
-12.105464,19,152.466122
-13.273856,22,152.536605
-11.607766,18,152.59492
-12.543337,19,152.657298
-11.768692,18,152.715833
-11.702043,18,152.774508
-12.233311,19,152.836079
-12.375596,19,152.897819
-11.752608,19,152.959574
-12.454587,20,153.024614
-11.673092,19,153.085752
-12.626945,21,153.153633
-11.776868,18,153.212454
-11.952259,19,153.275126
-12.233829,19,153.678239
-11.744687,18,153.73268
-13.565069,22,153.798978
-11.830507,19,153.856704
-11.357573,18,153.910639
-11.936686,19,153.968353
-11.588324,18,154.022466
-11.532745,18,154.077529
-12.980651,20,154.137641
-12.376364,19,154.194852
-11.644537,19,154.253911
-12.154777,19,154.311376
-13.084469,22,154.37773
-11.729213,18,154.432465
-13.041389,21,155.426904
-11.5231,18,155.484423
-12.902403,21,155.550719
-12.317159,20,155.61401
-11.579587,18,155.671325
-11.786804,18,155.728436
-12.301346,20,155.792204
-12.006549,19,155.853961
-11.847179,18,155.911344
-12.458717,19,155.971745
-11.520056,18,156.029237
-13.331875,21,156.096648
-11.347322,18,156.154361
-11.849942,18,156.211819
-12.150601,19,156.273188
-11.61029,18,156.330583
-12.775772,22,156.400889
-12.126384,19,156.462008
-12.027085,19,156.861679
-12.011654,19,156.919896
-12.690368,20,156.981109
-12.315374,22,157.047612
-11.604688,19,157.106252
-11.324051,18,157.160956
-12.315966,19,157.218434
-11.913212,19,157.277296
-13.962994,24,157.35021
-12.602869,21,157.416514
-12.085321,19,157.475997
-11.840476,18,157.532627
-12.589525,21,157.598739
-11.624774,18,157.655738
-13.24123,21,157.723298
-13.487571,21,157.790208
-11.84889,18,157.847958
-12.387968,19,157.908759
-13.233856,21,157.975832
-12.105933,19,158.036793
-12.641006,20,158.100922
-12.355148,19,158.161969
-12.154286,19,158.222798
-11.802516,19,158.283942
-12.472649,19,158.344401
-11.93751,19,158.405982
-13.07123,21,158.474046
-11.437101,18,158.532341
-12.245993,19,158.593594
-11.647494,18,158.651557
-12.198445,20,158.715937
-12.57722,21,158.783095
-11.958633,19,159.183419
-12.750374,20,159.244452
-13.205818,20,160.028152
-13.085212,21,160.092198
-11.905261,18,160.14757
-12.351936,19,160.205271
-13.498727,21,160.269111
-13.652769,22,160.336033
-11.871739,19,160.394264
-13.761779,22,160.46082
-12.194819,19,160.518304
-12.293679,18,160.573195
-12.006141,19,160.631034
-11.832466,18,160.685988
-14.419594,23,160.756032
-11.342307,17,160.80744
-11.410259,19,160.865206
-12.179759,21,160.92928
-11.759104,18,160.984869
-11.600952,18,161.039486
-12.135954,19,161.096402
-12.7858,20,161.157217
-12.018515,19,161.214446
-13.09903,22,161.281333
-13.024501,20,161.342257
-12.062557,19,161.400059
-12.085583,19,161.457964
-13.367802,20,161.518642
-11.791794,18,161.573823
-12.364052,19,161.631155
-11.780662,18,161.685281
-13.459485,22,161.752309
-11.468865,18,162.134309
-11.816778,18,162.189531
-11.991987,19,162.24744
-12.518454,21,162.31056
-11.841979,19,162.368619
-11.597731,18,162.424046
-11.436768,18,162.478502
-11.858982,18,162.533783
-12.36838,20,162.59422
-11.848839,19,162.651556
-12.486036,21,162.726279
-12.311492,19,162.786009
-11.380699,18,162.84095
-13.106191,21,162.904114
-12.334431,20,162.965295
-12.470961,20,163.026119
-12.319082,19,163.083612
-12.7942,20,163.144599
-12.012734,19,163.202048
-12.300882,19,163.259447
-13.13737,19,163.316639
-12.278778,19,163.374401
-11.875937,18,163.428868
-12.911794,20,164.143968
-13.038897,21,164.209234
-12.306405,19,164.267314
-11.874481,18,164.322173
-11.67827,17,164.374237
-11.5258,18,164.429447
-12.783289,20,164.49046
-11.625679,18,164.545564
-11.677016,18,164.60109
-11.998303,19,164.659344
-11.65532,18,165.37975
-12.946945,21,165.444627
-11.56343,18,165.499619
-11.92308,18,165.555003
-11.274059,18,165.611282
-12.345331,19,165.669862
-11.582508,18,165.724219
-11.651519,18,165.779193
-12.807466,21,165.843194
-11.848404,19,165.900627
-11.622981,19,165.958342
-11.675571,19,166.018215
-12.626152,20,166.079001
-12.1394,19,166.136313
-11.331892,18,166.191553
-11.964222,19,166.249483
-11.738618,18,166.304394
-12.839462,20,166.364476
-12.001826,19,166.422351
-13.231956,21,166.486209
-11.759668,18,166.54085
-11.204259,17,166.594465
-13.525254,23,166.664141
-12.813143,20,166.725058
-12.563743,20,166.785862
-11.754739,18,166.840299
-11.853889,18,166.894835
-11.424115,18,166.949233
-12.074836,18,167.004715
-12.056801,19,167.062942
-12.530995,20,167.123536
-12.832894,20,167.184142
-12.158693,19,167.242778
-14.509312,23,167.64085
-12.433828,20,167.701519
-11.860527,18,167.756418
-11.297167,17,167.808193
-13.543478,22,167.874978
-11.198072,18,167.929075
-12.135807,19,167.985801
-11.583269,18,168.040657
-12.311468,19,168.097752
-11.579353,18,168.15243
-12.34202,19,168.210675
-12.205832,19,169.096846
-12.043439,18,169.153539
-12.094082,19,169.213561
-12.111751,19,169.274688
-13.062972,20,169.33506
-11.807727,18,169.389255
-11.854595,18,169.44438
-11.696565,18,169.498664
-11.929259,19,169.556013
-11.150445,18,169.612733
-11.897368,19,169.670361
-11.633034,18,169.7244
-12.342305,19,169.781332
-11.918605,18,169.835975
-12.77766,21,169.899379
-11.511642,18,169.953524
-14.27512,25,170.032162
-11.476355,19,170.09098
-13.477306,22,170.161211
-12.411405,20,170.2258
-12.40316,19,170.286527
-11.583683,18,170.687201
-12.191084,20,170.748182
-11.562374,18,170.802737
-12.135889,20,170.864544
-12.543367,20,170.924787
-12.743784,21,170.98781
-11.483894,18,171.042378
-12.00108,19,171.100107
-12.95166,23,171.170207
-11.668387,19,171.227992
-12.235366,19,171.285846
-11.84894,19,171.343162
-12.318245,20,171.403215
-11.92585,18,171.458527
-11.832519,18,171.512775
-12.993965,21,171.575795
-12.560553,20,171.637202
-12.019685,19,171.694794
-11.923692,19,171.752495
-12.265079,19,171.809522
-11.870813,19,171.867105
-12.306428,19,171.924334
-12.034132,19,171.981917
-11.842232,18,172.036577
-13.571333,21,172.101113
-11.44562,18,172.157296
-12.164624,19,172.218081
-11.451873,18,172.276197
-13.631029,22,172.34631
-12.324603,20,172.41055
-12.270985,20,172.47511
-12.521422,20,172.539263
-11.278785,18,173.282218
-12.353705,19,173.691217
-12.751214,20,173.75564
-11.789117,18,173.813754
-11.789972,18,173.871457
-12.388608,20,173.935444
-12.563248,20,173.999568
-11.789521,18,174.057938
-12.83333,21,174.125947
-12.769519,20,174.189632
-11.447815,18,174.247888
-11.850494,18,174.306358
-11.715736,18,174.364053
-12.38391,20,174.428968
-11.884089,19,174.490375
-11.574425,18,174.548469
-11.511039,18,174.606008
-11.503501,19,174.668146
-12.481668,20,174.733877
-11.535001,18,174.792299
-11.592359,18,174.850116
-11.777164,19,174.911933
-12.286157,19,174.973087
-11.361463,18,175.031334
-13.095232,22,175.102584
-11.970868,19,175.163886
-11.771337,18,175.222018
-11.627006,18,175.280159
-11.742402,18,175.339018
-12.309541,19,175.400408
-11.435078,18,175.458635
-11.504714,18,175.516958
-13.069147,25,175.597195
-11.260734,18,175.655358
-12.017692,19,176.061746
-11.401287,18,176.119993
-13.350551,20,176.184435
-11.457124,18,176.242225
-12.32518,20,176.307068
-12.306962,19,176.368851
-12.85057,20,176.432938
-11.76513,20,176.497808
-11.835263,19,176.559295
-12.874908,20,176.623545
-11.289144,18,176.681534
-11.630203,18,176.739958
-12.616645,20,176.804292
-11.414038,17,176.858812
-12.545151,20,176.923495
-12.022706,19,176.984673
-12.217389,19,177.045397
-11.965049,19,177.106253
-11.649551,18,177.163953
-11.445789,18,177.222265
-12.916494,21,177.937018
-11.367724,18,177.992492
-11.89841,19,178.050014
-11.774487,19,178.107444
-11.934914,19,178.165265
-11.466007,18,178.220536
-11.879877,18,178.275568
-13.118246,21,178.339599
-11.635443,19,178.397443
-12.18364,19,178.454954
-11.605884,18,178.509494
-11.835403,19,178.567878
-12.071412,19,178.625136
-12.521928,19,179.009148
-11.504018,18,179.063594
-12.050553,18,179.118659
-11.64366,19,179.176638
-12.074172,20,179.237726
-11.796065,18,179.292186
-11.414325,18,179.347593
-12.04395,19,179.405555
-12.132523,19,179.463344
-11.760887,19,179.521222
-11.851611,18,179.576681
-12.837502,21,179.640821
-13.215851,22,179.707285
-11.805286,19,179.765958
-11.960653,18,179.822116
-13.741874,22,179.888784
-13.521127,22,179.956018
-12.323496,19,180.015445
-11.819074,18,180.071821
-11.911058,19,180.132234
-11.735427,18,180.189782
-12.274667,20,180.253553
-11.756221,19,180.311481
-12.992683,22,180.379407
-12.115178,19,180.438165
-11.827221,18,180.492831
-11.303024,18,180.548026
-11.611908,18,180.60278
-11.71362,18,180.657285
-11.946222,19,180.7146
-11.592899,18,180.770518
-11.593726,18,180.825859
-11.837078,19,181.210294
-11.518721,18,181.264846
-12.397421,20,181.326709
-12.205956,19,181.38632
-11.513517,18,181.44123
-11.717069,19,181.498955
-12.625655,21,181.563447
-11.827533,18,181.618642
-12.086328,19,181.67653
-12.466843,20,182.40212
-11.429758,18,182.459547
-10.937419,18,182.517137
-12.154161,18,182.574436
-11.520708,18,182.632061
-12.114938,20,182.696386
-11.254468,18,182.753853
-11.827285,18,182.812121
-11.644523,19,182.872769
-12.448156,21,182.940251
-11.272429,18,182.998765
-11.332406,17,183.053195
-12.256651,20,183.116849
-11.644178,18,183.174738
-13.211725,21,183.242634
-12.044425,19,183.304162
-13.114012,21,183.371681
-11.485872,18,183.430419
-12.679997,22,183.501415
-13.573068,24,183.57822
-12.420691,22,183.649171
-11.447075,18,183.706954
-12.041683,19,183.767486
-12.944015,19,183.829148
-12.025156,19,184.231106
-11.994662,19,184.292383
-11.323588,18,184.346434
-11.58163,18,184.40145
-11.862718,19,184.459569
-12.081393,19,184.516463
-12.206847,19,184.573721
-11.907273,19,184.631759
-11.516347,18,184.686226
-12.328282,20,184.746203
-12.100808,20,184.806759
-11.415735,18,184.861585
-12.739288,21,184.925981
-11.656384,18,184.980896
-11.692119,18,185.037137
-11.673245,18,185.091765
-11.984216,19,185.148798
-11.487782,18,185.204463
-11.597633,18,185.26029
-13.55626,22,185.329329
-11.484659,17,185.38305
-12.523309,19,185.445653
-11.358449,18,185.504172
-12.160379,19,185.565394
-11.627753,18,185.624529
-12.024597,19,185.690622
-12.00146,19,185.749423
-11.798022,19,185.809559
-11.712557,18,185.867554
-11.617979,19,185.927751
-11.279433,18,186.660337
-11.740644,18,186.718031
-11.582528,18,186.775172
-11.638241,18,187.502298
-12.447796,20,187.563776
-11.52222,18,187.618768
-11.65966,18,187.674767
-12.241551,19,187.732144
-12.991717,21,187.795528
-11.679129,18,187.850168
-11.632064,19,187.90777
-11.51946,19,187.965122
-11.60156,19,188.022583
-13.00835,22,188.089673
-11.793103,19,188.147474
-11.504926,18,188.201247
-11.350297,18,188.255591
-12.024268,19,188.313326
-11.82715,18,188.367053
-11.902838,19,188.424446
-11.834416,19,188.482418
-11.640122,18,188.537137
-11.600938,18,188.591151
-11.523008,18,188.645558
-12.116532,20,188.706975
-12.10007,19,188.764547
-11.680788,18,188.818745
-11.588683,18,188.873645
-11.583961,18,188.927577
-11.877195,19,188.984533
-11.494176,19,189.042384
-11.705549,19,189.09997
-12.896284,22,189.166147
-11.46438,18,189.220382
-11.536407,18,189.274877
-11.918023,18,189.329242
-13.073729,21,189.71716
-12.585399,20,189.777859
-11.445642,18,189.831745
-12.062085,19,189.889356
-11.619116,18,189.944556
-12.425773,21,190.009385
-11.712615,18,190.064759
-11.59721,18,190.119376
-11.465681,18,190.173989
-11.502527,19,190.231975
-12.630269,22,190.299783
-11.759575,18,190.354388
-11.352289,18,190.408613
-11.746964,19,190.466178
-12.374527,19,190.524442
-12.33191,20,190.585935
-12.843446,21,190.650872
-12.371226,18,190.706188
-11.737791,20,191.532562
-11.775567,19,191.590098
-11.819651,19,191.648527
-11.839473,19,191.706322
-11.747534,18,191.761131
-11.442157,18,191.816446
-11.756153,19,191.874295
-11.721766,18,191.929988
-12.441739,21,191.993263
-14.791916,26,192.072202
-12.092531,19,192.129609
-11.506872,19,192.186789
-11.11684,18,192.241819
-11.669238,18,192.296001
-11.532716,18,192.35073
-11.641284,18,192.729452
-12.072888,19,192.787389
-11.742614,19,192.844703
-12.098509,19,192.902365
-11.088616,18,192.95719
-11.696491,18,193.011559
-12.930757,22,193.077786
-11.886961,19,193.135554
-12.279422,19,193.19481
-11.489349,18,193.250204
-11.234229,18,193.306067
-12.750576,21,193.377048
-12.017989,19,193.436585
-12.703702,21,193.503944
-11.560199,18,193.561736
-11.487515,18,193.619654
-11.704563,19,193.680945
-11.337459,18,193.738715
-12.262588,21,193.805717
-12.50922,19,193.866113
-11.954722,20,193.930026
-13.024511,21,193.996624
-11.68649,19,194.056939
-11.196381,18,194.114609
-11.028129,18,194.172515
-11.691667,18,194.230596
-11.874784,19,194.291556
-11.571184,18,194.349521
-11.506738,18,194.406915
-12.141074,19,194.467923
-11.785275,19,194.528394
-11.798796,19,194.589478
-13.003035,20,194.653637
-11.589943,18,195.055703
-13.080841,22,195.126086
-11.908517,18,195.184804
-11.606028,18,195.243399
-11.529818,18,195.300828
-11.773966,19,195.360619
-12.146807,19,196.107834
-12.311819,20,196.173703
-12.063584,19,196.236146
-11.674963,19,196.297781
-12.653325,21,196.365494
-11.97789,19,196.426871
-11.893487,19,196.487703
-12.267234,19,196.548249
-12.135679,19,196.609094
-12.281139,19,196.669515
-11.547801,19,196.730361
-11.541078,18,196.788336
-11.322784,18,196.845974
-11.825536,19,196.906626
-11.508404,19,196.967816
-11.527253,18,197.025839
-11.763811,19,197.087181
-11.591268,18,197.144756
-11.613848,18,197.203095
-13.002651,21,197.270337
-11.514851,18,197.328265
-11.93166,19,197.389593
-11.641256,18,197.447379
-11.724438,19,197.508126
-12.214485,19,197.569665
-11.367602,18,197.627866
-10.930538,18,197.685636
-12.174775,20,198.091727
-13.19286,22,198.162584
-11.54143,18,198.220446
-12.671472,21,198.287467
-12.358228,19,198.348177
-11.793193,18,198.409633
-11.543243,20,198.473545
-11.597117,18,198.531199
-11.81412,18,198.588415
-11.331893,18,198.646464
-11.783351,19,198.707611
-11.523376,18,198.76462
-11.505367,19,198.826008
-11.742343,18,198.883765
-11.405628,18,198.941454
-12.840739,23,199.015203
-13.297235,23,199.089262
-11.608626,19,199.150261
-11.579728,19,199.211729
-12.227156,19,199.272892
-11.617998,18,199.331355
-11.514628,18,199.390107
-12.642974,21,199.457855
-11.602426,18,199.515476
-11.407604,19,199.576501
-11.586656,18,199.634688
-11.826077,19,200.295704
-11.403687,18,200.350409
-11.43746,18,200.405331
-11.914512,19,200.464926
-11.423409,17,200.51831
-11.19988,18,200.57498
-11.302188,18,200.633021
-11.755108,19,201.031378
-11.933169,19,201.09215
-11.536182,19,201.153323
-12.890954,21,201.220966
-11.466647,18,201.278983
-11.581336,19,201.339325
-11.633785,19,201.40003
-11.460098,19,201.460908
-11.098397,17,201.51532
-11.087138,17,201.569449
-13.076672,23,201.642793
-12.336349,20,201.706611
-11.437058,18,201.764072
-11.32492,18,201.821651
-11.924599,18,201.879745
-11.880775,19,201.940578
-12.099819,19,202.000894
-12.408602,21,202.068487
-12.314633,20,202.131998
-11.169522,18,202.189615
-12.426638,21,202.25764
-11.404104,18,202.315334
-12.513163,20,202.379375
-12.405228,21,202.446766
-11.559006,18,202.504192
-11.695692,19,202.565092
-11.691532,19,202.625381
-11.480019,18,202.683413
-11.734518,18,202.74084
-12.042234,20,202.804583
-11.408298,18,202.862532
-12.006058,20,202.923437
-11.739185,19,202.98089
-11.628237,19,203.363974
-11.457285,18,203.418491
-11.678929,19,203.477112
-11.931649,20,203.537805
-11.760087,19,203.5951
-12.430063,20,203.65549
-11.606454,18,203.70999
-11.713341,18,203.764399
-11.651026,18,203.819412
-11.565404,18,203.87434
-11.815156,19,203.932018
-11.610317,19,203.98921
-11.346359,18,204.043427
-12.034056,18,204.099139
-11.561997,18,204.153527
-12.343991,21,204.862192
-11.346895,18,204.920604
-11.222914,17,204.975495
-11.558779,18,205.033807
-11.520251,18,205.091878
-11.415026,18,205.149726
-11.417256,17,205.204226
-11.618038,18,205.261772
-12.001431,20,205.326391
-11.910429,19,205.387245
-11.443603,18,205.445016
-11.690984,19,205.506442
-11.965403,19,205.567803
-11.620358,18,205.625886
-12.006542,19,205.687659
-11.715177,18,205.745191
-11.338388,19,205.805983
-11.404777,17,205.86053
-11.861703,19,206.264895
-11.642826,18,206.323694
-12.281217,20,206.388025
-11.896806,19,206.456165
-11.988373,19,206.517393
-12.215989,20,206.581581
-11.557445,18,206.63913
-11.345882,18,206.697394
-12.006047,19,206.758179
-11.925057,19,206.818639
-11.377724,18,206.876357
-11.693859,19,206.938034
-11.481219,18,206.996288
-11.610631,19,207.056858
-11.548784,19,207.118544
-11.334813,18,207.176609
-11.930209,19,207.23744
-11.348375,18,207.295066
-12.624204,20,207.360607
-11.940207,19,207.421883
-11.751275,18,207.479327
-11.220148,18,207.537604
-12.545842,21,207.604785
-11.501263,18,207.662782
-11.922039,19,207.723789
-12.50546,20,207.78812
-11.436923,19,207.849351
-11.973629,19,207.910977
-12.002494,19,207.97288
-11.869954,19,208.034663
-12.449918,20,208.099624
-11.819033,18,208.157714
-11.495218,19,208.218746
-11.399999,17,208.273946
-11.302118,18,209.029741
-11.915803,19,209.087897
-11.444359,18,209.144114
-11.377991,18,210.129601
-11.633875,18,210.185982
-12.705113,20,210.25138
-11.596597,19,210.311394
-13.287253,22,210.381146
-12.413422,19,210.441728
-11.608055,19,210.501979
-11.477331,19,210.563531
-12.233373,20,210.627581
-12.087202,21,210.694442
-11.15232,18,210.752344
-11.589093,18,210.809483
-11.322356,18,210.867254
-11.485906,18,210.924487
-11.37678,18,210.982497
-11.762276,18,211.039778
-12.52977,20,211.103801
-12.117239,21,211.171482
-11.375475,18,211.229187
-11.729626,19,211.289869
-11.216287,18,211.348066
-12.619981,20,211.411893
-11.324267,18,211.472565
-11.741474,18,211.530688
-11.602651,19,211.591969
-12.168078,20,211.655774
-11.633081,18,211.712996
-11.36331,18,211.770815
-11.883713,19,211.831841
-12.550956,21,211.89857
-11.23161,18,212.298314
-11.524037,18,212.356868
-11.72407,18,212.414651
-11.622668,18,212.472127
-11.878844,19,212.533438
-11.672953,19,212.594826
-11.680796,18,212.652933
-11.59664,18,212.710796
-11.769398,18,212.768223
-11.851881,18,212.8267
-11.487705,19,212.887658
-11.740788,19,212.948851
-11.69522,19,213.010027
-11.532721,18,213.06792
-12.502513,20,213.132033
-11.444738,18,213.190696
-11.707798,18,213.248401
-12.016012,19,213.309663
-11.742915,18,213.367546
-11.733744,18,213.425636
-11.874389,20,213.489948
-11.245042,18,213.547099
-11.702381,19,213.607907
-11.389846,18,213.665408
-11.893289,18,214.454227
-12.240878,20,214.518626
-11.248493,18,214.576177
-11.880642,18,214.634481
-11.205608,18,214.692381
-12.139089,19,214.753887
-11.394226,18,214.812384
-11.953683,19,214.874366
-12.720837,21,214.94208
-11.603789,18,215.337923
-11.826914,19,215.397905
-11.321193,18,215.453674
-11.682002,18,215.509307
-11.774515,20,215.570803
-13.487807,24,215.645399
-11.575551,18,215.700571
-11.760924,18,215.756088
-12.051642,20,215.818208
-11.583419,19,215.87579
-13.584663,24,215.948684
-11.179349,18,216.003425
-13.21998,21,216.068874
-11.963536,19,216.128664
-11.106231,18,216.185346
-12.205734,21,216.252942
-11.454779,18,216.310788
-11.717002,19,216.371477
-12.050623,19,216.432976
-12.214326,20,216.50438
-11.576327,18,216.562273
-11.578628,19,216.623583
-11.67157,19,216.684409
-11.339382,18,216.742112
-11.461619,19,216.803988
-11.4825,18,216.862772
-11.759131,18,216.9208
-11.584235,19,216.981561
-11.192308,17,217.036556
-11.898439,19,217.098162
-11.478127,20,217.162192
-11.464065,18,217.220562
-11.213387,18,217.278587
-11.518509,19,217.684614
-11.353721,18,217.742777
-11.691492,19,217.804728
-11.840899,18,217.863622
-11.384519,18,217.921751
-11.767046,19,217.982785
-11.179274,17,218.037932
-11.6617,18,218.096496
-11.534021,17,218.15211
-11.144059,18,218.20924
-11.52058,18,218.267417
-11.294412,18,218.325132
-11.200067,18,218.382518
-11.449235,18,219.138157
-11.475639,18,219.196186
-12.270712,20,219.261169
-11.959184,19,219.322887
-11.872296,19,219.384479
-12.15231,19,219.446813
-11.21581,18,219.505333
-11.920911,20,219.570169
-12.419721,20,219.63473
-12.078226,19,219.696255
-11.75312,19,219.75865
-11.152581,17,219.814009
-11.332296,18,219.872201
-11.856395,19,219.933812
-12.018248,19,219.995691
-11.743025,18,220.053956
-11.302597,18,220.112402
-11.842277,19,220.17363
-11.837094,19,220.236112
-11.470573,18,220.293962
-11.965357,19,220.355132
-12.680223,19,220.754223
-11.631655,17,220.807405
-11.270692,18,220.865333
-11.46928,18,220.92282
-11.158801,18,220.980707
-11.442578,19,221.041469
-11.863782,19,221.103368
-11.918936,19,221.164133
-11.393676,18,221.222079
-12.274836,20,221.286426
-11.171067,18,221.344218
-11.334204,18,221.402314
-11.520601,18,221.460319
-11.36345,18,221.518604
-11.535384,18,221.576506
-11.807581,19,221.637213
-11.299583,18,221.696018
-12.407494,21,221.760928
-12.479727,20,221.824542
-11.566763,19,221.885871
-11.237959,18,221.943909
-11.680638,18,222.001707
-11.241258,18,222.060177
-11.368463,18,222.11851
-11.647963,18,222.176506
-12.450999,20,222.241109
-11.66377,18,222.299338
-11.681757,19,222.361024
-11.525222,18,222.41887
-12.742228,21,222.486675
-11.28214,17,222.54162
-11.253683,18,222.599607
-11.329352,18,222.658038
-11.990498,19,222.719756
-11.301795,19,223.932136
-12.506644,20,223.995993
-11.543382,18,224.053472
-12.083621,19,224.114795
-11.495352,19,224.175889
-10.919693,18,224.233826
-11.441602,19,224.295045
-11.746119,19,224.356957
-12.033988,19,224.418383
-11.590194,18,224.476432
-11.269265,18,224.534983
-11.190594,18,224.592973
-11.489487,18,224.65084
-11.562163,18,224.708997
-11.582884,18,224.766696
-11.441626,17,224.821245
-13.349642,21,224.889467
-11.01957,18,224.94802
-11.391489,19,225.012174
-11.193064,18,225.07024
-13.050101,21,225.138565
-11.634118,18,225.196204
-11.071306,18,225.254482
-11.591674,19,225.31549
-11.37329,19,225.376948
-11.422544,18,225.435131
-11.433896,18,225.493201
-11.412064,19,225.554595
-11.801338,19,225.615814
-11.474838,19,225.676856
-11.683453,19,225.738486
-11.269377,18,225.796871
-12.786497,22,225.867573
-14.055989,24,226.288164
-11.678612,18,226.346947
-11.344077,19,226.408258
-11.574826,19,226.470197
-11.89593,19,226.531262
-12.484478,20,226.596433
-11.135786,18,226.653937
-11.620614,18,226.711166
-11.719915,18,226.769722
-11.261577,18,226.827256
-11.338496,18,226.884726
-11.262296,18,226.94284
-11.936681,19,227.00397
-11.407653,18,227.062673
-11.518547,19,227.123005
-11.72952,19,227.184621
-11.339471,18,227.242226
-11.6379,19,227.30287
-11.825601,19,227.363981
-11.809167,18,227.421862
-11.618991,19,227.482707
-11.743827,18,227.540617
-11.282781,18,228.243331
-11.521928,19,228.30107
-11.805132,19,228.35972
-12.93807,21,228.424945
-11.536423,18,228.482378
-11.427778,18,228.540181
-12.984134,22,228.611115
-11.154878,18,228.669166
-11.523698,18,228.726386
-11.312062,18,228.784355
-12.102938,19,228.844555
-12.036336,20,229.248478
-11.575772,19,229.309914
-11.358828,18,229.368791
-11.864653,19,229.430125
-11.62601,19,229.491682
-12.504755,21,229.558989
-11.446847,18,229.617296
-12.523568,22,229.688341
-11.442109,18,229.745666
-11.20438,18,229.803607
-11.441732,18,229.861167
-11.730975,19,229.921803
-11.359507,18,229.980814
-11.471128,18,230.039004
-11.790102,20,230.103697
-13.65039,22,230.174492
-11.540791,18,230.232198
-11.561698,19,230.293534
-11.408484,18,230.351478
-11.265329,18,230.409575
-11.183859,18,230.466834
-11.306374,18,230.523939
-11.283219,18,230.582394
-11.439996,19,230.644337
-11.626202,18,230.702136
-11.15962,19,230.762944
-11.402969,18,230.820773
-11.395828,19,230.881507
-11.435465,18,230.939152
-11.990809,19,231.000123
-11.659427,18,231.057872
-11.862807,19,231.118862
-11.428531,18,231.176679
-11.642432,18,231.234986
-12.581687,20,231.990236
-11.112938,18,232.04869
-11.360043,18,232.10691
-11.520173,19,232.167919
-11.528605,18,232.226609
-11.175509,18,232.284285
-11.08681,18,232.342051
-11.498108,18,232.399827
-11.866997,19,232.460733
-11.679541,19,233.327069
-11.154119,18,233.381475
-11.57795,18,233.436534
-11.743034,18,233.490909
-11.782582,19,233.548491
-11.524916,18,233.602873
-11.757564,19,233.661439
-12.726852,21,233.725091
-12.092022,21,233.788426
-12.300139,20,233.848991
-11.26351,18,233.903146
-11.46728,18,233.957211
-12.475018,20,234.018142
-11.766038,20,234.078951
-11.60435,18,234.133447
-11.438503,18,234.188226
-11.192234,18,234.243189
-11.536691,19,234.301265
-11.630837,19,234.364452
-11.912764,20,234.425408
-12.548113,22,234.492121
-11.543735,18,234.546606
-11.645301,19,234.604287
-11.422432,19,234.662867
-11.996286,18,235.046181
-11.704064,19,235.10402
-11.436185,18,235.158539
-12.219376,20,235.219296
-12.108083,19,235.277666
-11.615756,18,235.332251
-11.464826,19,235.389824
-11.431548,18,235.444718
-12.826807,21,235.50814
-11.464186,18,235.563239
-11.521474,18,235.617842
-11.686922,19,235.676342
-11.385296,18,235.731066
-11.723708,18,235.785882
-11.643558,19,235.84403
-11.309982,18,235.899116
-13.569554,24,235.971554
-10.958957,18,236.025457
-11.638517,19,236.083501
-11.431663,19,236.140811
-11.804527,18,236.195666
-12.760377,23,236.26629
-11.660719,18,236.320477
-11.600476,19,236.377157
-11.706735,19,236.434522
-11.385231,18,236.489537
-12.067419,19,236.546806
-11.248816,18,236.601003
-11.578079,18,236.655802
-12.254879,20,236.717037
-11.405109,19,237.451363
-11.87591,18,237.509795
-11.66189,19,237.570614
-11.072342,18,237.973836
-11.383022,18,238.03231
-11.269367,18,238.091254
-11.391884,18,238.147242
-11.291872,18,238.201817
-11.338883,18,238.257277
-11.565699,19,238.315654
-11.020416,18,238.370631
-11.706702,20,238.432355
-11.036779,18,238.487338
-12.273776,21,238.551178
-12.089061,19,238.608448
-11.602657,19,238.666686
-11.586049,18,238.722327
-11.465126,18,238.777047
-11.603164,19,238.834537
-11.11648,18,238.889472
-11.894784,20,238.949747
-11.641549,20,239.010077
-11.157271,18,239.065244
-11.931436,19,239.123242
-11.466705,18,239.178114
-11.365991,18,239.233001
-12.093159,20,239.294137
-11.589452,18,239.349553
-11.751768,19,239.406847
-11.576647,18,239.461147
-11.421498,18,239.516196
-11.711349,19,239.574061
-11.542824,18,239.628923
-11.843615,18,239.683226
-11.916015,18,239.738768
-12.428052,20,239.79946
-11.33637,18,240.181205
-11.472285,20,240.243805
-11.703964,18,240.300075
-11.53029,18,240.354769
-11.322031,18,240.409318
-11.595778,18,240.463634
-11.652598,19,240.521666
-11.875706,19,240.580257
-11.184301,18,240.6363
-11.053582,18,240.69177
-11.094985,18,240.746909
-11.438588,18,240.802146
-11.201891,18,240.856604
-11.299278,18,240.912015
-11.456037,18,240.966334
-11.444732,18,241.020335
-11.157248,18,241.074187
-11.072599,18,241.129188
-11.065693,18,241.184166
-11.475812,19,241.241518
-11.633384,18,242.094327
-11.155099,18,242.153005
-11.240161,18,242.210733
-11.108074,18,242.268206
-11.174986,18,242.326647
-11.764526,19,242.388753
-11.456654,19,242.450249
-11.12563,17,242.505256
-11.407664,18,242.564024
-11.763799,19,242.626387
-11.451712,18,242.684442
-11.174506,18,242.742771
-11.895562,18,242.801461
-11.593482,18,242.859552
-12.159227,20,242.92392
-11.658629,19,243.327498
-11.265197,18,243.383953
-11.096795,18,243.440585
-11.707136,19,243.498378
-11.272607,19,243.556935
-11.608884,18,243.612175
-12.548976,21,243.675731
-11.404734,18,243.730119
-11.817587,20,243.792352
-11.238483,18,243.84688
-11.460338,18,243.901574
-12.929113,21,243.965473
-11.316885,18,244.019559
-11.788552,20,244.079333
-11.172669,18,244.133525
-11.663669,18,244.188845
-12.638757,21,244.253039
-11.815366,19,244.311116
-11.169025,18,244.366575
-11.110657,18,244.421247
-11.5427,19,244.478242
-11.131086,18,244.532816
-11.641279,18,244.588047
-11.56176,18,244.642249
-12.022541,19,244.699195
-11.687519,19,244.75627
-11.519616,18,244.81208
-11.281795,18,244.866706
-11.04607,18,244.921209
-11.430002,18,244.976721
-11.763285,19,245.034699
-11.233673,18,245.089452
-13.141077,21,245.152737
-11.276617,18,245.535418
-11.741878,19,245.595375
-11.358029,18,245.652676
-12.029054,20,245.716375
-11.722119,19,245.776729
-11.890214,19,245.838091
-12.21808,20,245.902052
-11.164884,17,246.720614
-11.444411,19,246.779552
-11.132234,18,246.83693
-11.873922,20,246.900501
-10.996209,18,246.957705
-11.409604,18,247.016098
-11.755895,19,247.076816
-11.529932,19,247.13686
-11.125188,18,247.194902
-10.90837,17,247.249715
-11.758643,19,247.310074
-11.848716,19,247.370656
-11.991415,19,247.432073
-11.369831,18,247.489971
-11.421642,19,247.550381
-12.923899,22,247.620553
-11.28148,18,247.678093
-11.31981,18,247.73553
-11.412841,19,247.796606
-11.402408,18,247.85481
-11.454756,19,247.915709
-11.177829,18,247.973541
-11.547491,18,248.032182
-12.153759,19,248.092966
-11.328667,18,248.15073
-11.179311,19,248.2117
-11.318782,18,248.269574
-11.541363,19,248.693993
-11.781907,19,248.755226
-11.504872,19,248.816946
-11.228487,18,248.875519
-11.587075,18,248.933495
-11.380136,18,248.991816
-11.409722,19,249.053344
-12.030903,19,249.114595
-11.151933,18,249.172896
-11.551739,18,249.23136
-11.86707,19,249.293073
-11.315997,18,249.351114
-11.509496,18,249.409116
-11.355756,19,249.471634
-11.405068,18,249.529929
-11.356835,18,249.588015
-13.554198,23,249.663095
-11.155565,18,249.721035
-11.45498,18,249.779258
-10.926061,18,249.837918
-11.038115,18,249.896589
-13.30582,22,249.968064
-11.310112,18,250.02644
-12.773919,24,250.105
-11.831486,19,250.166559
-11.94479,19,250.22778
-11.476551,18,250.286245
-11.738133,20,251.031229
-11.236503,18,251.087126
-11.141354,18,251.142038
-11.542324,19,251.199435
-11.523482,18,251.254543
-11.876452,19,251.312687
-11.409558,18,251.733483
-11.351179,18,251.789051
-11.406229,18,251.843647
-11.141526,18,251.899126
-12.279315,20,251.959495
-11.49971,19,252.017737
-11.154615,18,252.07313
-11.619217,19,252.131199
-11.329357,18,252.185606
-11.334825,19,252.243209
-11.199909,18,252.298898
-11.364858,19,252.356089
-11.843065,19,252.41386
-11.156672,18,252.469253
-11.430794,18,252.524109
-11.986684,20,252.585423
-11.25327,18,252.640392
-11.71871,20,252.702744
-11.352134,18,252.757366
-11.527061,18,252.812137
-11.528246,18,252.866816
-11.201757,18,252.922627
-11.303324,18,252.977798
-11.213664,18,253.034638
-11.547467,18,253.090196
-11.428783,18,253.144988
-11.093764,18,253.199443
-11.068469,18,253.253705
-11.65472,18,253.309407
-11.743045,20,253.370105
-11.719768,19,253.427306
-11.219858,18,253.482964
-11.292432,19,253.541274
-11.466285,18,253.596593
-11.357588,18,254.336182
-11.000302,18,254.390438
-11.770584,19,254.448638
-11.452267,19,254.507387
-11.58383,19,254.565077
-11.011047,18,254.621066
-11.321194,18,254.676093
-11.704914,19,254.734605
-11.409173,18,254.789155
-12.377037,22,254.855547
-11.404446,18,254.911521
-11.246189,18,254.967016
-11.790212,19,255.025478
-12.232385,20,255.089629
-11.636392,19,255.151366
-11.242114,18,256.075763
-12.398003,20,256.138924
-11.216994,18,256.193955
-11.794286,19,256.251478
-11.87876,20,256.31188
-11.322462,18,256.36706
-11.366105,18,256.42207
-11.368901,18,256.476595
-11.307493,19,256.534692
-11.085052,18,256.589619
-11.397401,19,256.647091
-11.29152,18,256.701842
-11.422372,18,256.757107
-11.386471,18,256.812001
-11.397254,18,256.86641
-11.280289,18,256.921171
-12.027449,20,256.982173
-11.320625,18,257.037649
-11.382775,18,257.440491
-11.592169,19,257.498744
-11.590914,19,257.557605
-11.268773,18,257.612661
-10.927565,17,257.664957
-11.21913,18,257.720009
-13.335675,22,257.787557
-11.549838,19,257.844704
-11.465937,19,257.90193
-11.599064,18,257.957206
-11.534353,18,258.012466
-11.982595,21,258.076639
-11.151862,18,258.131442
-13.066176,22,258.199513
-11.055415,19,258.256694
-11.446244,19,258.314866
-11.303006,18,258.370034
-11.485051,19,258.427569
-11.146491,18,258.481828
-11.76377,19,258.539464
-11.448244,19,258.599412
-11.450111,18,258.654432
-11.539388,18,258.708842
-11.435936,18,258.763897
-12.2956,20,258.824585
-11.005581,18,258.879998
-12.465575,21,258.944642
-11.184226,18,259.001607
-12.778524,21,259.068257
-11.143361,18,259.126102
-11.109757,18,259.184025
-11.19566,18,259.242789
-11.449969,19,259.304334
-11.088259,18,259.725956
-11.310506,18,259.784826
-11.137826,18,259.843318
-11.848509,18,259.901956
-11.24729,18,260.74257
-11.452039,18,260.79823
-10.977139,18,260.853237
-11.275214,19,260.910797
-11.856372,19,260.968385
-11.120678,18,261.023863
-11.25963,18,261.07856
-10.896382,18,261.133286
-11.493915,18,261.188448
-11.467707,19,261.247266
-11.521496,19,261.305637
-11.221509,18,261.360408
-11.267651,18,261.416182
-11.634627,19,261.473772
-11.211936,18,261.528336
-11.185445,18,261.583069
-11.398931,18,261.638843
-10.987569,17,261.690643
-11.21865,19,261.748343
-11.177052,18,261.803571
-11.160025,18,261.858344
-10.849025,18,261.913856
-11.259055,18,261.968474
-11.005026,18,262.023991
-11.828451,19,262.081793
-11.240341,18,262.136228
-11.584659,19,262.194287
-11.231062,18,262.249953
-11.593906,19,262.307614
-11.137181,18,262.361956
-11.707486,18,262.417137
-11.843469,19,262.822581
-11.395894,18,262.877831
-11.206165,18,262.932482
-10.985737,18,262.986849
-11.187882,18,263.042432
-11.113262,18,263.099689
-12.23943,20,263.164832
-11.394623,18,263.224414
-11.526691,19,263.283451
-11.093063,18,263.341557
-11.096838,18,263.39938
-11.690588,19,263.460953
-11.750463,19,263.522691
-11.140549,18,263.58063
-11.86351,19,263.642439
-11.356093,18,263.700543
-10.825495,18,263.758641
-11.698799,19,263.82107
-13.093924,23,263.895136
-11.582647,18,263.953058
-11.076936,18,264.011394
-11.450497,18,264.069431
-11.510009,19,264.131323
-11.271228,18,264.189183
-11.462374,19,264.25114
-11.432527,19,265.017755
-11.155009,18,265.076468
-11.18854,18,265.134594
-11.681751,19,265.195135
-11.130167,18,265.253509
-11.132709,18,265.311524
-11.015073,18,265.36969
-13.007668,23,265.444257
-11.177554,18,265.862889
-11.933479,19,265.924493
-11.784049,19,265.985777
-11.17277,18,266.044108
-10.995539,18,266.102118
-11.565885,18,266.160364
-11.038368,18,266.219005
-11.200147,18,266.277645
-11.19071,18,266.335949
-11.186447,18,266.394047
-11.393642,19,266.45567
-11.402163,18,266.513744
-11.048208,18,266.571152
-10.826853,18,266.628791
-10.903814,18,266.686865
-11.715216,19,266.748079
-11.425839,18,266.806211
-12.4563,20,266.871484
-10.867404,18,266.92918
-11.283009,18,266.987155
-11.615172,19,267.048095
-11.471189,18,267.106252
-10.967712,18,267.162901
-12.257798,21,267.226787
-11.543379,19,267.285574
-11.560149,19,267.343207
-12.131356,21,267.406891
-11.040329,18,267.462875
-11.148916,18,267.516994
-11.109041,19,267.574454
-11.226901,18,267.628851
-11.292795,18,267.684268
-11.60383,19,267.741668
-11.09342,18,267.796689
-11.23303,19,268.19468
-10.969503,18,268.249676
-11.27733,18,268.305453
-11.220311,18,268.359797
-11.811803,20,268.421398
-11.674044,18,268.476313
-11.523971,18,268.530921
-11.241699,18,268.585019
-11.716651,20,268.645071
-12.04327,19,268.703186
-11.322804,18,268.757545
-11.818247,19,268.815017
-11.379459,17,268.866636
-10.755974,17,269.586325
-11.582871,18,269.641411
-11.347497,19,269.702372
-11.430973,19,269.761882
-11.523571,18,269.819283
-10.89494,18,269.876642
-11.335831,17,269.93225
-10.865939,18,269.990823
-11.231607,19,270.051854
-12.435496,21,270.119331
-11.646328,19,270.180269
-10.959413,18,270.238305
-11.501976,19,270.299944
-11.9468,20,270.364307
-11.259623,19,270.425373
-11.367867,19,270.486266
-12.225963,20,270.550615
-11.050252,18,270.608654
-10.939048,18,270.666569
-11.404677,18,270.724626
-11.412074,18,270.782473
-11.587913,19,271.200272
-11.341046,18,271.255027
-11.134247,18,271.310695
-11.466184,19,271.368207
-13.304232,24,271.440467
-11.479209,19,271.4981
-11.599969,19,271.555894
-11.060321,18,271.610771
-11.2485,18,271.665391
-11.113101,18,271.720109
-11.342699,18,271.774706
-13.918787,24,271.847298
-11.353968,18,271.901512
-11.072066,18,271.956416
-11.746969,19,272.013864
-11.23537,18,272.067939
-11.398942,19,272.125821
-14.591924,24,272.19829
-11.184883,18,272.25338
-11.889738,20,272.314155
-11.111684,18,272.368725
-11.677926,19,272.426426
-11.099823,18,272.480763
-11.314684,18,272.536217
-11.600351,19,272.593564
-11.273156,18,272.648067
-11.304666,18,272.702549
-11.811618,19,272.760535
-10.981762,18,272.814929
-12.432649,21,272.879195
-12.074647,20,272.942348
-11.80117,19,273.002427
-11.181834,18,273.416068
-11.057645,18,274.271708
-10.883538,18,274.32824
-11.356417,18,274.385631
-11.105609,18,274.442937
-11.401198,19,274.504111
-11.112585,18,274.562577
-11.237112,18,274.62213
-11.328019,19,274.682922
-10.978746,18,274.741329
-11.17282,18,274.799547
-11.364881,19,274.860655
-11.207462,18,274.918828
-11.283277,19,274.980681
-11.328906,18,275.039187
-11.321625,18,275.097162
-11.830314,20,275.162037
-11.633299,18,275.21979
-10.877122,18,275.278308
-11.169238,18,275.336414
-10.770209,18,275.395135
-11.641935,19,275.456254
-11.428673,19,275.517589
-11.234646,19,275.579494
-10.950206,18,275.638232
-11.822806,19,275.700164
-11.318571,17,275.754808
-10.890411,18,275.812939
-11.026462,18,275.871492
-11.272352,18,275.930269
-11.167254,18,275.988954
-11.391629,18,276.047245
-12.460829,21,276.115069
-11.353728,18,276.172773
-11.451037,19,276.961259
-11.496353,19,277.020758
-11.120856,18,277.075618
-11.063685,18,277.130085
-11.489787,19,277.188084
-11.150268,18,277.242642
-11.638098,19,277.301963
-12.046507,20,277.36344
-11.349617,18,277.418994
-11.760828,19,277.476479
-11.347723,18,277.530819
-11.027211,18,277.586637
-11.161255,18,277.641825
-11.394419,18,277.696217
-11.393626,19,277.753258
-11.535874,17,277.805024
-10.731403,18,277.85937
-11.075827,18,277.914191
-11.545385,18,277.968668
-11.155447,18,278.023634
-11.272298,18,278.078132
-11.958012,21,278.141819
-12.536383,21,278.206171
-11.790182,20,278.864686
-11.316797,18,278.918769
-11.779525,19,278.975695
-11.153125,18,279.030761
-11.677834,20,279.091673
-11.389827,19,279.149506
-11.952524,19,279.20795
-11.704053,18,279.263515
-11.149294,18,279.319373
-11.360505,19,279.376818
-10.988816,18,279.434736
-11.06877,18,279.812282
-11.173798,18,279.867424
-11.10438,18,279.922181
-11.050744,18,279.977518
-11.411185,18,280.032757
-10.982474,18,280.087091
-11.042571,19,280.144217
-11.302059,18,280.19835
-11.016168,18,280.253534
-11.718414,18,280.307759
-11.212419,18,280.364263
-11.091017,18,280.420176
-12.489603,21,280.486226
-11.517068,19,280.546585
-11.44275,18,280.604195
-10.933924,18,280.663525
-11.317351,18,280.72132
-12.389172,21,280.788696
-11.275227,19,280.850496
-11.19165,18,280.908719
-11.27917,18,280.965262
-11.150487,18,281.023294
-11.426798,18,281.081576
-11.295327,19,281.143033
-11.042102,19,281.203878
-11.46946,18,281.262465
-11.279333,18,281.320723
-10.948458,18,281.378475
-10.838646,17,281.433427
-10.955978,18,281.491493
-11.10124,18,281.549369
-11.169361,18,281.607414
-11.359716,18,281.66591
-11.298397,18,281.723759
-11.027957,18,282.125844
-11.51772,19,282.187776
-11.47088,19,282.250154
-12.049178,21,282.318937
-11.186348,18,282.376806
-11.539401,19,282.438344
-11.714892,19,282.499797
-11.042843,18,282.557698
-11.352325,18,282.61585
-11.201263,18,282.674491
-11.21127,17,283.551701
-11.044105,18,283.612363
-11.080543,18,283.669652
-11.416793,19,283.729962
-11.266087,18,283.78724
-11.656569,18,283.844707
-11.750409,19,283.906234
-11.174716,19,283.9667
-11.015034,17,284.021489
-11.507635,18,284.079593
-11.697847,18,284.136904
-10.990365,18,284.194287
-11.123371,18,284.252019
-11.449879,18,284.310148
-11.001806,18,284.367477
-11.179746,19,284.428564
-11.292348,19,284.490194
-11.278657,18,284.54796
-11.002194,18,284.605731
-11.230357,19,284.66693
-11.283173,19,284.729207
-11.192795,17,284.784222
-11.516365,19,284.845326
-11.915948,19,284.907256
-11.580716,19,285.314117
-11.792217,19,285.371925
-11.026167,18,285.426488
-12.582328,22,285.493201
-11.329664,18,285.54807
-11.325919,18,285.602666
-11.259108,18,285.657039
-11.225413,18,285.713009
-11.748501,19,285.770331
-11.808882,20,285.831901
-10.997559,18,285.886365
-10.984698,18,285.940753
-11.317943,18,285.995141
-10.800808,17,286.047051
-11.306968,20,286.108312
-11.256744,18,286.162173
-11.142581,18,286.216807
-11.527216,19,286.273834
-11.849989,19,286.33205
-11.065143,18,286.386299
-11.011812,18,286.440346
-12.405923,19,286.497908
-12.030735,20,286.55834
-11.30893,18,286.613131
-11.160165,17,286.664289
-11.509889,19,286.722509
-10.930466,18,286.776835
-11.696798,20,286.837153
-11.398988,18,286.892028
-11.587551,19,286.94993
-11.39772,18,287.003905
-11.111209,18,287.05823
-11.524599,19,287.782597
-10.846061,18,287.840993
-11.243093,18,288.245111
-11.297307,18,288.303863
-11.381263,18,288.3633
-11.391015,19,288.424915
-11.157312,18,288.48334
-12.217073,22,288.555166
-11.224638,18,288.61352
-10.91042,18,288.671636
-11.097141,18,288.730345
-11.551465,19,288.792266
-10.872989,18,288.851761
-10.93452,18,288.910269
-11.252681,18,288.969079
-12.085341,20,289.033468
-11.403243,19,289.094646
-11.203139,19,289.156524
-11.333742,18,289.215002
-10.903364,18,289.27348
-11.073064,18,289.332371
-11.507254,19,289.394142
-12.829333,23,289.468709
-11.804921,19,289.530763
-10.929356,18,289.589555
-11.046919,18,289.648081
-11.481628,18,289.706464
-11.436345,18,289.764955
-11.293069,18,289.823799
-11.615875,18,289.882283
-11.446359,19,289.944408
-11.214352,18,290.003287
-11.509649,19,290.06535
-10.938932,18,290.124181
-11.055968,18,290.183432
-11.37484,19,290.595175
-11.131175,18,290.654212
-11.430461,19,290.716138
-11.482616,19,290.77833
-11.772268,20,290.84397
-11.459455,19,290.905754
-11.473081,19,290.968277
-11.073391,18,291.02739
-11.299663,18,291.086057
-11.446191,19,291.147995
-10.782195,18,291.207646
-11.516958,19,291.269485
-11.662066,19,291.331573
-10.890884,18,291.390529
-10.843422,18,291.449854
-11.093416,18,291.512417
-11.485659,19,291.571116
-11.089055,18,291.626523
-11.696441,20,291.687725
-11.086298,19,291.745467
-11.242122,18,292.666699
-10.830809,18,292.721773
-11.395244,19,292.780096
-10.739133,17,292.832522
-11.054837,18,292.886869
-11.220573,18,292.942308
-11.318056,19,293.00387
-11.23812,19,293.061943
-11.064018,18,293.116331
-10.786916,18,293.170577
-11.395578,19,293.22911
-11.034944,18,293.283324
-11.221746,19,293.340945
-11.720072,19,293.398956
-11.041305,19,293.783118
-11.16273,18,293.839309
-11.07934,18,293.893874
-11.094134,18,293.950593
-11.055979,18,294.005696
-11.293284,18,294.060416
-11.127887,18,294.114629
-11.052255,19,294.171863
-11.604616,18,294.22774
-11.891563,19,294.285097
-10.896042,18,294.341175
-11.156795,18,294.396177
-11.186078,18,294.451339
-11.172179,18,294.505554
-11.154493,19,294.56412
-11.365662,19,294.622559
-11.28216,18,294.677407
-10.998805,18,294.731604
-11.148045,18,294.785854
-11.359547,19,294.844577
-11.012405,18,294.899009
-12.172665,20,294.959495
-11.152141,18,295.014792
-11.645473,19,295.073297
-11.078374,18,295.127597
-11.314741,19,295.185269
-10.968852,19,295.243585
-11.478636,20,295.30426
-10.780989,18,295.358452
-11.055353,18,295.413059
-11.272827,18,295.468442
-11.118504,18,295.523373
-10.989866,18,295.578231
-11.378177,18,295.633562
-11.315696,18,296.011034
-11.657788,19,296.06958
-11.323409,18,296.124521
-11.207793,18,296.179537
-11.338982,18,296.234647
-11.16204,18,296.289013
-11.033308,18,296.343149
-11.268949,19,296.400795
-11.833207,19,297.190815
-11.096072,19,297.248672
-11.158203,18,297.302987
-11.023236,18,297.357489
-11.367689,18,297.412266
-11.022234,18,297.467805
-11.364821,18,297.522329
-11.189549,18,297.577066
-12.444878,21,297.641247
-10.891437,18,297.696197
-11.538386,19,297.754101
-10.964504,18,297.808443
-11.603705,19,297.866395
-11.107252,18,297.920674
-11.258426,18,297.975148
-11.014819,18,298.029982
-12.700439,22,298.096711
-11.260338,18,298.151144
-11.026121,18,298.205561
-11.134842,18,298.260933
-11.093696,18,298.3155
-10.934762,18,298.370166
-10.963276,18,298.424669
-11.305116,18,298.479601
-10.966042,18,298.534111
-11.016741,18,298.588492
-11.248369,18,299.292412
-11.175126,18,299.347845
-11.665376,19,299.407396
-11.258165,18,299.462865
-10.783848,17,299.514376
-11.514744,20,299.574917
-11.44101,18,299.62982
-10.996279,18,299.684488
-11.071773,18,299.738582
-11.367333,18,299.792956
-10.835074,18,299.847618
-11.695939,20,299.909126
-11.521699,18,299.963218
-11.032695,18,300.018982
-11.234524,18,300.07443
-11.132328,18,300.129194
-11.206516,18,300.18373
-10.778721,18,300.239602
-10.940899,19,300.298314
-12.12031,21,300.362565
-11.006848,18,300.417122
-11.200526,19,300.47515
-10.739424,18,300.530505
-11.422942,19,300.588149
-11.576832,18,300.643229
-11.655534,19,300.701508
-11.579572,18,300.75666
-11.46161,19,300.814887
-12.285165,21,300.87913
-11.533351,19,301.801388
-11.5209,19,301.859058
-12.937238,23,301.929454
-11.896826,20,301.990016
-11.277514,19,302.047762
-11.616118,19,302.435689
-11.194669,18,302.49116
-11.128123,18,302.546482
-11.29167,18,302.601248
-11.285706,18,302.65639
-10.933192,18,302.711559
-11.576034,19,302.770342
-11.306243,19,302.828033
-11.414441,18,302.88278
-11.255811,18,302.938637
-11.02546,18,302.993494
-11.226899,18,303.048084
-11.181662,18,303.103491
-11.124887,19,303.161459
-11.045267,18,303.216258
-11.417026,18,303.272074
-11.558223,19,303.331163
-11.021598,18,303.386573
-11.092001,18,303.441489
-10.969642,18,303.496515
-11.280034,18,303.552769
-11.893707,19,303.610372
-11.146297,18,303.665045
-11.384253,19,303.723668
-11.052005,18,303.779237
-11.04924,18,303.834456
-13.362935,24,303.907886
-11.203363,17,303.960408
-11.294376,18,304.01527
-11.314286,18,304.070118
-11.221073,18,304.125819
-11.927436,20,304.187161
-11.426919,18,304.242965
-11.362193,18,304.624104
-11.170671,18,304.67984
-11.053066,18,304.735849
-11.481635,19,304.794369
-11.198184,19,304.852233
-11.103001,18,304.906673
-11.194892,18,304.961711
-11.044656,18,305.016448
-12.864188,23,305.086666
-10.931911,18,305.141627
-11.410013,19,305.199411
-11.111804,18,305.255198
-11.256324,18,305.309687
-11.241981,19,305.367741
-11.129019,18,305.422708
-10.966612,18,305.477014
-11.947427,20,305.537899
-10.696112,18,306.43477
-11.46018,19,306.492202
-11.443228,19,306.550734
-10.67119,18,306.605258
-11.295382,19,306.662594
-10.956972,18,306.717157
-11.739857,20,306.778338
-10.987961,18,306.832963
-10.960055,18,306.888109
-11.304294,18,306.942274
-11.573134,20,307.003614
-11.212491,18,307.058547
-11.184291,18,307.112648
-11.599323,18,307.169333
-11.155777,19,307.227155
-11.432587,18,307.281209
-10.978368,18,307.33591
-11.403899,18,307.71559
-12.227176,20,307.777472
-11.309398,18,307.832422
-11.467725,19,307.890327
-10.889846,18,307.945202
-10.971258,18,308.000992
-11.357413,19,308.058867
-11.066235,18,308.114025
-11.645258,20,308.17554
-11.69244,19,308.233457
-11.800737,19,308.290994
-10.711232,18,308.34615
-11.084504,18,308.402609
-11.318782,18,308.458002
-11.334536,19,308.51572
-11.318535,18,308.570355
-10.890725,18,308.625809
-11.912285,19,308.683455
-12.005653,21,308.747464
-11.009803,19,308.805828
-11.902854,19,308.864466
-11.062784,18,308.919302
-11.072686,18,308.973811
-11.487287,18,309.029922
-11.152254,19,309.08775
-10.944893,18,309.14239
-11.559595,19,309.20089
-11.102098,19,309.259216
-11.364727,18,309.314415
-11.500132,19,309.372444
-11.079592,18,309.428391
-11.277873,18,309.483339
-11.016888,18,309.537884
-10.881008,18,309.592963
-10.78215,18,309.973039
-10.922052,18,310.02897
-11.313744,18,310.084395
-10.534965,17,310.136147
-11.130524,18,310.191098
-11.710322,19,310.928133
-11.255085,19,310.985797
-11.579135,19,311.044066
-11.636179,20,311.104441
-11.235563,18,311.158846
-11.048213,18,311.213564
-11.334273,18,311.268681
-11.153367,18,311.323478
-11.514854,18,311.377907
-12.697361,22,311.445169
-10.785191,18,311.500164
-11.035288,18,311.556398
-11.287779,19,311.615596
-11.38448,19,311.678234
-11.205228,18,311.736626
-12.128183,21,311.804105
-10.8587,18,311.862801
-11.509469,18,311.920982
-11.136448,18,311.979478
-11.173309,19,312.04125
-11.084635,18,312.099576
-11.068577,18,312.157521
-11.72438,19,312.219247
-11.093432,18,312.277909
-10.791672,18,312.336103
-11.19808,18,312.393953
-11.015984,18,312.452615
-11.076667,18,312.511041
-11.085692,18,312.569534
-11.33637,19,312.976643
-11.403972,18,313.03508
-10.944053,18,313.092966
-11.182986,18,313.151298
-10.932597,18,313.209925
-10.8234,18,313.268217
-10.958182,18,313.326174
-12.217915,20,313.390319
-11.248944,19,313.452054
-10.807675,18,313.510951
-11.250232,19,313.572687
-11.292981,18,313.630825
-11.274276,18,313.68976
-11.031418,18,313.747939
-10.976736,18,313.805944
-11.545417,18,313.864805
-11.166953,18,313.923296
-10.920052,19,313.984817
-11.401137,18,314.042965
-10.826116,18,314.101464
-10.887612,18,314.160149
-10.854207,17,314.215035
-11.467867,19,314.276609
-11.025065,18,314.334994
-11.284331,19,314.396505
-12.11484,22,314.468131
-11.168652,18,315.351073
-11.43951,19,315.409756
-11.007612,18,315.46567
-10.996809,18,315.522928
-12.016201,21,315.590031
-11.806168,20,315.654647
-11.352958,19,315.715889
-11.341521,19,316.116966
-11.504945,19,316.175289
-11.020659,18,316.230452
-11.526622,19,316.288763
-11.228573,19,316.346521
-11.098868,19,316.403825
-11.404804,19,316.461019
-11.252685,18,316.51638
-11.560472,19,316.574479
-10.906222,17,316.626476
-11.074306,18,316.681661
-11.259195,18,316.736923
-10.921851,18,316.791068
-12.376311,22,316.857417
-11.002442,18,316.913094
-11.03879,18,316.96773
-11.354907,19,317.02468
-15.128803,25,317.101507
-10.857986,18,317.156728
-11.234696,18,317.212313
-10.923663,18,317.268737
-11.303458,19,317.330165
-10.860215,17,317.384521
-11.184865,18,317.441801
-10.988806,18,317.499242
-11.038199,18,317.558087
-11.239252,18,317.615812
-16.820603,26,317.69927
-12.066231,20,317.764209
-11.206082,18,317.822884
-11.031659,18,317.88072
-10.981401,18,317.939563
-10.971566,18,317.99739
-12.044904,20,318.399987
-11.154135,19,318.460947
-11.136046,17,318.516535
-11.162336,19,318.578033
-11.38818,19,318.63931
-11.000957,18,318.696832
-10.971475,18,318.754817
-11.14623,18,318.812981
-11.352374,18,318.870816
-11.222625,19,318.931964
-10.950589,18,318.989723
-12.431924,22,319.060399
-10.944662,18,319.117884
-11.513289,19,319.180211
-10.886218,18,320.085986
-11.056064,18,320.141863
-10.989817,18,320.198546
-11.472965,19,320.259102
-11.01051,18,320.316687
-10.742,18,320.374314
-11.183052,19,320.435362
-11.216658,19,320.495975
-11.221701,18,320.553999
-11.010952,18,320.61213
-11.265635,19,320.673086
-11.611281,19,320.733806
-10.891506,18,320.792372
-11.007915,18,320.849852
-10.882496,18,320.907236
-11.153415,19,320.969334
-10.930094,18,321.027568
-10.660374,17,321.08219
-10.708967,18,321.139806
-11.234878,18,321.198258
-12.39841,23,321.964531
-11.519378,19,322.026419
-11.398679,18,322.084419
-11.27894,18,322.142339
-11.420251,18,322.201065
-11.091163,18,322.259572
-11.309258,18,322.318228
-10.845203,18,322.376859
-10.95222,17,322.431486
-11.180758,18,322.489502
-11.074961,18,322.547605
-11.417978,18,322.606577
-11.492606,18,322.664447
-10.864776,18,322.722583
-11.19399,18,322.781242
-11.093448,18,322.839635
-10.820265,18,322.897447
-11.422437,18,322.955972
-11.112998,18,323.014776
-11.235366,19,323.07568
-11.060992,17,323.130502
-11.13008,17,323.186146
-11.193917,18,323.245085
-11.065025,19,323.306039
-11.140666,19,323.367772
-10.714461,18,323.42648
-10.892011,18,323.484587
-10.982508,18,323.542655
-11.458774,19,323.60509
-10.869388,18,323.663768
-11.055424,19,323.725051
-11.074266,19,323.787116
-11.038127,18,323.845537
-11.448948,18,323.904119
-11.01253,18,323.962731
-11.164201,19,324.369437
-11.017133,18,325.101787
-11.169307,19,325.162534
-11.443861,19,325.224501
-10.950465,18,325.28325
-11.073383,19,325.350091
-10.972564,18,325.407881
-12.939208,21,325.476015
-11.866733,20,325.540223
-11.035419,18,325.598486
-11.412356,18,325.656596
-11.087749,18,325.714309
-10.844883,18,325.772513
-10.847826,18,325.831184
-11.293876,19,325.89221
-10.96684,18,325.949972
-10.989625,19,326.01123
-11.08031,19,326.07242
-11.102873,18,326.129953
-11.014635,18,326.187452
-11.073418,18,326.246185
-11.086407,18,326.304328
-11.121281,18,326.362496
-11.355928,18,326.420198
-11.18803,18,326.478083
-11.238559,19,326.539687
-10.978055,19,326.600711
-11.358515,18,326.658835
-11.450029,19,326.719924
-11.094213,18,326.778074
-10.898759,18,326.836068
-10.919582,18,326.893881
-10.950289,18,326.951665
-11.542386,19,327.012735
-11.118916,18,327.41395
-12.00113,20,327.479158
-11.21278,19,327.540502
-10.887844,18,327.598495
-11.493821,19,327.660264
-11.031695,18,327.717927
-11.081111,18,327.775593
-11.178959,18,327.834038
-11.297598,19,327.896107
-10.880334,18,327.954103
-11.266504,19,328.014998
-11.123325,18,328.073034
-11.266919,18,328.130867
-11.583924,20,328.195346
-11.379888,19,328.256726
-11.070239,18,328.314476
-11.08139,18,328.372536
-11.568501,19,328.433522
-10.829365,17,328.488902
-10.962183,18,328.54685
-10.991236,18,328.604983
-11.049058,18,328.662994
-11.418041,18,328.721119
-12.189027,21,329.547932
-11.281145,19,329.606088
-11.290143,19,329.663872
-11.040496,18,329.71825
-10.645505,18,329.772653
-11.122942,18,329.827679
-10.916992,18,329.883847
-12.724945,23,329.954164
-10.695424,17,330.006716
-10.867515,18,330.061852
-11.152321,18,330.44278
-11.399928,19,330.501019
-11.27655,20,330.562422
-11.030212,18,330.616785
-11.046892,17,330.668406
-10.777121,18,330.722978
-11.041645,18,330.777373
-10.96349,17,330.829358
-11.365828,19,330.88758
-11.309969,19,330.944949
-11.224904,19,331.002281
-11.002568,18,331.056832
-10.858185,18,331.111434
-10.784913,18,331.166131
-11.090119,18,331.220647
-11.110549,19,331.278326
-10.842816,18,331.332649
-11.111794,18,331.387307
-11.020335,18,331.442788
-10.697744,17,331.494922
-10.887578,19,331.552336
-11.135896,19,331.609596
-11.307122,19,331.671024
-10.910483,19,331.729021
-10.92138,18,331.783385
-11.079547,18,331.837941
-10.789263,18,331.893051
-11.202489,19,331.950311
-10.98771,18,332.004464
-11.18958,19,332.06265
-11.427138,19,332.120478
-11.291041,19,332.17813
-11.074012,18,332.232286
-11.086023,18,332.287141
-11.603413,19,332.670422
-11.771779,20,332.732054
-11.111556,18,332.786892
-10.905246,18,332.841366
-11.282527,19,332.899398
-11.053176,18,332.953978
-11.091016,18,333.009881
-10.796475,18,333.064558
-11.271655,18,333.119763
-10.999226,18,333.174167
-11.611994,20,333.234975
-11.163387,18,334.101139
-11.039898,19,334.160394
-11.096656,18,334.218176
-11.498453,18,334.276208
-11.402647,18,334.334678
-11.150889,18,334.392623
-10.888294,18,334.451004
-11.063184,18,334.509774
-11.032362,18,334.568352
-11.411521,19,334.629708
-11.714014,19,334.691217
-11.132951,18,334.750119
-10.874122,18,334.808219
-11.326374,18,334.866257
-11.169697,18,334.924451
-10.761982,17,334.980046
-11.573612,18,335.038468
-11.183696,17,335.094373
-11.492346,19,335.156027
-11.347262,18,335.214379
-11.544456,19,335.275612
-11.095004,18,335.338742
-11.080412,18,335.397261
-11.077651,19,335.804187
-11.011588,18,335.862973
-11.054926,18,335.921993
-10.79182,18,335.980965
-11.709693,19,336.042603
-11.312784,19,336.103951
-11.014783,18,336.162838
-11.03699,19,336.224096
-11.044026,18,336.282039
-11.103458,18,336.339915
-11.028162,18,336.396787
-10.946196,18,336.451141
-10.864213,18,336.505544
-10.961513,18,336.560873
-11.37037,18,336.61614
-11.036291,18,336.670423
-10.972629,18,336.726033
-11.293716,17,336.777571
-11.137482,19,336.834802
-10.974092,18,336.889071
-10.935363,18,336.944123
-10.92176,18,336.999113
-11.211336,18,337.053632
-10.903787,18,337.108342
-10.970387,18,337.163521
-11.192633,19,337.220965
-11.221519,19,337.278715
-10.900427,18,337.333624
-11.026917,18,337.388643
-11.155386,19,337.445831
-10.941425,18,337.5002
-11.301865,19,337.558153
-11.049054,19,337.621208
-10.866296,18,337.678286
-11.139183,18,338.460222
-10.907616,17,338.866534
-10.799031,17,338.919243
-11.224583,18,338.974689
-11.229381,19,339.032865
-11.592155,20,339.094241
-11.223644,18,339.148654
-11.008131,19,339.206825
-12.015751,21,339.270328
-11.006442,18,339.325528
-10.923118,18,339.380781
-11.777146,20,339.441064
-11.036447,18,339.495505
-10.886361,18,339.550228
-11.004539,19,339.608859
-11.64971,22,339.675374
-11.133933,19,339.733168
-11.369582,18,339.788053
-11.001692,18,339.842494
-11.03336,18,339.89705
-10.80829,18,339.951656
-11.226361,20,340.014215
-11.24059,18,340.069252
-12.058168,21,340.132715
-11.085355,19,340.190937
-10.985258,18,340.246425
-11.654264,20,340.307249
-10.812801,18,340.361713
-11.170918,18,340.416756
-20.404117,30,340.507702
-11.072806,18,340.562374
-11.079784,18,340.617863
-11.111485,18,340.672867
-11.641751,20,340.733598
-11.438133,18,341.113892
-11.101312,19,341.174759
-11.185253,18,341.232963
-11.131544,18,341.290794
-10.92865,18,341.348715
-11.483814,18,341.407281
-11.341407,18,341.465504
-11.391415,18,341.524175
-10.970978,18,341.582056
-10.971495,18,341.640638
-11.075104,19,341.702258
-10.886184,18,341.760346
-11.118696,18,341.819102
-10.990024,18,341.87762
-11.272515,18,341.936368
-10.815875,18,341.99452
-10.890591,18,342.053146
-10.809347,18,342.111937
-10.751352,18,342.170057
-13.096432,24,342.248006
-11.378312,18,343.116373
-10.875418,18,343.174054
-10.940143,19,343.23641
-11.167135,19,343.298303
-10.875047,18,343.356523
-11.020775,18,343.415243
-11.119007,18,343.474506
-10.91611,18,343.53313
-10.915212,18,343.591632
-11.01945,18,343.647111
-11.100809,18,343.701897
-11.524299,20,343.76281
-11.087373,18,343.817817
-11.237368,19,343.876719
-10.929767,18,344.586827
-10.896948,17,344.638301
-11.128229,19,344.696685
-11.334891,18,344.751433
-11.531729,19,344.808857
-10.885675,18,344.865178
-11.247462,19,344.924166
-11.160512,19,344.985549
-11.030235,18,345.042972
-10.973122,18,345.101471
-11.164822,19,345.162935
-11.235514,18,345.221011
-10.909258,19,345.282401
-10.916186,18,345.340236
-10.90801,18,345.398137
-11.166118,17,345.452621
-11.249594,19,345.513169
-10.71478,18,345.568381
-10.911685,18,345.623146
-10.975774,18,345.678373
-11.069326,18,345.732846
-11.275774,19,345.791122
-10.815639,18,345.845543
-12.071518,21,345.90983
-11.126999,18,345.964136
-12.63453,24,346.037332
-10.75309,18,346.093179
-11.402955,18,346.148775
-11.207353,18,346.203928
-10.834012,18,346.258951
-11.353783,19,346.317775
-10.889144,18,346.372565
-11.057682,18,346.428098
-10.702605,17,346.805926
-11.661887,20,346.867783
-11.382241,19,346.927329
-11.272479,20,346.990241
-11.2429,18,347.045739
-10.809207,17,347.098434
-10.880395,18,347.15345
-11.313999,19,347.210513
-10.901014,18,347.265008
-11.0374,18,348.008588
-10.819084,18,348.063948
-11.328211,18,348.119593
-11.162391,18,348.174807
-12.174073,21,348.238704
-10.901518,18,348.293796
-10.965034,18,348.350158
-11.231885,18,348.404943
-11.218637,19,348.462508
-11.036036,18,348.525309
-10.645204,17,348.57754
-11.560245,20,348.63829
-10.960003,18,348.693689
-11.228778,19,348.752355
-10.810749,18,348.807382
-11.109136,18,348.862288
-10.493144,17,348.914745
-10.887146,18,348.970295
-11.216052,19,349.028945
-11.419287,20,349.091371
-10.877817,18,349.150003
-12.0264,20,349.214519
-11.025781,18,349.272559
-11.042008,19,349.335164
-11.215614,18,349.393113
-10.853507,18,349.795313
-11.042645,19,349.853987
-11.059229,18,349.908938
-10.921874,18,349.964781
-10.978947,19,350.023572
-10.880679,17,350.075796
-10.820833,18,350.131536
-10.935549,18,350.186191
-11.399239,18,350.241473
-11.398841,19,350.299462
-10.933683,18,350.354476
-11.155432,18,350.409208
-11.022313,18,350.46351
-11.291373,19,350.520879
-11.274272,18,350.578094
-11.209948,19,350.637984
-11.997844,20,350.701812
-10.747944,18,350.760137
-11.365625,19,350.82163
-10.81154,18,350.880148
-12.31795,21,350.947782
-10.989399,18,351.005836
-11.402093,19,351.067206
-11.028955,19,351.129017
-11.215766,18,351.187957
-10.646016,18,351.246165
-10.876967,18,351.304391
-10.955568,18,351.362776
-11.070948,18,351.421057
-11.137493,19,351.481745
-11.26153,19,352.246179
-10.899047,18,352.30397
-10.758081,18,352.362106
-11.318319,19,352.423641
-10.893549,18,352.843474
-10.798806,18,352.90277
-11.120431,18,352.961993
-10.97927,18,353.020965
-10.926248,18,353.079212
-11.299693,19,353.141417
-11.484364,19,353.202824
-10.65715,17,353.257791
-11.050568,18,353.315654
-10.788586,18,353.37399
-11.047087,18,353.432224
-10.896706,18,353.490077
-10.912963,19,353.551141
-10.833327,18,353.610301
-11.07759,17,353.665088
-11.044074,18,353.723817
-10.886462,18,353.782714
-11.312692,19,353.84406
-11.015463,18,353.901606
-11.186008,18,353.957965
-10.816205,18,354.016442
-11.116656,18,354.074105
-11.006963,19,354.134865
-10.937393,18,354.19316
-12.717423,24,354.268136
-10.568712,17,354.328374
-10.962656,18,354.383394
-11.111829,18,354.438225
-10.856275,19,354.495867
-10.944265,18,354.551541
-10.961878,18,354.609323
-13.554829,25,354.689202
-10.971753,18,354.748011
-11.091939,18,354.806406
-10.60028,17,355.223624
-11.285328,18,355.279498
-10.892858,19,355.338304
-10.759567,18,355.392507
-10.95192,18,355.447513
-10.99384,18,355.501721
-11.00608,18,355.556961
-10.909976,18,355.612211
-11.253505,17,355.663897
-10.989306,18,355.719478
-10.8653,18,355.774429
-11.073441,18,355.830335
-11.234383,18,355.884631
-12.055016,21,355.948509
-10.846256,18,356.002906
-11.104652,18,356.058014
-10.930324,19,356.115812
-10.610736,17,356.167817
-10.735864,18,356.968476
-11.118877,19,357.027533
-10.911165,18,357.084795
-10.985396,18,357.141898
-11.119077,18,357.199641
-10.920438,18,357.257373
-11.139349,18,357.314989
-10.832553,18,357.372545
-11.102976,18,357.429718
-10.754705,18,357.487262
-10.98929,18,357.545294
-10.782798,17,357.599498
-11.151084,18,357.65748
-14.273244,27,357.744363
-11.498342,17,357.79869
-10.912511,19,357.860546
-10.837761,18,358.259191
-10.942241,18,358.317904
-11.218844,19,358.379326
-11.049486,18,358.437594
-10.938263,18,358.496257
-10.918676,18,358.55268
-10.862098,18,358.610324
-10.714624,18,358.668177
-11.001567,18,358.726148
-10.928838,18,358.784059
-11.213057,18,358.8428
-10.986225,18,358.900846
-10.915452,18,358.958773
-10.536555,17,359.013101
-11.009723,18,359.071287
-10.960337,18,359.129436
-11.034727,18,359.187106
-10.798141,18,359.244916
-10.932098,18,359.303244
-11.027531,19,359.364425
-11.094147,18,359.425038
-11.077357,18,359.485199
-12.256911,21,359.553121
-10.807775,18,359.61105
-10.607004,17,359.666507
-10.998856,18,359.724851
-10.990294,18,359.783709
-11.025236,19,359.845243
-10.634673,17,359.900423
-11.002702,19,359.958503
-10.843105,18,360.015456
-11.159807,18,360.074152
-10.72551,18,360.132495
-11.037446,18,360.190109
-10.821023,18,360.248755
-10.968008,18,360.65338
-10.964328,19,360.71523
-10.88817,18,360.774082
-11.615067,20,360.839023
-11.152464,18,360.898242
-10.849344,18,361.678158
-11.131259,18,361.733949
-11.168711,18,361.789053
-11.171728,18,361.844289
-10.969441,18,361.900259
-11.00481,19,361.958344
-10.906477,18,362.013306
-10.773689,18,362.068325
-10.922747,18,362.124007
-11.171592,18,362.178759
-10.86429,18,362.233484
-10.692387,18,362.288641
-11.242262,18,362.344452
-10.947527,18,362.398933
-10.927945,18,362.454202
-11.078857,18,362.509215
-11.005094,18,362.563802
-11.103894,19,362.621314
-10.950962,18,362.675475
-11.202977,19,362.734168
-10.86558,18,362.789071
-10.793742,18,362.843681
-10.991215,18,362.898548
-10.940278,18,362.953773
-11.042778,18,363.008343
-10.972874,19,363.066623
-10.932385,19,363.124719
-11.53847,19,363.182142
-10.828663,18,363.236785
-10.601676,18,363.636265
-11.09231,19,363.697428
-10.769268,18,363.755802
-10.782844,18,363.813771
-10.90943,18,363.871792
-11.266142,19,363.933416
-10.77436,18,363.991376
-10.559143,18,364.049852
-11.093428,18,364.107609
-11.263098,19,364.168668
-11.372782,19,364.229961
-11.298697,20,364.294455
-10.928557,18,364.353618
-11.04361,18,364.411551
-10.960037,18,364.469338
-10.951259,18,364.528008
-12.437482,22,364.598658
-10.759602,18,364.656442
-10.866926,18,364.711146
-11.205441,18,364.76638
-11.376575,19,364.82377
-10.950544,18,364.877939
-10.785225,18,364.932891
-10.970567,18,364.988129
-11.282145,21,365.051252
-11.200302,19,365.109105
-10.979033,19,365.167022
-10.973715,18,365.898533
-10.806542,18,365.95763
-11.315994,19,366.018966
-11.003024,19,366.080453
-10.760976,18,366.139203
-10.716893,18,366.197491
-10.770783,18,366.256106
-10.974769,18,367.042271
-11.247521,19,367.099885
-11.054566,19,367.157887
-10.967147,19,367.215778
-11.349997,19,367.273587
-10.986915,18,367.328457
-11.07524,18,367.383285
-10.962551,18,367.437616
-10.776203,18,367.491903
-11.018851,19,367.549978
-10.805669,18,367.605035
-10.784962,18,367.659508
-10.828669,18,367.71384
-11.056009,18,367.768849
-10.882652,18,367.823252
-10.919035,18,367.877845
-10.855162,18,367.93329
-11.324262,19,367.991306
-11.251269,19,368.04969
-11.124077,18,368.104563
-11.18644,18,368.160269
-11.233572,18,368.215262
-10.962299,18,368.269789
-10.883277,18,368.324475
-11.063972,18,368.379717
-11.869803,21,368.44387
-11.062787,18,368.498726
-11.256459,20,368.560901
-11.580475,20,368.622172
-11.190939,19,368.679854
-10.856752,18,368.734371
-10.961193,18,368.789534
-11.105116,19,368.847767
-11.327414,19,369.261506
-10.59708,18,369.319302
-10.908489,18,369.377378
-11.200232,19,369.438131
-10.765338,18,369.496268
-11.191928,19,369.557218
-10.917439,18,369.615506
-11.35709,20,369.680077
-11.098509,18,369.738036
-11.584186,19,369.799357
-10.770161,18,369.858069
-10.960909,18,369.915959
-11.182061,18,369.974902
-10.99809,18,370.033576
-10.894927,18,370.092353
-10.973339,17,370.784725
-11.012874,19,370.843268
-10.803389,18,370.897748
-10.491345,17,370.949133
-10.810276,18,371.004398
-10.82003,19,371.062476
-11.018296,18,371.118472
-10.989896,18,371.172971
-11.066977,18,371.228101
-10.744117,18,371.282605
-10.990262,19,371.34004
-10.803698,18,371.395407
-11.157217,18,371.450539
-10.76376,18,371.505699
-11.068414,18,371.560556
-10.971648,19,371.618791
-10.886628,19,371.676363
-10.771924,18,371.73146
-11.202675,18,371.785957
-10.971038,18,371.841227
-10.966333,18,372.249422
-10.966408,19,372.308695
-10.874418,18,372.366116
-10.805035,18,372.425039
-10.98237,18,372.483396
-11.36731,18,372.543011
-11.240446,18,372.601215
-10.767909,18,372.660189
-10.699955,18,372.718889
-10.808965,18,372.777033
-11.231352,19,372.839591
-10.858297,19,372.9008
-10.815448,18,372.958887
-10.807875,18,373.018194
-10.924418,18,373.076658
-10.892266,18,373.134874
-11.000665,18,373.190107
-11.463216,20,373.251495
-10.985744,18,373.305958
-11.023088,18,373.361539
-11.399383,18,373.419235
-11.02382,18,373.47674
-11.435096,18,373.534671
-11.200001,19,373.595824
-10.914114,18,373.660177
-10.707431,18,373.719141
-11.052652,18,373.7776
-10.941414,18,373.835878
-10.975866,18,373.893825
-10.772689,18,373.951878
-10.893839,18,374.010489
-10.730426,18,374.067549
-10.863142,18,374.122535
-11.077207,19,374.179522
-10.842703,18,374.576405
-10.927989,18,374.632562
-11.395404,19,375.381872
-11.406868,19,375.440507
-11.093864,18,375.4954
-10.847046,18,375.550263
-10.872557,18,375.605361
-10.703896,18,375.662298
-10.921314,18,375.717974
-10.786926,18,375.772937
-12.579727,22,375.83986
-10.793852,18,375.895455
-11.287042,19,375.953466
-11.04222,18,376.008115
-11.009788,19,376.066502
-10.908524,18,376.121888
-11.127925,19,376.180087
-10.659859,18,376.235239
-11.598616,19,376.293705
-10.775475,18,376.348162
-10.987808,18,376.402519
-11.44414,19,376.460386
-10.87087,18,376.51514
-10.73852,18,376.570101
-10.978642,18,376.624911
-10.831969,18,376.680333
-10.858452,18,376.736401
-10.828906,18,376.791114
-10.972469,18,376.846336
-11.168336,18,376.901746
-10.98607,19,376.959491
-11.101283,18,377.014042
-10.891283,18,377.069213
-12.009726,20,377.130446
-10.831111,18,377.531171
-11.191202,18,377.586
-10.758786,18,377.641135
-11.331414,18,377.696446
-10.698421,18,377.752053
-11.587651,18,377.806983
-11.086286,18,377.861365
-10.766189,18,377.917124
-11.055971,19,377.97489
-11.046033,18,378.029372
-10.502525,17,378.081795
-10.858434,18,378.137936
-10.763152,18,378.19276
-11.530466,20,378.253897
-11.002317,18,378.309936
-10.850353,18,378.365232
-10.993611,18,378.420618
-10.9842,19,378.478601
-11.037157,18,378.53378
-10.967613,18,378.588365
-10.947764,19,378.646503
-10.796753,18,378.702013
-10.771708,18,378.758625
-10.879233,18,378.813327
-10.781432,18,379.481687
-10.56336,17,379.534055
-10.80879,18,379.588687
-10.913632,18,379.643981
-11.646525,19,379.702731
-11.140197,18,379.759842
-11.551289,20,379.821423
-11.195598,18,379.87668
-10.634198,17,379.929308
-10.667263,18,379.986525
-10.867347,19,380.357732
-10.835662,18,380.413219
-10.796683,18,380.468587
-10.903257,18,380.524017
-10.892347,18,380.579233
-10.950472,18,380.634035
-11.110496,17,380.685798
-11.081932,18,380.741649
-11.01148,18,380.796396
-11.020696,18,380.851216
-10.997504,19,380.909923
-10.724998,17,380.961843
-11.310533,20,381.022252
-10.865405,18,381.077108
-10.684037,17,381.129363
-11.511472,20,381.190193
-10.95285,18,381.245164
-10.997333,18,381.299623
-11.059335,19,381.358234
-11.001993,18,381.412846
-11.001131,18,381.46733
-11.166077,18,381.522911
-10.760752,17,381.574692
-10.823248,18,381.629118
-11.016041,18,381.684018
-10.696397,18,381.739504
-11.134248,18,381.794004
-10.946932,18,381.849701
-11.486816,18,381.904336
-11.248897,18,381.959933
-10.855987,19,382.017431
-11.210714,19,382.074965
-10.800023,18,382.130698
-10.795788,18,382.184972
-10.912618,18,382.239714
-11.040911,18,382.616738
-11.196504,18,382.671478
-10.867004,18,382.726309
-11.241092,18,382.781461
-11.115144,18,382.836279
-11.256874,20,382.897223
-10.807893,18,382.952697
-10.884965,18,383.007182
-10.755528,18,383.061947
-10.92622,18,383.116457
-10.933247,18,383.171874
-10.562924,17,383.223413
-10.932462,19,383.883079
-11.285694,18,383.938239
-11.129795,19,383.996401
-11.068922,19,384.053853
-11.066626,18,384.108301
-10.936917,18,384.163518
-11.286448,18,384.218221
-11.002828,19,384.276395
-11.043554,19,384.334147
-11.846962,19,384.392796
-10.915367,18,384.447375
-10.981343,18,384.50187
-10.683896,17,384.554651
-10.876387,18,384.609234
-10.615779,18,384.663577
-11.424533,19,384.721231
-11.302466,19,384.779131
-10.879502,18,384.833829
-11.010904,19,384.891727
-11.013632,18,384.946505
-10.950854,18,385.001437
-10.60508,17,385.053008
-12.713818,24,385.458882
-10.656164,18,385.513743
-11.018704,18,385.568537
-11.542981,20,385.629202
-11.511847,20,385.689696
-10.989445,18,385.744047
-11.08725,18,385.799907
-10.98787,19,385.85745
-10.772472,18,385.912061
-10.702489,18,385.967627
-10.774298,18,386.022701
-11.10906,19,386.080883
-11.065244,18,386.13592
-11.140336,19,386.194226
-10.993926,19,386.25209
-10.936087,18,386.307053
-10.872279,18,386.362236
-11.037415,19,386.421106
-10.814197,18,386.476135
-11.010492,19,386.534063
-10.90828,18,386.589359
-10.685356,18,386.644098
-11.077744,19,386.701932
-10.540521,17,386.754167
-10.903655,18,386.80965
-11.371642,18,386.864457
-11.041443,19,386.922241
-10.728332,18,386.977095
-11.13557,18,387.032905
-11.338692,19,387.090784
-11.509206,20,387.15194
-10.788071,18,387.207192
-11.082049,18,387.262059
-10.835264,18,388.06057
-10.87566,18,388.780445
-10.842087,18,388.837141
-11.019837,18,388.89553
-11.048964,19,388.957231
-10.862757,18,389.016563
-10.947455,18,389.075493
-10.846763,18,389.134174
-10.925171,18,389.192312
-11.640384,21,389.260157
-11.134787,18,389.31834
-10.935291,19,389.379757
-11.31235,20,389.444865
-10.743902,18,389.503424
-11.045043,18,389.561837
-10.983284,18,389.619892
-11.052248,19,389.681938
-10.896324,18,389.740747
-10.676005,18,389.798831
-11.429747,19,389.860582
-10.880211,18,389.918606
-10.780789,18,389.977822
-10.887276,18,390.036166
-11.377964,20,390.101218
-11.215761,19,390.162739
-10.773273,17,390.217736
-10.984473,19,390.279846
-10.882802,18,390.338461
-11.477371,19,390.400528
-10.787238,18,390.459096
-11.118999,18,390.517214
-11.015885,19,390.578675
-10.862396,18,390.63689
-10.823233,18,390.695855
-10.939123,18,390.754268
-11.634304,20,391.164903
-11.707787,20,391.229822
-10.982332,18,391.289052
-10.748147,18,391.347348
-11.324153,19,391.409
-10.926412,18,391.467775
-10.90431,18,391.525934
-11.081663,18,391.584471
-10.787019,18,391.642633
-10.83148,18,391.702063
-10.95606,19,391.763597
-11.115117,19,391.824601
-10.880597,19,391.886582
-11.105403,19,391.947866
-10.523027,17,392.003327
-11.722385,21,392.071836
-10.897121,18,392.130685
-10.921925,18,392.188984
-11.21311,19,392.250467
-10.842079,18,392.309408
-10.994327,18,392.367915
-10.744462,18,393.297011
-10.993903,18,393.355036
-10.705057,18,393.412991
-10.87113,18,393.471208
-10.669835,18,393.53072
-11.240792,19,393.59227
-11.269651,19,393.65365
-11.376839,19,393.715427
-10.994212,18,393.773465
-10.738906,18,393.831643
-10.998163,18,393.890655
-11.218671,19,393.951829
-11.614509,20,394.342031
-10.912797,18,394.400032
-11.073023,18,394.457781
-10.472304,18,394.516263
-11.045742,19,394.578059
-10.998655,19,394.63892
-10.677865,18,394.697199
-10.787145,18,394.755815
-11.025997,19,394.817366
-10.984881,18,394.875406
-10.909352,18,394.93372
-10.808774,18,394.991925
-10.686905,18,395.050531
-10.714897,18,395.109137
-11.089791,18,395.167636
-11.322402,19,395.228494
-11.049253,19,395.290077
-10.873324,18,395.348674
-11.15648,19,395.40998
-10.908658,18,395.468334
-10.990822,19,395.530478
-11.104154,19,395.592251
-10.862986,18,395.650394
-10.904312,18,395.708773
-10.904438,18,395.767518
-10.866972,18,395.825695
-11.396568,18,395.88383
-10.544346,18,395.942374
-10.748035,18,396.000478
-10.897398,18,396.058259
-11.071634,18,396.11685
-10.905838,18,396.175599
-10.547973,17,396.23022
-10.90787,18,396.288095
-11.145366,19,396.350105
-11.287179,19,396.752411
-10.968999,18,396.807612
-11.118933,18,396.862381
-10.842306,18,396.916894
-10.756321,18,396.971951
-10.740041,18,397.026399
-11.223483,19,397.084136
-11.278191,18,397.139121
-10.958808,18,397.193919
-10.831021,18,397.964276
-11.076568,19,398.021671
-10.734995,18,398.076122
-10.98492,18,398.132088
-10.931672,18,398.187665
-10.761031,18,398.242305
-10.956509,18,398.296745
-10.68812,18,398.351815
-10.737092,18,398.406912
-10.747706,18,398.461312
-10.795022,18,398.516152
-10.797871,18,398.571757
-11.127452,19,398.629189
-11.020803,18,398.683963
-11.267928,20,398.745488
-10.681249,18,398.799944
-11.120945,18,398.854062
-11.015028,19,398.91108
-10.60709,18,398.966243
-11.141265,19,399.02439
-10.770972,18,399.079048
-11.073207,19,399.137101
-11.133363,19,399.194852
-10.886926,18,399.249735
-10.726249,18,399.303766
-10.530654,17,399.682424
-10.962887,19,399.740641
-10.798425,18,399.795604
-10.83809,19,399.853085
-10.925983,18,399.907365
-11.1379,19,399.965428
-11.072818,19,400.023761
-11.370695,19,400.081212
-11.200364,20,400.14235
-11.264576,18,400.196816
-10.670342,18,400.251642
-10.763433,18,400.306739
-10.706993,18,400.362094
-10.742844,18,400.416636
-11.096923,19,400.474028
-11.270065,19,400.531334
-10.859261,18,400.586576
-10.755111,18,400.640814
-10.651738,18,400.69538
-11.053691,19,400.75334
-10.732371,18,400.807637
-10.669909,17,400.858781
-10.881882,18,400.913906
-10.861274,18,400.969353
-11.16963,18,401.023658
-11.165243,18,401.077871
-10.574311,18,401.132409
-10.883552,18,401.188068
-10.785235,18,401.242742
-10.541272,17,401.294451
-10.792,19,401.35323
-10.930443,19,402.115212
-10.948997,18,402.170639
-11.084958,18,402.226957
-10.69687,17,402.624453
-11.633648,20,402.689112
-10.851855,18,402.748295
-10.873879,19,402.810072
-10.787441,17,402.865829
-10.768114,18,402.924299
-10.709472,18,402.982728
-11.674768,19,403.0442
-10.707866,18,403.101947
-10.718164,18,403.159688
-11.2507,18,403.218908
-10.798615,18,403.277659
-10.865504,18,403.336346
-11.053228,18,403.394844
-10.985757,18,403.45275
-10.976566,18,403.510879
-10.646286,17,403.566029
-11.037948,18,403.624273
-10.907228,18,403.68229
-10.954508,18,403.740983
-11.048124,18,403.800079
-11.006078,19,403.862806
-10.919824,18,403.921239
-11.204779,18,403.980083
-10.697287,18,404.038413
-10.883462,19,404.099235
-10.801771,19,404.160707
-11.057334,18,404.219615
-11.015738,18,404.277852
-11.161619,19,404.339512
-11.101431,18,404.398538
-10.938769,19,404.460709
-11.202757,19,404.523052
-11.496708,20,404.58782
-10.800569,18,404.982252
-10.583116,18,405.038199
-10.724095,18,405.09361
-11.107304,18,405.148598
-10.767,18,405.203612
-10.918743,18,405.258823
-10.915445,18,405.313692
-11.086955,18,405.368779
-11.002692,18,405.423875
-11.155213,18,405.479928
-10.923989,18,405.53479
-10.717651,18,405.589153
-10.970271,18,405.644212
-10.660577,18,405.69864
-10.69527,18,405.753514
-10.871332,18,405.808483
-10.714738,18,405.863431
-10.674621,18,405.918721
-10.971615,19,405.976403
-11.057844,19,406.685851
-10.77091,17,406.741425
-11.225499,18,406.799753
-11.089574,19,406.862494
-10.889473,18,406.920755
-11.018415,19,406.982524
-10.87679,18,407.041874
-10.737103,18,407.100594
-10.899895,18,407.1588
-10.731083,18,407.217336
-10.843971,18,407.276264
-10.911389,18,407.334959
-10.719733,18,407.394092
-10.643042,18,407.453742
-10.73877,18,407.512071
-10.895142,18,407.570705
-10.784272,18,407.968408
-11.162458,19,408.031495
-10.54508,17,408.087392
-10.797373,18,408.145886
-10.862047,18,408.204051
-11.165395,18,408.26279
-10.926538,18,408.321371
-10.831532,18,408.380863
-10.666337,17,408.436208
-10.689932,18,408.495356
-10.779661,18,408.554002
-10.73388,18,408.612532
-10.991496,18,408.671614
-12.054327,22,408.743103
-10.814921,18,408.801271
-10.75749,18,408.860539
-10.721174,18,408.919361
-11.574226,19,408.981433
-10.846893,19,409.043555
-10.994607,18,409.102679
-10.599994,18,409.161314
-10.639924,17,409.216606
-10.792189,18,409.27574
-10.598976,17,409.331578
-10.848675,18,409.390568
-10.970461,18,409.44903
-10.889056,18,409.508332
-10.683093,19,409.570606
-11.006637,19,409.631853
-10.878348,19,409.693969
-10.753434,18,409.75244
-11.068756,19,409.814282
-11.093111,18,409.872973
-10.675556,18,409.931481
-10.689874,18,410.678041
-10.870633,18,410.735252
-11.805772,21,410.803167
-10.801724,19,410.864
-10.698509,18,410.922219
-10.828269,18,410.980771
-11.199182,19,411.7649
-11.271528,19,411.822552
-10.754275,18,411.876891
-12.804648,25,411.953525
-10.994457,18,412.008425
-10.94915,19,412.066642
-10.923937,19,412.125329
-10.884478,18,412.182343
-10.834737,18,412.240122
-10.858943,18,412.29769
-11.055082,19,412.359138
-10.952219,18,412.416957
-11.111606,20,412.481196
-11.046088,19,412.542718
-10.967358,19,412.603497
-10.77776,18,412.661915
-10.70543,18,412.720059
-10.811685,18,412.77773
-11.016013,19,412.83878
-11.015696,18,412.896166
-10.997765,18,412.954294
-10.817803,18,413.013247
-11.249895,20,413.077823
-10.754333,18,413.136426
-10.914941,19,413.197588
-10.989339,19,413.259072
-10.998351,19,413.321416
-10.534161,17,413.722178
-10.710285,18,413.781291
-10.77817,18,413.839444
-11.254805,18,413.897327
-10.82591,18,413.955338
-11.113602,18,414.013616
-10.917203,18,414.071445
-10.724343,18,414.129728
-10.822555,18,414.187503
-10.988619,19,414.248207
-10.903656,19,414.309348
-10.768683,18,414.367731
-10.689213,18,414.425414
-11.030476,18,414.483248
-11.046429,19,414.544718
-10.868115,19,414.607575
-10.948237,18,414.665679
-10.975718,18,414.724006
-12.78667,23,414.799159
-10.54221,17,414.853597
-10.899069,18,414.911596
-10.868559,18,414.970092
-10.847579,18,415.028279
-11.251226,19,415.089887
-10.893621,18,415.148375
-10.64922,18,415.20675
-10.800884,18,415.265646
-10.661181,18,415.323717
-10.754961,18,416.216269
-11.021441,18,416.271091
-10.853053,18,416.325535
-10.784656,18,416.381387
-11.051677,19,416.440186
-11.024063,19,416.4998
-10.866685,18,416.557308
-11.156544,19,416.94142
-10.667837,18,417.000084
-10.961936,18,417.058335
-10.769603,18,417.115632
-10.848579,19,417.177031
-10.81558,18,417.235073
-11.125847,19,417.295603
-10.917202,19,417.356206
-10.88266,18,417.415098
-10.989844,18,417.473034
-10.755249,18,417.530524
-10.936768,19,417.591677
-10.861579,19,417.652654
-10.674453,18,417.711794
-11.223666,19,417.773465
-10.955809,18,417.831805
-10.898058,18,417.889332
-11.286533,20,417.953596
-10.909657,19,418.015422
-10.950253,18,418.073355
-10.890233,18,418.131454
-10.926849,19,418.192974
-10.833322,18,418.251229
-10.917609,18,418.309357
-10.797065,18,418.367997
-11.071866,18,418.426035
-10.6545,18,418.483955
-10.731741,18,418.541902
-11.193191,19,418.603269
-11.058812,19,418.6649
-10.775039,18,418.722867
-10.750869,18,418.780743
-10.952322,19,418.842436
-10.78726,18,419.225796
-10.804682,18,419.284377
-10.772744,18,419.343669
-11.186797,18,419.401555
-10.933875,18,419.459812
-11.572364,20,419.523854
-10.504896,17,419.578775
-11.040819,18,419.637291
-10.775122,18,419.69541
-11.000501,18,419.753418
-10.826805,18,419.811677
-10.897941,19,419.872473
-10.848422,18,419.930324
-11.052977,18,419.989551
-10.701146,18,420.047701
-10.644277,18,420.105631
-10.746464,18,420.780642
-10.886152,18,420.83582
-10.850628,18,420.890547
-10.517914,17,420.94154
-10.59089,18,420.995407
-11.105425,19,421.053216
-10.695732,18,421.107556
-10.953607,18,421.162066
-11.065783,19,421.220063
-10.693749,18,421.274571
-10.710719,18,421.328297
-10.858991,18,421.382202
-10.968015,19,421.439889
-10.852104,17,421.491156
-12.619843,22,421.557155
-10.970397,19,421.614189
-10.787253,18,421.669748
-10.648472,18,421.724004
-10.961216,18,421.778345
-10.646637,17,422.153324
-10.945493,18,422.207773
-10.499552,17,422.259976
-10.824575,18,422.314439
-10.608874,18,422.368561
-11.032296,18,422.422806
-11.029074,19,422.480838
-11.021225,18,422.535244
-10.843049,18,422.589466
-10.657258,18,422.643897
-10.717269,18,422.698792
-10.768275,18,422.753679
-10.637932,17,422.805549
-11.807561,20,422.866778
-10.846122,19,422.924727
-10.733294,18,422.979045
-10.715271,18,423.033749
-10.886029,19,423.09164
-10.890078,18,423.145985
-10.913809,18,423.200142
-11.174281,19,423.258374
-11.035797,18,423.313739
-10.706628,18,423.369124
-10.826842,18,423.425812
-10.591201,17,423.477707
-10.78086,18,423.531955
-11.079713,18,423.586479
-11.090749,18,423.641572
-10.727087,17,423.693497
-11.486004,19,423.751216
-10.821807,18,423.806109
-11.120974,19,423.86395
-10.542358,19,423.921739
-10.920006,18,423.976517
-10.919906,19,424.359061
-10.768563,18,424.413592
-10.863211,18,424.468167
-10.798456,18,425.150559
-11.231703,19,425.209123
-10.681241,18,425.263886
-10.880062,18,425.319421
-10.843694,18,425.373763
-10.571533,18,425.428259
-10.7083,18,425.48298
-10.897483,18,425.537812
-10.823997,18,425.592117
-10.592079,17,425.643026
-10.991736,18,425.697572
-10.732214,18,425.751843
-10.73528,18,425.806959
-11.062894,19,425.864513
-10.90396,18,425.919538
-11.159193,19,425.976791
-11.292274,18,426.031051
-11.18718,19,426.088244
-11.170013,19,426.146333
-10.606805,18,426.200425
-10.994954,19,426.257749
-12.228095,23,426.328008
-11.308004,20,426.388017
-10.731979,18,426.442376
-10.739344,18,426.496672
-11.10129,18,426.550915
-10.605144,18,426.604839
-10.781596,18,426.658558
-11.118446,19,426.716836
-10.742725,18,426.770963
-11.321407,20,426.830764
-10.557496,17,427.206469
-10.894907,19,427.263858
-11.070371,20,427.324862
-11.07397,19,427.382377
-10.81223,18,427.436156
-10.869059,18,427.490468
-10.91937,18,427.545346
-10.665846,18,427.599311
-10.756553,19,427.656511
-10.850684,19,427.71369
-10.983023,19,427.771005
-11.249956,19,427.828298
-10.854312,18,427.882556
-11.220083,19,427.94034
-10.796229,18,427.994811
-10.805213,18,428.04866
-11.122784,20,428.108346
-10.842621,18,428.162711
-10.953362,18,428.216714
-10.663861,17,428.268937
-11.086284,19,428.326676
-11.663348,20,428.392397
-11.305354,20,428.452474
-11.482558,19,428.510071
-10.744417,18,428.565046
-10.822427,18,429.48858
-10.674614,18,429.545827
-10.684475,18,429.602878
-11.159236,19,429.663411
-10.682922,18,429.720391
-10.833387,18,429.778988
-10.541954,18,429.836676
-10.777974,18,429.894688
-11.187356,19,429.956356
-10.757653,18,430.338797
-10.8513,18,430.394322
-10.911669,18,430.44856
-10.959047,18,430.502913
-10.688034,18,430.557832
-10.71921,18,430.612587
-10.991967,19,430.669526
-10.779078,18,430.724462
-10.918196,19,430.782153
-10.723291,18,430.836382
-10.839052,18,430.890911
-10.936886,18,430.946187
-11.165441,19,431.004208
-10.678335,18,431.058417
-10.900513,18,431.112622
-10.939639,19,431.170571
-11.089455,19,431.227949
-10.483816,17,431.279411
-11.020778,18,431.334291
-10.746786,18,431.389846
-10.507221,17,431.44139
-11.026356,19,431.498678
-10.748885,18,431.554038
-10.867453,18,431.609713
-10.788968,18,431.664239
-10.708933,18,431.718603
-10.700286,18,431.773547
-11.071114,19,431.831131
-10.863985,18,431.885345
-10.611869,17,431.937237
-10.672087,18,431.992671
-10.753472,18,432.047338
-10.924492,19,432.10551
-11.154363,18,432.160836
-11.13375,19,432.873119
-10.972318,18,432.92801
-11.313208,19,432.986395
-10.754493,18,433.041281
-10.907192,18,433.09563
-10.948729,19,433.153279
-11.764107,20,433.215289
-11.225995,19,433.273118
-10.500665,17,433.324696
-10.980375,19,433.382993
-10.973505,18,433.437834
-10.763813,18,433.500784
-10.820166,18,433.555459
-10.520094,17,434.308017
-10.864111,18,434.362179
-10.730806,18,434.416945
-10.714614,18,434.471636
-10.863132,19,434.530224
-10.912209,18,434.584628
-10.519174,17,434.637006
-10.683745,18,434.691153
-10.857683,18,434.745527
-10.719996,18,434.800598
-11.132345,18,434.855246
-11.072682,18,434.909669
-11.847954,22,434.977036
-10.837905,18,435.032305
-10.98629,17,435.084151
-10.95721,19,435.142429
-10.691975,18,435.196704
-10.878405,18,435.251683
-10.691792,18,435.306265
-10.702144,18,435.36108
-10.914829,18,435.416291
-10.89564,18,435.471053
-10.631634,17,435.84843
-10.802251,18,435.902858
-10.91306,18,435.957219
-10.665969,18,436.011779
-10.565801,17,436.064202
-10.627489,17,436.116586
-10.715292,18,436.171179
-11.124543,19,436.229319
-19.950109,30,436.319639
-10.850953,18,436.374735
-10.722027,18,436.429959
-10.842275,19,436.487658
-11.525873,20,436.548346
-10.682635,18,436.60349
-10.77031,18,436.660472
-10.725262,19,436.719107
-10.942924,19,436.776519
-10.926189,18,436.831764
-11.112314,19,436.889501
-10.875382,18,436.944299
-10.804044,18,436.998525
-10.721168,18,437.053608
-10.855918,19,437.111818
-10.693644,18,437.165862
-10.713139,18,437.220503
-10.668124,18,437.275358
-11.003518,19,437.332618
-10.649826,18,437.386811
-10.902152,19,437.444968
-10.953033,18,437.499541
-11.058172,19,437.558043
-10.957583,18,437.612616
-11.119587,19,437.671468
-10.679339,18,438.735092
-10.723662,18,438.790272
-10.81553,18,438.845821
-11.025889,19,438.904184
-11.126642,18,438.958982
-10.943959,19,439.016812
-11.228342,19,439.075873
-10.536483,17,439.12842
-10.988208,18,439.183789
-10.947284,18,439.240547
-10.647225,17,439.29424
-10.965829,18,439.349396
-11.289887,18,439.404261
-10.648938,18,439.459861
-10.776403,18,439.515483
-10.83539,18,439.570294
-11.045157,18,439.62506
-11.090628,19,439.683872
-10.677552,18,439.739136
-10.859385,18,439.794087
-10.698935,18,439.849521
-10.874456,18,439.904524
-10.747569,18,439.959209
-11.238461,19,440.017695
-10.772216,18,440.073187
-10.676121,18,440.129341
-11.176048,18,440.184163
-10.947122,19,440.242878
-11.48084,20,440.304715
-10.729891,18,440.359496
-10.715014,18,440.414594
-10.733192,17,440.467249
-10.722582,18,440.521785
-11.441128,20,440.582436
-10.737047,18,440.964921
-11.060865,18,441.020291
-10.676783,18,441.076263
-10.868239,18,441.130978
-11.169536,19,441.18887
-10.648178,18,441.243718
-11.10082,18,441.299561
-10.802763,18,441.355269
-12.574812,22,441.421914
-11.273355,20,441.48339
-10.829817,18,441.5381
-10.759307,18,441.592706
-10.838367,18,441.647512
-10.977675,19,441.707111
-10.924628,18,441.76216
-10.68085,18,441.816792
-10.684283,18,441.871204
-11.082542,19,441.929457
-10.633888,18,441.984365
-10.663533,18,442.038764
-11.831678,21,442.10307
-10.626894,18,442.158144
-10.911599,19,442.960488
-11.473911,20,443.025532
-10.87654,18,443.083886
-10.864962,18,443.142895
-10.985085,18,443.201829
-10.524531,17,443.258004
-10.740174,19,443.320873
-10.939157,18,443.379779
-10.717127,18,443.437778
-10.726767,18,443.496445
-10.867111,19,443.558747
-10.941549,18,443.617405
-10.73496,18,444.027952
-10.521412,17,444.084042
-10.953614,18,444.143169
-10.944493,18,444.201998
-11.101274,19,444.263883
-11.047553,19,444.326956
-10.729482,18,444.386292
-10.855427,18,444.445286
-10.647235,18,444.503854
-10.831109,18,444.562981
-11.030618,18,444.621685
-10.497705,17,444.677665
-10.751981,18,444.737302
-10.810576,18,444.795972
-10.859538,18,444.854327
-10.964156,18,444.912629
-11.02934,18,444.97211
-11.108445,19,445.034289
-10.6774,18,445.092715
-10.89556,18,445.151574
-10.688622,18,445.210014
-10.674808,18,445.268628
-10.870318,19,445.331201
-10.739377,18,445.390267
-10.584974,17,445.445293
-10.754616,18,445.503543
-11.124519,19,445.565945
-10.692237,18,445.624882
-10.896276,18,445.681222
-10.803392,18,445.736614
-10.751147,18,445.791229
-10.652133,18,445.846037
-10.790311,18,445.900732
-10.849364,18,445.956543
-10.678562,18,446.011098
-10.814708,18,446.393
-10.825078,18,446.447964
-10.810691,18,446.502953
-10.805576,18,446.558459
-10.68816,18,446.613672
-10.569689,17,446.665139
-10.811632,18,446.719668
-10.600141,17,446.77192
-10.637423,18,446.826711
-10.703428,18,446.880973
-10.749583,18,447.644947
-10.672192,18,447.704047
-10.664739,18,447.763303
-10.69858,18,447.82283
-10.770232,18,447.880734
-10.567828,17,447.936532
-10.824307,18,447.995596
-10.666565,18,448.053943
-10.777829,18,448.112261
-11.198575,20,448.177841
-10.844892,18,448.236259
-10.722812,18,448.295177
-10.488345,17,448.350235
-10.952091,19,448.412409
-10.682557,17,448.466825
-11.393967,18,448.524455
-10.641476,18,448.582961
-10.765328,18,448.640516
-10.63008,18,448.698095
-10.883561,19,448.758629
-11.086646,18,448.817072
-10.760212,18,448.875614
-10.690284,18,448.934513
-10.924291,18,448.992568
-11.12147,19,449.053525
-10.863083,19,449.441701
-10.927707,18,449.496445
-10.678116,18,449.550946
-11.300915,20,449.611982
-11.132022,19,449.669072
-10.768549,18,449.723359
-10.92958,18,449.778249
-10.923468,18,449.832888
-10.719201,18,449.888432
-10.669074,18,449.943258
-10.816173,18,449.999455
-10.987706,18,450.053979
-10.809044,18,450.10901
-11.144925,19,450.166806
-11.121711,19,450.226062
-10.747962,18,450.281029
-11.012902,18,450.336059
-10.692173,18,450.391413
-10.763774,18,450.445755
-10.773178,18,450.50022
-10.878563,18,450.554696
-11.132328,18,450.610205
-10.845026,18,450.664621
-11.061512,18,450.719202
-10.901969,18,450.774143
-10.857203,18,450.829081
-11.123475,19,450.886581
-10.763679,18,450.941519
-10.826871,18,450.996937
-10.7076,18,451.051459
-11.065035,19,451.10907
-10.396501,17,451.846983
-10.870197,19,451.905531
-10.906071,18,451.95981
-11.122108,19,452.343371
-10.734024,18,452.39854
-11.073737,19,452.456819
-10.650397,18,452.511159
-10.736906,18,452.565397
-10.880085,18,452.625221
-10.700913,18,452.67945
-10.737117,18,452.734257
-10.838435,18,452.788386
-10.860346,18,452.843405
-10.759082,18,452.898053
-11.019786,19,452.955874
-10.919117,19,453.014388
-10.816645,18,453.068785
-10.538584,18,453.12313
-11.051677,19,453.180282
-10.712351,18,453.235401
-10.687181,18,453.28967
-10.603117,17,453.34136
-10.674103,18,453.396022
-10.535319,17,453.447822
-10.854101,18,453.502655
-10.730823,19,453.56039
-10.762752,18,453.615865
-10.644929,18,453.670122
-11.123518,19,453.726932
-10.692804,18,453.780868
-10.898784,19,453.83905
-10.872977,18,453.893805
-10.85181,18,453.94912
-10.771176,18,454.003519
-10.753907,18,454.058532
-10.774962,18,454.112741
-10.733439,18,454.167115
-10.921184,18,454.888564
-10.839764,18,454.947057
-10.73307,18,455.00517
-10.810314,18,455.063698
-10.506008,17,455.118867
-10.508931,17,455.173496
-10.765747,18,455.230577
-10.789496,18,455.284952
-11.0876,19,455.342755
-10.852209,19,455.399912
-10.678394,18,455.454782
-10.567861,17,455.507056
-10.683741,18,455.561757
-10.746071,18,455.616072
-10.745998,18,455.671391
-10.80931,18,455.725697
-10.665046,18,455.779919
-13.240281,25,455.856511
-10.717612,18,455.910645
-10.848951,18,456.612396
-10.761031,18,456.670976
-11.405311,20,456.735893
-10.948558,18,456.793671
-10.860568,18,456.84994
-10.765347,18,456.904479
-11.037282,19,456.962319
-11.549744,20,457.022995
-10.779063,18,457.079175
-11.216912,19,457.137651
-10.791169,18,457.19207
-11.000934,18,457.246848
-10.725709,18,457.301298
-10.672387,19,457.358648
-10.727184,18,457.413515
-10.879731,18,457.795343
-10.986554,20,457.85718
-11.930157,21,457.920764
-10.922925,18,457.975089
-10.746402,18,458.030136
-10.667367,17,458.082567
-10.919365,18,458.138142
-10.553512,17,458.189508
-10.64544,18,458.243722
-10.938511,19,458.301841
-10.677057,18,458.356972
-10.83268,19,458.414225
-10.770827,18,458.468909
-11.418761,19,458.52795
-10.714399,18,458.58247
-10.68474,18,458.637134
-10.80614,18,458.69247
-11.255479,19,458.750151
-10.762811,18,458.804439
-11.180309,19,458.861575
-10.838931,18,458.916687
-10.533104,17,458.969773
-10.760905,18,459.025036
-13.04504,25,459.10185
-10.650594,18,459.157418
-11.243949,18,459.212345
-11.193116,20,459.273521
-10.706855,18,459.32921
-10.649033,17,459.380563
-10.839352,18,459.434956
-10.67531,18,459.48988
-10.737025,18,459.545936
-10.900815,18,459.60046
-10.708194,18,459.654806
-10.690844,18,460.03492
-12.496076,24,460.109453
-10.665657,18,460.164722
-11.111737,18,460.219827
-10.704165,17,460.271327
-10.863492,18,460.326675
-10.784805,18,460.381247
-11.040172,19,461.280684
-10.9713,19,461.339896
-10.749592,18,461.394258
-10.775055,18,461.448393
-10.885523,19,461.506166
-10.701568,18,461.561716
-10.671339,18,461.616417
-10.66805,18,461.671183
-10.895474,18,461.72678
-10.847117,18,461.781389
-10.839575,18,461.835788
-10.66593,18,461.890006
-10.770699,18,461.946672
-10.665678,17,461.998307
-10.873499,18,462.052866
-10.756301,18,462.107692
-10.709882,18,462.163168
-11.002658,18,462.217561
-11.47884,20,462.278222
-10.978474,18,462.333246
-11.048428,18,462.387574
-10.679198,18,462.441857
-10.960971,19,462.498994
-10.614859,18,462.55484
-10.802303,18,462.609607
-11.180424,20,462.670205
-11.11739,19,462.728709
-11.195118,19,463.11066
-10.66786,18,463.167834
-11.11903,19,463.225212
-10.753084,18,463.279337
-10.686911,18,463.3346
-10.74587,18,463.388923
-10.739278,18,463.442993
-11.097075,19,463.500477
-10.690644,18,463.558198
-10.546218,17,463.609778
-10.828749,18,463.664053
-10.819219,18,463.719218
-10.791556,18,463.774569
-10.814685,18,463.82935
-10.711564,18,463.883497
-10.718351,18,463.938439
-10.837473,18,463.993089
-10.792307,18,464.047345
-10.526856,17,464.099481
-10.807645,18,464.155297
-10.885506,18,464.2098
-10.538299,17,464.261383
-10.744092,18,464.315857
-10.698356,18,464.371493
-11.339449,20,464.432516
-10.705308,18,464.486647
-10.618669,17,464.538551
-10.537812,17,464.589948
-11.161943,18,464.644833
-10.74866,18,465.711507
-11.083449,20,465.77412
-11.028142,19,465.834052
-11.097329,19,465.893645
-10.848248,18,465.951307
-10.86263,18,466.008995
-10.757747,18,466.424583
-11.01028,19,466.48622
-10.901728,19,466.547944
-10.674746,18,466.606199
-10.91727,19,466.667343
-10.709644,18,466.72667
-10.521461,17,466.782119
-10.535521,17,466.83638
-11.308945,19,466.894355
-10.945433,19,466.953843
-10.897364,20,467.015208
-10.854626,18,467.069688
-10.818248,18,467.123893
-10.657905,18,467.179178
-10.699673,18,467.234377
-10.648905,18,467.289439
-10.777294,18,467.346061
-10.843861,18,467.401571
-10.944887,18,467.456655
-10.64947,18,467.511585
-10.857663,18,467.566537
-11.08082,19,467.624422
-10.695281,18,467.679532
-10.918398,18,467.735063
-10.784491,18,467.790859
-11.066902,19,467.848793
-10.963906,19,467.906726
-10.865573,19,467.965983
-11.045888,19,468.023985
-10.76508,18,468.078788
-10.727548,18,468.133454
-10.855159,18,468.189212
-10.930227,19,468.248318
-10.931673,19,468.306686
-10.693825,18,468.692542
-10.697707,18,468.748795
-10.976775,19,468.807843
-10.642469,18,468.862899
-10.704174,18,468.918011
-11.013467,19,468.975875
-10.707148,18,469.031747
-11.12075,19,469.089625
-10.40391,17,469.141085
-10.606757,18,469.196971
-10.749045,18,469.252826
-10.783414,18,469.308051
-10.877965,18,469.363019
-10.896027,18,469.418969
-10.871657,18,469.473931
-10.902208,19,469.532465
-11.23302,20,470.306319
-10.676304,18,470.361884
-10.706873,18,470.417566
-10.563939,17,470.469329
-10.658362,18,470.523944
-10.630942,18,470.579744
-10.92196,18,470.635551
-11.048169,19,470.693227
-10.513997,17,470.745519
-10.745632,18,470.80011
-11.035431,20,470.862494
-10.516162,17,470.914207
-10.764153,18,470.969049
-10.909319,19,471.027558
-10.939873,19,471.085015
-10.864235,18,471.139804
-10.667221,18,471.194191
-10.792658,18,471.250192
-10.673569,18,471.620373
-10.779379,18,471.677497
-10.747463,19,471.738531
-10.689776,18,471.796578
-10.934763,18,471.855534
-10.875366,18,471.914035
-10.927508,18,471.971889
-10.817238,18,472.030346
-10.725889,18,472.08892
-10.818625,18,472.146985
-10.925043,19,472.20851
-11.143892,20,472.274067
-10.871463,18,472.333288
-11.043755,19,472.394518
-10.856006,18,472.453875
-10.89816,18,472.512032
-10.740752,18,472.570261
-10.834706,19,472.631689
-10.679325,18,472.690005
-10.734869,18,472.748478
-10.72397,17,472.803984
-10.810355,18,472.863101
-10.730128,18,472.922362
-10.704428,18,472.980811
-10.507203,17,473.036226
-11.147952,19,473.096914
-10.82096,18,473.152135
-10.740971,18,473.207652
-10.769035,18,473.264974
-10.668282,18,473.321084
-10.686182,18,473.377819
-10.541576,17,473.431113
-10.820106,18,473.487877
-11.015901,18,473.543004
-10.68671,18,473.598242
-10.766482,18,473.971415
-10.612714,18,474.027571
-10.792438,18,474.083642
-10.725089,18,474.14028
-10.549551,17,474.95947
-10.866382,19,475.016778
-10.691207,18,475.072272
-10.665987,18,475.127284
-10.808162,18,475.181779
-10.69924,18,475.23656
-10.744876,18,475.29166
-10.710631,18,475.346495
-10.550774,17,475.398097
-10.67104,18,475.451982
-10.796786,18,475.50695
-10.684952,18,475.561455
-10.992142,19,475.618891
-11.113707,19,475.675978
-10.807688,18,475.731356
-11.392997,19,475.78865
-10.828848,18,475.842718
-10.798138,18,475.897738
-10.856611,18,475.952455
-10.708129,18,476.007173
-10.851737,19,476.064251
-10.891013,18,476.119524
-10.844311,18,476.174008
-10.638109,18,476.227989
-10.748734,18,476.282731
-10.497634,17,476.335444
-10.795987,18,476.390039
-10.916936,19,476.447456
-11.102374,19,476.506256
-10.757395,18,476.561194
-10.750363,18,477.278806
-10.871245,18,477.334809
-10.827115,18,477.389523
-11.459146,20,477.450016
-10.743015,18,477.504945
-10.925888,18,477.560769
-10.922527,18,477.615384
-10.929323,19,477.673147
-10.712767,18,477.728345
-10.954554,19,477.785334
-10.966351,19,477.842485
-10.657504,18,477.897777
-10.887456,18,477.95249
-10.889009,18,478.006825
-10.790034,19,478.06446
-10.769643,18,478.1197
-10.687975,18,478.174664
-10.559363,17,478.226072
-10.69612,18,478.2803
-10.906677,18,478.335347
-11.54981,20,478.395551
-10.699115,18,478.449836
-10.9699,19,478.507878
-10.514982,17,478.559863
-10.876347,18,478.614195
-10.988402,18,478.668518
-11.084316,19,479.352772
-10.916437,18,479.40839
-10.894788,19,479.466035
-11.028733,19,479.524698
-10.841079,18,479.579745
-10.787889,18,479.634999
-10.756181,18,479.690125
-10.403816,17,479.743457
-10.979569,19,480.12977
-10.896559,19,480.188002
-10.747687,18,480.243608
-10.951468,19,480.30163
-10.800716,18,480.358173
-10.682085,18,480.41317
-10.862292,20,480.473918
-10.752774,18,480.529725
-10.784363,18,480.584795
-11.020662,19,480.643081
-10.70711,18,480.697933
-10.527946,17,480.750847
-11.283569,19,480.808708
-10.558455,17,480.860185
-10.749509,18,480.91467
-10.487431,17,480.967472
-10.741135,18,481.022242
-10.889554,19,481.080181
-10.771984,18,481.135748
-10.86463,18,481.191094
-10.962074,19,481.248668
-11.101415,20,481.309217
-10.644225,18,481.364276
-11.046885,19,481.421862
-10.531294,17,481.473225
-10.701046,18,481.528052
-10.738586,18,481.584112
-10.63665,18,481.638916
-10.702702,18,481.69346
-10.71413,18,481.749265
-11.062347,19,481.807311
-10.827214,18,481.861924
-10.937938,19,481.919863
-10.895762,19,481.978101
-10.533345,17,482.355894
-10.684013,18,482.411205
-10.927974,18,482.466261
-10.640349,18,482.521098
-11.284248,20,482.58255
-10.884819,18,482.63756
-10.882967,19,482.695189
-10.871112,18,482.750371
-10.936717,19,482.808555
-10.699188,18,482.863467
-10.80984,18,482.917783
-10.697653,18,482.972714
-10.529,17,483.024338
-10.910551,18,483.078728
-11.108248,18,483.896805
-10.865095,18,483.954276
-10.65851,18,484.012852
-10.899915,18,484.070859
-11.909085,20,484.135539
-10.812775,18,484.194796
-10.746498,18,484.253428
-10.54112,18,484.311394
-10.687612,18,484.37007
-11.11055,19,484.431957
-10.76661,19,484.493084
-10.841141,18,484.551377
-10.937113,19,484.613415
-10.692101,18,484.671789
-10.407731,17,484.727149
-10.563857,18,484.786333
-10.697854,18,484.844669
-10.495822,17,484.89746
-10.736551,18,484.95187
-10.689106,18,485.007298
-10.701877,18,485.061925
-10.760356,18,485.445112
-10.892224,19,485.503606
-11.035154,17,485.555297
-10.795498,18,485.610327
-10.673588,18,485.6652
-10.514893,17,485.7168
-10.456732,18,485.771563
-10.789322,19,485.830401
-10.896175,18,485.884794
-11.016862,19,485.942594
-10.827604,18,485.99768
-10.888831,18,486.052454
-10.792655,18,486.107098
-11.08966,19,486.165457
-10.620274,17,486.217731
-11.086256,19,486.275922
-10.466161,18,486.330545
-10.977346,18,486.385474
-10.771222,18,486.441319
-10.885622,19,486.498867
-10.520226,17,486.55052
-10.781545,18,486.605766
-10.776786,19,486.664117
-10.768808,18,486.71982
-10.681695,18,486.774847
-10.626558,17,486.8277
-10.982623,18,486.882681
-10.784842,18,486.937349
-10.911458,19,486.99516
-10.705073,18,487.051192
-10.947286,18,487.105585
-10.69628,18,487.159995
-10.804892,18,487.215209
-10.577351,17,487.268131
-10.720465,18,487.650729
-11.048057,19,488.391764
-10.801339,18,488.449659
-10.871062,19,488.510769
-10.684136,18,488.568688
-10.815687,18,488.626545
-10.619722,18,488.685464
-10.731946,19,488.748
-10.532765,17,488.803017
-11.003754,18,488.862435
-12.419345,23,488.93761
-10.687739,18,488.996091
-10.73824,18,489.054659
-10.661796,18,489.112889
-10.572875,17,489.16769
-10.670047,18,489.226539
-10.718554,18,489.285184
-10.536717,17,489.342035
-10.672381,18,489.400012
-10.717239,18,489.458473
-10.983253,18,489.516531
-10.780519,18,489.574565
-10.701285,18,489.633233
-10.727176,18,489.691429
-10.832903,18,489.749861
-10.700428,18,489.808008
-10.691835,18,489.867135
-10.724105,18,489.925694
-10.698747,18,489.984727
-10.537863,17,490.039423
-10.540096,17,490.094923
-10.760419,18,490.153226
-10.731486,18,490.211448
-10.746445,18,490.269829
-10.833735,18,490.328423
-10.708075,18,490.741738
-11.425328,19,490.80417
-10.678048,18,490.862664
-10.749115,18,490.921549
-10.527418,18,490.980165
-10.719089,18,491.038008
-10.78055,18,491.096805
-10.755082,18,491.155206
-10.864875,18,491.213702
-11.067008,19,491.275324
-10.768726,18,491.334329
-10.746478,18,491.392894
-11.063422,19,491.454554
-10.701911,18,491.513914
-10.51647,17,491.569293
-10.548758,17,491.624664
-10.702056,18,491.683518
-10.702564,18,491.742063
-10.907713,19,491.803755
-10.707657,18,491.862275
-11.245723,19,491.925514
-11.729664,20,491.990364
-10.766061,18,492.048475
-10.858674,18,492.923798
-10.493841,17,492.976841
-10.443327,17,493.030998
-10.85003,20,493.095979
-10.435894,17,493.150618
-10.932412,19,493.212089
-10.738789,18,493.270156
-10.911303,19,493.3325
-11.301672,19,493.394065
-10.724599,18,493.452937
-10.57336,18,493.511822
-10.878342,18,493.914829
-10.577693,18,493.974028
-10.506165,17,494.029239
-10.724604,18,494.088029
-10.68863,18,494.146774
-10.976179,18,494.205396
-10.688977,17,494.260474
-10.737203,18,494.319194
-11.359883,21,494.388029
-10.665636,18,494.447541
-11.062583,19,494.509327
-10.911387,18,494.568062
-10.688208,18,494.626586
-10.645311,17,494.681706
-11.412504,20,494.747213
-10.899658,18,494.80556
-10.713279,18,494.863925
-13.324052,26,494.948977
-10.809102,19,495.010821
-10.789023,18,495.069533
-10.521498,17,495.125142
-10.91674,19,495.187539
-10.848002,18,495.245935
-10.719156,18,495.304307
-10.73797,18,495.363477
-10.539826,17,495.418738
-11.134313,18,495.477772
-10.735898,18,495.5366
-10.676487,18,495.594851
-10.514939,17,495.650995
-10.962994,19,495.712757
-10.570342,18,495.771238
-10.896106,18,495.829269
-10.688268,18,495.888037
-10.73401,18,496.293505
-10.630013,18,496.353066
-10.680359,18,496.412313
-10.677311,18,496.471086
-10.885869,19,496.533568
-10.675247,18,496.59303
-10.538129,17,496.648423
-10.665807,18,496.707071
-10.792323,18,496.766248
-10.504581,17,496.824994
-10.506113,18,496.883145
-10.673182,17,497.731439
-10.549335,17,497.787174
-10.930638,19,497.860394
-10.801095,18,497.917986
-10.893543,18,497.975736
-10.706775,18,498.033776
-10.677501,18,498.09174
-10.731872,18,498.149563
-10.75981,18,498.208045
-10.951025,19,498.269034
-10.738571,18,498.326969
-10.702624,18,498.38533
-10.540651,17,498.440014
-10.521019,17,498.494856
-10.716984,18,498.553126
-11.090404,19,498.614585
-10.685756,18,498.672341
-10.96413,19,498.733647
-10.545592,17,498.788901
-10.730914,18,498.847431
-10.939565,18,498.905224
-10.626763,18,498.963492
-10.800463,18,499.021054
-10.795912,19,499.082508
-10.712689,18,499.841002
-10.499378,17,499.89631
-10.910428,18,499.954217
-10.699615,18,500.013295
-10.660338,18,500.071733
-10.66708,18,500.1296
-10.675059,19,500.191018
-10.971976,19,500.252549
-10.668675,18,500.310458
-10.938344,18,500.368369
-10.801731,18,500.426533
-11.010139,19,500.488382
-10.747318,18,500.54662
-10.619854,17,500.602105
-10.674303,18,500.660179
-10.709152,18,500.718662
-10.977913,19,500.780435
-10.504277,17,500.835762
-10.679598,18,500.894057
-10.872855,19,500.955638
-10.704077,18,501.014001
-10.536706,17,501.069376
-10.714811,18,501.128657
-10.514107,17,501.183376
-10.532502,17,501.238846
-10.700707,18,501.297028
-10.48097,17,501.351718
-10.732332,18,501.410258
-10.773527,18,501.468851
-10.702968,18,501.526903
-10.518804,17,501.581925
-11.106781,18,501.641495
-10.516006,18,501.699614
-10.675536,18,502.456649
-10.999516,19,502.518079
-10.64924,18,502.921309
-10.787354,18,502.979132
-10.836809,18,503.037481
-10.987769,18,503.094603
-10.744238,18,503.150113
-10.429005,18,503.204686
-10.545571,18,503.259488
-10.710569,18,503.313863
-10.72281,18,503.368037
-10.909048,19,503.425819
-10.700155,18,503.48092
-10.759591,18,503.5359
-10.946595,19,503.593348
-10.637577,18,503.648918
-10.655632,18,503.703205
-10.777137,19,503.761138
-12.655136,23,503.831242
-10.671081,18,503.885489
-10.921635,19,503.94262
-11.180788,18,503.996943
-10.605763,18,504.052414
-10.892172,19,504.109667
-10.700539,18,504.16492
-10.660377,18,504.219999
-10.724541,18,504.274695
-10.807455,18,504.329112
-10.505779,17,504.380809
-10.717517,18,504.435743
-10.764819,18,504.49015
-10.532281,17,504.54135
-10.722173,18,504.595514
-10.717235,17,504.648211
-10.86346,19,504.706707
-10.793139,18,504.761736
-10.53506,17,505.148558
-10.696144,18,505.203732
-10.429854,17,505.256477
-10.49633,17,505.310463
-10.842528,18,505.364959
-10.696404,18,505.41989
-10.68372,18,505.474888
-10.783481,18,505.529281
-10.50414,17,505.580336
-10.700715,18,505.636047
-11.098566,19,505.693987
-10.907816,19,505.752142
-11.184743,19,505.809255
-10.96275,18,505.864518
-10.628395,18,505.919676
-10.690949,18,505.974024
-10.527381,17,506.025679
-10.824411,18,506.080474
-10.717772,18,506.135323
-10.711805,18,506.189857
-10.615795,17,506.243153
-10.757176,18,506.944285
-10.854721,18,506.998759
-12.255894,22,507.065743
-11.086789,18,507.120298
-10.822216,18,507.1752
-10.723018,18,507.22952
-10.633562,18,507.284765
-10.887468,18,507.339531
-10.808064,18,507.393819
-10.850751,18,507.448817
-10.722556,18,507.503693
-11.083159,19,507.560799
-10.836374,18,507.615047
-10.925053,18,507.670153
-10.6715,18,508.051464
-10.799663,18,508.107963
-10.717724,18,508.162578
-10.635987,18,508.216908
-10.758364,18,508.271836
-10.928995,19,508.329727
-10.504866,17,508.381004
-10.79929,18,508.435886
-10.714166,18,508.491056
-10.683633,18,508.545547
-10.644282,18,508.599877
-10.506348,17,508.651862
-10.845286,18,508.706618
-10.693794,18,508.761041
-10.727295,18,508.815361
-10.663214,18,508.870337
-10.531689,17,508.922241
-10.526328,17,508.973717
-10.749074,18,509.028435
-10.843817,18,509.083289
-10.648549,18,509.137514
-10.680857,18,509.191708
-11.002871,19,509.249599
-10.675917,18,509.304439
-10.485026,17,509.356502
-10.718397,18,509.410784
-10.881377,19,509.468878
-10.924821,19,509.526451
-10.506061,17,509.577762
-10.506352,17,509.629585
-10.664872,18,509.68456
-10.791572,18,509.738955
-10.71621,18,509.793401
-10.902111,18,509.847918
-10.712528,18,509.903177
-10.619493,18,510.290547
-10.73032,18,510.34532
-10.839391,18,510.399756
-10.898774,19,510.457453
-10.903964,20,510.518498
-10.619373,18,510.573477
-11.119009,19,510.630988
-10.695645,18,511.336116
-10.735682,18,511.391635
-10.675481,18,511.446522
-10.796342,18,511.502011
-10.744318,18,511.557011
-10.903226,19,511.614467
-10.773474,18,511.668889
-10.843338,18,511.724296
-10.705549,18,511.779226
-10.722881,18,511.834146
-10.681239,18,511.889798
-10.518587,17,511.942234
-10.936316,19,511.999727
-10.657418,18,512.053907
-10.643619,18,512.108983
-10.526016,17,512.160946
-10.717834,18,512.21498
-10.919819,19,512.272215
-10.53702,17,512.324497
-10.695847,17,512.376336
-10.512469,17,512.427743
-10.863155,19,512.486042
-10.52694,17,512.538267
-11.066944,18,512.592706
-10.881139,19,512.650092
-10.678632,18,512.704862
-10.703166,18,512.759761
-10.765681,18,513.143366
-10.752631,18,513.198236
-10.665948,18,513.252991
-10.682115,18,513.307795
-10.670532,18,513.362838
-10.764297,18,513.418165
-10.695455,18,513.472714
-10.530701,17,513.525157
-10.619187,17,513.576566
-10.677375,18,513.630678
-10.526289,17,513.682187
-10.478984,18,513.738169
-10.792748,18,513.792525
-10.911017,18,513.84756
-10.709417,18,513.902865
-10.827336,18,513.958503
-10.778897,18,514.013298
-10.713045,18,514.067467
-10.711128,18,514.122343
-10.783915,18,514.176655
-10.678335,18,514.231359
-10.775617,18,514.285991
-10.737306,18,514.341418
-10.713806,18,514.396025
-10.676302,18,514.450677
-10.851729,19,514.508626
-10.800485,18,514.564026
-10.708976,18,514.619128
-10.984219,19,514.676464
-10.56618,17,514.728438
-10.712073,18,515.53629
-11.024698,18,515.591471
-10.716415,18,515.646567
-11.055061,19,515.704084
-10.730483,19,515.762398
-10.506857,17,516.144597
-10.654501,18,516.199811
-11.189067,20,516.260733
-10.748414,18,516.315396
-10.72692,18,516.370934
-10.874586,18,516.425308
-10.681971,18,516.480105
-10.873495,19,516.538545
-11.197951,19,516.596303
-10.657514,18,516.65044
-10.834981,18,516.704961
-10.746226,19,516.763372
-10.753412,18,516.817911
-10.49786,17,516.870275
-10.663099,18,516.926544
-10.68438,18,516.981732
-10.693826,18,517.036323
-10.666986,18,517.090587
-10.712696,18,517.145581
-10.808445,18,517.200217
-10.737393,18,517.254567
-11.014177,19,517.311934
-10.832334,18,517.367184
-10.827315,18,517.421749
-10.689608,18,517.476851
-10.655156,18,517.532568
-10.527113,18,517.587634
-10.683817,18,517.641845
-10.65107,18,517.696113
-11.033719,20,517.757076
-10.758408,18,517.812562
-10.715277,18,517.866785
-10.868506,19,517.924414
-10.714678,18,517.979846
-10.644817,18,518.363291
-10.741203,18,518.418491
-10.703819,18,518.474045
-11.105544,20,518.535677
-11.223043,18,518.590696
-10.726267,18,518.644836
-10.531223,17,518.696129
-10.664173,18,518.750838
-10.705349,18,518.805651
-10.677576,18,518.859797
-10.900852,18,518.914694
-10.666093,18,518.969919
-10.659938,18,519.02503
-10.795204,18,519.080432
-10.755999,18,519.134809
-11.779776,21,519.199417
-10.731823,18,519.254173
-10.880372,19,519.311664
-10.682436,18,520.028764
-10.740878,18,520.0833
-10.704436,18,520.138113
-10.624037,18,520.192768
-10.634332,18,520.247582
-10.492537,17,520.29871
-10.758733,18,520.353468
-10.713163,18,520.408511
-10.753202,18,520.463327
-10.650606,18,520.517851
-10.701075,18,520.572243
-10.873052,19,520.630856
-10.73805,18,520.685518
-10.697543,18,520.74004
-11.007587,19,520.797847
-10.719002,18,520.852421
-10.617839,18,520.906896
-10.703959,18,521.588937
-10.730951,18,521.644
-10.778372,18,521.699186
-10.745563,18,521.753742
-10.675587,18,521.809054
-13.411474,26,521.888463
-10.866502,18,521.942875
-10.79184,18,521.99766
-10.705773,18,522.052205
-10.986343,18,522.106885
-10.672485,18,522.16242
-10.590844,18,522.2178
-10.920707,19,522.275518
-11.103717,20,522.335844
-10.504935,17,522.386953
-10.549919,18,522.442212
-10.690674,18,522.497417
-10.672297,18,522.552162
-10.687321,18,522.607216
-11.154223,19,522.665114
-10.701114,18,522.720018
-10.679721,18,522.775891
-11.109653,18,522.831252
-10.844577,18,522.886084
-10.965387,19,522.943834
-10.491117,17,522.995215
-10.585483,17,523.047529
-10.662173,18,523.102674
-11.119681,19,523.160566
-10.690927,18,523.21548
-10.477579,17,523.267394
-10.978103,18,523.322199
-10.772115,18,523.377196
-10.643837,18,523.433145
-10.679856,18,523.798964
-10.678285,18,523.854691
-10.796451,18,523.909396
-10.514854,17,523.961393
-10.755949,18,524.016356
-10.7673,18,524.875855
-10.878264,19,524.935017
-11.6316,21,525.000023
-10.5273,17,525.052335
-10.692655,18,525.107633
-10.653026,18,525.164181
-10.963724,19,525.225199
-10.702305,17,525.281274
-10.671099,18,525.33941
-11.030509,20,525.403738
-10.868748,18,525.462546
-10.688731,18,525.520483
-10.720331,18,525.578419
-10.741474,18,525.636902
-10.845756,18,525.696161
-10.744082,18,525.754821
-10.544203,17,525.810407
-10.79336,18,525.869108
-10.716473,18,525.927268
-10.902606,18,525.985266
-10.681408,18,526.043661
-10.797749,18,526.102597
-10.515613,17,526.157673
-10.887392,19,526.216813
-11.369488,20,526.278245
-10.854321,19,526.33644
-10.680156,18,526.391547
-10.716293,18,526.44723
-10.882551,19,526.505182
-10.676611,18,526.888839
-10.7455,18,526.94518
-10.691063,18,527.003073
-10.539534,17,527.058558
-10.630271,18,527.117191
-10.717331,18,527.175265
-10.613542,18,527.233532
-10.701443,18,527.292543
-10.693462,18,527.351395
-10.963262,19,527.413388
-10.670654,18,527.47201
-10.668302,18,527.530808
-10.735268,18,527.589418
-10.583786,18,527.647656
-10.690056,18,527.707
-10.805067,19,527.768829
-10.771279,18,527.827131
-10.691274,18,527.885914
-10.700206,18,527.944805
-10.685273,18,528.003114
-10.755007,18,528.061611
-10.675323,18,528.120619
-10.696751,18,528.180248
-10.801608,18,528.238751
-11.45162,20,528.3044
-10.827728,18,528.363911
-10.915631,18,528.422249
-10.682453,18,529.124709
-10.727189,18,529.183391
-10.737927,18,529.241843
-10.719683,18,529.301298
-10.684427,18,529.358644
-10.896084,19,529.418898
-10.752589,18,529.476377
-10.701088,18,529.53445
-10.75126,18,529.93648
-10.810982,18,529.995847
-10.805043,18,530.053727
-10.739902,18,530.112127
-10.742149,18,530.170534
-10.689227,18,530.228409
-10.73366,18,530.286621
-10.693078,17,530.342446
-10.699914,18,530.400308
-10.669928,18,530.458336
-10.758718,18,530.516702
-10.507761,17,530.571815
-10.663706,18,530.630265
-11.140186,19,530.691658
-10.818655,18,530.749675
-10.751667,19,530.811474
-11.126314,19,530.872654
-10.521638,18,530.93183
-10.717472,18,530.990271
-10.684552,18,531.048533
-10.696524,18,531.107116
-11.83853,22,531.178457
-10.871228,18,531.237201
-10.726216,18,531.296302
-10.868705,18,531.356104
-10.675972,18,531.414525
-10.643313,18,531.472551
-10.737098,18,531.531172
-10.851849,18,531.589433
-10.978151,18,531.647552
-10.76193,18,531.7057
-10.690837,18,531.764536
-10.859805,19,531.826739
-10.92815,19,531.888465
-10.798198,18,532.293102
-10.683016,18,532.352835
-10.717421,18,532.411174
-10.682745,18,532.469518
-10.497921,17,532.524333
-10.795763,18,532.582665
-10.751128,18,532.641076
-10.5255,17,532.695431
-10.670062,18,532.754386
-10.70477,18,532.812825
-10.519799,17,532.867715
-10.943052,18,532.926404
-10.444498,17,532.981987
-10.527976,17,533.037082
-10.93745,19,533.0985
-10.697818,18,533.793113
-10.661281,18,533.851256
-10.714128,18,533.910266
-10.738857,18,533.969676
-10.572905,17,534.025175
-10.700535,18,534.082902
-10.725068,18,534.138911
-10.658537,17,534.193701
-10.978125,19,534.255153
-12.129992,23,534.328784
-10.712726,17,534.39137
-10.63711,18,534.449124
-10.706679,18,534.507059
-10.97255,18,534.565531
-11.100718,19,534.627224
-11.883673,21,534.695133
-10.689652,18,534.753298
-10.5195,17,534.809161
-10.691225,18,534.867524
-10.929614,19,534.928455
-10.783788,18,535.332424
-12.488294,25,535.414695
-10.453537,17,535.46633
-10.946381,19,535.524608
-10.717817,18,535.579303
-10.929615,19,535.637099
-10.397066,17,535.688491
-10.684285,18,535.742849
-10.584565,18,535.797711
-10.898599,19,535.855903
-10.718104,18,535.910364
-10.817772,18,535.965218
-10.850032,18,536.020602
-10.674162,18,536.075167
-10.774791,18,536.129541
-10.711533,18,536.185036
-10.717034,18,536.240063
-10.68973,18,536.294441
-10.903043,18,536.348614
-10.682076,18,536.403661
-10.666535,18,536.45864
-10.838114,18,536.513096
-10.899942,19,536.570704
-10.688926,18,536.625817
-11.045308,18,536.680192
-11.078585,19,536.737354
-10.833664,18,536.792374
-10.513075,17,536.844169
-10.685857,18,536.898489
-10.771366,18,536.953412
-10.941188,19,537.011283
-10.696926,18,537.066225
-10.899986,19,537.123705
-10.707985,18,537.178456
-10.664705,18,537.556625
-10.701354,18,537.613566
-10.541303,17,538.329872
-10.990477,19,538.391428
-10.553894,17,538.446645
-10.675672,18,538.504761
-10.671117,18,538.562852
-10.938035,19,538.624425
-10.67572,18,538.683542
-10.768206,19,538.744653
-11.074214,20,538.808993
-10.68499,18,538.866833
-10.694284,18,538.925105
-10.572415,17,538.980132
-10.526562,17,539.035424
-10.681519,17,539.089809
-10.500559,17,539.144555
-11.021025,20,539.209111
-10.683829,18,539.267565
-10.695021,18,539.326188
-10.963251,19,539.386937
-10.850278,19,539.448366
-10.653933,18,539.506709
-10.707313,18,539.564612
-10.830559,19,539.626158
-10.518824,17,539.681347
-10.695234,18,539.739011
-10.75708,18,539.796809
-10.724135,18,539.854764
-10.541552,17,539.909795
-10.515266,17,539.965005
-11.849083,21,540.034081
-10.890799,19,540.095547
-10.505925,17,540.150855
-10.721113,18,540.533192
-11.002728,19,540.594847
-10.495213,17,540.651033
-10.628063,18,540.709336
-10.716161,18,540.767526
-10.656664,18,540.825467
-10.682231,18,540.88377
-10.681146,18,540.942552
-10.695137,18,541.000962
-10.70351,18,541.05941
-10.63165,18,541.11785
-10.777588,18,541.176517
-10.645469,18,541.234726
-10.769366,19,541.297083
-10.733512,18,541.355241
-10.660919,18,541.413557
-10.671697,18,541.47208
-10.730668,18,541.530803
-10.752865,18,541.589522
-10.672795,18,541.64858
-11.09855,19,541.707775
-11.327334,21,541.774601
-10.675515,18,541.831933
-10.752497,18,541.890219
-10.694905,18,542.604967
-10.718561,19,542.663613
-10.536302,17,542.715477
-10.740738,18,542.769804
-10.738695,18,542.824032
-10.499863,17,542.876443
-10.684608,18,542.931067
-10.71693,19,542.989419
-10.900251,19,543.047478
-11.064693,19,543.107615
-10.764207,18,543.162676
-10.887721,18,543.845068
-10.468441,17,543.897348
-12.465328,23,543.967621
-10.929255,19,544.025587
-10.676172,18,544.081728
-10.805125,18,544.137552
-10.673374,18,544.192264
-10.532643,17,544.244637
-10.640616,18,544.300376
-10.711071,18,544.355385
-10.705951,18,544.410743
-10.80673,19,544.46894
-10.655108,18,544.525074
-10.715107,18,544.579872
-11.120729,19,544.637573
-10.799467,18,544.69292
-10.712433,18,544.748094
-10.55975,17,544.799881
-11.040347,19,544.85777
-10.872413,18,544.913612
-10.660513,18,544.968586
-10.707035,18,545.023554
-10.658212,18,545.078689
-10.669694,18,545.136558
-10.688567,18,545.191087
-10.628547,18,545.245667
-11.03793,18,545.300829
-10.986774,18,545.355929
-10.696268,18,545.411211
-10.901975,19,545.46917
-10.51978,17,545.522101
-10.556047,18,545.576784
-10.737435,18,545.631984
-10.519413,17,545.684265
-11.016069,19,546.057027
-10.692213,18,546.113657
-10.995192,19,546.172501
-10.50981,17,546.22681
-10.68586,18,546.283255
-10.7925,18,546.339662
-10.693281,18,546.397184
-10.609355,18,546.452461
-10.693261,18,546.508053
-10.728847,18,546.563215
-10.505393,17,546.614923
-10.661849,18,546.669786
-10.651731,18,547.350625
-10.57294,17,547.402046
-10.670273,18,547.456389
-10.795441,18,547.511881
-10.67745,18,547.566465
-10.77274,19,547.623992
-10.712585,18,547.678091
-11.131663,19,547.73583
-10.926429,19,547.792962
-10.710702,18,547.847422
-10.678996,18,547.901529
-10.759632,18,547.956429
-10.666481,18,548.010898
-10.862655,19,548.067976
-10.785597,18,548.123379
-10.691142,18,548.177823
-10.785576,18,548.231993
-10.643657,18,548.286175
-10.665347,18,548.340839
-10.713407,18,548.395056
-10.740942,18,548.450097
-10.682983,18,548.504298
-10.723678,18,548.566924
-10.7031,18,548.92766
-10.69635,18,548.982722
-10.693396,17,549.035079
-10.701139,18,549.089553
-10.547552,17,549.141849
-10.719412,18,549.196384
-10.700631,18,549.251386
-10.709047,18,549.305881
-10.698231,18,549.361223
-10.733928,18,549.415468
-10.751231,18,549.470016
-10.976248,19,549.52765
-10.960227,19,549.585062
-10.517251,17,549.636399
-10.713442,18,549.69132
-10.976434,19,549.748961
-10.675525,18,549.803477
-10.811302,18,549.85779
-10.724962,18,549.912075
-10.53083,17,549.964109
-10.911852,19,550.021695
-10.792895,18,550.07602
-11.046675,19,550.13364
-10.493002,17,550.185105
-10.542792,17,550.236614
-10.719177,18,550.293126
-10.908579,18,550.350995
-10.632851,18,550.406455
-10.685781,18,550.461215
-10.708522,18,550.516088
-10.891037,19,550.574836
-12.251063,24,550.649298
-10.708684,18,550.706435
-10.508476,17,551.839744
-10.667027,18,552.22411
-10.679602,18,552.285758
-10.707469,18,552.346899
-10.75991,18,552.410842
-10.684564,18,552.472749
-10.78569,18,552.533954
-10.42171,17,552.592038
-10.527525,17,552.64897
-10.518699,17,552.704743
-10.820189,19,552.767256
-10.528475,17,552.822822
-10.666535,18,552.881371
-10.683429,18,552.939776
-10.693097,18,552.998147
-10.520509,17,553.055853
-10.701561,18,553.117867
-10.723005,18,553.178644
-10.78118,18,553.238804
-10.506663,17,553.295888
-10.685985,17,553.353483
-10.869604,18,553.414399
-10.861315,19,553.479083
-10.750603,19,553.543536
-10.485678,17,553.601791
-10.740347,18,553.663807
-10.666813,19,553.728637
-10.690459,18,553.790174
-11.0676,19,553.858893
-11.428109,20,553.930469
-10.629262,17,553.990193
-10.678777,18,554.053805
-11.16293,18,554.116096
-10.670188,18,554.17786
-10.654796,18,554.239548
-10.659819,18,554.301567
-10.734275,18,554.695504
-11.039627,18,554.756819
-10.513897,17,554.812883
-11.588231,21,554.884331
-10.708755,18,554.94602
-10.991561,18,555.006626
-10.684836,18,555.065431
-10.750116,18,555.124721
-10.575027,18,555.185285
-10.515044,17,555.242418
-10.711831,18,555.303087
-10.69003,18,555.367804
-11.183024,20,555.438173
-10.712136,18,555.502073
-10.519591,17,555.56284
-12.360047,22,555.645908
-10.760361,18,555.710441
-10.496674,17,555.768033
-10.68808,18,555.829211
-10.696884,18,555.895411
-10.484985,17,555.954934
-10.511729,17,556.846791
-10.721489,18,556.905175
-10.891457,19,556.964303
-10.730932,18,557.020171
-10.503892,17,557.073623
-10.929773,19,557.133697
-10.693017,18,557.190136
-10.743152,18,557.245548
-10.510351,17,557.29932
-10.515939,17,557.352161
-10.919649,18,557.407796
-10.50105,17,557.461098
-10.67335,18,557.517525
-10.536223,17,557.570459
-10.739817,18,557.960527
-10.56734,17,558.016852
-10.707978,18,558.075623
-10.818132,18,558.133295
-10.864168,18,558.191057
-10.696601,18,558.249768
-10.67146,18,558.308134
-10.709573,18,558.365812
-10.897482,18,558.423923
-10.697191,18,558.482462
-10.703346,18,558.540158
-10.582067,17,558.593639
-10.926483,19,558.654186
-10.735091,18,558.7115
-10.493699,17,558.766155
-10.665783,18,558.824532
-10.651208,18,558.882724
-10.693766,18,558.939658
-10.687426,18,558.996115
-10.981724,18,559.053191
-11.295939,18,559.110399
-10.512333,17,559.164072
-10.68387,18,559.221373
-10.691516,18,559.28203
-10.869979,18,559.340431
-10.537551,17,559.394901
-11.933633,22,559.466142
-10.993009,19,559.527645
-10.519674,17,559.583493
-10.532903,17,559.638524
-10.682589,18,559.694957
-10.751993,18,559.75159
-10.693913,18,559.808
-10.639167,18,559.86468
-10.707512,18,560.231644
-11.00447,19,560.298107
-10.504178,17,560.358437
-10.670933,18,560.419719
-10.868027,18,560.478715
-10.532173,17,560.533715
-10.71974,18,560.590676
-11.256907,20,560.654314
-10.70389,18,560.711893
-10.715857,18,561.809882
-10.891229,19,561.870423
-10.673549,18,561.928808
-10.40209,17,561.984206
-10.778531,18,562.044201
-10.749111,18,562.104746
-11.095433,20,562.172143
-10.685161,19,562.236297
-11.431762,20,562.302793
-10.725119,18,562.361697
-10.521879,17,562.41642
-11.025746,19,562.479225
-10.505331,17,562.533834
-10.709947,18,562.593478
-10.485398,17,562.651078
-10.664686,18,562.711916
-10.751367,19,562.777064
-10.513836,17,562.836239
-10.645526,18,562.897763
-10.669999,18,562.962377
-10.51931,17,563.023239
-10.685276,18,563.087975
-10.709106,18,563.153033
-10.679371,18,563.218093
-10.503041,17,563.279143
-10.653406,17,563.340183
-10.500887,17,563.732939
-10.698504,18,563.788831
-10.637648,18,563.846422
-10.669958,18,563.907301
-10.725287,18,563.967483
-10.751455,18,564.028613
-10.749476,18,564.089873
-10.629947,18,564.151571
-10.698907,18,564.213872
-10.702534,18,564.275179
-10.708813,18,564.337161
-10.707189,18,564.397853
-10.659088,18,564.457088
-10.715485,18,564.516791
-10.677962,18,564.575525
-10.564494,17,564.630886
-10.689755,18,564.689371
-10.706455,18,564.747978
-10.701461,18,564.807168
-10.692739,18,564.866494
-10.6923,18,564.927961
-10.769527,19,564.992989
-10.935572,19,565.057737
-10.523329,17,565.115464
-10.66487,18,565.177562
-11.005146,19,565.242914
-10.739716,18,565.303869
-10.656311,18,565.363388
-10.699114,18,565.422653
-11.334493,20,565.48796
-10.709187,18,565.547137
-10.749557,18,566.442934
-10.541533,17,566.495448
-10.735526,18,566.5507
-10.580695,18,566.605082
-10.537388,18,567.276861
-10.704759,18,567.331956
-10.772036,19,567.389943
-10.717183,18,567.445475
-10.693904,18,567.500063
-11.722059,20,567.561444
-10.714612,18,567.616318
-10.56319,17,567.667982
-10.704559,18,567.722264
-10.704063,18,567.776718
-10.69657,18,567.831055
-10.488634,17,567.88317
-10.75089,18,567.937845
-10.55255,17,567.989814
-10.553947,18,568.044889
-10.82461,18,568.100236
-10.702004,18,568.156526
-10.631841,18,568.211034
-10.826825,18,568.265339
-10.934513,19,568.322764
-10.985408,19,568.380454
-10.492933,17,568.432372
-10.561034,17,568.485941
-10.851609,19,568.544827
-10.664591,18,568.601539
-10.883773,19,568.662048
-10.450872,17,568.716161
-10.685335,18,568.773715
-10.814152,18,568.830978
-10.498052,17,568.885485
-10.675252,18,568.943104
-10.689954,18,569.000817
-10.650712,18,569.058719
-10.80846,18,569.11682
-10.780086,18,569.497255
-10.607488,18,569.556966
-10.663224,18,569.61472
-10.706935,18,569.672669
-10.712319,18,569.730585
-10.697512,18,569.788791
-10.603177,18,569.846536
-10.526215,17,569.901212
-10.652209,18,569.959581
-10.900026,19,570.021536
-10.518626,17,570.076586
-10.848795,18,570.134579
-10.525946,17,570.188639
-10.571315,17,570.2429
-10.908736,19,570.303636
-10.68129,18,570.36155
-10.492931,17,570.418311
-11.00355,19,570.479605
-10.71001,18,570.537888
