#{"t_start": 1762328971.1562972, "env_id": "None"}
r,l,t
-13.898536,21,0.559045
-25.50499,31,0.652637
-16.701368,24,0.725537
-17.609372,27,0.808817
-17.286521,27,0.891443
-14.665272,22,0.959236
-14.277408,21,1.023191
-18.094891,26,1.103459
-13.052403,19,1.162766
-17.240796,30,1.25456
-13.829253,20,1.316084
-16.361102,24,1.390627
-16.559008,24,1.465393
-15.847306,23,1.536038
-17.609485,25,1.613226
-15.887844,22,1.681303
-18.133135,26,1.762027
-13.99922,21,1.82716
-17.011085,24,1.901348
-18.527935,26,1.982311
-19.963706,28,2.069293
-16.873535,25,2.146455
-15.286442,23,2.217754
-19.385204,27,2.301025
-16.126025,23,2.372863
-13.95748,23,11.478852
-16.793484,25,11.554102
-12.165411,20,11.614801
-18.03921,26,11.693223
-18.904786,27,11.774319
-15.654916,23,11.842581
-14.880452,22,11.908533
-20.191768,28,11.992667
-17.516443,25,12.068223
-15.487049,23,12.137998
-19.775279,28,12.221322
-16.091987,24,12.293967
-15.748091,25,12.36835
-13.112939,19,12.424867
-16.02078,24,12.49679
-14.088453,22,12.562234
-15.248703,23,12.631187
-17.037348,25,13.557323
-16.488113,25,13.632363
-15.311792,22,13.699416
-18.921507,27,13.781176
-13.44043,20,13.841367
-13.429084,21,13.905049
-17.828057,27,13.986037
-15.964065,23,14.055361
-13.736582,22,14.121786
-13.645186,21,14.185469
-20.965763,31,14.679873
-17.916062,26,14.75991
-15.838733,25,14.834346
-15.042518,22,14.899809
-18.594089,25,14.976049
-14.232037,21,15.038708
-14.475483,22,15.104665
-14.831428,24,15.177251
-15.339625,23,15.247361
-18.16285,27,15.330141
-12.956298,20,15.390755
-15.722664,24,15.462664
-14.815462,22,15.52983
-15.553849,24,15.603612
-17.019379,25,15.679459
-16.132759,24,15.752622
-17.155024,26,15.830231
-17.539838,27,15.910994
-15.716666,23,15.981081
-18.737208,27,16.062039
-17.411334,25,16.137506
-17.256211,26,16.216184
-19.549693,28,16.301106
-13.559476,20,16.361709
-17.702451,26,16.439387
-19.77083,29,16.951232
-15.249021,23,17.020623
-17.208928,25,17.095031
-14.607227,22,17.161891
-17.40393,26,17.239992
-12.440092,18,17.294792
-17.923293,25,17.370659
-15.432998,23,18.157507
-13.935261,21,18.220708
-17.279285,25,18.295291
-14.426833,22,18.361656
-27.949042,34,18.463451
-14.826008,23,18.532045
-17.853568,25,18.608476
-17.021811,25,18.684216
-16.390151,25,18.761522
-15.949765,23,18.832985
-15.190723,23,18.90488
-14.326413,22,18.974329
-16.07853,25,19.052249
-17.214447,25,19.12899
-15.541245,24,19.20726
-13.636058,21,19.271624
-14.991037,22,19.338212
-13.946083,22,19.404354
-14.090699,22,19.469895
-13.368164,22,19.951087
-13.165819,20,20.013644
-13.678256,20,20.073654
-18.405836,28,20.157506
-17.575213,26,20.235981
-15.532222,23,20.305807
-13.819214,21,20.368747
-16.94925,25,20.444335
-19.259589,29,20.53134
-18.090067,26,20.610484
-13.762214,21,20.673929
-16.584219,26,20.751269
-13.4207,20,20.811716
-18.463634,27,20.893108
-15.299351,23,20.962332
-17.132917,26,21.041104
-15.870932,25,21.115929
-15.088168,24,21.188843
-19.046927,28,21.273358
-13.641414,21,21.3365
-15.736471,24,21.409073
-13.750194,21,21.472575
-15.446146,23,21.541553
-17.003732,25,21.61637
-17.466562,26,22.336752
-19.406692,29,22.425183
-16.758503,27,22.922272
-17.143981,25,22.998276
-28.188329,34,23.10103
-12.695272,19,23.158412
-16.376252,25,23.234262
-15.938963,24,23.305957
-15.773136,24,23.377771
-16.758031,25,23.453686
-17.284867,25,23.529425
-13.852683,21,23.592278
-14.423843,22,23.658697
-14.961531,23,23.727929
-16.816847,25,23.803052
-15.401697,25,23.879072
-14.284999,22,23.94523
-15.419363,24,24.01854
-15.831647,25,24.094552
-15.447389,25,24.169998
-15.34224,23,24.239488
-16.711457,24,24.311996
-13.651708,21,24.374814
-19.914406,29,24.462794
-13.930825,21,24.5261
-12.158487,20,24.586128
-17.729552,27,24.667558
-16.3622,24,24.739138
-16.139556,24,25.20192
-15.796517,23,25.271893
-15.173887,25,25.347136
-18.931903,26,25.425108
-17.666732,26,25.503265
-17.321179,26,25.581754
-13.217782,21,25.646551
-14.479512,23,25.716898
-17.641807,26,25.795277
-12.159001,18,25.850217
-12.864552,19,25.907847
-15.790453,22,25.97517
-14.258046,21,26.038776
-15.183509,22,26.105841
-15.705664,26,26.184494
-16.827307,25,26.902674
-18.689337,27,26.986194
-17.01756,26,27.068253
-16.545217,23,27.140348
-14.647875,22,27.209179
-16.051317,25,27.287752
-15.155507,24,27.362361
-17.051951,25,27.440219
-16.592412,26,27.522951
-17.513668,25,27.600561
-15.925841,23,27.67237
-12.349314,19,28.116252
-15.587073,24,28.191706
-17.250691,24,28.266665
-15.334698,23,28.338546
-16.893275,24,28.413547
-14.414861,23,28.485044
-18.353948,27,28.569467
-18.29268,28,28.657394
-18.145192,27,28.742085
-17.989047,24,28.817253
-17.155242,27,28.902044
-14.36004,22,28.970377
-14.691594,23,29.039107
-17.157309,24,29.111757
-13.725284,22,29.177937
-16.446664,22,29.243924
-12.090692,19,29.300826
-13.466956,20,29.360435
-13.735964,20,29.420859
-14.200811,22,29.487451
-17.658353,28,29.571146
-16.953865,26,29.648518
-16.199147,24,29.721839
-17.032698,25,29.796556
-18.098495,30,29.88666
-18.373443,27,29.969948
-14.969613,22,30.869258
-13.949716,22,30.939272
-20.166198,29,31.030655
-13.017578,20,31.094472
-14.513614,21,31.160447
-13.248199,20,31.22294
-13.619516,22,31.962478
-14.563151,21,32.025341
-18.2609,27,32.107014
-15.282983,23,32.17588
-17.17429,26,32.254173
-18.257243,25,32.330019
-16.543183,23,32.398699
-15.863057,24,32.471463
-14.556574,22,32.538737
-15.728748,24,32.612457
-15.015439,23,32.683172
-13.889085,21,32.749249
-12.486808,19,32.808962
-14.485983,20,32.870857
-18.042622,27,32.955244
-13.752462,21,33.020642
-14.739893,23,33.092678
-18.042721,28,33.181398
-14.000457,20,33.24392
-14.997884,23,33.315694
-17.355619,24,33.391086
-19.391406,27,33.856848
-18.372856,27,33.942884
-16.654588,24,34.018208
-13.554741,20,34.080888
-16.525541,25,34.160365
-15.510267,22,34.229903
-13.921971,21,34.299274
-17.317817,26,34.382005
-14.680291,22,34.451956
-17.23832,26,34.534199
-18.335682,26,34.61661
-16.841329,24,34.692078
-14.501996,21,34.759848
-17.400861,25,34.838208
-16.507559,23,34.911391
-15.040879,23,34.983986
-19.966485,30,35.078057
-15.507453,23,35.15069
-17.330863,27,35.235057
-13.005665,20,35.297757
-17.209318,24,35.374691
-19.193304,28,35.462188
-16.940109,25,36.450051
-23.217961,32,36.545806
-17.587865,27,36.627067
-14.748621,22,36.693215
-12.96667,20,37.186417
-15.520405,23,37.255871
-16.848018,26,37.335416
-17.425526,25,37.41126
-14.771951,22,37.47748
-16.558014,24,37.550024
-16.166334,26,37.628726
-17.352322,25,37.703391
-18.665122,26,37.782298
-16.893769,25,37.858163
-17.910173,26,37.937213
-15.171669,22,38.003783
-15.830331,23,38.073603
-25.051364,33,38.173364
-13.293298,20,38.235103
-14.938107,24,38.306971
-14.460523,20,38.367953
-17.05731,25,38.442568
-15.581717,22,38.508808
-14.085079,22,38.575675
-15.495089,21,38.639459
-14.143168,21,38.702635
-12.918162,20,38.764201
-13.048317,19,38.82239
-17.606407,27,38.903323
-15.203151,24,38.976094
-18.151673,26,39.475415
-19.738735,29,39.563766
-15.244285,22,39.630522
-13.62659,20,39.690936
-16.125543,24,39.76297
-13.732784,21,39.826381
-14.36604,22,39.893376
-18.119068,27,39.976333
-17.901579,26,40.054283
-13.125886,20,40.114271
-14.487485,22,40.180971
-16.284887,25,40.256498
-16.718906,26,40.335589
-16.954199,24,41.135925
-19.176817,25,41.21629
-15.680498,25,41.295825
-16.065975,23,41.368563
-16.39756,27,41.455332
-14.413997,22,41.526526
-17.672104,26,41.609024
-20.086611,31,41.708156
-14.257196,22,41.777937
-16.779479,24,41.855137
-17.950716,26,41.938786
-16.35673,23,42.012141
-20.948648,30,42.106973
-14.968955,22,42.613999
-16.299637,24,42.690939
-15.352362,23,42.763035
-16.093112,22,42.83241
-14.439567,21,42.898819
-17.866306,26,42.980765
-16.557162,24,43.056551
-17.046513,26,43.139412
-14.209656,23,43.21269
-15.812126,23,43.289929
-17.268745,24,43.365702
-13.416339,21,43.43263
-15.649455,23,43.506182
-14.630354,23,43.578644
-17.1535,28,43.667214
-15.650172,24,43.743364
-18.278612,27,43.828389
-13.324069,21,43.895629
-16.937347,24,43.972572
-15.066663,23,44.045248
-15.942307,23,44.117884
-14.326175,21,44.183944
-18.302041,26,44.26654
-14.225744,22,44.335913
-14.895982,22,44.405313
-15.547143,24,44.481686
-11.429618,18,44.537929
-12.005565,18,45.026651
-18.120665,28,45.116101
-17.32565,24,45.192195
-16.675562,23,45.879352
-13.511915,20,45.941339
-14.798055,23,46.012637
-15.414176,24,46.087917
-19.114009,28,46.175213
-18.697413,28,46.262774
-14.069568,21,46.32868
-12.169072,17,46.382267
-16.274399,24,46.457564
-14.521769,22,46.527814
-14.105774,22,46.597198
-19.512896,28,46.684972
-13.703048,19,46.74494
-15.094191,22,46.81465
-14.65033,21,46.880911
-13.200284,21,46.946557
-14.951091,22,47.015391
-14.560331,21,47.081649
-19.724809,29,47.17297
-18.165403,26,47.253878
-13.930597,21,47.319988
-13.09073,20,47.382074
-15.160489,23,47.454715
-15.06004,23,47.526679
-15.27861,23,48.020813
-17.396345,25,48.100366
-16.959351,26,48.182345
-17.210357,26,48.263772
-14.930858,23,48.336639
-13.230293,20,48.399081
-12.577914,18,48.455688
-15.698522,24,48.532098
-14.403824,22,48.600907
-17.637511,27,48.685157
-17.051027,24,48.759918
-16.191621,26,48.8418
-14.518112,21,48.907111
-15.751105,24,48.982629
-13.279034,20,49.045833
-16.29534,27,49.131644
-15.507522,23,49.204451
-13.6398,20,49.268464
-13.670341,21,49.335078
-16.559064,24,49.411466
-14.303083,21,50.117141
-15.727356,24,50.191431
-15.251185,22,50.259552
-12.792184,18,50.314272
-19.00668,29,50.402083
-13.527609,22,50.468293
-14.427922,21,50.532519
-13.767442,21,50.988343
-14.60887,22,51.055773
-14.018498,21,51.119596
-15.25472,23,51.18939
-13.352958,20,51.249066
-15.605444,24,51.320909
-14.349119,22,51.388259
-16.619697,26,51.465905
-18.937536,29,51.553791
-13.684257,20,51.613839
-14.366942,22,51.680723
-15.607613,25,51.756187
-15.863309,24,51.828393
-15.02797,24,51.900373
-13.547874,22,51.967777
-13.617292,20,52.027717
-12.967943,21,52.090478
-15.682263,24,52.163752
-14.022179,21,52.227102
-13.807564,20,52.287593
-16.120334,25,52.36326
-14.990027,21,52.426045
-19.212672,27,52.506771
-15.880605,24,52.579715
-11.836248,19,52.636883
-14.224324,22,52.703331
-16.599097,26,52.782951
-17.181805,26,52.861533
-15.05035,23,53.654372
-13.622124,21,53.719301
-13.309454,20,53.782635
-17.737237,26,53.863468
-13.495502,21,53.929304
-16.8493,24,54.005012
-14.584416,22,54.073606
-17.79006,26,54.155712
-18.66378,28,54.245316
-15.259598,23,54.318276
-14.395218,22,55.045968
-12.880942,19,55.104815
-18.297773,27,55.190183
-14.912112,24,55.265019
-15.418072,24,55.340579
-14.694191,22,55.409461
-14.443762,20,55.471985
-14.213502,21,55.539098
-17.497572,25,55.61841
-14.891546,23,55.690995
-14.883403,22,55.760766
-20.999608,30,55.856326
-14.775625,22,55.925306
-13.573508,20,55.988836
-17.344772,27,56.07417
-13.292132,19,56.134445
-12.250157,19,56.194653
-13.562078,21,56.669611
-13.80405,22,56.739566
-17.231561,24,56.815802
-13.25579,20,56.879126
-15.664822,24,56.954913
-13.466114,21,57.021286
-12.639789,18,57.077819
-20.096732,28,57.167027
-15.529934,24,57.24369
-15.28057,22,57.313501
-12.004852,19,57.373808
-15.140487,23,57.446953
-15.665288,26,57.529168
-15.04611,25,57.608044
-15.594541,24,57.684599
-13.497981,20,57.748167
-13.990827,22,57.818472
-13.077681,19,57.878109
-15.110969,23,57.950446
-16.351781,24,58.02627
-15.312742,25,58.105198
-16.453726,25,58.184395
-18.580396,29,58.277253
-13.30775,21,58.343256
-13.331483,21,58.409323
-13.94655,21,58.475354
-12.391566,18,58.531936
-15.656526,24,59.015235
-15.768781,23,59.821547
-15.239876,22,59.889201
-12.60412,19,59.946569
-17.174087,25,60.023024
-12.394958,18,60.077841
-14.836135,23,60.147134
-16.20816,25,60.222862
-13.607747,20,60.284652
-16.226722,25,60.361787
-12.638253,19,60.420974
-14.177239,21,60.486736
-15.572262,23,60.559519
-12.744198,19,60.619679
-16.132931,25,60.698539
-16.535117,24,60.773819
-16.032345,25,60.853863
-15.635996,25,60.932586
-12.726456,19,60.99232
-17.326113,25,61.071739
-14.682915,22,61.14034
-12.988072,19,61.200223
-13.212142,20,61.264029
-12.464343,20,61.327715
-12.915794,19,61.387373
-13.599237,20,61.44999
-19.507039,29,61.542555
-14.109533,22,61.611815
-15.321566,22,61.682146
-14.965985,23,62.16389
-18.194778,27,62.245894
-15.710221,23,62.316468
-13.769393,20,62.376631
-13.429713,21,62.43981
-12.650137,20,62.501073
-19.202193,29,62.587838
-14.241247,22,62.653471
-14.35454,23,62.723122
-16.123132,23,62.79339
-13.797181,20,62.854558
-16.326339,25,62.933083
-19.602049,28,63.02008
-13.404267,21,63.086477
-15.847121,24,63.162288
-12.657341,19,63.222916
-13.379474,20,63.286857
-13.752275,22,63.356533
-17.168834,25,64.113462
-13.524453,22,64.179208
-12.780637,20,64.239499
-14.227123,20,64.299847
-14.134312,21,64.363369
-20.012979,29,64.451712
-15.152923,21,64.515609
-15.399567,24,64.587845
-14.412484,21,64.650865
-14.342769,24,65.09956
-13.871405,21,65.1638
-16.511652,25,65.239794
-25.607624,30,65.330999
-16.913393,25,65.406919
-14.957206,22,65.473555
-17.704943,26,65.553066
-15.04633,24,65.625426
-12.514968,18,65.679907
-15.328177,23,65.749857
-15.744018,23,65.81969
-16.140643,25,65.894975
-15.381713,23,65.964654
-12.534515,19,66.021986
-16.125144,24,66.094027
-16.644984,25,66.169424
-13.790337,20,66.229562
-15.33482,23,66.298798
-14.738945,23,66.36882
-12.321895,19,66.426196
-13.578822,20,66.486139
-14.232897,21,66.549553
-17.178154,27,66.631245
-14.201157,22,66.697557
-16.871169,26,66.775954
-12.902803,19,66.833182
-13.454772,22,66.899809
-14.35977,21,66.963263
-16.247152,26,67.426056
-14.730527,21,67.489508
-15.103069,23,67.559247
-16.397464,24,67.631358
-17.206631,26,67.708654
-14.145866,22,67.775229
-12.966961,21,67.837883
-15.589392,22,67.903939
-13.022545,20,68.645974
-13.963256,21,68.709065
-15.536837,24,68.781652
-15.960524,25,68.856643
-15.892801,22,68.923084
-17.157167,24,68.996556
-13.329185,20,69.0566
-14.797212,22,69.122903
-12.589109,20,69.183983
-14.839715,22,69.250133
-13.571233,21,69.31364
-12.465094,20,69.374328
-13.244612,20,69.434787
-12.484869,19,69.493976
-16.662089,25,69.571267
-12.313676,19,69.63003
-13.322009,20,69.692306
-14.284743,22,69.762707
-13.497234,20,69.825971
-14.474179,22,69.895412
-13.779503,21,70.340204
-14.037286,21,70.407563
-13.456131,21,70.474194
-16.202274,24,70.55113
-12.996689,20,70.614877
-15.193071,24,70.690523
-14.703796,23,70.763492
-11.308372,18,70.821017
-14.240852,22,70.890623
-13.803247,22,70.960889
-14.310143,22,71.031349
-14.146235,23,71.104452
-12.592558,19,71.164937
-14.442094,22,71.23502
-12.712612,20,71.298698
-13.186827,21,71.365382
-13.870317,22,71.435216
-14.374914,22,71.505038
-12.727578,21,71.572637
-13.787933,20,71.636382
-16.139889,25,71.714963
-14.808175,22,71.785333
-13.920881,22,71.854836
-16.169679,25,71.933273
-17.179039,25,72.013317
-12.439309,20,72.077604
-15.206364,24,72.154026
-12.360599,19,72.854545
-12.391495,19,72.913719
-14.771667,23,73.361534
-14.365514,23,73.431766
-11.628194,18,73.487844
-13.034867,20,73.5499
-12.908847,20,73.613708
-16.196024,25,73.692087
-13.920831,21,73.758337
-12.941556,20,73.821152
-13.989615,21,73.885928
-12.776115,19,73.945069
-12.241887,19,74.004591
-14.996667,23,74.077348
-12.744411,19,74.137381
-13.086839,20,74.200313
-15.024692,23,74.272354
-12.638838,19,74.331911
-14.668591,23,74.40468
-14.457867,24,74.480026
-14.163169,21,74.546081
-14.254329,22,74.616141
-13.670212,20,74.679145
-13.839765,21,74.745269
-14.333534,22,74.81492
-13.180211,20,74.878202
-12.944136,20,74.940735
-12.407394,20,75.00404
-13.063096,21,75.067404
-13.043104,19,75.124552
-13.782457,20,75.184185
-14.352755,22,75.252134
-15.389478,22,76.097855
-14.009876,21,76.160915
-13.107645,20,76.221995
-15.862271,26,76.300227
-15.23625,25,76.375617
-14.307753,21,76.438749
-13.955864,23,76.508125
-13.198244,20,76.567889
-14.326045,22,76.634168
-15.681522,23,76.704861
-14.854369,23,76.774184
-14.824778,22,76.840903
-13.719114,21,76.903789
-14.028141,20,76.963938
-13.046759,20,77.024132
-13.926366,21,77.087346
-12.540214,19,78.054853
-14.015886,22,78.120737
-12.893131,21,78.184638
-13.241551,20,78.245451
-13.034052,20,78.306239
-15.23718,24,78.378261
-14.187693,22,78.444512
-13.233133,20,78.505099
-14.217961,20,78.565205
-11.974262,18,78.619632
-14.574292,24,78.692577
-13.412944,20,78.753
-13.293318,20,78.813266
-14.070775,21,79.250527
-14.302787,22,79.318305
-12.870342,20,79.379123
-13.248906,20,79.438447
-13.969715,23,79.508127
-12.949962,21,79.571136
-13.319064,20,79.631092
-24.184038,30,79.722271
-13.09861,21,79.785446
-14.094693,21,79.848643
-12.198006,18,79.903518
-15.344445,24,79.97553
-17.843895,26,80.054106
-11.988109,19,80.111413
-16.241517,24,80.183417
-12.230397,19,80.240716
-12.268335,19,80.299058
-12.61839,19,80.357508
-12.807297,20,80.419008
-12.729597,20,80.479418
-13.762682,21,80.542431
-13.982276,21,80.604994
-14.973969,23,80.674939
-13.178329,21,80.7383
-13.770489,21,80.801207
-13.136701,21,80.864414
-15.010571,22,80.93016
-16.10591,24,81.002489
-17.803442,31,81.095617
-17.440005,27,81.548765
-12.297752,19,81.606107
-12.999979,19,81.663727
-12.291209,20,81.724157
-15.405125,24,81.797117
-14.855685,22,81.863357
-15.714957,26,82.718215
-12.281101,20,82.778465
-16.252493,25,82.853961
-14.893796,23,82.924661
-14.442379,23,82.993554
-14.376348,25,83.068888
-14.021315,21,83.132653
-11.688036,18,83.186735
-12.359692,19,83.243955
-13.141448,20,83.305107
-14.456257,23,83.37446
-14.408528,23,83.443258
-13.688138,22,83.50996
-12.62684,20,83.569734
-14.731572,24,83.642102
-12.838604,20,83.703104
-14.491736,22,83.769622
-13.740092,21,83.833025
-12.248493,19,83.890414
-12.210356,18,83.945198
-12.842375,20,84.0052
-13.904428,20,84.065592
-17.338705,26,84.144084
-13.78906,22,84.589501
-12.51905,18,84.644467
-12.153331,18,84.699426
-12.031989,18,84.754306
-13.040071,20,84.814344
-13.880777,22,84.880515
-14.168918,23,84.950295
-15.149356,22,85.016757
-14.967477,23,85.085664
-13.537473,22,85.15224
-13.085158,21,85.21574
-15.408111,25,85.292527
-13.098253,20,85.352866
-13.753036,21,85.415733
-16.509884,24,85.487526
-13.68772,22,85.554873
-12.775875,19,85.611674
-12.791165,21,85.673997
-14.734885,22,85.740881
-13.07677,20,85.801167
-14.543377,22,85.867276
-14.688322,23,85.936715
-12.871004,20,85.996671
-13.735037,21,86.059575
-12.398344,20,86.120236
-12.998534,20,86.79911
-14.160331,23,86.868007
-13.239511,21,86.932063
-12.634362,20,86.991945
-13.796603,22,87.386708
-23.253784,30,87.478192
-12.326611,20,87.539829
-12.18676,19,87.596894
-16.674196,25,87.672484
-13.486645,20,87.732693
-14.66267,22,87.799401
-12.642115,19,87.856446
-11.828608,18,87.910403
-15.849998,24,87.983552
-13.649476,21,88.046309
-11.842715,19,88.103078
-16.562204,26,88.181826
-13.690361,21,88.245583
-13.44468,22,88.312735
-14.082016,21,88.376369
-15.156088,22,88.442318
-16.162198,24,88.514482
-12.799142,19,88.572548
-14.909919,23,88.641606
-12.94519,19,88.698333
-12.782357,19,88.755942
-12.632744,19,88.813313
-12.790748,20,88.874369
-14.308175,25,88.950369
-13.800812,21,89.014544
-13.673498,21,89.07755
-13.179215,20,89.137462
-12.804418,19,89.195836
-14.74113,25,89.602699
-12.448956,19,89.660876
-12.867193,18,89.714988
-12.97064,20,89.775458
-18.773585,30,89.866067
-13.459466,23,89.935033
-13.971706,22,90.002846
-13.430554,21,90.065914
-13.672513,20,90.126386
-13.364932,21,90.190138
-13.514525,20,90.250524
-12.460867,18,90.313098
-15.943101,27,90.394402
-13.854423,23,90.464255
-12.34446,19,91.129869
-12.675481,20,91.193289
-15.382339,23,91.266241
-12.608438,20,91.330061
-12.453174,20,91.393697
-13.711686,22,91.463469
-12.132505,19,91.524498
-12.605962,19,91.584731
-13.236303,21,91.652456
-12.64148,18,91.710357
-14.648635,22,91.780242
-13.41572,20,91.844684
-12.345102,19,91.904944
-12.492504,20,91.968124
-12.273251,20,92.033412
-12.584721,19,92.093769
-12.479286,19,92.49434
-15.663187,24,92.567604
-14.932413,22,92.634926
-13.052879,20,92.694966
-12.492775,19,92.751896
-14.121862,21,92.815403
-13.440147,20,92.875407
-13.450293,21,92.938918
-14.342335,22,93.005236
-13.725422,22,93.072015
-12.266213,18,93.126269
-12.967507,20,93.186122
-12.272345,19,93.243827
-13.851622,21,93.306861
-14.688888,23,93.375868
-12.756749,19,93.43301
-12.605178,20,93.493393
-11.684024,18,93.548507
-12.702641,19,93.605874
-14.328473,24,93.677965
-12.570006,19,93.734797
-12.796924,20,93.794785
-13.961667,22,93.862357
-12.477076,18,93.916315
-12.94347,20,93.976031
-15.165872,24,94.049506
-13.288571,21,94.113797
-12.326699,19,94.171416
-13.559544,21,94.236547
-13.057624,22,94.305682
-12.552326,19,94.365404
-13.604116,20,94.767619
-12.455342,19,94.828832
-14.756553,22,94.898793
-12.998999,20,94.962442
-12.03194,18,95.722374
-12.713446,19,95.782701
-13.041642,21,95.85051
-12.691588,20,95.914554
-14.93229,24,95.991254
-12.37068,19,96.052406
-13.633864,22,96.122596
-14.393616,23,96.1963
-13.321709,21,96.264257
-16.058114,24,96.340282
-13.532311,21,96.406913
-12.488002,19,96.46858
-15.147896,22,96.539172
-12.577294,19,96.599567
-13.214636,20,96.664429
-13.774872,22,96.734682
-12.250241,19,96.794632
-13.83571,23,96.868162
-13.604966,22,96.938155
-12.193418,18,96.994929
-11.854158,18,97.052183
-13.916731,24,97.129774
-13.365067,20,97.193713
-14.276613,23,97.26732
-13.93271,24,97.344033
-13.352334,20,97.407296
-12.507039,20,98.162196
-12.877201,21,98.22996
-12.541813,20,98.294303
-12.808333,19,98.355226
-12.430101,19,98.416492
-12.974026,20,98.481057
-12.411322,19,98.542073
-16.486533,24,98.619012
-13.252487,21,98.686408
-12.484216,19,98.747754
-14.084865,22,98.818563
-12.60904,19,98.879158
-12.831171,20,98.943836
-12.454051,20,99.007516
-13.667063,24,99.084957
-12.434395,18,99.143505
-12.907796,20,99.207942
-13.622807,22,99.278119
-11.918644,18,99.336223
-13.800101,21,99.404052
-12.288495,19,99.465189
-13.413626,23,99.539068
-13.973099,21,99.606289
-12.486589,19,100.367128
-12.883619,20,100.431283
-12.273089,20,100.494728
-13.582044,21,100.562176
-12.573199,20,100.62607
-11.985584,18,100.68274
-13.996318,22,100.754222
-12.37685,19,101.157891
-16.331926,25,101.238005
-12.103766,19,101.298027
-12.913959,20,101.362168
-13.750424,20,101.426122
-14.944972,27,101.511223
-13.240422,21,101.57794
-12.960793,20,101.641276
-13.96779,22,101.710379
-13.140717,21,101.777863
-13.620568,23,101.849918
-11.833658,18,101.906649
-16.636285,26,101.988942
-12.308303,19,102.049347
-12.335614,19,102.10883
-12.360821,19,102.1695
-12.865555,20,102.232947
-12.875334,20,102.296261
-12.236842,19,102.357125
-13.307867,22,102.426592
-12.401544,18,102.483304
-12.76113,20,102.547174
-12.396699,19,102.60673
-14.37696,22,102.676075
-14.203689,21,102.742448
-13.111642,20,102.805849
-13.479431,21,102.872704
-12.210152,19,102.932777
-12.65195,19,102.994222
-12.685178,19,103.055106
-13.190624,22,103.124565
-13.833045,21,103.533722
-12.60265,19,103.595092
-13.312967,21,103.662375
-13.825869,21,103.72805
-12.333608,19,103.78975
-14.262049,23,103.862327
-14.389639,22,103.931645
-12.026017,19,103.99294
-13.54323,22,104.062826
-12.681965,20,104.125777
-12.654835,19,104.186537
-13.007514,20,104.25043
-13.635753,21,105.042288
-12.654249,21,105.107554
-12.659031,20,105.170593
-13.917133,22,105.241024
-12.520213,19,105.303226
-16.24184,25,105.379001
-12.426115,19,105.436501
-12.068807,19,105.494304
-11.937205,19,105.551611
-12.734483,20,105.612558
-13.412071,21,105.676137
-12.648872,19,105.73372
-12.523992,19,105.790998
-14.524787,26,105.869425
-15.408296,25,105.944589
-13.007197,21,106.007691
-13.611891,20,106.067691
-14.059264,23,106.136752
-12.714241,20,106.521785
-12.623563,19,106.580895
-12.136866,18,106.637529
-12.979043,20,106.699858
-13.694387,21,106.765998
-12.173962,19,106.826589
-12.98224,20,106.889423
-13.329055,21,106.955711
-12.646253,19,107.016248
-13.691974,22,107.085768
-14.593585,22,107.15481
-12.201904,19,107.215796
-12.907632,20,107.278273
-13.673819,22,107.348192
-12.05232,19,107.408617
-13.197443,21,107.475184
-11.90579,20,107.539149
-12.215566,19,107.599479
-12.590096,20,107.66351
-13.0649,21,107.730379
-13.813994,22,107.800362
-13.278268,20,107.864688
-13.539255,21,107.931404
-12.279304,19,107.991997
-12.424223,19,108.052705
-11.813443,18,108.110032
-12.4557,20,108.173978
-12.438913,19,108.235341
-13.667607,21,108.302242
-13.507648,21,108.374996
-15.951772,23,108.448644
-13.009982,20,108.857215
-12.221612,19,109.575887
-13.29435,21,109.640184
-12.476094,20,109.701008
-12.900609,20,109.761859
-14.632097,23,109.832767
-12.345813,20,109.894334
-14.153115,21,109.959254
-13.319711,20,110.020741
-12.040287,19,110.079465
-14.813974,23,110.150297
-13.650208,21,110.21437
-14.709966,24,110.288362
-13.058282,20,110.349812
-12.66431,20,110.412103
-12.895449,21,110.476802
-12.15829,19,110.536383
-13.241519,20,110.597912
-12.245706,20,110.659911
-14.238999,22,110.728079
-12.807907,20,110.789269
-13.602631,23,110.860835
-13.261378,20,110.922851
-12.045657,18,110.977697
-12.792998,20,111.038851
-13.064489,21,111.102962
-12.261807,17,111.154328
-13.260497,21,111.217735
-12.775699,21,111.28156
-12.489951,19,111.340066
-12.2516,19,111.72477
-14.071153,21,111.78979
-12.517612,20,111.850851
-13.155619,21,111.915204
-12.67343,20,111.977247
-15.031616,23,112.048224
-13.198409,21,112.114903
-12.865709,20,112.177899
-11.821367,18,112.235239
-12.78429,20,112.300177
-13.437747,22,112.370857
-13.062135,20,112.434662
-14.083198,22,112.505183
-14.044215,21,112.573236
-12.697035,20,112.638182
-13.846809,21,112.705711
-12.48119,20,112.770055
-13.620226,21,112.837406
-13.409593,21,112.905573
-14.523475,23,112.980279
-14.176015,23,113.054249
-12.813661,19,113.737347
-13.083409,21,113.805546
-12.550713,19,113.866969
-12.463837,19,113.929139
-12.370284,21,113.99728
-12.555718,20,114.061123
-12.242053,19,114.122413
-13.08061,21,114.190422
-13.589557,22,114.260468
-12.883516,20,114.324756
-13.541593,22,114.738666
-11.883165,18,114.79657
-11.84722,18,114.854035
-12.72659,20,114.918494
-11.699845,18,114.975524
-12.331548,19,115.036912
-12.489149,19,115.097299
-12.528232,19,115.158545
-11.915403,18,115.216824
-12.900013,20,115.28065
-15.254754,25,115.359116
-12.644428,20,115.421564
-12.60527,19,115.481791
-12.411531,19,115.543354
-12.379829,19,115.604697
-12.774289,20,115.667796
-22.919452,26,115.750452
-12.054184,19,115.811328
-13.147727,19,115.871116
-12.944415,20,115.935555
-12.973936,20,115.998645
-14.022554,20,116.062579
-12.82934,19,116.123956
-12.007121,18,116.182142
-11.543569,18,116.239269
-12.556844,19,116.299488
-12.006871,18,116.357466
-12.313857,19,116.418203
-12.621824,21,116.485022
-13.052194,20,116.549342
-12.878012,19,116.609698
-13.839241,21,117.018156
-12.120348,18,117.075958
-12.524455,19,117.137546
-12.027219,19,117.197962
-13.757181,21,117.26472
-12.070902,19,117.325191
-12.205915,19,117.385317
-12.006666,18,117.442946
-14.117453,24,117.519253
-11.862877,18,117.577282
-12.090052,19,117.637537
-12.251894,19,118.433419
-12.236388,20,118.496493
-13.032897,21,118.563801
-11.804512,18,118.620937
-12.173971,19,118.68124
-12.054467,19,118.741447
-11.411736,17,118.797166
-12.442926,20,118.861078
-12.014382,19,118.921524
-14.32543,22,118.991793
-12.264094,18,119.049063
-12.945411,19,119.109428
-12.690799,20,119.173283
-12.345746,18,119.231337
-12.585996,20,119.295435
-12.145374,18,119.35267
-14.18098,23,119.427051
-12.220256,19,119.488112
-14.24067,24,119.564391
-12.194035,19,119.625747
-15.668067,29,119.71795
-11.816185,18,120.505292
-11.81073,18,120.563592
-12.209842,19,120.625623
-12.831259,20,120.689701
-12.614806,20,120.753226
-11.625934,18,120.811183
-12.759449,21,120.878854
-12.68972,21,120.94533
-13.305708,22,121.015474
-13.415344,21,121.082561
-11.792787,18,121.140902
-12.186657,20,121.205351
-12.353351,20,121.269489
-12.647454,20,121.333033
-12.440895,20,121.396655
-12.418479,20,121.460989
-14.082271,23,121.534528
-11.920331,18,121.592559
-11.695493,18,121.650432
-15.166954,24,121.726585
-12.682064,19,121.787528
-13.632662,22,121.858629
-13.070792,20,121.922847
-12.335024,19,121.982855
-12.230722,19,122.043287
-12.42512,20,122.106878
-12.664466,19,122.167728
-12.542098,20,122.231932
-12.260517,19,122.292643
-13.810734,22,122.36247
-12.987806,21,123.069143
-13.84851,23,123.467864
-12.309323,19,123.52583
-13.20759,22,123.592524
-11.846137,19,123.651168
-12.749066,20,123.712455
-13.175726,22,123.778764
-12.235197,19,123.836283
-11.903741,18,123.890489
-16.357811,26,123.968822
-13.609317,23,124.039032
-11.676457,18,124.093785
-12.842338,20,124.154511
-12.676042,22,124.223076
-13.093987,20,124.284545
-11.472697,18,124.339895
-12.145559,18,124.394557
-13.379025,21,124.458386
-13.768805,21,124.521915
-12.646656,19,124.579213
-12.828188,21,124.643494
-14.108232,20,124.703603
-12.601218,20,124.764366
-12.516567,20,124.825293
-11.898781,19,124.883115
-12.579854,20,124.944044
-14.545044,24,125.016951
-13.435502,22,125.084085
-12.645285,19,125.14112
-12.891081,21,125.205293
-12.897613,20,125.266717
-12.037317,19,125.324422
-12.237785,19,125.707918
-13.535958,22,125.776337
-12.779215,19,125.836815
-12.268055,20,125.900562
-11.835972,18,125.958075
-12.16738,19,126.018701
-12.028295,19,126.080106
-15.000415,24,126.157116
-13.02423,20,126.220672
-11.966906,18,126.278767
-12.300747,20,126.342352
-13.847461,20,126.406076
-13.745885,22,126.477355
-11.872836,19,126.538422
-12.225816,19,126.599388
-12.260664,19,126.660753
-12.370817,19,126.72173
-11.725371,18,126.779708
-12.019545,19,126.840671
-11.789948,19,127.687881
-11.867149,18,127.7447
-12.054145,19,127.804916
-12.824775,20,127.867985
-12.360923,19,127.928657
-12.378817,19,127.989001
-12.092562,18,128.04603
-13.131411,22,128.115731
-12.325445,20,128.17888
-13.74928,23,128.252448
-14.357588,24,128.329557
-13.290627,22,128.399975
-13.825255,22,128.814483
-13.180697,20,128.876827
-11.555286,18,128.932363
-12.9379,21,128.9958
-12.286327,19,129.053039
-11.889591,18,129.108071
-13.004726,22,129.17425
-12.946545,21,129.237901
-11.548781,18,129.29308
-11.87484,18,129.348228
-12.037203,19,129.405723
-12.5993,20,129.466845
-14.72474,25,129.543347
-11.918704,18,129.59784
-12.315981,19,129.655575
-11.864715,18,129.710796
-11.625795,19,129.76841
-12.753811,21,129.832732
-11.975609,19,129.890518
-11.540205,18,129.945727
-12.206825,19,130.004596
-12.744976,20,130.064555
-13.699156,21,130.12868
-13.695168,22,130.195451
-13.75253,24,130.268303
-12.638061,20,130.329227
-11.603421,18,130.384444
-12.444659,19,130.441965
-13.166527,21,130.504922
-12.141439,19,130.562814
-12.122411,19,130.620534
-12.221478,18,130.675283
-13.515111,21,131.072757
-11.99373,19,131.130597
-12.705399,19,131.188431
-13.836465,23,131.258777
-12.710889,20,131.321377
-12.342112,19,131.381318
-13.213174,20,131.443073
-11.803,19,132.189056
-12.615117,20,132.251718
-12.66908,20,132.314421
-12.057721,18,132.372631
-12.356463,20,132.435702
-13.010005,21,132.50296
-12.84854,21,132.570921
-12.323097,19,132.631535
-12.690781,19,132.692397
-11.765107,19,132.753556
-12.064606,19,132.814051
-12.144973,19,132.874867
-12.784003,20,132.939358
-11.87817,17,132.994594
-11.610095,18,133.052416
-11.896768,19,133.112316
-12.744371,20,133.176474
-16.126193,26,133.259608
-12.587913,20,133.323833
-14.152702,22,133.399903
-11.942468,18,133.457305
-12.887628,20,133.520617
-12.817852,21,133.58754
-12.067372,19,133.647684
-14.128297,23,134.063608
-11.580585,18,134.121168
-11.750354,18,134.179144
-12.21286,19,134.240634
-12.329786,20,134.304883
-13.615533,22,134.375939
-12.287498,19,134.437067
-12.111788,18,134.49464
-12.00398,19,134.554845
-12.404676,19,134.615267
-12.605688,20,134.678693
-13.036203,20,134.743518
-12.87893,19,134.805753
-11.756727,18,134.863695
-12.03294,19,134.924569
-12.797533,20,134.990252
-12.97894,19,135.051577
-12.353413,19,135.112394
-12.637878,20,135.177044
-11.879148,18,135.235497
-12.695349,21,135.303613
-12.09019,19,135.364551
-12.61363,19,135.426253
-11.689769,19,135.488092
-12.739148,20,135.552247
-12.120206,18,135.611139
-14.174884,23,135.684876
-12.465873,18,135.74327
-12.204254,19,135.805263
-12.785309,21,136.552633
-12.520604,19,136.613236
-11.300021,18,136.670246
-12.762418,21,136.736026
-11.829824,18,137.130729
-12.240053,19,137.188703
-12.438702,19,137.24718
-12.363556,19,137.305377
-12.038869,19,137.365101
-11.566671,18,137.422982
-12.603691,19,137.482987
-12.163745,19,137.543222
-12.076751,20,137.608078
-12.038162,19,137.668827
-12.303224,19,137.729517
-12.030485,19,137.790591
-11.717825,18,137.848507
-11.635525,18,137.906736
-11.497577,18,137.964566
-11.854579,18,138.023305
-13.069625,22,138.093644
-12.824773,20,138.156879
-12.021616,18,138.215649
-11.920509,19,138.27677
-13.253525,21,138.343827
-13.723121,21,138.410877
-12.887014,22,138.481372
-12.109299,19,138.541972
-12.232872,19,138.602508
-12.146042,19,138.663826
-11.990133,18,138.721295
-11.635752,19,138.781937
-13.269517,21,138.849933
-12.602532,20,138.913816
-12.566694,20,138.978088
-11.889005,19,139.039502
-12.036726,19,139.443452
-12.121308,20,139.508271
-11.638319,18,139.566048
-12.375769,19,139.627013
-12.387177,19,139.687672
-11.737978,18,139.746606
-12.464396,19,139.807675
-13.513921,22,139.878999
-11.599866,17,139.933617
-12.602193,19,139.995278
-11.396414,18,140.053959
-12.10403,19,140.115005
-12.527238,20,140.179264
-11.812132,18,140.237
-11.802847,19,140.297982
-12.867842,20,140.361973
-11.469869,18,140.419479
-11.63128,18,141.227544
-12.171968,18,141.282158
-13.322554,21,141.345575
-12.416945,19,141.40284
-12.936323,22,141.471659
-11.799675,18,141.526695
-12.116758,19,141.585649
-14.275403,24,141.661118
-11.737002,19,141.721141
-12.379976,19,141.781226
-11.993293,18,141.838517
-12.223852,19,141.899488
-12.049346,20,141.963127
-12.423819,19,142.023802
-11.74904,19,142.084565
-12.125178,18,142.142213
-12.273411,20,142.889479
-13.375596,22,142.959942
-12.198405,20,143.024498
-12.930923,20,143.089142
-12.533279,19,143.150092
-15.76935,24,143.227075
-20.413003,28,143.316541
-12.933257,20,143.379928
-13.58056,22,143.450196
-11.763582,18,143.508462
-11.920385,18,143.566133
-12.574761,19,143.626577
-12.636708,20,143.690812
-12.455505,19,143.751301
-13.8341,24,143.828245
-12.052784,19,143.889124
-12.055975,18,143.946613
-11.852752,18,144.004173
-11.872637,19,144.064831
-12.364177,20,144.129445
-11.714781,18,144.186299
-11.79067,19,144.246825
-12.656575,19,144.307564
-11.613707,18,144.364687
-13.091549,20,144.428415
-11.702991,19,144.489605
-12.116089,19,144.550938
-11.671146,19,144.611869
-12.35273,20,144.676105
-11.874683,18,144.734196
-12.048223,19,144.795306
-13.117456,20,145.199705
-13.532108,21,145.265749
-12.20773,20,145.337607
-11.967791,19,145.39804
-13.054223,19,145.458768
-12.057977,17,146.262313
-11.558248,18,146.317816
-12.308226,19,146.377531
-11.952946,18,146.434218
-11.709074,19,146.494663
-11.98874,19,146.553809
-12.724433,21,146.620666
-11.515924,18,146.677483
-12.197399,19,146.73809
-11.696833,17,146.792447
-12.203558,19,146.852931
-11.732859,18,146.909461
-12.813175,20,146.97331
-12.19588,18,147.030408
-12.698775,19,147.090899
-13.657049,21,147.15881
-13.109229,21,147.225541
-11.607977,20,147.289068
-12.739404,20,147.352093
-11.958899,19,147.409537
-13.082202,21,147.473373
-11.208055,18,147.531455
-12.038866,19,147.589853
-12.121007,19,147.649871
-13.004387,20,147.712672
-15.112645,23,147.785901
-12.524774,21,147.85198
-12.014468,19,148.253094
-11.12301,17,148.307707
-12.044848,19,148.368917
-12.467467,20,148.432882
-11.811415,18,148.48973
-11.905118,19,148.550807
-12.392452,18,148.60824
-11.963111,19,148.669045
-11.762899,18,148.725877
-11.606137,18,148.784113
-11.648788,19,148.844813
-12.231825,19,148.90503
-11.593657,18,148.962528
-12.364655,20,149.02627
-12.289561,19,149.087543
-11.869521,19,149.148305
-12.203622,19,149.209615
-11.50858,18,149.267155
-12.393225,19,149.327474
-11.911134,19,149.38883
-13.511729,22,149.459396
-12.465554,19,149.520399
-11.460325,19,149.581876
-11.317073,18,149.640357
-12.398074,19,149.701685
-12.721382,19,149.763437
-11.501605,18,149.821628
-12.636092,19,150.526848
-12.11758,19,150.588764
-11.85225,19,150.650308
-12.647413,20,150.716204
-12.206563,19,150.778127
-12.156211,19,150.839992
-11.663117,18,150.898357
-12.029642,19,151.307482
-13.121264,21,151.375767
-11.479222,18,151.43464
-11.754528,17,151.489493
-13.13247,20,151.554007
-11.834999,19,151.615871
-11.807758,19,151.677815
-11.044495,18,151.736292
-12.286176,22,151.807452
-12.987377,22,151.879113
-11.563239,18,151.937275
-12.062991,19,151.999294
-11.611723,20,152.063877
-12.38399,20,152.128542
-12.067156,19,152.190159
-12.04305,18,152.249096
-11.933906,19,152.311218
-12.864221,20,152.375374
-12.19773,19,152.437208
-12.54643,20,152.501674
-12.051405,19,152.562933
-11.672008,18,152.621308
-13.131518,21,152.68985
-11.740586,17,152.745605
-11.543467,18,152.80387
-11.920902,19,152.865536
-12.933911,21,152.933605
-11.982951,19,152.995495
-11.741938,18,153.053864
-11.773923,18,153.111917
-12.003956,19,153.173496
-11.671255,18,153.233267
-13.88191,22,153.646953
-11.561611,18,153.702324
-12.223681,20,153.762622
-13.408135,21,153.826267
-12.099459,20,153.88653
-12.456312,19,153.944011
-11.828632,18,153.998093
-11.869552,18,154.052977
-12.280606,19,154.110287
-12.398455,20,154.170482
-12.17043,21,154.235247
-12.237666,19,154.293031
-11.66286,18,154.347296
-13.142904,21,154.410655
-12.808126,21,155.405046
-15.069102,25,155.484432
-11.94851,19,155.544608
-12.13039,19,155.604553
-11.526057,18,155.661849
-11.793965,17,155.715725
-12.197004,19,155.776395
-12.177667,19,155.837943
-11.482565,18,155.895453
-11.780933,18,155.952929
-13.293463,20,156.016608
-11.797065,18,156.074613
-12.073706,19,156.135307
-12.240859,19,156.195839
-11.868446,18,156.253891
-12.148185,19,156.314477
-11.845358,18,156.372436
-12.472772,22,156.442869
-12.695092,19,156.503431
-11.742364,19,156.901471
-11.862188,19,156.959742
-12.389085,19,157.017274
-11.608853,17,157.069215
-13.039235,21,157.133477
-12.739333,20,157.19402
-12.550411,20,157.255579
-11.29372,18,157.310796
-12.368006,20,157.372079
-12.257143,19,157.431871
-11.523369,18,157.488741
-12.108465,18,157.545495
-12.291775,19,157.605253
-12.641884,20,157.668992
-11.723166,18,157.726754
-11.723714,19,157.787278
-11.894522,19,157.848243
-12.533357,20,157.912253
-12.081191,19,157.972937
-12.63451,21,158.040215
-11.946855,19,158.101138
-11.80855,18,158.158982
-12.162982,19,158.220042
-11.95669,18,158.277846
-13.410152,22,158.348349
-12.372826,19,158.409648
-11.587905,18,158.467935
-12.569697,21,158.535614
-13.370079,24,158.613013
-11.347856,18,158.67135
-12.371708,20,158.735289
-12.051225,19,158.796094
-12.595449,19,159.195797
-13.101375,20,159.256617
-12.056155,19,160.03707
-11.832788,18,160.092142
-12.646318,20,160.153363
-11.872166,18,160.208286
-12.027005,19,160.265922
-12.258043,19,160.323509
-11.739447,18,160.378858
-12.310109,19,160.436579
-11.762034,18,160.490788
-11.772378,19,160.54888
-11.646281,19,160.606702
-11.546377,18,160.661641
-12.540935,20,160.722642
-12.998155,20,160.78309
-11.960828,19,160.840839
-12.138603,19,160.898445
-12.360616,20,160.960302
-13.619638,23,161.030081
-12.923283,22,161.096202
-12.502522,21,161.16012
-12.01429,18,161.214331
-12.062511,19,161.27189
-11.704846,18,161.326627
-11.661713,19,161.38482
-15.261705,29,161.472778
-11.913318,19,161.530772
-12.015477,19,161.588772
-14.455995,24,161.661143
-11.879191,18,161.715755
-12.151165,19,161.773271
-11.926806,19,162.158926
-14.109319,23,162.229085
-12.013255,19,162.286287
-11.405824,18,162.341163
-11.884457,19,162.399147
-11.967691,19,162.457012
-13.413226,21,162.52131
-12.244719,19,162.578852
-11.596803,18,162.633307
-11.567244,18,162.687244
-12.551422,23,162.770673
-12.845074,20,162.831513
-12.900884,20,162.89186
-11.570424,18,162.946832
-11.277544,18,163.001487
-11.799046,18,163.056123
-12.999959,21,163.11982
-12.13247,19,163.17722
-12.16443,19,163.234777
-11.942103,18,163.288971
-11.543919,18,163.343756
-11.277854,18,163.39805
-11.532764,18,163.452631
-12.520759,20,164.168992
-12.002166,19,164.227694
-12.298134,19,164.285539
-12.086846,19,164.343664
-11.703685,18,164.399088
-12.11777,19,164.456575
-12.063002,19,164.51502
-11.890727,18,164.57053
-12.438293,19,164.628976
-12.364035,19,165.351158
-11.854374,19,165.410579
-11.856499,18,165.465954
-11.791213,19,165.523862
-12.111828,18,165.580533
-12.875062,20,165.641718
-11.731002,18,165.696907
-11.93028,18,165.750973
-12.585112,19,165.809635
-11.303617,18,165.864082
-14.071581,21,165.927416
-11.807135,18,165.984092
-12.016447,19,166.04245
-11.487199,17,166.093897
-11.810194,18,166.148386
-11.569114,18,166.203679
-12.089184,18,166.25847
-11.331018,18,166.312993
-12.729348,21,166.377066
-12.690856,20,166.4374
-11.776602,19,166.495413
-11.805043,18,166.550076
-11.695187,18,166.60668
-11.931708,19,166.66423
-12.822343,21,166.728045
-12.092102,19,166.785734
-12.657945,20,166.846074
-12.329418,19,166.903886
-11.69875,18,166.958409
-11.364813,18,167.014363
-12.712121,21,167.078077
-11.496388,19,167.135242
-12.910986,22,167.203258
-12.290426,19,167.58853
-12.018522,19,167.646759
-11.753822,18,167.701514
-12.33623,20,167.76229
-11.586277,18,167.817705
-11.246465,18,167.871739
-12.435184,19,167.92883
-12.225308,19,167.98579
-11.62021,18,168.040429
-11.696424,19,168.097702
-12.127375,19,168.155431
-12.405771,19,168.213966
-11.868035,19,169.100357
-12.248389,19,169.159985
-12.904287,21,169.22661
-11.947568,19,169.286549
-11.677424,18,169.341114
-11.681897,18,169.395399
-12.578598,22,169.462607
-12.284014,19,169.519702
-11.919898,19,169.578682
-12.531472,19,169.637258
-11.770551,18,169.691448
-12.216038,19,169.748379
-11.738608,18,169.802236
-12.600234,20,169.862787
-12.729787,19,169.920232
-12.302739,19,169.978759
-11.965246,19,170.038278
-12.365633,19,170.097625
-11.99833,18,170.155087
-12.24464,19,170.216156
-12.226048,19,170.277032
-11.716727,18,170.334221
-12.061482,19,170.7359
-13.341423,22,170.802692
-12.379802,19,170.861352
-11.754794,18,170.915357
-11.355583,18,170.969378
-11.497796,18,171.02353
-12.170254,19,171.081668
-11.998001,19,171.139471
-11.520266,18,171.194258
-12.146136,19,171.252396
-11.133214,18,171.306684
-11.995262,20,171.36688
-11.333161,18,171.421097
-11.862912,19,171.479378
-11.919819,19,171.536292
-11.853364,18,171.590892
-11.79648,18,171.646271
-11.626126,18,171.700604
-12.401881,19,171.758451
-11.633899,18,171.812404
-11.721018,18,171.866979
-11.326173,18,171.921212
-12.267317,19,171.978738
-12.449522,20,172.039577
-12.911336,19,172.098088
-11.017684,18,172.154248
-12.975511,22,172.224705
-11.693174,19,172.286224
-11.628734,18,172.343291
-12.68053,20,172.407708
-11.586912,18,172.465499
-11.989756,19,172.526584
-11.781938,18,173.269282
-12.009888,19,173.67851
-12.767339,23,173.752716
-11.924384,19,173.814174
-13.100014,22,173.884894
-15.250343,25,173.964781
-11.578897,18,174.022442
-11.685932,19,174.084325
-12.475426,19,174.145048
-11.954145,19,174.205864
-11.533454,18,174.264369
-11.843623,18,174.322733
-13.127826,19,174.384049
-11.440651,18,174.44212
-11.920761,18,174.500416
-12.855936,21,174.567896
-12.17805,19,174.629053
-11.446438,18,174.688323
-12.857608,21,174.756896
-11.256348,18,174.815135
-12.449554,20,174.879657
-13.000156,21,174.947372
-11.439826,18,175.005157
-11.936697,19,175.067021
-13.088762,22,175.138219
-13.428262,21,175.20594
-13.969189,22,175.277381
-11.550153,18,175.33607
-12.190369,19,175.397415
-11.281271,18,175.455628
-13.146437,22,175.526638
-11.659611,19,175.587656
-12.615046,18,175.6458
-11.818711,19,176.052062
-11.791739,18,176.110351
-12.452979,19,176.171622
-11.897183,19,176.232606
-12.01206,19,176.29384
-11.755153,18,176.352765
-10.925899,17,176.407431
-11.772175,19,176.468384
-11.6555,18,176.526999
-11.700385,19,176.588233
-13.658421,22,176.659068
-12.37528,20,176.723927
-11.916539,18,176.781926
-11.654335,18,176.839575
-11.849148,18,176.897802
-11.693677,18,176.955653
-11.891536,19,177.016768
-12.305199,20,177.08058
-12.855674,20,177.144998
-12.966873,21,177.212592
-11.54533,18,177.918287
-13.87417,22,177.986389
-11.745697,18,178.040673
-11.873372,18,178.094802
-12.898282,22,178.162146
-13.438096,21,178.226537
-11.543599,18,178.281589
-13.359225,23,178.35181
-11.477668,18,178.406296
-12.584791,20,178.46685
-12.225452,20,178.527666
-12.05946,19,178.585805
-12.22037,19,178.96934
-12.235515,20,179.030189
-11.755494,19,179.087656
-11.578217,19,179.146016
-11.10951,17,179.197934
-12.187897,18,179.252595
-11.616698,19,179.310312
-11.984382,20,179.371948
-11.737718,18,179.426821
-12.916095,21,179.490587
-11.876593,18,179.54606
-12.146394,19,179.603781
-11.654059,18,179.658901
-12.338109,19,179.716362
-11.5695,18,179.771992
-12.999978,20,179.834124
-12.026737,19,179.891802
-11.4408,19,179.949902
-12.11091,19,180.009643
-11.647757,18,180.065676
-11.475484,18,180.122592
-11.437754,18,180.180225
-11.712636,18,180.238116
-11.616559,18,180.29313
-11.736318,18,180.348372
-11.980604,19,180.406908
-12.184983,19,180.465208
-13.11612,22,180.531967
-12.235003,18,180.587296
-11.796766,18,180.641943
-12.375932,20,180.702216
-11.464201,18,180.75802
-11.656375,19,180.81634
-11.793124,20,181.204177
-11.654808,18,181.258717
-11.71366,19,181.317357
-11.328171,18,181.373625
-11.531975,18,181.428976
-12.435104,20,181.489529
-11.897635,18,181.54423
-12.832519,21,181.609261
-13.13934,22,181.676464
-11.803973,18,182.396029
-12.229406,19,182.456562
-11.937613,19,182.517317
-11.572121,19,182.578205
-11.598994,19,182.639081
-12.041649,18,182.696572
-11.729553,18,182.754188
-11.763818,19,182.815697
-11.469465,18,182.872951
-11.57549,18,182.930538
-11.74278,18,182.989091
-11.845085,19,183.050112
-12.058512,19,183.110719
-11.227993,16,183.161937
-11.642747,18,183.220243
-11.589173,18,183.278523
-11.598474,19,183.339621
-11.975132,19,183.401096
-12.562411,21,183.469239
-11.992893,20,183.533387
-12.158974,18,183.591718
-11.913175,19,183.652641
-11.456144,18,183.710405
-13.823502,21,183.777673
-11.569001,18,183.836035
-11.921089,19,184.238097
-12.281312,19,184.298301
-13.17117,21,184.361328
-11.769126,19,184.41996
-12.00635,18,184.474336
-11.649979,19,184.531238
-12.114536,20,184.591742
-11.870672,18,184.64675
-12.141993,20,184.707133
-13.186549,21,184.770136
-12.242749,19,184.82809
-11.9553,19,184.886017
-11.744257,18,184.941085
-11.510046,18,184.996114
-11.721845,19,185.055181
-12.52594,20,185.115445
-11.749825,19,185.172574
-11.498696,19,185.232359
-12.508991,19,185.291515
-12.193259,19,185.35147
-11.709788,18,185.409864
-11.907337,19,185.471506
-11.89175,19,185.533045
-12.631388,21,185.600548
-11.277273,17,185.662218
-11.480799,18,185.718185
-12.617105,21,185.7842
-11.925278,19,185.84546
-11.461503,18,185.9023
-13.109208,21,186.644484
-12.019015,20,186.708276
-11.450948,17,186.762626
-11.533086,18,187.489755
-12.042276,20,187.551147
-11.874341,19,187.609176
-12.249669,19,187.668628
-11.684486,20,187.728987
-12.570731,20,187.789391
-12.061969,20,187.850115
-11.496806,18,187.904553
-12.44399,19,187.962021
-12.639062,20,188.022369
-11.34695,17,188.07416
-12.171982,20,188.134913
-12.51895,21,188.198203
-12.071388,18,188.252758
-11.528401,18,188.307192
-12.023359,19,188.364063
-11.712706,20,188.424487
-11.51619,18,188.479313
-11.689898,19,188.537038
-11.988571,19,188.59429
-12.131467,20,188.655125
-12.113805,19,188.713241
-12.789094,20,188.773519
-11.808523,18,188.827956
-11.389239,18,188.882591
-11.344302,18,188.93672
-11.489214,18,188.990567
-11.27446,18,189.045154
-12.02817,19,189.103241
-11.892458,19,189.160028
-11.552611,18,189.214233
-11.619254,19,189.271877
-12.23879,19,189.329456
-11.999081,19,189.711021
-11.437204,18,189.765147
-11.62053,18,189.81939
-11.260117,17,189.870609
-12.034219,19,189.92904
-11.784645,19,189.98754
-11.549562,18,190.042972
-12.831419,21,190.106852
-11.454784,18,190.161507
-11.847266,18,190.216509
-11.81403,20,190.278047
-11.778897,19,190.335712
-11.784511,18,190.390072
-12.733728,20,190.450861
-11.247918,18,190.505988
-12.109887,20,190.567222
-11.705557,18,190.622851
-11.800934,18,190.678275
-12.251998,20,191.504637
-11.883603,19,191.562385
-13.253039,21,191.627184
-11.76466,19,191.684439
-11.688143,18,191.739447
-14.49361,25,191.816321
-11.60868,19,191.874128
-11.439588,18,191.929851
-11.738681,19,191.987133
-11.406563,18,192.042036
-12.49831,20,192.10253
-12.234627,20,192.162494
-12.877959,21,192.226402
-11.619704,18,192.280588
-12.036716,19,192.338446
-11.369028,18,192.716951
-11.501268,18,192.771897
-11.545296,18,192.826404
-11.860737,18,192.881112
-11.835416,18,192.935647
-11.660046,18,192.99024
-11.604747,18,193.044629
-11.696097,19,193.101679
-12.368943,20,193.163646
-12.543816,20,193.22514
-11.612199,19,193.284282
-12.191752,19,193.344154
-11.794246,18,193.4053
-13.420946,22,193.475318
-12.170941,19,193.53616
-11.943511,19,193.596897
-11.331918,18,193.655333
-11.581329,18,193.713132
-11.592663,18,193.770627
-11.261351,17,193.825046
-11.841981,19,193.885568
-11.775659,19,193.946142
-11.329765,18,194.003325
-11.793742,19,194.063778
-13.370059,21,194.131292
-11.759141,18,194.188856
-13.483877,21,194.256964
-11.896024,19,194.31744
-11.908644,19,194.378709
-11.461299,18,194.436525
-12.222073,20,194.500051
-11.387677,19,194.560762
-11.251124,18,194.618593
-11.641157,18,195.020538
-12.068708,19,195.081479
-11.676073,19,195.143182
-11.36302,18,195.20157
-11.904505,19,195.262911
-11.649796,18,195.319241
-12.018433,19,196.065044
-11.855604,19,196.12792
-12.100598,19,196.190448
-11.66181,19,196.252534
-11.498015,18,196.310952
-11.369615,18,196.369089
-11.598748,18,196.427561
-11.523388,18,196.484631
-12.05913,19,196.545284
-11.659916,19,196.606138
-12.333324,19,196.666528
-11.705548,19,196.727512
-13.278869,22,196.798426
-11.393417,18,196.855965
-11.872025,18,196.913302
-11.400851,18,196.971301
-11.78731,18,197.029381
-11.602044,18,197.08729
-12.05151,19,197.148036
-11.900711,18,197.206414
-11.940497,19,197.267437
-11.852671,19,197.328429
-12.353591,21,197.396793
-11.646862,18,197.454286
-11.716273,19,197.515091
-11.469569,18,197.573389
-11.993042,20,197.63805
-12.732455,20,197.701998
-11.587044,18,198.101986
-11.779244,19,198.162995
-11.717027,18,198.220532
-12.61423,22,198.290917
-11.526942,18,198.348382
-11.424665,18,198.409831
-12.528776,21,198.47717
-11.615685,19,198.537811
-11.738618,19,198.598585
-11.855816,19,198.659799
-11.863354,19,198.720607
-11.464279,19,198.780864
-11.907385,18,198.839113
-12.028505,19,198.900129
-13.253135,21,198.967212
-12.566918,21,199.035098
-12.66631,21,199.102422
-12.204183,19,199.16324
-11.731677,18,199.221561
-14.698436,26,199.305619
-11.79378,19,199.367801
-11.433254,18,199.426008
-12.004776,19,199.487191
-11.246488,17,199.541436
-11.822932,18,199.599507
-13.033397,20,199.664414
-11.392532,18,200.320165
-11.566393,18,200.374077
-11.293749,18,200.430887
-11.533423,18,200.486722
-11.51135,18,200.543433
-11.962634,19,200.604064
-11.311374,18,200.998705
-12.846922,21,201.066669
-11.227697,18,201.124435
-12.734692,21,201.192117
-11.619867,19,201.253903
-11.534619,19,201.313977
-11.817185,19,201.374538
-11.279766,18,201.432427
-11.653873,19,201.492978
-12.702412,20,201.556927
-11.416107,19,201.617176
-11.788679,18,201.674489
-11.856684,19,201.735551
-11.669753,19,201.796011
-11.612483,18,201.854008
-11.470347,18,201.911886
-11.47013,19,201.972331
-11.623063,18,202.030238
-12.096959,19,202.090811
-11.930508,19,202.151306
-12.589166,20,202.215811
-11.853042,19,202.277043
-11.479277,18,202.334764
-11.929438,19,202.395507
-12.378009,21,202.462662
-11.856822,19,202.523767
-11.682394,18,202.580822
-11.239109,18,202.638518
-11.590713,18,202.696317
-11.821803,18,202.753671
-11.397438,18,202.811456
-11.143446,18,202.868221
-12.445903,20,202.929261
-11.226145,18,202.983666
-11.849853,18,203.363816
-13.166614,21,203.427171
-12.212812,19,203.486135
-11.623283,19,203.543586
-12.98774,21,203.606585
-11.635738,19,203.664455
-11.401346,18,203.718904
-11.610176,18,203.77385
-11.674542,19,203.831343
-11.47277,19,203.88908
-11.229973,17,203.940727
-12.397885,20,204.000799
-11.555807,19,204.058622
-12.120118,19,204.116771
-11.61216,19,204.815963
-11.867018,19,204.878515
-11.908739,20,204.943114
-11.446008,18,205.001364
-11.448816,18,205.059901
-12.173529,20,205.124319
-11.443605,18,205.18203
-12.296008,19,205.242513
-11.679884,19,205.303916
-12.136468,19,205.365047
-12.045401,19,205.425953
-11.879598,19,205.487165
-12.28326,20,205.551623
-12.196682,21,205.619791
-13.044092,20,205.684872
-14.680975,24,205.761406
-12.108581,19,205.822258
-11.892712,19,205.883638
-12.513866,19,206.288407
-11.752651,19,206.349851
-11.425441,18,206.407485
-11.408719,18,206.472252
-11.702777,19,206.533712
-11.488649,18,206.591343
-11.437454,18,206.648787
-11.703561,19,206.710575
-11.578972,18,206.767962
-14.238561,23,206.841084
-11.552878,18,206.899286
-11.682157,18,206.957294
-11.585974,18,207.015441
-11.586645,18,207.073222
-11.113523,18,207.13172
-11.375822,18,207.189573
-11.663753,18,207.247314
-11.585929,18,207.305289
-11.255303,18,207.364151
-11.486856,18,207.422072
-11.918515,18,207.479422
-11.85343,19,207.54095
-11.574882,20,207.604987
-11.931934,19,207.666129
-11.79719,18,207.724011
-12.73943,20,207.788324
-11.536537,18,207.846375
-11.402218,18,207.904872
-11.997407,19,207.966769
-11.610846,19,208.028545
-11.748434,19,208.089915
-11.594329,18,208.148134
-12.01241,20,208.212614
-11.258098,18,208.27101
-11.380681,17,209.023616
-12.425193,20,209.084746
-11.359844,18,209.140992
-11.723992,18,210.126665
-11.742707,18,210.183024
-11.782047,18,210.241694
-11.21172,18,210.2988
-12.469331,20,210.362293
-11.863365,18,210.419717
-11.515381,18,210.476921
-12.879449,20,210.541224
-11.746871,18,210.598571
-12.894627,20,210.662536
-11.365119,18,210.720068
-11.963103,19,210.780637
-11.818247,19,210.841081
-11.490709,18,210.898799
-11.481179,18,210.956968
-11.49529,18,211.014344
-11.670292,18,211.071664
-11.838882,19,211.132786
-11.67177,18,211.190674
-11.991998,19,211.251686
-11.377074,18,211.30925
-11.934658,19,211.37057
-11.850501,19,211.431148
-11.470807,18,211.491814
-12.193166,19,211.553642
-11.947379,19,211.614382
-11.728892,19,211.674635
-11.820268,18,211.732299
-11.602072,19,211.793108
-12.203626,19,211.853935
-11.639575,19,212.256451
-13.419459,22,212.327685
-11.509927,17,212.382584
-11.501681,18,212.440137
-12.042608,19,212.501067
-11.624001,18,212.559122
-11.326728,18,212.617364
-12.154749,19,212.678669
-11.770725,20,212.742313
-11.685955,19,212.803692
-11.397631,18,212.862151
-11.507931,18,212.919943
-11.559284,18,212.977889
-11.931254,19,213.038798
-12.065734,19,213.100102
-11.467153,18,213.158391
-11.731791,18,213.216491
-11.788139,19,213.277354
-11.372937,18,213.33513
-11.370218,17,213.390139
-11.497793,18,213.44786
-11.774207,19,213.508688
-11.25165,18,213.566149
-11.496932,18,213.624046
-11.900901,19,213.684711
-11.692237,19,214.476938
-12.274392,19,214.537774
-12.129974,20,214.602265
-11.453031,18,214.660349
-11.541322,18,214.718534
-12.251837,19,214.780163
-11.218787,18,214.838923
-11.492232,19,214.900121
-11.474294,18,214.958511
-11.325867,18,215.353153
-11.683333,19,215.413456
-11.837201,19,215.47152
-11.734736,18,215.527322
-12.834972,21,215.592315
-11.94272,19,215.65152
-11.756018,19,215.70949
-12.059966,19,215.768107
-12.032347,19,215.827466
-11.160044,18,215.88188
-11.484234,19,215.939033
-11.968485,18,215.993886
-11.609349,19,216.052854
-11.359226,18,216.10956
-11.205405,19,216.169183
-12.46632,21,216.236998
-11.638375,19,216.298038
-11.522723,18,216.355758
-11.461464,19,216.416785
-11.277003,18,216.481969
-11.731361,19,216.54317
-11.631692,19,216.604434
-11.851036,19,216.665416
-13.447951,22,216.73602
-11.937029,20,216.801125
-11.33275,18,216.859845
-11.895655,19,216.921154
-11.238475,19,216.981898
-11.961067,19,217.04355
-11.678849,18,217.101922
-11.575005,19,217.162768
-11.354221,18,217.221296
-11.821498,19,217.282574
-11.57433,18,217.68476
-11.527784,18,217.743416
-12.280432,19,217.804923
-12.130287,20,217.870386
-11.0481,18,217.928475
-12.919766,20,217.992996
-11.499815,19,218.054473
-11.832759,21,218.124181
-11.645116,19,218.183895
-11.687403,18,218.241843
-11.478149,18,218.300066
-11.595293,19,218.360264
-11.624056,19,219.119119
-11.285242,18,219.177211
-12.147508,19,219.238686
-12.538208,21,219.307066
-11.319801,18,219.365451
-11.697218,18,219.424325
-11.599178,18,219.483212
-11.424668,19,219.544635
-11.177091,18,219.602876
-11.278267,18,219.661171
-11.136518,18,219.719444
-11.128835,17,219.775001
-12.491598,19,219.83664
-12.602679,21,219.904835
-11.881748,19,219.966711
-11.343856,18,220.024931
-11.689962,18,220.083817
-12.01289,19,220.145109
-11.638572,19,220.206747
-11.666084,20,220.2718
-11.900564,19,220.332828
-12.182669,19,220.732256
-11.287995,18,220.788646
-11.550216,18,220.846136
-11.381949,19,220.907048
-11.281923,18,220.964825
-12.379906,20,221.028838
-11.545934,19,221.090514
-11.249353,18,221.148015
-11.578602,18,221.206072
-11.834564,19,221.267389
-11.429441,18,221.325226
-11.383488,18,221.383182
-12.498236,19,221.444201
-11.783709,19,221.505661
-11.296794,18,221.563559
-13.652607,24,221.640709
-11.217492,18,221.69923
-11.556021,18,221.754805
-11.722013,18,221.811883
-11.998542,19,221.873178
-11.528995,18,221.931097
-12.740253,21,221.998727
-11.163601,18,222.05717
-11.744608,19,222.118865
-11.489066,18,222.176963
-11.150967,17,222.231566
-11.912133,19,222.293236
-11.249333,18,222.351452
-11.26059,18,222.409312
-11.932199,19,222.47055
-11.394925,18,222.528881
-11.121072,18,222.586848
-13.085588,22,222.658297
-11.46659,18,222.716913
-11.311035,18,223.926037
-11.123499,18,223.983286
-11.015467,18,224.040741
-11.46532,18,224.098775
-11.004671,18,224.156638
-12.105106,20,224.221042
-11.208774,18,224.278863
-11.588528,19,224.340957
-11.208843,18,224.399052
-11.094657,18,224.457274
-11.64075,18,224.515733
-11.373648,18,224.573638
-11.220851,18,224.63168
-12.753486,22,224.702876
-11.684081,18,224.760561
-11.261507,18,224.818356
-11.692868,19,224.879918
-11.611295,18,224.938504
-11.757119,18,224.999357
-12.328455,20,225.064122
-11.119483,18,225.122488
-11.628071,18,225.180026
-11.734192,18,225.238349
-11.556929,19,225.29921
-11.527597,18,225.357735
-11.64723,18,225.41603
-11.091822,18,225.474139
-12.764227,19,225.535474
-11.476165,17,225.590467
-11.525182,19,225.651371
-11.067935,18,225.709581
-11.308076,18,225.768177
-12.115813,18,225.825781
-11.733722,18,225.883723
-11.573527,19,226.288624
-11.695213,18,226.347408
-11.232449,17,226.402152
-11.233324,18,226.460583
-11.129325,18,226.518467
-11.396651,19,226.580298
-11.523235,19,226.641183
-11.745638,18,226.698429
-11.629895,19,226.760234
-11.332446,18,226.81763
-11.427793,18,226.875199
-11.726079,18,226.933216
-11.712496,19,226.994422
-11.360807,18,227.053056
-12.954225,21,227.12007
-11.254856,18,227.178499
-11.576972,18,227.236153
-11.661723,18,227.293303
-11.625416,19,227.354408
-11.499997,19,227.415762
-12.860327,21,227.482883
-12.160769,19,228.191267
-11.422325,18,228.245991
-11.288303,18,228.300848
-12.146011,19,228.359503
-12.637223,21,228.425243
-11.676358,18,228.482371
-11.205096,18,228.540378
-11.170439,18,228.598455
-11.871954,18,228.656617
-11.288422,18,228.713886
-11.566944,19,228.774892
-15.478137,26,228.857793
-11.345911,20,229.262199
-11.800902,19,229.323911
-11.314402,18,229.382328
-12.248908,20,229.447038
-11.776696,19,229.508232
-12.054303,19,229.569504
-11.336723,18,229.627648
-11.927213,20,229.691567
-11.425408,18,229.748988
-11.451828,18,229.807072
-12.49942,20,229.870893
-12.309326,19,229.931773
-11.44289,19,229.994144
-11.2161,18,230.05257
-16.66426,28,230.141979
-12.523072,20,230.206655
-11.415608,18,230.264468
-11.577574,18,230.322406
-11.862091,20,230.387003
-12.223449,20,230.450731
-11.913194,19,230.51103
-11.056235,18,230.569503
-11.510746,19,230.631513
-10.974815,17,230.68613
-12.726378,21,230.753409
-11.598273,18,230.811244
-11.103241,17,230.865848
-11.958561,19,230.926638
-12.767365,22,230.997159
-11.762248,19,231.058243
-11.398077,18,231.116102
-11.295549,18,231.173825
-11.709466,19,231.235305
-11.494563,18,231.984132
-12.405551,22,232.055479
-12.076455,19,232.116731
-11.944324,19,232.177419
-11.417477,19,232.239155
-11.712583,19,232.300118
-11.34632,17,232.354598
-11.47883,18,232.412872
-11.190118,18,232.470347
-11.983238,19,233.3359
-11.634753,19,233.393489
-11.842157,19,233.451263
-12.003199,19,233.508705
-11.272275,18,233.56337
-11.129985,18,233.618892
-11.91432,19,233.676317
-11.906836,19,233.733919
-11.653879,19,233.791075
-12.152031,19,233.84868
-11.597941,19,233.905913
-11.060544,18,233.960057
-11.980606,20,234.021002
-11.746011,19,234.078619
-11.41124,19,234.136359
-11.706354,18,234.19108
-12.544077,20,234.252162
-11.769772,19,234.310241
-11.042208,18,234.370358
-11.993151,20,234.431332
-11.397294,18,234.485982
-11.541612,19,234.543442
-12.205064,20,234.604402
-11.848902,19,234.662931
-11.579378,19,235.049279
-11.544959,18,235.103956
-11.727617,19,235.161455
-12.61664,22,235.228268
-11.830313,19,235.286444
-11.875687,19,235.344031
-11.796199,19,235.40153
-11.67331,19,235.459611
-12.362879,20,235.519912
-12.656886,22,235.58719
-11.098767,18,235.642413
-11.316691,18,235.697457
-11.637553,19,235.755194
-11.12173,18,235.810129
-11.39132,18,235.865793
-11.126401,18,235.920064
-11.416089,18,235.974571
-11.481997,19,236.031543
-12.110188,20,236.092563
-11.537246,18,236.147232
-11.260834,18,236.201915
-11.910103,19,236.260186
-11.272673,18,236.314321
-11.553672,18,236.367767
-11.513906,19,236.424989
-11.751308,19,236.483397
-11.557005,19,236.54068
-11.167654,18,236.594876
-11.315016,19,236.652916
-11.221191,18,236.707623
-11.659237,18,237.438446
-11.382499,19,237.500108
-11.421241,18,237.557787
-12.737303,22,237.974243
-11.561509,18,238.03275
-11.148506,18,238.091384
-11.611598,18,238.147343
-11.445369,18,238.202191
-11.277903,18,238.257534
-11.545712,18,238.312657
-11.343911,18,238.367622
-11.675089,19,238.426196
-12.091755,19,238.484476
-11.751218,18,238.538599
-11.360023,18,238.592875
-11.677152,18,238.64807
-11.357408,18,238.70334
-11.495891,18,238.758495
-11.024,17,238.81018
-12.526365,20,238.870636
-11.377774,18,238.925178
-11.433951,18,238.979645
-11.365129,17,239.031925
-11.731232,19,239.089686
-12.048193,20,239.150488
-11.515259,19,239.208348
-11.548216,19,239.266027
-12.438477,21,239.331119
-11.692922,18,239.385423
-11.471139,19,239.442692
-11.582615,20,239.503866
-11.7032,20,239.564609
-11.583946,18,239.619524
-11.258657,18,239.673771
-11.510589,18,239.729355
-11.612312,18,239.78411
-11.295169,18,239.838611
-11.589847,18,240.221549
-11.350506,18,240.278051
-11.466541,18,240.333358
-11.331171,18,240.387889
-12.880723,22,240.45427
-11.295219,18,240.509394
-11.918684,19,240.567687
-11.603061,18,240.62392
-11.793708,19,240.682341
-11.533806,19,240.740785
-11.435337,18,240.796031
-11.41131,18,240.850466
-11.087267,18,240.905896
-11.224248,18,240.960185
-11.362515,18,241.014185
-11.253354,18,241.06806
-11.202872,18,241.123051
-11.662466,18,241.178029
-11.229919,18,241.232198
-11.376796,18,242.084699
-11.157619,18,242.143384
-11.229547,18,242.201096
-12.250911,21,242.268382
-11.323839,18,242.327189
-11.257963,19,242.389267
-11.714968,18,242.447533
-11.3537,19,242.50895
-11.309989,18,242.567503
-11.45126,18,242.626577
-11.445635,18,242.684701
-11.120761,18,242.743139
-11.572853,18,242.801639
-11.602086,19,242.863017
-11.702416,18,242.920985
-10.992045,18,243.321372
-11.989851,19,243.382483
-12.307611,20,243.443563
-11.380628,19,243.501629
-11.380365,18,243.556964
-11.962948,19,243.615157
-11.433555,18,243.669605
-11.031559,18,243.723968
-10.968351,18,243.780071
-11.298511,18,243.834633
-11.359422,18,243.889297
-12.123131,19,243.94677
-11.516189,19,244.004324
-11.467905,18,244.058188
-10.978066,18,244.112434
-11.418711,19,244.170523
-11.231135,18,244.225898
-11.459624,18,244.280636
-11.465891,18,244.335211
-11.398141,18,244.390858
-11.456948,18,244.44545
-11.590913,19,244.50286
-11.833249,19,244.561039
-11.037432,18,244.615372
-12.596282,22,244.681117
-11.19447,18,244.735009
-12.345494,20,244.796138
-11.384451,18,244.850996
-11.415503,19,244.908777
-11.476392,18,244.96391
-11.250097,18,245.019261
-11.116787,18,245.074014
-11.562329,18,245.128546
-12.845277,21,245.520247
-11.434912,19,245.579386
-11.337575,18,245.636913
-12.051497,20,245.700444
-13.62933,26,245.783659
-12.132256,20,245.847956
-11.819459,19,246.672031
-11.485398,18,246.730482
-11.201893,18,246.786256
-11.163484,19,246.846571
-11.067591,18,246.903887
-11.145308,18,246.961282
-11.294769,18,247.019767
-11.334961,19,247.080221
-11.418892,18,247.137225
-11.806709,19,247.198599
-11.449461,18,247.256377
-11.704574,19,247.316632
-11.036673,18,247.374144
-11.615008,20,247.438827
-12.331476,20,247.502802
-11.292914,18,247.560049
-12.361964,20,247.624194
-11.235688,18,247.681581
-11.630086,19,247.741949
-11.368448,18,247.800272
-11.038743,18,247.858267
-11.241442,18,247.915787
-11.514208,19,247.976841
-12.498529,20,248.041909
-10.934881,18,248.099344
-11.594394,19,248.160663
-12.976686,22,248.230988
-11.145457,18,248.65161
-11.79772,20,248.716999
-11.117101,18,248.774843
-11.244122,18,248.833658
-11.331086,18,248.891781
-11.310446,18,248.949733
-11.679086,18,249.007786
-11.501186,19,249.069816
-11.380783,18,249.128076
-11.947783,20,249.19241
-11.611809,18,249.251381
-11.2733,18,249.30958
-10.954693,17,249.364437
-11.557623,19,249.426286
-11.710291,20,249.491394
-11.50076,19,249.552746
-11.356198,19,249.614054
-11.334404,18,249.67311
-11.139581,18,249.730908
-11.46392,18,249.789276
-11.288799,18,249.847918
-11.783858,20,249.9131
-10.865814,18,249.971519
-11.970515,19,250.033924
-11.759497,20,250.098937
-11.369297,18,250.156857
-11.448324,18,250.215035
-11.836787,20,250.280145
-11.296247,18,251.018708
-11.667624,19,251.077789
-11.613241,18,251.132672
-11.191806,17,251.184121
-11.20809,18,251.238623
-11.312048,18,251.294303
-11.460789,18,251.714955
-11.254083,18,251.770519
-11.241684,18,251.825262
-12.950929,21,251.889622
-12.49167,20,251.950088
-11.109532,18,252.005193
-12.26296,21,252.070351
-11.385263,18,252.125077
-11.296053,18,252.179455
-11.09672,18,252.233836
-11.683045,18,252.289553
-11.232145,18,252.343892
-11.678709,19,252.401565
-11.747535,19,252.459628
-11.739172,18,252.514789
-11.4139,18,252.570104
-11.271187,18,252.625122
-11.51634,18,252.681415
-11.566982,18,252.736216
-11.607461,18,252.790856
-10.990288,18,252.845476
-11.385341,19,252.904294
-11.829623,20,252.965295
-11.490488,19,253.025192
-10.98236,18,253.080739
-11.148178,19,253.138862
-11.053113,18,253.193312
-11.596031,18,253.247558
-11.470667,19,253.30631
-11.471786,18,253.360669
-11.45796,18,253.41502
-11.334798,19,253.473327
-11.584332,18,253.528924
-11.457917,18,253.584241
-11.429709,19,254.326734
-11.610154,19,254.384295
-11.141539,18,254.439166
-11.508131,18,254.494945
-12.153139,20,254.555553
-11.531156,18,254.611554
-11.439372,18,254.666671
-11.09541,18,254.722073
-11.944218,19,254.779672
-11.113029,18,254.834176
-11.363158,18,254.888931
-11.104787,18,254.944729
-11.21114,18,255.00045
-11.623879,18,255.05731
-11.077722,18,255.115982
-11.591177,19,255.177015
-11.138317,18,256.101182
-11.418635,19,256.160134
-10.825194,17,256.211771
-11.688508,19,256.269342
-11.011995,18,256.324324
-10.843739,18,256.379088
-11.127503,18,256.434055
-11.611458,19,256.491409
-11.149045,18,256.546801
-11.594275,19,256.604745
-14.218666,23,256.674422
-11.373408,18,256.729931
-11.75316,19,256.787653
-10.935948,18,256.842152
-11.392357,18,256.896478
-12.61518,21,256.960928
-11.690315,19,257.019232
-11.275837,18,257.421958
-11.6121,18,257.477236
-11.19259,19,257.536212
-11.346239,18,257.591312
-11.212057,18,257.645963
-11.466386,18,257.701447
-11.437794,19,257.759868
-11.558762,19,257.817434
-11.022889,18,257.871584
-11.167504,18,257.926371
-11.194403,19,257.984971
-11.502084,18,258.039565
-11.425007,18,258.094739
-12.191217,21,258.159194
-12.296484,21,258.223221
-11.065432,18,258.278121
-11.493065,19,258.336234
-11.926524,20,258.396762
-11.195956,18,258.451198
-11.622828,19,258.508729
-11.071175,19,258.567792
-11.504175,18,258.623816
-11.406278,19,258.681251
-11.556107,19,258.739446
-21.308506,30,258.830156
-11.211883,19,258.88923
-11.18441,18,258.944925
-11.657586,19,259.004746
-11.390177,17,259.058736
-11.465002,18,259.116462
-11.80369,20,259.18104
-11.694621,19,259.243234
-11.25422,18,259.30143
-11.278947,18,259.72295
-11.377538,19,259.785033
-11.633071,19,259.846752
-11.752034,21,259.914808
-11.544631,19,260.757486
-11.30739,18,260.813392
-11.332338,18,260.86814
-11.035151,18,260.922568
-11.139605,18,260.977927
-11.376369,18,261.032847
-11.560663,18,261.087458
-12.026232,20,261.148162
-11.255991,18,261.204284
-11.432681,18,261.259359
-11.422889,18,261.314879
-12.035748,19,261.373089
-11.243207,18,261.42822
-11.559311,18,261.482859
-11.139166,18,261.537203
-11.483087,18,261.592605
-11.244898,18,261.647762
-11.136279,18,261.702627
-11.855932,18,261.757275
-12.232025,20,261.818525
-11.376145,19,261.876588
-11.197687,18,261.931638
-12.132033,20,261.993059
-11.334741,18,262.048129
-11.262364,18,262.10254
-11.289997,18,262.157249
-11.101343,18,262.213104
-11.098044,18,262.267965
-11.595825,18,262.322237
-11.459342,18,262.3771
-11.312965,18,262.778323
-11.407727,19,262.837261
-11.308048,19,262.895671
-11.261358,18,262.950145
-11.599352,18,263.005472
-11.41983,18,263.061629
-11.358037,18,263.119259
-11.98257,19,263.181452
-11.257988,18,263.239364
-11.467018,18,263.296564
-11.851885,19,263.357475
-11.237789,18,263.415719
-11.289783,18,263.473687
-11.519457,19,263.535654
-11.769025,19,263.596961
-11.663482,19,263.658563
-11.059089,18,263.716595
-11.200227,18,263.774752
-11.746428,19,263.837327
-12.718482,21,263.905031
-11.832096,20,263.969397
-12.37758,20,264.034206
-11.560053,19,264.095622
-12.133369,20,264.160441
-11.275996,19,264.222137
-11.524543,19,264.988662
-10.960918,18,265.047608
-11.516034,19,265.108695
-12.712563,21,265.176353
-11.729906,19,265.237504
-11.228684,18,265.29552
-11.142132,18,265.353742
-11.901288,19,265.415191
-11.369213,17,265.470085
-11.697296,19,265.892423
-11.045758,18,265.950638
-12.077601,20,266.01515
-11.090205,18,266.073508
-11.292234,18,266.131775
-11.514098,19,266.193684
-12.060943,20,266.258421
-11.006772,18,266.316996
-11.650782,18,266.374847
-11.586273,19,266.436516
-11.216718,18,266.494577
-11.010118,18,266.552097
-11.368487,18,266.609773
-11.591254,19,266.670731
-11.311738,19,266.73232
-11.597345,19,266.793296
-11.659601,19,266.855371
-12.893613,23,266.929384
-11.375766,18,266.987455
-11.452124,18,267.045267
-11.713802,19,267.106542
-11.379368,18,267.162681
-11.123402,18,267.217385
-11.82327,19,267.276148
-11.505131,19,267.333742
-11.13057,18,267.388185
-11.592369,19,267.447372
-11.138989,18,267.501712
-11.418136,18,267.555936
-12.33511,20,267.616373
-11.250773,18,267.671934
-11.444186,18,267.72625
-11.140296,18,267.781247
-11.50202,20,268.182255
-11.254379,18,268.237278
-11.271346,18,268.293034
-11.098026,18,268.347426
-11.390258,19,268.406039
-11.889682,19,268.46398
-11.236278,18,268.51851
-11.145774,18,268.572693
-11.036701,18,268.626691
-11.076883,18,268.681416
-11.223261,19,268.739182
-11.47247,19,268.796489
-11.123851,18,268.851125
-11.152617,18,269.573854
-11.028759,18,269.628975
-11.442402,18,269.687007
-10.896212,18,269.743007
-11.041489,18,269.800244
-11.575702,19,269.86087
-11.732804,19,269.922693
-11.361504,18,269.981254
-11.651103,20,270.045801
-11.652999,19,270.106609
-11.049384,18,270.164463
-12.360789,20,270.228669
-11.683557,19,270.290213
-11.246068,18,270.348304
-11.209595,18,270.406269
-11.016456,18,270.463792
-11.242965,19,270.525445
-11.057221,18,270.583112
-11.189346,18,270.641314
-11.368036,19,270.702521
-11.425735,18,270.760489
-12.433072,20,271.182043
-11.585768,18,271.236873
-11.424615,18,271.291729
-11.11009,18,271.346915
-11.196023,18,271.401169
-11.576575,19,271.45839
-11.451187,19,271.516393
-11.239241,17,271.567984
-11.928911,18,271.622991
-11.323555,18,271.677508
-11.180654,18,271.732308
-11.24346,18,271.786892
-11.167667,17,271.837718
-11.499504,19,271.895359
-11.400729,19,271.953245
-11.118521,18,272.007714
-11.372381,18,272.061813
-11.792611,19,272.119683
-11.150331,18,272.17401
-11.407335,19,272.232301
-11.647465,19,272.289443
-11.163409,18,272.344413
-11.350553,18,272.398908
-11.320123,18,272.453409
-11.662106,19,272.511509
-11.903085,21,272.575211
-10.904329,18,272.629618
-11.001855,18,272.684171
-11.235467,19,272.741963
-11.412002,18,272.796508
-11.644827,19,272.854428
-11.401154,19,272.913821
-11.878613,19,272.973724
-11.448673,19,273.034372
-11.623668,19,273.449304
-11.238989,18,274.306178
-11.9408,20,274.369667
-11.21333,18,274.426926
-11.262807,19,274.487797
-11.0879,18,274.546541
-11.173612,18,274.606161
-11.445576,18,274.663817
-11.112853,18,274.721664
-12.308234,21,274.789978
-11.807481,18,274.847811
-11.112111,18,274.906003
-11.436552,19,274.967794
-11.061283,18,275.026246
-11.340681,18,275.084303
-11.064544,18,275.142709
-11.607198,19,275.203811
-10.921391,17,275.259066
-10.981836,18,275.317097
-11.100605,18,275.375706
-11.336095,19,275.437078
-11.784256,19,275.498537
-11.183872,18,275.557279
-11.655324,18,275.615842
-11.417557,18,275.674589
-11.042329,18,275.732358
-11.674928,18,275.790885
-11.250985,18,275.849023
-11.31202,18,275.908048
-11.677815,19,275.96982
-11.301523,18,276.028354
-11.633807,19,276.089446
-11.536808,18,276.147444
-12.703268,23,276.221176
-11.308262,18,277.005213
-11.631559,19,277.063184
-12.292885,21,277.127033
-11.88462,19,277.18506
-11.314164,18,277.239506
-11.350857,18,277.295834
-11.452175,19,277.354144
-11.688533,19,277.412847
-11.427103,18,277.46714
-11.449788,18,277.521454
-10.911438,18,277.576977
-10.93796,18,277.632411
-11.305345,18,277.686843
-10.920876,17,277.738047
-10.982447,18,277.792555
-11.661898,19,277.85002
-11.770733,19,277.908057
-11.469322,19,277.965471
-11.270869,19,278.023559
-11.044212,18,278.078088
-11.392577,19,278.135675
-11.468348,18,278.191022
-11.309586,19,278.846215
-11.409976,19,278.903509
-11.289996,18,278.957682
-11.236065,18,279.012514
-10.824982,18,279.066846
-11.043005,18,279.122307
-11.410326,19,279.179646
-11.491569,18,279.235942
-11.00642,18,279.290784
-12.251664,19,279.349752
-11.515137,20,279.413469
-11.174804,18,279.790616
-11.413962,18,279.846024
-11.642843,19,279.903817
-11.157982,18,279.958539
-11.294199,19,280.017427
-10.941077,18,280.071917
-11.478778,19,280.12915
-11.729629,19,280.186176
-11.335315,18,280.24135
-11.331841,18,280.295587
-10.877482,18,280.351991
-11.018905,18,280.407642
-11.586141,18,280.464502
-11.973253,20,280.527628
-11.091695,19,280.588379
-11.742526,19,280.650944
-11.082191,17,280.705641
-11.582634,19,280.7665
-11.284859,18,280.824841
-10.907859,18,280.882937
-11.354872,18,280.939936
-10.874333,17,280.99416
-11.382613,19,281.056376
-11.537446,18,281.114561
-11.252833,18,281.172217
-12.237096,21,281.240143
-10.889602,18,281.298429
-11.424484,18,281.356167
-11.110013,19,281.417317
-12.15955,20,281.481787
-11.689679,19,281.543251
-11.414531,18,281.601287
-11.170677,18,281.659803
-11.512584,18,281.71764
-11.039905,18,282.119776
-11.242808,18,282.178203
-11.326978,18,282.237287
-11.059365,18,282.29632
-12.170702,21,282.364069
-11.233607,18,282.421988
-11.517802,19,282.483659
-11.410497,18,282.541432
-10.981903,18,282.599836
-11.637012,19,282.661556
-10.991418,17,282.716662
-10.99697,18,283.59973
-10.91813,18,283.656933
-10.992715,17,283.711071
-11.407614,18,283.768246
-11.456991,19,283.828844
-11.243213,18,283.886962
-11.007148,18,283.944387
-11.146805,18,284.002468
-10.835936,17,284.056976
-11.220049,18,284.114672
-11.20302,18,284.171954
-11.832923,19,284.232778
-11.884527,20,284.29747
-11.089708,18,284.35495
-11.467772,18,284.412804
-11.091439,18,284.470796
-11.186959,18,284.528769
-11.617724,18,284.58641
-11.831684,20,284.650874
-11.458368,19,284.713376
-11.4958,19,284.774647
-11.800784,20,284.839211
-11.386222,18,284.897526
-11.116019,18,285.300354
-12.382019,21,285.365795
-12.56679,20,285.426308
-11.716442,20,285.48707
-11.191799,18,285.541953
-11.349295,18,285.59658
-11.371523,19,285.653917
-11.264376,18,285.709897
-11.272381,18,285.764193
-11.437725,18,285.819312
-11.097153,18,285.873749
-11.700325,20,285.934606
-11.093224,18,285.989015
-11.765456,19,286.047203
-11.580197,19,286.105238
-11.062358,18,286.159137
-11.102791,18,286.213765
-12.49745,21,286.277312
-11.069166,18,286.331863
-11.162013,18,286.386143
-11.067769,17,286.437185
-11.832273,20,286.497695
-12.186723,20,286.558179
-11.259638,19,286.615894
-11.168603,18,286.670024
-11.211511,17,286.722378
-11.274698,18,286.776529
-11.38361,18,286.831005
-11.335162,18,286.885909
-10.918195,18,286.940586
-11.661381,20,287.000704
-11.464358,18,287.055001
-11.463499,18,287.776479
-11.279403,18,287.834889
-11.533846,20,288.245402
-11.419233,19,288.307658
-11.134974,18,288.366686
-11.169967,18,288.425185
-11.152645,18,288.483515
-11.476639,19,288.54553
-11.3717,18,288.603956
-11.984051,20,288.668725
-11.238199,19,288.730528
-11.042206,18,288.789282
-10.870785,18,288.848871
-10.883735,18,288.907347
-11.508856,20,288.972576
-11.194623,18,289.030672
-10.778515,18,289.08855
-11.589184,19,289.150414
-11.133244,19,289.212095
-11.063887,18,289.270483
-11.356219,18,289.329516
-11.010907,18,289.388021
-11.632803,19,289.449581
-13.238682,22,289.521026
-11.157404,18,289.579982
-11.384792,18,289.63837
-10.875377,18,289.696813
-11.346987,17,289.752181
-11.33183,19,289.813959
-11.229755,18,289.872717
-11.21922,18,289.931508
-11.296711,18,289.990533
-11.031774,18,290.049371
-11.769062,19,290.111237
-11.971202,20,290.177339
-11.1891,18,290.235542
-11.054025,18,290.644587
-11.502229,19,290.70645
-11.160468,18,290.765276
-11.353806,18,290.824071
-11.304786,17,290.879565
-11.522798,19,290.941898
-10.881917,18,291.000893
-11.172888,18,291.059836
-11.041952,18,291.11833
-11.37522,19,291.181327
-11.848059,19,291.243392
-10.95556,18,291.302114
-12.630892,22,291.374246
-11.558215,19,291.436864
-11.042107,18,291.499666
-11.204592,18,291.555282
-11.068681,18,291.610773
-11.111423,18,291.665989
-11.632179,18,291.720831
-10.983716,18,292.641733
-10.914242,18,292.697105
-11.122781,19,292.754614
-11.629862,19,292.814047
-11.426472,19,292.871508
-11.379439,19,292.929878
-11.506283,19,292.991398
-11.198726,18,293.046438
-11.792733,20,293.106919
-11.536341,19,293.164432
-11.391129,19,293.22297
-11.529422,18,293.277205
-11.534486,19,293.334808
-11.168691,18,293.389499
-11.165326,18,293.770306
-11.332891,18,293.826799
-11.305372,18,293.881471
-11.251334,19,293.940852
-11.138877,18,293.996235
-10.765851,18,294.051038
-10.946473,18,294.105271
-10.83335,17,294.156218
-11.321339,18,294.211606
-11.693762,19,294.269639
-11.941219,20,294.33176
-11.269588,17,294.383205
-11.41069,18,294.438917
-10.973137,18,294.49318
-11.42966,19,294.551747
-11.194969,18,294.607082
-11.46855,19,294.665068
-11.320966,18,294.7193
-11.493624,19,294.77643
-11.380652,18,294.83214
-10.811258,17,294.883606
-11.363797,19,294.941035
-11.137638,19,294.998763
-11.016671,18,295.054803
-11.063249,18,295.1092
-11.257926,18,295.163928
-11.210015,18,295.219278
-10.930239,18,295.273949
-11.343144,18,295.328324
-11.321629,19,295.385357
-11.140334,19,295.443903
-11.244548,18,295.498527
-10.915612,18,295.553857
-11.252132,18,295.609013
-11.028763,18,295.663912
-11.475452,19,296.045125
-13.079634,22,296.1122
-11.537921,19,296.16994
-11.295999,18,296.225188
-11.292415,18,296.279588
-11.347316,17,296.330772
-11.350102,18,296.385464
-11.254681,18,297.17261
-11.516691,18,297.227252
-11.435632,19,297.284782
-11.26895,18,297.339159
-11.031422,18,297.393492
-11.263125,18,297.449366
-11.235566,19,297.506982
-11.854353,20,297.567684
-11.211873,18,297.622464
-11.652731,18,297.677878
-11.42986,19,297.735913
-11.547975,19,297.793054
-11.435036,19,297.851079
-11.299139,18,297.905335
-11.330559,18,297.959848
-11.097513,18,298.01453
-10.749596,18,298.06941
-11.452317,19,298.126736
-11.146803,19,298.184153
-11.557892,19,298.242327
-11.269523,18,298.297013
-11.040399,18,298.351722
-11.841561,19,298.409312
-11.129818,19,298.467205
-12.679535,21,298.531
-10.818821,18,298.585315
-11.394382,18,299.289311
-10.719825,18,299.346731
-10.963961,18,299.401272
-11.195621,18,299.456742
-11.541043,18,299.511256
-11.118684,18,299.565533
-11.005194,18,299.620432
-11.025466,19,299.678365
-12.121467,21,299.741468
-11.047388,18,299.795843
-11.361706,18,299.850537
-11.114544,18,299.905973
-11.124303,17,299.95709
-11.555867,19,300.015826
-11.274518,18,300.071305
-11.148805,18,300.126034
-11.17039,18,300.180519
-11.188867,18,300.236473
-11.5567,20,300.298195
-13.391206,23,300.368564
-11.287425,19,300.426128
-11.27072,18,300.481339
-13.046254,23,300.551569
-11.268514,18,300.606162
-11.582863,19,300.664904
-11.124781,17,300.716928
-11.333033,18,300.771531
-11.690906,19,300.829979
-11.204703,18,300.885011
-10.924929,18,301.804286
-11.471288,18,301.858911
-11.341457,19,301.916925
-10.993694,18,301.971567
-11.189376,18,302.026131
-11.264861,19,302.413725
-11.149036,19,302.472218
-11.230383,18,302.52804
-11.041531,18,302.582945
-11.249322,18,302.638028
-11.63414,20,302.699236
-11.887452,19,302.757965
-11.822191,20,302.818598
-11.563072,18,302.873413
-11.49904,19,302.932491
-11.150008,19,302.990353
-11.431132,19,303.047986
-11.378294,19,303.106384
-11.290832,19,303.164379
-12.610294,22,303.231662
-11.125779,19,303.290261
-11.021209,17,303.34303
-10.965721,18,303.398322
-11.06165,18,303.453475
-10.79029,18,303.509039
-10.977132,18,303.564653
-11.23696,18,303.619322
-10.960098,19,303.676933
-11.046927,18,303.732746
-12.355095,21,303.797299
-11.105139,18,303.852763
-10.936572,18,303.908301
-11.311939,19,303.966335
-11.27303,18,304.021284
-11.091407,18,304.076033
-11.121143,19,304.134963
-11.334035,19,304.193437
-11.460877,18,304.248984
-10.885083,18,304.630477
-11.036662,18,304.68575
-11.445446,18,304.74194
-10.982527,18,304.797191
-11.100341,18,304.852048
-11.61957,20,304.912724
-11.12741,18,304.967991
-10.806529,18,305.022579
-11.543753,20,305.083481
-11.040262,18,305.138496
-11.426748,19,305.196213
-11.642038,20,305.257972
-11.098392,19,305.315869
-10.938817,18,305.370722
-12.704691,21,305.435022
-11.526664,19,305.492287
-10.827211,18,305.54719
-11.145158,18,306.444058
-11.258855,19,306.501402
-10.70185,18,306.55704
-10.738969,18,306.611286
-11.414573,18,306.665579
-11.281726,18,306.720281
-11.176752,17,306.772234
-11.195221,18,306.826849
-11.352735,19,306.88492
-11.031608,18,306.939424
-11.023417,18,306.9941
-11.258816,18,307.048999
-12.202632,21,307.112598
-11.15293,18,307.169641
-11.082554,18,307.223987
-12.100749,22,307.290266
-11.538507,19,307.348503
-12.139513,21,307.736894
-11.224074,19,307.795727
-11.396575,19,307.853567
-11.103906,19,307.911153
-11.619619,19,307.969918
-11.061246,18,308.025357
-11.10126,18,308.080545
-11.505196,19,308.138044
-10.954654,18,308.193518
-11.259938,19,308.251397
-10.912036,18,308.306347
-10.914975,18,308.361533
-11.341362,18,308.418179
-11.175742,18,308.473119
-11.016028,18,308.527674
-11.033207,18,308.582901
-11.117383,19,308.640833
-11.281004,19,308.699012
-10.770952,18,308.753397
-10.822822,18,308.809051
-10.994876,18,308.864283
-11.067224,18,308.919427
-11.335663,18,308.974082
-11.115622,18,309.030053
-11.066462,17,309.081612
-10.867327,18,309.136271
-11.153761,18,309.191345
-11.06183,18,309.246527
-10.973878,18,309.301903
-11.221602,18,309.35698
-11.181473,18,309.412842
-11.11798,19,309.470939
-11.803669,20,309.531762
-10.986398,18,309.586842
-10.967944,18,309.966912
-10.927917,18,310.022873
-10.854425,18,310.07825
-11.070389,18,310.133053
-12.502753,22,310.879117
-10.948901,18,310.934106
-11.330341,18,310.988695
-10.941588,18,311.043965
-11.161695,19,311.101259
-10.504768,17,311.152712
-12.120186,20,311.213485
-11.126562,19,311.271549
-10.802798,18,311.326199
-11.189062,18,311.380563
-11.827062,20,311.442059
-10.999029,18,311.497176
-11.331039,19,311.556889
-11.020058,18,311.61286
-10.950773,18,311.672143
-11.037719,19,311.733668
-11.226528,19,311.794497
-11.722105,19,311.856707
-11.203222,19,311.918043
-10.88959,18,311.976491
-11.193595,18,312.035132
-11.245442,18,312.093457
-11.121237,18,312.151426
-11.842298,22,312.223077
-11.208974,18,312.281286
-11.037065,18,312.339534
-11.04746,18,312.397408
-10.895872,18,312.456129
-11.050506,18,312.514768
-11.397816,19,312.923155
-11.009841,19,312.983319
-11.081929,19,313.045254
-11.178217,18,313.10314
-10.792716,18,313.161513
-10.993888,18,313.219957
-11.229719,18,313.278542
-11.875255,20,313.342636
-10.917202,18,313.400663
-11.038097,18,313.459466
-12.34839,21,313.527794
-10.782868,18,313.585849
-11.030556,19,313.647671
-11.132519,19,313.709591
-11.232256,18,313.767685
-11.218582,18,313.826034
-11.256219,17,313.88163
-11.710447,19,313.943233
-12.713144,22,314.01419
-11.391891,19,314.075888
-11.252998,18,314.134089
-11.175585,18,314.19259
-14.339659,27,314.280417
-11.077139,18,314.338971
-10.87204,18,314.396805
-10.861078,18,314.454821
-11.04346,18,315.338582
-11.189495,18,315.39394
-12.028569,20,315.456227
-11.029611,18,315.513412
-11.295313,18,315.571074
-11.137326,18,315.629419
-11.325196,19,315.690606
-11.208361,18,315.748475
-10.868437,18,316.144742
-10.657458,17,316.1968
-10.820808,18,316.251554
-11.292687,18,316.307214
-11.084287,18,316.361667
-11.820883,19,316.418864
-11.174135,18,316.473023
-11.78216,18,316.528454
-11.080542,18,316.583478
-11.623232,20,316.644716
-10.888279,18,316.7005
-11.077554,18,316.755083
-11.536914,18,316.80905
-11.179542,18,316.863238
-10.900672,17,316.916013
-10.814742,19,316.973458
-11.388837,18,317.027596
-10.650741,17,317.079398
-10.926529,19,317.138288
-11.546316,18,317.193655
-11.101353,19,317.252959
-11.000259,18,317.310935
-11.054778,18,317.368555
-10.958735,18,317.426067
-10.873719,18,317.483129
-11.519828,19,317.545393
-11.460881,19,317.606195
-11.53228,19,317.667166
-10.980246,18,317.725882
-11.276101,19,317.787392
-12.836921,23,317.861634
-11.375129,19,317.923699
-11.334716,19,317.984658
-11.222574,19,318.046245
-11.150714,18,318.441724
-11.495404,19,318.503472
-11.523358,18,318.562075
-11.015589,18,318.620259
-10.800278,18,318.67748
-11.111897,18,318.73567
-11.337697,18,318.793474
-10.679322,17,318.848569
-11.038817,17,318.903213
-11.207304,19,318.96431
-11.053118,18,319.022093
-12.093257,22,319.092452
-11.167726,18,319.151282
-10.849631,18,319.209085
-12.133109,23,320.12924
-12.468013,21,320.195797
-11.045332,17,320.249464
-11.035787,18,320.307191
-10.864075,18,320.364844
-10.83742,18,320.42265
-11.324356,19,320.483293
-11.088239,18,320.541272
-10.822176,18,320.599069
-11.317912,17,320.654045
-11.483127,19,320.714824
-11.408926,19,320.776256
-11.215762,18,320.834277
-11.25443,18,320.8915
-10.982278,18,320.950214
-12.265785,20,321.014947
-11.120409,18,321.072467
-11.350063,20,321.136997
-12.019991,21,321.205229
-11.076063,18,321.954696
-11.295029,19,322.016881
-12.683566,23,322.091084
-10.97858,18,322.149328
-11.356789,19,322.211322
-12.047436,20,322.276551
-11.145306,18,322.334618
-10.990946,18,322.39323
-11.166183,17,322.447916
-10.935973,18,322.505989
-11.331433,19,322.56744
-11.103419,18,322.62609
-11.168264,18,322.683982
-10.990838,18,322.742102
-11.181885,18,322.800854
-10.929255,18,322.858923
-10.940095,18,322.917289
-11.154781,18,322.976002
-11.358763,19,323.037048
-11.179548,18,323.095018
-11.037242,18,323.15304
-11.030715,18,323.212342
-11.116904,18,323.270578
-11.043753,18,323.328557
-10.799993,18,323.387803
-11.11119,18,323.44601
-10.927122,18,323.504124
-10.638764,17,323.558876
-11.36109,18,323.618411
-11.452125,20,323.683434
-11.581307,19,323.744683
-11.000583,18,323.803832
-11.155322,18,323.861877
-11.590888,19,323.924154
-11.185062,18,324.327528
-11.448188,19,324.390035
-10.84751,18,325.121277
-11.072502,17,325.175983
-11.309978,19,325.238389
-11.376702,19,325.306259
-11.318192,18,325.363461
-10.884825,18,325.421812
-11.311576,19,325.482863
-12.137575,20,325.546973
-11.035153,18,325.60562
-11.142517,18,325.663483
-11.272386,18,325.721292
-11.076334,18,325.779428
-11.093871,18,325.838066
-11.254481,17,325.892761
-11.295166,18,325.950435
-10.680312,18,326.008274
-10.723551,17,326.06274
-11.907987,19,326.123838
-10.819494,18,326.181351
-10.850019,18,326.240103
-11.066138,18,326.298216
-11.241463,18,326.356397
-11.23483,18,326.414099
-10.966467,18,326.472007
-11.01506,19,326.533593
-11.027412,18,326.591192
-11.126173,19,326.652724
-11.192884,17,326.707391
-11.283584,18,326.765299
-11.138681,18,326.823412
-10.93596,18,326.881218
-10.884777,18,326.939091
-11.822157,20,327.003159
-11.26731,18,327.40441
-11.324434,19,327.466304
-11.088621,18,327.524539
-11.061457,18,327.582548
-10.87387,18,327.641047
-11.31768,18,327.698935
-13.558347,26,327.782326
-10.980513,18,327.841746
-11.535156,20,327.906103
-11.263612,18,327.964044
-11.184348,18,328.021771
-10.953084,18,328.079861
-10.952095,18,328.13797
-11.041516,18,328.195926
-10.966101,18,328.253942
-11.177754,18,328.311615
-10.958907,18,328.369757
-10.899841,18,328.427438
-11.436416,20,328.492537
-11.23399,19,328.553657
-11.328109,18,328.611865
-11.037461,19,328.673219
-11.309686,19,328.734534
-11.266475,18,329.550873
-11.156876,18,329.605951
-11.013407,18,329.660693
-10.697541,18,329.715089
-11.329718,18,329.769547
-10.861233,18,329.824538
-12.717658,21,329.890215
-11.034197,18,329.944719
-11.382064,19,330.003698
-11.282254,19,330.061805
-11.040841,19,330.445954
-10.889504,18,330.501499
-11.306072,19,330.559244
-11.419229,21,330.62233
-10.734802,18,330.677219
-11.003551,18,330.731822
-11.158219,18,330.786299
-10.970182,18,330.841295
-11.615853,20,330.902298
-10.774395,18,330.956754
-10.87123,18,331.011117
-11.036852,18,331.065771
-11.023218,18,331.120486
-11.264804,19,331.177963
-11.474514,19,331.235225
-11.007308,19,331.293046
-11.196312,18,331.347486
-11.380735,18,331.402594
-10.898279,18,331.458057
-11.079663,17,331.510015
-10.899656,18,331.564362
-10.982343,18,331.622131
-11.458666,18,331.677184
-10.960695,18,331.732137
-11.277332,19,331.789803
-10.838588,18,331.844124
-11.011271,18,331.899102
-10.97191,18,331.953389
-11.163775,18,332.007838
-10.944757,18,332.062662
-10.910316,18,332.117412
-11.218775,18,332.17199
-11.184899,18,332.226169
-11.642552,20,332.287235
-11.482226,20,332.673621
-11.048034,18,332.728996
-11.512158,19,332.786748
-10.795615,18,332.841247
-11.144526,18,332.896262
-12.708517,23,332.966711
-11.069034,18,333.021905
-10.968925,18,333.076904
-11.152157,19,333.134953
-11.136829,18,333.189439
-11.207355,18,333.243959
-12.307245,20,334.116709
-12.060529,22,334.186269
-11.260034,18,334.244192
-10.953502,18,334.302633
-11.26592,18,334.360826
-10.968169,18,334.41916
-11.106135,18,334.477455
-11.090219,19,334.53949
-11.046376,18,334.597592
-11.145112,18,334.656003
-10.994308,18,334.714679
-11.475456,19,334.776603
-10.98415,18,334.834585
-10.996262,18,334.892548
-11.257849,18,334.950994
-11.028083,18,335.009456
-11.397693,20,335.075304
-11.695158,20,335.140121
-10.872164,17,335.195112
-11.115219,18,335.253336
-11.023632,18,335.312151
-11.061322,18,335.374998
-11.165596,18,335.432991
-11.022743,18,335.83719
-10.95016,18,335.895483
-11.083771,18,335.954773
-11.304295,18,336.013417
-11.378159,18,336.07196
-11.416253,19,336.134204
-10.781888,18,336.192208
-10.980884,18,336.249952
-10.848129,18,336.307886
-11.001669,19,336.369303
-11.131472,19,336.426589
-10.892773,18,336.481049
-10.948545,18,336.535949
-10.864485,18,336.591208
-11.195848,18,336.646002
-11.074992,18,336.701
-10.917218,18,336.756157
-10.933099,18,336.810387
-10.896837,18,336.86479
-12.122561,20,336.925557
-10.961158,18,336.980607
-10.993231,18,337.035166
-10.905289,18,337.089973
-11.044352,18,337.144964
-11.009987,18,337.199557
-11.30858,19,337.257287
-10.658725,18,337.312001
-13.172451,22,337.379318
-11.136565,19,337.436485
-11.05824,18,337.49087
-11.03858,18,337.545808
-10.994321,18,337.605706
-11.005458,17,337.659339
-11.761748,20,338.44751
-10.927724,18,338.856979
-11.049821,18,338.913139
-11.946369,21,338.978197
-11.138701,18,339.033109
-11.567378,19,339.091031
-11.181261,19,339.148652
-11.205461,18,339.203602
-10.99447,18,339.258025
-10.989487,19,339.316053
-10.98512,18,339.371244
-11.240584,19,339.428803
-10.80074,18,339.483233
-11.171346,18,339.537903
-10.806941,18,339.593425
-10.964437,18,339.647912
-11.329298,18,339.70256
-11.13731,18,339.756943
-11.168139,18,339.811865
-10.944198,18,339.866215
-11.15915,19,339.924254
-11.219867,18,339.980473
-11.297895,19,340.03811
-11.24058,19,340.096056
-11.408491,18,340.150501
-11.220246,18,340.206593
-11.353279,19,340.264332
-10.91574,18,340.318955
-11.009011,18,340.373677
-11.096813,19,340.431502
-10.839305,18,340.485727
-11.135181,18,340.540759
-12.081267,20,340.602453
-11.263155,19,340.660513
-12.820352,22,340.727459
-11.146524,19,341.110853
-11.602727,19,341.171789
-11.012063,18,341.230163
-10.915277,18,341.287872
-10.906748,18,341.345733
-10.591768,17,341.401187
-11.486797,19,341.462713
-11.132829,18,341.521229
-11.080548,19,341.58243
-10.937858,19,341.644357
-12.416768,24,341.721947
-11.484795,19,341.783533
-11.205593,18,341.842158
-11.307956,18,341.900671
-10.950925,18,341.959162
-10.908825,18,342.017786
-10.866922,18,342.076223
-11.025876,17,342.131634
-11.063219,18,342.189954
-11.08475,18,342.248604
-11.831288,21,343.126127
-11.143916,18,343.184082
-10.811056,18,343.243618
-10.770068,18,343.301865
-11.143355,18,343.360174
-11.082912,18,343.419381
-11.570114,20,343.484497
-11.229482,18,343.543123
-11.274209,19,343.603804
-11.12579,19,343.662152
-11.02458,18,343.716995
-10.795828,18,343.771878
-10.936598,18,343.827562
-10.908712,18,344.537509
-11.180411,19,344.595693
-13.021567,22,344.662959
-10.784961,18,344.717827
-10.880327,18,344.7724
-10.729852,18,344.826724
-10.871882,18,344.88434
-11.446784,19,344.942871
-11.38888,18,345.001763
-11.090142,17,345.056011
-11.044231,19,345.117661
-10.972322,18,345.175928
-10.98976,18,345.234155
-10.633971,17,345.289155
-11.916099,22,345.359597
-10.917843,18,345.41777
-10.809853,18,345.476389
-10.997328,18,345.531382
-11.318417,18,345.586765
-11.083613,18,345.641443
-12.80042,22,345.708439
-10.830182,18,345.762832
-10.74382,18,345.818058
-10.920392,19,345.876024
-11.111704,18,345.930676
-11.09313,18,345.985447
-10.978013,18,346.040021
-10.973724,18,346.096148
-11.239896,19,346.15461
-10.825887,18,346.209931
-11.219253,19,346.268334
-12.315485,23,346.339089
-10.748804,18,346.394319
-10.807184,18,346.448816
-10.943662,18,346.830593
-11.074916,18,346.886455
-11.68715,18,346.943923
-11.220954,19,347.002259
-11.096466,19,347.060569
-11.026102,18,347.116694
-11.201869,18,347.171174
-11.262162,20,347.231591
-10.889537,18,347.97472
-10.942483,18,348.030107
-10.916104,18,348.085141
-11.235432,18,348.141006
-10.858137,18,348.195949
-10.953888,17,348.247896
-11.256499,19,348.306646
-11.095377,18,348.362282
-10.825562,18,348.41691
-11.534899,19,348.481392
-11.084223,17,348.534378
-11.256269,19,348.592827
-11.187395,18,348.647845
-11.445119,20,348.709446
-10.693559,18,348.764594
-11.055695,18,348.819561
-11.226063,18,348.87441
-11.002139,18,348.929887
-10.985099,18,348.985238
-11.181054,19,349.04395
-10.82461,18,349.101408
-10.902845,18,349.159834
-11.027906,18,349.218035
-11.024108,18,349.276531
-12.753097,22,349.348047
-11.194334,18,349.4059
-10.977568,18,349.807435
-11.405387,19,349.866014
-10.986933,18,349.921391
-11.529862,19,349.980381
-11.056814,18,350.035702
-11.595618,19,350.093658
-10.985012,18,350.149613
-10.957424,18,350.20413
-11.826702,21,350.268564
-10.616291,17,350.320056
-11.086683,18,350.375458
-11.052657,18,350.430231
-11.223885,18,350.484343
-11.170755,18,350.539596
-12.003862,21,350.606233
-10.936353,19,350.666228
-10.930906,18,350.724093
-10.787381,18,350.782778
-11.159199,19,350.844159
-11.213879,18,350.902484
-11.014531,18,350.960737
-11.009703,18,351.018655
-10.865208,18,351.076973
-10.783709,18,351.136034
-10.919176,18,351.194765
-10.852889,17,351.249576
-10.90593,18,351.307842
-10.837388,18,351.366173
-10.714053,17,351.421286
-11.377397,19,351.481835
-10.742846,18,352.243222
-11.245436,18,352.30097
-11.155809,19,352.36238
-11.139662,19,352.423885
-10.792099,18,352.843766
-10.716705,17,352.9003
-11.307352,19,352.962504
-10.793387,18,353.021268
-11.516907,20,353.086135
-11.067876,19,353.147969
-11.024669,18,353.205881
-11.447281,19,353.267513
-11.215075,19,353.328489
-11.53572,19,353.390064
-10.674086,18,353.448126
-11.424508,20,353.512203
-10.994537,18,353.570875
-10.945638,18,353.629357
-10.935507,18,353.687716
-12.585399,23,353.76277
-11.026604,18,353.82142
-11.139986,19,353.882845
-11.042524,19,353.941885
-11.212658,19,354.003683
-10.823169,18,354.061302
-10.796295,18,354.118683
-10.905866,19,354.180212
-10.999563,18,354.237279
-11.329408,18,354.30026
-11.495597,18,354.355179
-10.994205,18,354.410432
-10.730824,18,354.465184
-10.798396,18,354.520889
-10.819547,18,354.576884
-11.825965,22,354.647549
-10.772062,18,354.705886
-10.91415,18,354.764273
-11.057394,18,354.82248
-10.989111,18,355.242506
-10.83351,18,355.297629
-10.79589,18,355.353131
-11.130346,18,355.407891
-11.026939,18,355.462324
-11.208551,19,355.520238
-10.964917,18,355.574982
-11.296787,19,355.633278
-11.372012,18,355.688259
-11.081445,18,355.743656
-11.263519,18,355.798506
-11.197545,19,355.857108
-11.04553,18,355.911595
-11.08385,18,355.966363
-11.162658,19,356.02425
-11.324017,19,356.081585
-10.99132,18,356.137114
-11.423996,21,356.945924
-11.254838,18,357.001878
-10.763358,18,357.059222
-10.821689,18,357.116162
-10.80122,19,357.177031
-10.895973,18,357.234716
-10.637012,18,357.292482
-10.936248,18,357.350096
-10.890693,18,357.40727
-11.177213,19,357.468276
-11.190069,18,357.526204
-11.064808,19,357.586733
-11.340873,18,357.644754
-11.208671,19,357.705805
-11.410374,17,357.760387
-10.939987,18,357.818435
-10.783764,18,357.87647
-10.896601,18,358.275485
-10.867119,18,358.334736
-11.122369,18,358.39258
-11.202834,19,358.454271
-11.112787,19,358.514754
-10.61962,17,358.56896
-11.186219,19,358.629701
-11.307218,19,358.690936
-11.285027,18,358.749193
-11.458839,20,358.813694
-11.071053,18,358.872156
-10.829038,18,358.930095
-11.016593,18,358.987658
-11.364995,18,359.045621
-10.797708,18,359.103628
-11.345186,19,359.16475
-10.976038,18,359.222482
-10.795193,18,359.280663
-11.314215,20,359.345294
-11.783444,20,359.411528
-10.941451,18,359.472249
-10.933014,18,359.530658
-10.835773,18,359.588685
-10.887825,18,359.647015
-10.91359,18,359.705685
-10.715694,17,359.760827
-12.037136,23,359.835706
-11.202725,19,359.897335
-10.806707,18,359.952346
-11.118116,20,360.015682
-10.891195,18,360.074306
-12.707713,21,360.142212
-10.946163,19,360.203267
-10.830644,18,360.607984
-10.976374,19,360.669892
-10.995468,18,360.728214
-10.929059,17,360.784041
-10.915247,18,360.842798
-11.068545,19,360.905252
-10.823622,19,361.687634
-10.910595,19,361.746227
-10.873514,18,361.801604
-11.136183,19,361.85958
-10.777291,18,361.915788
-11.864485,20,361.976816
-11.336641,20,362.037637
-10.901201,17,362.090035
-11.000164,18,362.145329
-10.93997,19,362.202996
-10.930714,18,362.257676
-10.739559,18,362.31366
-11.068089,18,362.368382
-10.91181,18,362.423714
-11.058468,18,362.47837
-10.914783,18,362.533343
-11.079023,17,362.584883
-11.290658,20,362.64532
-11.255068,18,362.700047
-10.840595,18,362.755419
-11.055768,18,362.810404
-10.824398,18,362.864735
-10.934078,18,362.920295
-10.555413,17,362.971942
-10.901118,18,363.027195
-11.121628,19,363.08472
-10.917353,18,363.13993
-10.842009,18,363.19423
-10.805891,18,363.593235
-11.714115,21,363.658875
-10.738329,18,363.717462
-10.873186,18,363.775512
-11.176094,19,363.836933
-10.766625,18,363.894831
-10.869182,18,363.953393
-11.025374,18,364.011689
-10.747378,18,364.069627
-11.179042,19,364.13068
-10.873278,18,364.188538
-10.935117,19,364.249959
-11.230155,20,364.314585
-10.734994,18,364.373463
-11.076387,18,364.431351
-10.886644,18,364.48938
-11.201614,19,364.551098
-10.714484,18,364.60879
-11.094448,19,364.668606
-11.112922,18,364.723618
-11.208436,19,364.781374
-10.905042,18,364.836019
-11.122745,19,364.892993
-11.125355,18,364.948805
-10.840847,18,365.003161
-10.96784,18,365.05735
-11.187916,19,365.115295
-10.744825,18,365.843576
-11.18443,18,365.902121
-10.897706,18,365.961386
-11.027088,18,366.019455
-11.396615,19,366.080794
-10.804238,18,366.139479
-11.285707,18,366.197806
-10.756783,18,366.987073
-11.276168,19,367.045256
-11.596516,20,367.105777
-11.421072,19,367.163891
-10.867157,18,367.218708
-10.835179,18,367.273448
-11.07993,18,367.328271
-11.099368,18,367.383104
-10.942701,18,367.437431
-10.772786,18,367.491825
-10.855892,18,367.546881
-11.131423,18,367.601863
-11.833924,20,367.662309
-10.919736,18,367.716598
-10.955611,18,367.771595
-10.654844,18,367.826092
-11.030213,18,367.880692
-10.900062,19,367.938931
-10.962412,19,367.997357
-11.010538,18,368.052467
-10.823763,18,368.107652
-11.196319,19,368.165976
-10.883368,18,368.221148
-11.022993,18,368.275732
-10.815544,18,368.330389
-10.678667,18,368.385628
-11.243215,19,368.443684
-10.978715,19,368.501887
-10.891029,19,368.561034
-11.225769,19,368.619152
-11.003494,18,368.673711
-10.999184,18,368.728209
-11.020606,18,368.783396
-11.018173,18,368.838388
-11.41462,20,369.255385
-11.062304,18,369.313212
-10.932811,18,369.371302
-11.867213,20,369.43511
-11.012419,18,369.493257
-11.092783,18,369.551125
-11.890553,21,369.618996
-10.843716,18,369.677116
-10.927352,18,369.735004
-10.921272,18,369.793256
-10.809272,18,369.851958
-11.009112,18,369.90985
-10.849961,18,369.968815
-10.726398,18,370.027467
-12.472513,21,370.095772
-11.008945,19,370.794014
-10.729734,18,370.849111
-11.377924,19,370.906491
-11.067998,18,370.960916
-10.846098,18,371.016539
-11.182019,18,371.071475
-12.635884,21,371.136393
-11.173663,19,371.194386
-11.266206,19,371.252054
-10.848466,18,371.306443
-12.095259,21,371.37002
-11.247387,18,371.425894
-11.246785,19,371.48365
-10.948673,18,371.538768
-10.958583,18,371.594036
-10.983959,18,371.648725
-11.019866,18,371.703859
-10.917414,18,371.758198
-10.876198,18,371.813441
-11.197663,19,372.222556
-12.90598,23,372.29602
-10.606073,17,372.350331
-10.728308,18,372.408781
-10.952953,17,372.463896
-10.821654,18,372.523481
-11.143312,18,372.581714
-11.278273,19,372.643837
-10.866738,19,372.706006
-10.942277,18,372.764036
-10.813196,18,372.823302
-13.251988,23,372.898012
-11.111294,18,372.956077
-11.186919,19,373.018832
-11.254402,19,373.080234
-10.896519,18,373.138218
-10.891592,18,373.193011
-11.031607,18,373.248349
-10.721132,18,373.302958
-11.057253,18,373.358704
-11.209546,19,373.41962
-10.882972,18,373.477125
-10.955645,19,373.538239
-11.043816,18,373.596585
-10.903317,18,373.660412
-11.216437,18,373.719459
-10.916433,18,373.777873
-11.183996,19,373.839494
-10.85899,18,373.89727
-10.489811,18,373.955323
-11.052763,18,374.014143
-11.122811,19,374.073462
-11.158134,19,374.131437
-10.927431,19,374.188372
-11.341017,19,374.588471
-10.72436,18,374.644832
-10.935837,18,375.391285
-10.80775,18,375.446666
-10.917151,18,375.501435
-11.085437,19,375.559258
-10.67428,18,375.614853
-10.998739,18,375.671404
-10.901322,18,375.727106
-11.214373,18,375.781951
-11.261767,18,375.836824
-11.071195,18,375.892327
-10.780311,18,375.947345
-11.09903,18,376.002003
-10.7539,18,376.057076
-11.312969,19,376.115762
-11.018375,18,376.170719
-11.054405,19,376.22913
-10.953672,18,376.284309
-10.979132,19,376.342022
-10.903439,18,376.396387
-10.924868,18,376.450844
-11.198738,20,376.512034
-11.172866,19,376.569993
-10.79928,18,376.624805
-10.974655,19,376.683594
-11.351669,19,376.742386
-11.170292,19,376.80006
-11.273192,19,376.858936
-11.026548,18,376.913937
-10.92092,18,376.968326
-10.727595,18,377.022948
-10.800333,18,377.078126
-10.844635,18,377.133359
-10.586806,18,377.534065
-11.296783,20,377.595125
-10.956424,18,377.649945
-11.096651,19,377.709465
-10.787693,18,377.764157
-11.234024,20,377.824923
-11.110387,19,377.883181
-10.938433,18,377.93834
-10.95136,19,377.995773
-10.983436,18,378.050412
-10.822298,18,378.106916
-11.113836,17,378.159211
-10.902245,19,378.217417
-10.944568,18,378.273021
-11.062312,18,378.328632
-10.903686,19,378.38657
-10.666256,18,378.441778
-11.027653,18,378.497227
-11.114461,18,378.551972
-10.988624,18,378.606628
-11.039611,18,378.661922
-11.010677,18,378.718532
-10.59612,17,378.770737
-11.075863,18,378.825366
-10.768674,18,379.494553
-10.893519,18,379.548934
-10.791562,18,379.603867
-10.831959,18,379.659142
-11.010915,18,379.71545
-10.870377,18,379.772057
-10.849777,18,379.827364
-10.947783,18,379.882696
-10.866382,18,379.939111
-12.101724,21,380.004488
-11.138536,19,380.376088
-10.953416,18,380.431556
-11.336654,19,380.489636
-10.990642,18,380.545068
-10.983911,18,380.600348
-10.826485,18,380.655195
-10.863937,19,380.714297
-11.302697,19,380.771889
-11.54201,20,380.832799
-10.903717,18,380.887837
-11.001614,19,380.946541
-11.10199,18,381.001085
-10.735492,18,381.05577
-11.006401,18,381.110973
-11.014179,18,381.165696
-11.428926,19,381.223914
-10.90797,18,381.27834
-10.761531,18,381.334011
-11.156569,18,381.38861
-11.028951,18,381.443049
-10.817106,18,381.498066
-10.782743,18,381.553329
-10.929784,18,381.607611
-10.92725,18,381.662368
-10.586007,17,381.714643
-10.723678,18,381.769478
-11.290694,19,381.828156
-11.033768,19,381.885677
-10.766782,18,381.941341
-10.953491,18,381.995916
-11.067191,18,382.050358
-11.003475,18,382.105535
-11.218963,18,382.160602
-10.914511,18,382.215153
-10.772103,18,382.591965
-10.928279,18,382.646999
-11.064162,19,382.704754
-10.925335,19,382.763084
-10.988816,18,382.817784
-10.704211,18,382.872736
-10.792815,18,382.928308
-10.763339,18,382.982992
-10.890668,17,383.034589
-11.346197,19,383.092086
-10.969135,18,383.147365
-10.654945,18,383.20195
-10.933218,18,383.85819
-10.92244,18,383.913561
-10.965078,18,383.969013
-10.907519,19,384.026456
-11.106061,19,384.083899
-10.867291,18,384.138816
-11.497005,19,384.196816
-10.899374,19,384.254837
-11.059459,18,384.309801
-11.080833,18,384.365328
-11.12702,18,384.420382
-11.008851,19,384.477694
-10.543826,17,384.529693
-10.948562,19,384.588156
-10.805898,18,384.642316
-11.450467,19,384.699797
-11.042899,19,384.757942
-11.120363,19,384.81572
-11.495868,20,384.876578
-11.077331,18,384.931335
-11.111171,19,384.989152
-11.143487,19,385.046895
-10.968477,18,385.433957
-10.857757,18,385.488971
-10.743739,18,385.543682
-10.774411,18,385.598718
-10.985382,18,385.65325
-10.824322,18,385.707639
-11.343784,19,385.765635
-11.031108,19,385.823897
-10.778037,18,385.878459
-11.071343,19,385.936479
-10.797804,18,385.991798
-11.180427,20,386.05313
-10.883962,18,386.108262
-10.929435,18,386.163171
-11.077359,18,386.218292
-10.723385,18,386.273249
-11.1525,19,386.331592
-10.818571,18,386.386729
-10.756972,18,386.442343
-10.993157,18,386.497142
-10.536449,18,386.551962
-10.977114,19,386.610433
-10.853479,18,386.665029
-11.015325,19,386.723406
-10.621398,18,386.778633
-10.98635,18,386.833719
-11.129318,19,386.891207
-10.861094,18,386.946317
-10.914403,18,387.001345
-10.927968,18,387.057021
-10.979213,18,387.111992
-11.488645,19,387.169656
-11.870981,21,387.234509
-10.932671,18,387.288798
-10.948808,19,388.755095
-10.968702,18,388.811543
-10.664583,18,388.86978
-11.289037,18,388.928518
-11.141059,18,388.987547
-10.7393,18,389.046272
-10.561512,17,389.101598
-11.170589,18,389.160121
-11.179066,18,389.218523
-10.799204,18,389.276513
-11.065922,19,389.337782
-11.359049,19,389.399381
-11.200679,19,389.461177
-11.018902,18,389.51997
-11.003211,19,389.581271
-10.680942,18,389.639832
-10.71392,18,389.698842
-11.125152,17,389.753619
-10.651616,17,389.808803
-11.016632,18,389.86726
-10.992403,18,389.925596
-10.757955,18,389.984529
-10.871757,18,390.042986
-10.77527,18,390.101369
-10.88304,18,390.159792
-11.002602,18,390.217916
-10.906156,18,390.27753
-10.694871,18,390.335539
-10.989849,18,390.394442
-11.315716,19,390.45618
-10.984889,18,390.514258
-10.945628,18,390.572562
-10.516944,18,390.630796
-10.996199,19,390.692994
-10.795743,18,390.75127
-11.479337,19,391.158814
-10.772643,18,391.217078
-11.017276,18,391.276201
-10.83202,18,391.33446
-11.084517,18,391.393021
-11.006314,18,391.451534
-11.235778,18,391.51006
-10.959977,19,391.571604
-10.945977,18,391.62978
-10.695962,18,391.689221
-11.0041,18,391.747604
-10.751431,18,391.805358
-11.360109,18,391.86412
-10.756574,18,391.922396
-12.105275,20,391.986965
-10.702943,18,392.045749
-10.788813,18,392.104726
-11.188361,19,392.166421
-10.694081,18,392.224875
-11.335857,19,392.28691
-10.948974,18,392.345672
-10.996293,18,393.274923
-11.113766,18,393.332931
-10.799355,18,393.390848
-11.017935,18,393.448963
-11.253138,20,393.514822
-10.904605,18,393.573241
-10.763811,18,393.631553
-11.072836,18,393.690011
-10.745921,18,393.74839
-10.978033,18,393.806297
-11.026607,19,393.868044
-10.991229,18,393.926695
-10.996107,19,393.987668
-10.618161,17,394.368366
-10.787848,18,394.426163
-10.684135,18,394.483857
-10.975812,18,394.543036
-11.223167,19,394.604002
-10.800652,18,394.661854
-10.937876,18,394.720605
-11.191222,19,394.781982
-10.792615,18,394.840363
-12.353349,23,394.914693
-11.443708,19,394.975938
-10.60403,17,395.031298
-10.981664,19,395.093072
-10.783818,18,395.151928
-11.019405,19,395.212585
-11.075753,17,395.267829
-11.189167,19,395.329719
-10.701773,17,395.384502
-11.328985,19,395.44567
-11.163202,19,395.507928
-10.864778,18,395.566787
-11.178872,19,395.628129
-10.770974,17,395.683327
-10.943313,18,395.742126
-11.683338,21,395.809979
-10.884989,18,395.868102
-10.809077,18,395.926621
-10.78288,18,395.984953
-10.972742,19,396.045657
-11.16044,18,396.103539
-10.69371,18,396.162963
-11.210646,19,396.224144
-11.242151,19,396.285132
-10.879792,19,396.347347
-10.710259,18,396.746269
-11.278706,19,396.804364
-10.682485,17,396.856244
-11.019868,18,396.910772
-11.117298,19,396.968787
-11.292087,19,397.026202
-11.009031,18,397.080968
-11.959234,22,397.147796
-10.960519,18,397.917016
-11.1605,18,397.972947
-10.877398,18,398.027383
-10.728911,18,398.082089
-10.764042,18,398.1383
-10.750616,18,398.193379
-10.955769,18,398.247936
-10.936345,18,398.302394
-11.124289,19,398.360758
-10.568069,18,398.415793
-10.687968,18,398.470411
-11.174846,18,398.525249
-11.092178,18,398.580582
-10.973681,18,398.635155
-10.826048,18,398.689622
-11.996637,21,398.754652
-10.869862,18,398.808941
-10.410771,18,398.863114
-10.801494,18,398.917252
-11.034072,18,398.972554
-10.940936,18,399.027485
-10.844278,18,399.082213
-10.835475,19,399.140393
-10.69041,18,399.194793
-10.916388,18,399.249588
-11.221318,18,399.303918
-10.874083,18,399.685711
-11.072402,18,399.740888
-10.966825,18,399.795468
-10.868336,18,399.849907
-11.461778,20,399.910619
-10.802966,18,399.966146
-10.98231,19,400.023729
-10.875458,18,400.07818
-10.927337,18,400.132746
-10.915861,18,400.187481
-10.735399,18,400.242118
-10.917768,18,400.297218
-11.031575,19,400.355991
-11.0868,19,400.413418
-10.803106,18,400.467874
-11.045658,19,400.5252
-11.299255,19,400.583688
-10.76665,18,400.6378
-10.722006,18,400.692373
-10.934115,18,400.747187
-10.909575,18,400.801512
-10.894398,18,400.855951
-10.63563,18,400.910877
-10.784633,18,400.966276
-10.852866,18,401.020489
-10.710183,18,401.074861
-10.876701,18,401.129609
-10.681161,18,401.185028
-10.708398,18,401.239784
-11.010016,18,401.294486
-10.725331,18,401.350083
-10.850539,19,402.112217
-10.677793,18,402.167617
-10.950303,18,402.224489
-10.807948,18,402.624801
-10.617779,18,402.68299
-10.720736,18,402.742184
-10.862648,18,402.800535
-10.563747,17,402.856259
-10.666779,18,402.914715
-10.664721,18,402.972874
-10.897492,18,403.03141
-10.845052,18,403.089129
-12.516297,23,403.163894
-10.783677,18,403.223006
-11.533695,19,403.284435
-11.124545,19,403.346403
-11.107416,18,403.405156
-10.941644,19,403.466221
-10.685226,18,403.524404
-10.686456,18,403.583059
-10.8565,19,403.644214
-10.823226,18,403.702017
-10.539558,17,403.757778
-10.989378,18,403.817268
-10.492312,17,403.872818
-10.672574,18,403.93117
-10.903633,19,403.993277
-10.968306,19,404.054637
-11.012948,19,404.1157
-11.175921,18,404.174699
-10.760975,18,404.233087
-10.814947,18,404.290952
-10.734739,18,404.349936
-11.174477,18,404.40868
-11.127627,19,404.471224
-10.709482,18,404.529872
-10.809001,18,404.588357
-10.835578,18,404.982291
-11.086268,18,405.038243
-10.792613,18,405.093487
-10.811388,18,405.148353
-11.262443,19,405.206566
-11.014846,19,405.264651
-11.463399,20,405.325828
-11.136408,19,405.383955
-11.145691,18,405.439816
-10.944187,18,405.495028
-10.688912,18,405.549759
-10.872327,19,405.607968
-10.997817,18,405.662469
-11.011431,17,405.713641
-10.812815,18,405.768551
-10.842558,18,405.823643
-11.232223,18,405.878678
-11.315059,19,405.936884
-10.820087,19,406.642833
-10.801486,18,406.702513
-10.861441,19,406.76458
-10.955606,18,406.823423
-11.709183,20,406.888647
-10.966022,18,406.947538
-10.813563,18,407.005885
-11.179502,19,407.068532
-10.987142,19,407.130176
-10.914969,18,407.188301
-10.993318,18,407.247549
-10.879464,18,407.305824
-11.094183,19,407.36848
-11.349414,19,407.4307
-10.678716,18,407.489471
-11.214551,19,407.551424
-10.998099,18,407.948941
-10.710998,18,408.008828
-10.854897,18,408.068085
-10.705124,18,408.126656
-10.991042,18,408.18485
-11.051164,18,408.243597
-10.739471,18,408.302166
-11.036193,19,408.364984
-10.738927,18,408.423184
-10.698591,18,408.48258
-10.699316,18,408.541167
-10.90967,17,408.596416
-10.972081,18,408.655625
-10.936232,19,408.717268
-10.592951,17,408.772437
-11.378307,20,408.837249
-10.94827,19,408.900085
-10.926174,18,408.958778
-10.830174,18,409.017815
-10.54693,18,409.07689
-10.688421,18,409.13565
-10.777713,18,409.194075
-10.885364,18,409.252607
-10.816612,18,409.312086
-10.715774,18,409.371017
-10.861894,18,409.429492
-10.638517,17,409.485371
-11.107023,18,409.54468
-10.858967,18,409.602644
-10.86647,18,409.66139
-11.050347,18,409.719553
-10.990839,18,409.778307
-11.14481,20,409.843413
-10.800469,18,409.902125
-11.010198,18,410.649041
-10.884891,18,410.70645
-11.139875,19,410.767606
-11.21679,19,410.828717
-11.231782,19,410.890191
-10.731295,18,410.94805
-10.870973,18,411.007113
-10.764468,18,411.785967
-10.906647,18,411.840329
-11.016915,18,411.895323
-11.217491,20,411.956506
-10.72937,18,412.011585
-11.256099,19,412.06967
-10.877648,18,412.125463
-10.955356,18,412.182529
-10.930871,18,412.240257
-10.755139,18,412.297902
-10.698423,18,412.356195
-10.990174,19,412.417256
-10.628336,17,412.471719
-11.105238,19,412.533204
-10.71433,18,412.590823
-10.813287,19,412.652431
-10.880458,18,412.710443
-10.890182,18,412.7682
-10.929546,18,412.826113
-10.785279,18,412.883565
-10.887934,19,412.944806
-10.742916,18,413.003759
-10.659168,18,413.061809
-20.11509,30,413.159248
-10.769728,18,413.217277
-10.833365,18,413.27584
-10.817089,18,413.334792
-11.066938,19,413.742447
-10.774139,18,413.801205
-11.488272,20,413.865692
-10.793287,18,413.923591
-10.812578,18,413.981879
-10.850432,18,414.039395
-10.889413,19,414.100528
-10.642997,17,414.155715
-10.876541,18,414.213372
-11.143212,19,414.27412
-11.049628,18,414.332725
-11.02658,18,414.39048
-10.868513,18,414.448224
-11.076968,18,414.505938
-10.773749,18,414.56509
-10.81409,18,414.623966
-10.730177,18,414.682097
-10.886423,18,414.741063
-10.872914,18,414.799441
-10.525169,17,414.853985
-10.622685,18,414.911865
-10.706371,18,414.970506
-11.340192,20,415.034815
-10.924507,18,415.093266
-11.065227,18,415.151915
-11.006691,19,415.213593
-10.937907,19,415.275692
-11.061077,19,415.337215
-10.499181,17,416.225377
-10.76722,18,416.279831
-10.782691,18,416.334237
-10.517059,17,416.38724
-10.898401,18,416.443352
-10.759255,18,416.499982
-11.029014,18,416.880609
-10.712991,18,416.938375
-11.128846,19,417.000372
-11.141671,19,417.0618
-10.912325,18,417.119045
-10.743334,18,417.177378
-11.284929,19,417.238652
-11.508282,20,417.302258
-10.832101,18,417.360173
-10.547393,17,417.41535
-10.617421,18,417.473257
-10.918662,18,417.530663
-11.207871,19,417.59178
-11.062529,18,417.649689
-10.901773,18,417.708967
-10.7525,18,417.767391
-11.477265,21,417.835173
-10.799723,18,417.892808
-11.441693,19,417.953806
-10.862927,18,418.012491
-11.009958,19,418.073673
-10.987421,18,418.131867
-10.935087,18,418.190167
-10.953042,20,418.254879
-10.815939,18,418.313079
-10.962294,19,418.37478
-10.616819,18,418.432768
-10.507752,17,418.487273
-10.927312,18,418.545358
-10.922574,18,418.603552
-10.659469,18,418.662041
-10.886384,18,418.720001
-10.671477,18,418.777812
-11.234058,18,418.836332
-11.212484,19,419.222783
-10.980496,19,419.28477
-10.902704,18,419.344041
-11.657157,20,419.408708
-10.820897,18,419.466573
-10.570748,17,419.52158
-12.077549,21,419.588778
-10.735293,18,419.647409
-11.082337,19,419.70858
-10.861081,18,419.766603
-10.927884,18,419.824733
-11.023956,19,419.885845
-10.885739,18,419.943354
-12.18631,22,420.015449
-11.1637,21,420.082943
-10.549172,17,420.137816
-10.660608,18,420.810902
-10.862167,18,420.865736
-10.751864,18,420.920263
-10.758512,18,420.974177
-10.854188,18,421.028832
-10.903532,19,421.086099
-10.909134,18,421.140565
-10.984722,19,421.198213
-10.826365,18,421.253111
-10.74083,18,421.306931
-11.228835,19,421.363685
-10.890103,18,421.417999
-11.000369,18,421.472422
-10.700997,18,421.526655
-10.698514,18,421.580683
-10.967523,19,421.638498
-10.984932,18,421.693392
-10.623195,17,421.744602
-10.664709,18,422.122514
-11.066728,19,422.180189
-11.037048,19,422.237956
-11.073866,18,422.292909
-11.033695,18,422.347068
-11.006083,19,422.403979
-10.889539,18,422.45934
-10.873641,18,422.513828
-10.884901,18,422.568146
-11.18218,18,422.622043
-10.794339,18,422.67713
-10.830933,18,422.731918
-10.963842,19,422.789963
-11.228753,19,422.848059
-11.092119,19,422.906161
-11.109321,18,422.96055
-10.788617,18,423.014827
-10.772944,18,423.069945
-10.833635,18,423.124428
-11.079468,18,423.178452
-10.951942,18,423.232924
-11.302045,19,423.291699
-10.700425,18,423.347428
-10.825256,18,423.404219
-10.971257,18,423.459149
-10.680291,18,423.513503
-10.695282,18,423.567949
-11.062631,18,423.622626
-10.683446,18,423.678067
-10.947211,18,423.732628
-10.531326,17,423.784417
-11.035077,19,423.842046
-10.691238,18,423.897036
-10.842658,18,423.952107
-10.73265,18,424.006475
-11.486438,21,424.395092
-11.067043,19,424.452293
-10.816823,18,424.50669
-11.024143,18,425.190086
-10.647525,17,425.242071
-10.993768,18,425.297489
-10.961624,19,425.355248
-10.697543,18,425.409635
-10.672667,18,425.464212
-11.005985,18,425.519369
-11.02646,18,425.573607
-10.576691,18,425.627829
-10.703166,18,425.682276
-10.771452,18,425.736392
-10.725591,18,425.791113
-11.726364,20,425.852175
-10.763346,18,425.907119
-11.366621,19,425.964533
-10.710585,18,426.018816
-11.164479,18,426.072834
-10.821535,18,426.128044
-11.032776,18,426.182054
-11.480112,20,426.24199
-10.84785,18,426.296916
-10.541802,18,426.351527
-10.730938,18,426.406129
-10.766713,18,426.45987
-10.671439,18,426.514323
-10.903134,18,426.568422
-10.909803,18,426.62219
-10.877271,18,426.676228
-11.377449,19,426.734372
-10.537141,17,426.78546
-11.236458,20,426.845628
-10.725091,18,427.224431
-10.916658,18,427.278619
-10.904489,18,427.333957
-10.825865,18,427.388272
-10.75151,18,427.441894
-10.940361,19,427.499462
-10.715113,18,427.554254
-10.787611,18,427.608168
-10.798208,18,427.662446
-11.148677,19,427.719725
-10.684117,18,427.773913
-11.003668,19,427.831299
-10.900277,18,427.885784
-10.764552,18,427.940946
-10.873057,19,427.99783
-10.540077,17,428.048737
-10.816075,18,428.102203
-10.963676,18,428.156565
-11.083109,19,428.213722
-11.023751,19,428.272301
-11.094799,19,428.32956
-10.828068,19,428.392218
-10.847434,18,428.446336
-10.795153,18,428.500583
-10.846094,18,428.555706
-10.699742,18,429.479079
-10.738835,18,429.536275
-10.943947,18,429.593044
-11.191637,19,429.653711
-10.855728,18,429.710929
-10.685012,18,429.769459
-10.596911,17,429.824022
-10.73729,18,429.882151
-10.998046,18,429.940456
-11.515079,20,430.328424
-10.649902,18,430.384933
-10.864993,19,430.442421
-10.79685,18,430.496766
-10.980519,19,430.554641
-10.761844,18,430.609375
-11.638496,21,430.672354
-10.713241,18,430.72717
-11.749969,20,430.788131
-10.802566,17,430.839116
-10.839732,18,430.89368
-10.7571,18,430.949214
-11.961934,21,431.013197
-10.852737,19,431.070195
-10.859429,18,431.124464
-11.013997,19,431.182534
-11.451731,19,431.240033
-10.919136,19,431.298032
-11.051312,18,431.353126
-10.773467,18,431.407847
-10.841513,18,431.462425
-10.845578,18,431.517098
-10.72538,18,431.572606
-10.878946,18,431.627654
-10.529571,17,431.679172
-10.879658,18,431.733428
-10.899008,18,431.788599
-10.983209,18,431.842967
-10.724428,18,431.897738
-10.679588,18,431.952628
-10.840092,18,432.007537
-10.756205,18,432.062588
-11.276334,19,432.120492
-10.711653,18,432.175898
-10.717851,18,432.885208
-10.727861,18,432.939976
-10.92083,19,432.998527
-10.622418,18,433.053111
-10.936281,19,433.110802
-11.119618,19,433.169737
-10.961302,18,433.224621
-11.023317,18,433.279198
-10.894113,19,433.336673
-10.850733,18,433.392173
-11.371798,18,433.446792
-10.712847,18,433.510036
-10.845175,18,433.564863
-11.141103,19,434.323304
-10.538116,17,434.374339
-10.813441,18,434.429166
-10.802227,18,434.48427
-10.833384,18,434.539305
-10.760475,18,434.594197
-10.739095,18,434.648856
-12.837596,24,434.721372
-10.532724,17,434.772496
-10.652573,18,434.828157
-10.908713,18,434.882585
-10.734022,18,434.936771
-10.966837,19,434.99567
-11.125534,18,435.050519
-10.733117,18,435.10591
-10.747663,18,435.160161
-11.002871,18,435.215228
-10.992012,19,435.272373
-10.74626,18,435.327156
-10.691412,17,435.37889
-10.663131,18,435.433996
-10.531161,17,435.81112
-10.693505,18,435.866132
-10.833197,18,435.920736
-10.541288,17,435.972082
-10.926829,19,436.030354
-10.766122,18,436.08546
-10.832303,18,436.140574
-10.812866,19,436.197982
-10.834497,18,436.253338
-11.449747,20,436.313504
-10.558399,17,436.36532
-10.698663,18,436.420586
-10.929851,18,436.475142
-10.710281,18,436.529814
-10.858801,20,436.591136
-10.863691,18,436.647792
-10.938308,19,436.706619
-10.711151,18,436.760998
-10.745674,18,436.816114
-11.139976,18,436.87084
-11.43571,20,436.931301
-10.919646,18,436.985972
-10.713805,18,437.040998
-10.720663,18,437.095779
-10.536721,17,437.147276
-10.737398,18,437.201398
-10.911035,19,437.259854
-10.869602,18,437.314217
-10.915343,19,437.371332
-10.695034,18,437.426293
-10.935896,20,437.48726
-11.247651,19,437.545595
-11.101566,18,437.600214
-10.554921,18,437.655778
-10.730792,18,438.035196
-10.798953,18,438.77483
-10.934149,19,438.833239
-11.020955,18,438.888632
-10.763778,18,438.943548
-10.676026,18,438.998341
-10.82032,18,439.053936
-10.549717,17,439.106473
-10.748069,18,439.161716
-10.707318,18,439.218254
-10.849799,18,439.275305
-10.850059,19,439.333842
-10.685962,18,439.38886
-10.754793,18,439.444147
-10.653461,18,439.500151
-10.896654,18,439.554735
-10.715276,18,439.609791
-10.670599,18,439.66526
-10.957168,18,439.720613
-10.819922,18,439.775166
-10.940388,18,439.83058
-10.805568,18,439.886117
-10.598305,18,439.940736
-11.00852,18,439.996194
-10.822125,18,440.051577
-10.678684,18,440.107692
-10.766818,18,440.162756
-10.577905,17,440.215106
-10.881204,18,440.271224
-10.961381,18,440.32585
-10.645696,18,440.380575
-10.938668,19,440.438938
-10.625628,18,440.49436
-11.025437,20,440.554747
-10.686592,18,440.609948
-10.636198,18,440.992802
-10.729307,18,441.048088
-10.751781,18,441.103351
-10.791665,18,441.157801
-11.253914,19,441.215983
-11.202641,19,441.274394
-11.318267,18,441.33007
-10.809037,18,441.385128
-10.722988,18,441.439647
-11.040954,19,441.498216
-11.060228,18,441.552993
-10.775585,18,441.607543
-10.81968,18,441.663086
-10.803326,18,441.719319
-10.934932,19,441.77712
-10.631738,17,441.828629
-10.736296,17,441.880295
-10.676966,18,441.935104
-10.513634,17,441.987161
-10.761756,18,442.041487
-10.962671,19,442.100028
-10.797085,18,442.154892
-11.130818,19,442.957677
-10.874589,18,443.016011
-10.980792,18,443.074371
-11.276961,19,443.136814
-10.633854,18,443.195717
-10.738883,18,443.255058
-11.050211,19,443.317925
-10.606532,17,443.373686
-10.962743,19,443.434739
-10.552314,17,443.490365
-10.545327,18,443.549167
-10.809527,18,443.607696
-10.872933,19,444.021905
-10.590111,17,444.077942
-10.597498,18,444.137048
-10.809761,18,444.195891
-10.943095,19,444.25778
-10.952204,18,444.31731
-10.737307,18,444.376574
-10.800703,18,444.435713
-10.999356,18,444.494286
-11.030073,19,444.556866
-10.685442,18,444.615551
-10.760784,18,444.674881
-10.790945,18,444.734397
-11.436274,19,444.796259
-10.892997,18,444.854596
-10.69206,18,444.913191
-10.856829,19,444.975719
-10.712556,18,445.034552
-11.065281,19,445.096277
-10.901524,18,445.154966
-10.852628,18,445.213436
-10.666377,18,445.272242
-10.95521,18,445.331676
-10.726705,18,445.390521
-10.965817,18,445.449019
-10.830385,18,445.507277
-10.683156,17,445.563317
-10.512035,17,445.618756
-10.795007,18,445.675083
-11.012213,18,445.730457
-10.873952,19,445.788081
-10.617072,18,445.842937
-11.042087,20,445.903768
-11.195254,19,445.962773
-10.953796,18,446.017475
-10.556095,18,446.399247
-11.064732,18,446.4542
-10.862651,18,446.509026
-11.186139,19,446.567496
-10.840341,18,446.622654
-10.857703,19,446.679975
-10.833572,18,446.735023
-10.678731,18,446.789973
-11.002517,19,446.847419
-10.681423,18,447.609108
-10.812093,18,447.668271
-11.0058,18,447.727166
-10.7022,18,447.786849
-10.90263,19,447.848618
-10.650125,18,447.906823
-10.749133,18,447.96646
-10.880809,18,448.024845
-10.883725,19,448.086377
-11.033373,18,448.1452
-10.717548,18,448.204267
-10.649534,18,448.263249
-10.835951,18,448.321476
-10.542964,18,448.380476
-11.085267,19,448.441411
-11.264364,20,448.505146
-10.749,18,448.563305
-10.705318,18,448.621245
-10.937783,18,448.678809
-10.568041,17,448.733012
-10.912076,18,448.791543
-10.537993,17,448.846277
-10.755239,18,448.905773
-10.958346,19,448.966995
-10.52836,17,449.021816
-10.507221,17,449.405006
-10.714104,18,449.459965
-10.533578,18,449.514282
-10.764312,18,449.56946
-11.218893,19,449.626667
-10.854656,18,449.680984
-10.522702,17,449.732217
-10.547805,17,449.784374
-10.671996,17,449.835915
-11.550432,19,449.894333
-10.86022,18,449.949182
-10.851549,18,450.005436
-10.961698,18,450.060247
-10.658569,18,450.115055
-10.967972,18,450.170686
-10.812686,18,450.226432
-10.667356,18,450.281167
-11.026803,19,450.33896
-10.887547,18,450.394295
-10.698534,19,450.451973
-10.913627,18,450.506317
-10.885053,18,450.56081
-10.851101,19,450.619276
-10.520933,17,450.670766
-10.701986,18,450.72539
-10.798688,18,450.780658
-10.701057,18,450.834971
-10.976531,18,450.889567
-11.044911,19,450.947422
-10.801783,19,451.005885
-11.281078,20,451.066478
-11.325311,20,451.126653
-10.805092,18,451.868663
-10.63601,18,451.923314
-10.721092,17,452.299793
-10.694801,18,452.355076
-10.763221,18,452.410731
-10.866294,18,452.465416
-10.655909,18,452.519963
-10.956246,19,452.577078
-10.814068,18,452.636992
-10.912907,18,452.691586
-11.122706,18,452.745941
-10.712464,18,452.8005
-10.89384,18,452.855108
-10.914226,19,452.913221
-10.896819,19,452.970681
-10.931802,18,453.026229
-10.62882,18,453.080537
-10.820206,18,453.134908
-10.746898,18,453.189144
-10.648566,18,453.244276
-10.709473,18,453.299
-10.929135,19,453.356054
-10.800045,18,453.411008
-10.843023,18,453.465669
-10.967855,18,453.520476
-10.641215,18,453.574882
-10.68634,18,453.630317
-11.402622,20,453.690583
-10.847113,18,453.744468
-11.29923,19,453.802039
-10.793061,18,453.85705
-10.675957,18,453.912579
-10.905335,18,453.967037
-10.759372,18,454.022132
-10.743308,18,454.076452
-11.258606,19,454.133636
-10.833275,18,454.187889
-10.649189,17,454.908731
-10.546029,17,454.963569
-10.513425,17,455.018637
-10.764927,18,455.076839
-10.740079,18,455.13517
-10.823525,18,455.193434
-10.762764,18,455.248448
-11.048698,19,455.306034
-10.904273,18,455.360692
-11.934843,22,455.427577
-10.763291,18,455.482016
-10.971522,18,455.537507
-10.871989,18,455.59175
-10.593762,18,455.646918
-10.760975,18,455.701347
-10.934011,18,455.755533
-10.876703,18,455.810256
-10.737452,18,455.865224
-11.04024,19,455.922323
-10.554702,17,456.622196
-10.882596,19,456.684377
-10.706055,18,456.742691
-10.727958,18,456.800035
-10.722569,18,456.855937
-11.779217,22,456.922543
-10.77638,18,456.976954
-10.914136,18,457.032525
-10.536723,18,457.088279
-10.836903,18,457.143365
-10.665414,18,457.197636
-10.720669,18,457.252647
-10.742643,18,457.306938
-10.582739,17,457.358476
-10.920847,19,457.416164
-11.719433,20,457.804075
-11.186424,19,457.863131
-10.694639,18,457.917578
-10.785536,18,457.971916
-10.508469,17,458.024009
-10.871549,18,458.079465
-10.690749,18,458.134992
-10.975904,18,458.189335
-10.475925,17,458.240537
-10.797481,18,458.295738
-10.658711,18,458.350847
-11.068213,19,458.408074
-10.730527,18,458.462813
-10.740544,18,458.518527
-10.644955,18,458.573056
-10.769776,18,458.627641
-10.644778,18,458.682817
-10.990586,19,458.740668
-10.731795,18,458.794985
-10.796374,18,458.849288
-10.861995,18,458.904364
-11.022156,18,458.960277
-10.598155,18,459.015596
-10.900047,18,459.070375
-10.801043,18,459.126047
-10.678251,18,459.181205
-10.780227,18,459.236512
-11.092256,19,459.295167
-10.610584,17,459.346861
-10.820461,18,459.401302
-10.676121,18,459.455664
-10.678414,18,459.511355
-10.88388,18,459.566808
-10.770033,18,459.621276
-11.137852,19,459.6792
-10.861402,18,460.059206
-10.916349,18,460.115619
-10.948912,18,460.170941
-10.601916,18,460.225749
-11.348602,19,460.283427
-10.749125,18,460.338513
-10.877203,18,460.393115
-11.164692,18,461.28955
-10.746641,18,461.345634
-10.811099,18,461.400027
-10.86448,19,461.457038
-10.675833,18,461.512462
-10.682735,18,461.567566
-10.914896,18,461.622669
-10.695238,18,461.677015
-10.952623,18,461.732622
-10.519081,17,461.784265
-10.825458,18,461.838662
-10.752281,18,461.892907
-10.783429,18,461.949611
-10.685611,18,462.004282
-10.911045,19,462.061676
-10.504674,17,462.114347
-10.918463,19,462.172192
-11.150448,18,462.226906
-10.690722,18,462.281096
-12.226235,23,462.351243
-10.814414,18,462.405586
-10.600566,17,462.45662
-10.638981,17,462.508346
-10.673196,18,462.563843
-10.823557,19,462.621716
-10.821265,18,462.676019
-10.514168,17,462.728532
-10.825758,18,463.107814
-10.873819,19,463.167762
-11.024564,18,463.222158
-10.527856,17,463.27321
-10.52366,17,463.325155
-10.592258,18,463.379554
-10.750698,18,463.433636
-10.696001,18,463.488106
-10.694366,18,463.545862
-10.919069,19,463.603635
-10.677621,18,463.657924
-10.687465,18,463.713107
-10.815294,18,463.768421
-10.497596,17,463.819999
-10.556662,17,463.871238
-11.061809,18,463.926118
-10.701187,17,463.977768
-10.738304,18,464.032164
-10.683657,18,464.087104
-10.778976,18,464.142875
-12.61536,23,464.212711
-10.673618,18,464.267128
-10.690097,18,464.322155
-10.811802,18,464.377398
-10.891899,18,464.432405
-11.026681,19,464.489491
-10.794213,18,464.544389
-10.74857,18,464.599392
-11.495696,20,464.659857
-10.782848,18,465.728017
-10.8666,19,465.787108
-10.911242,19,465.846824
-10.690185,18,465.903472
-10.777859,18,465.961438
-10.727359,18,466.376643
-10.995016,18,466.434949
-10.507408,17,466.489664
-10.75208,18,466.548223
-10.689037,18,466.606556
-10.76917,18,466.664739
-10.68584,18,466.723908
-10.802977,18,466.782512
-10.694446,18,466.839479
-10.555807,17,466.891367
-10.836919,18,466.947704
-10.664164,18,467.002467
-11.021236,19,467.060297
-10.830806,18,467.114485
-10.959139,19,467.173037
-10.64576,18,467.22826
-10.664577,18,467.28331
-11.153814,19,467.34324
-10.90928,18,467.398511
-10.733346,18,467.453556
-10.69326,18,467.508433
-10.928694,19,467.566389
-10.799245,18,467.621637
-11.08068,19,467.679344
-11.033675,18,467.735104
-11.162954,20,467.796818
-10.932859,19,467.854814
-10.676912,18,467.909659
-10.82398,18,467.96595
-11.003115,19,468.023902
-10.987628,18,468.078685
-10.897315,19,468.136325
-10.594228,17,468.189238
-10.540008,18,468.24519
-11.061983,19,468.303648
-11.262537,19,468.69271
-10.539613,17,468.745686
-10.713638,18,468.801713
-10.829605,18,468.856777
-10.505619,17,468.908641
-10.924405,19,468.966125
-10.80271,18,469.022276
-10.508174,17,469.0741
-10.686652,18,469.128699
-10.892239,18,469.184492
-10.620899,18,469.240242
-10.91611,18,469.295431
-10.89174,18,469.350634
-10.709802,18,469.406554
-10.762789,18,469.4615
-10.789529,18,469.516829
-10.48438,17,470.2811
-11.05333,18,470.337085
-10.691468,18,470.392329
-10.685674,18,470.447688
-10.781237,18,470.502173
-10.740308,18,470.558041
-10.566829,17,470.61072
-10.69673,18,470.665502
-11.54812,20,470.727035
-10.85249,19,470.784594
-10.836515,18,470.840907
-10.700195,18,470.895404
-10.667978,18,470.95049
-10.793294,18,471.005914
-10.97838,19,471.063672
-10.739803,18,471.11809
-12.884896,24,471.191158
-10.672516,18,471.247249
-10.788404,19,471.620511
-10.902117,18,471.677942
-10.700653,18,471.73559
-10.739652,18,471.793651
-10.680525,18,471.85269
-10.838267,18,471.911144
-10.964497,19,471.972145
-10.523492,17,472.027419
-10.725592,18,472.08606
-10.69768,18,472.144042
-10.712375,18,472.20242
-10.539668,17,472.25813
-10.81078,18,472.317339
-10.765083,18,472.375487
-11.031852,19,472.437693
-10.905161,18,472.496084
-10.581078,17,472.551088
-11.026523,19,472.612343
-10.796775,18,472.670884
-10.73079,18,472.729462
-10.808734,18,472.787823
-10.70005,18,472.847141
-10.685326,18,472.906362
-10.691969,18,472.964909
-11.015516,18,473.023194
-10.735098,18,473.081428
-10.644701,18,473.136604
-10.925442,18,473.191778
-10.840551,18,473.249455
-10.81021,18,473.305398
-10.863339,18,473.36206
-10.509046,17,473.415508
-11.007107,19,473.475209
-10.919192,18,473.530397
-10.58131,17,473.582567
-10.818099,18,473.955704
-10.898686,19,474.015075
-10.717027,18,474.071203
-10.681049,18,474.127573
-10.72421,18,474.949927
-10.921281,19,475.007403
-10.86174,18,475.062106
-10.721843,18,475.117907
-10.785411,19,475.175656
-10.514727,17,475.227257
-11.028851,19,475.285542
-10.831235,18,475.340353
-10.793251,18,475.394938
-10.674873,18,475.44901
-10.742785,18,475.503999
-13.105484,25,475.579906
-10.968753,18,475.63403
-10.723542,18,475.689293
-10.79064,18,475.74362
-10.668493,18,475.797851
-10.929481,19,475.854975
-10.741798,18,475.910197
-10.825263,18,475.964638
-10.732256,18,476.019347
-10.746486,18,476.073945
-10.836271,19,476.13178
-11.621686,20,476.192165
-10.962948,18,476.246322
-10.667813,18,476.302314
-10.725583,18,476.356921
-10.780421,18,476.411476
-10.779359,18,476.465717
-10.652531,18,476.521852
-11.52276,20,476.582363
-10.918741,18,477.300975
-11.102517,19,477.359185
-10.715738,18,477.413904
-10.948909,18,477.468178
-10.589023,17,477.520397
-10.963163,19,477.578999
-10.765997,18,477.633586
-10.760002,18,477.68844
-10.651956,18,477.742906
-10.886564,19,477.800075
-10.807115,18,477.854311
-10.933728,19,477.912854
-10.935254,19,477.97035
-10.487834,17,478.022009
-10.811829,18,478.076241
-10.99986,19,478.134527
-10.543977,17,478.186582
-10.690659,18,478.241067
-10.66752,18,478.295542
-11.014576,19,478.35318
-11.105195,19,478.410431
-10.927562,18,478.465052
-10.691601,17,478.516994
-10.662637,18,478.571661
-10.524239,18,478.626156
-10.871295,18,478.680502
-10.735214,18,479.36219
-10.99856,19,479.420653
-10.95579,19,479.478111
-10.647772,18,479.533803
-10.806991,18,479.588894
-10.523321,17,479.641246
-10.928676,19,479.699382
-11.076287,19,479.758951
-11.523561,20,480.14802
-10.841374,19,480.206561
-10.910954,19,480.264709
-10.761074,18,480.320824
-10.491209,17,480.373239
-10.708596,18,480.428275
-11.847648,21,480.491938
-10.588465,17,480.544647
-10.828471,18,480.600042
-10.76398,18,480.655385
-10.801513,18,480.710284
-10.601294,17,480.763062
-10.490922,17,480.814531
-10.930137,19,480.871921
-10.771265,18,480.926816
-10.713898,18,480.982302
-10.995771,19,481.040479
-10.731761,18,481.094888
-10.894096,18,481.150989
-12.401714,26,481.23012
-12.845038,26,481.309029
-11.012919,19,481.367188
-11.153941,21,481.430605
-10.702196,18,481.484725
-10.712766,18,481.540301
-10.99619,19,481.59875
-10.71652,19,481.656491
-10.814832,18,481.711306
-10.713341,18,481.766992
-10.719099,18,481.821879
-10.883956,18,481.876798
-10.850515,18,481.931603
-11.004129,19,481.98976
-10.866875,18,482.37084
-10.735059,18,482.426085
-10.726186,18,482.481048
-10.777986,18,482.535951
-10.731405,18,482.591426
-10.568171,18,482.646342
-10.608041,18,482.701176
-10.750371,18,482.756415
-10.640483,17,482.808934
-10.934492,18,482.863229
-10.708276,18,482.917526
-11.223961,19,482.975628
-10.845111,18,483.030076
-11.005699,19,483.087458
-10.809139,18,483.906531
-10.613499,18,483.964552
-10.826053,18,484.022638
-10.576145,17,484.07762
-10.71838,18,484.135771
-10.977079,19,484.198765
-10.70306,18,484.256935
-10.611389,18,484.314995
-10.742548,18,484.373756
-10.914278,19,484.435567
-10.619709,18,484.493527
-10.689728,18,484.551789
-10.627689,18,484.610471
-10.952732,19,484.672076
-10.786003,18,484.730795
-10.708331,18,484.78989
-10.664135,18,484.848655
-10.668322,18,484.903305
-10.841808,19,484.960854
-10.695803,18,485.016269
-10.985524,19,485.400673
-10.804631,18,485.4571
-10.571703,18,485.512669
-10.646002,18,485.56704
-10.525112,17,485.619484
-10.720107,18,485.674008
-11.08087,19,485.731926
-11.469532,19,485.790325
-10.925921,19,485.848321
-10.796168,18,485.902991
-10.747676,18,485.957516
-10.694235,18,486.0129
-10.660022,18,486.067127
-10.948361,19,486.125669
-10.755701,18,486.180225
-10.801275,18,486.235972
-10.818766,18,486.290589
-10.667228,18,486.345487
-10.66422,18,486.401319
-10.92055,18,486.456139
-11.020751,19,486.51396
-10.657771,18,486.568655
-10.721259,18,486.624181
-10.975895,19,486.682301
-10.893888,19,486.741052
-10.711969,17,486.792971
-10.918914,18,486.848962
-10.823715,18,486.903648
-10.771083,18,486.958323
-10.916682,18,487.014269
-10.901865,19,487.072061
-11.173056,19,487.129454
-10.754863,18,487.184311
-10.703372,18,487.240258
-10.725767,18,487.295497
-10.695155,18,487.678463
-10.743482,18,488.417126
-10.680145,18,488.475579
-10.633131,18,488.533684
-10.840707,18,488.5914
-10.619239,18,488.6502
-10.767101,19,488.711928
-10.687617,18,488.77096
-10.919975,19,488.83365
-10.828744,18,488.892183
-10.852994,18,488.950643
-10.753947,18,489.009178
-10.730587,19,489.070982
-10.506655,17,489.125971
-10.722039,18,489.184143
-10.696339,18,489.243478
-10.830483,18,489.303008
-10.756744,17,489.358403
-10.599334,18,489.416248
-10.730296,18,489.474617
-10.8202,18,489.532632
-11.062697,19,489.593958
-10.848647,18,489.652914
-10.776527,18,489.710852
-10.737282,18,489.769323
-10.783282,18,489.827779
-10.770468,18,489.886839
-10.508871,17,489.941776
-10.777168,18,490.000804
-10.622212,18,490.059328
-10.934855,18,490.11795
-10.847526,18,490.176039
-10.638123,18,490.234105
-10.819643,19,490.296096
-10.762653,18,490.708957
-10.768592,18,490.768395
-10.600541,18,490.826982
-10.515564,17,490.882631
-10.675659,18,490.941397
-10.810065,18,490.999757
-10.6955,18,491.058306
-10.686754,18,491.116581
-10.670044,20,491.181493
-10.946209,19,491.242759
-11.038884,19,491.305152
-10.838043,18,491.363771
-10.623985,18,491.422416
-10.510535,17,491.478269
-10.82359,18,491.537218
-10.647559,18,491.595578
-10.652773,18,491.654143
-10.733669,18,491.713186
-10.695895,18,491.771737
-11.142465,19,491.833508
-10.710362,18,491.892685
-10.852365,18,491.951867
-10.672676,17,492.006662
-10.929622,19,492.068115
-10.823891,18,492.942191
-10.903777,19,493.002341
-10.903395,18,493.059791
-10.72106,18,493.118628
-10.58251,17,493.173153
-10.884314,18,493.231604
-10.769022,18,493.290449
-10.875775,18,493.348857
-10.792069,18,493.407671
-10.939302,19,493.468907
-10.673453,18,493.528141
-11.191016,18,493.931648
-10.830848,18,493.990531
-10.696788,18,494.048697
-10.647655,18,494.107858
-11.070688,19,494.169533
-10.635455,18,494.228161
-10.682674,18,494.286468
-10.555229,17,494.342577
-10.563161,17,494.398359
-10.667648,17,494.454233
-10.734111,18,494.512995
-10.733486,18,494.571701
-10.730937,18,494.630192
-10.765834,18,494.688432
-10.69583,18,494.747443
-10.701072,18,494.805821
-10.714834,18,494.864249
-11.285879,19,494.926124
-10.678065,18,494.985039
-10.729362,18,495.043988
-10.710241,18,495.102387
-10.856419,18,495.161809
-11.062633,19,495.223544
-10.847565,18,495.281839
-10.699565,18,495.340815
-11.132359,20,495.405893
-10.555332,18,495.46485
-10.797037,18,495.523576
-10.681848,18,495.582026
-10.512998,17,495.638206
-10.938643,18,495.696735
-10.553269,18,495.75524
-10.677055,18,495.813142
-10.757121,18,495.871773
-10.753375,18,495.930626
-10.520919,17,496.333517
-10.746715,18,496.392939
-10.738559,18,496.451728
-10.748997,18,496.510488
-10.65563,18,496.570473
-10.871857,18,496.628998
-10.758687,18,496.687521
-10.548789,17,496.743527
-10.713544,18,496.805855
-10.700411,18,496.863788
-10.738457,18,497.715135
-10.522352,17,497.77129
-11.189697,19,497.833683
-10.558511,17,497.898799
-10.753265,18,497.956385
-10.983552,19,498.017832
-10.90449,19,498.078954
-10.630678,18,498.136728
-10.6972,18,498.195289
-10.649137,17,498.249735
-11.487882,20,498.314246
-10.749919,18,498.372706
-10.624954,18,498.430365
-10.657038,18,498.488755
-10.711006,18,498.547021
-10.878237,18,498.605018
-10.904799,19,498.666226
-10.751747,18,498.724093
-11.039247,19,498.785964
-11.454352,20,498.850679
-10.891278,18,498.908563
-11.169379,20,498.9731
-10.700719,18,499.030845
-10.4937,17,499.085969
-10.753033,18,499.84449
-10.763578,18,499.902897
-10.687527,18,499.960816
-10.699216,18,500.01983
-10.572075,17,500.075045
-10.80822,18,500.133
-10.685069,18,500.191412
-10.711269,18,500.249598
-11.248212,20,500.313823
-10.7191,18,500.371792
-10.701021,18,500.429978
-10.768208,18,500.488631
-10.677078,18,500.547029
-10.661554,18,500.605583
-10.748371,18,500.663797
-10.829547,18,500.722369
-11.382098,20,500.78718
-10.785773,18,500.845883
-10.714391,18,500.9042
-10.702103,18,500.962434
-11.022643,19,501.02405
-10.813135,18,501.082718
-10.718705,18,501.14178
-10.761845,18,501.200232
-10.707601,18,501.258442
-11.869133,22,501.329191
-10.769626,18,501.387525
-11.101805,18,501.446148
-10.702363,18,501.504284
-10.841043,18,501.562692
-10.708043,18,501.622038
-10.71133,18,501.68013
-10.914421,17,501.735051
-10.529615,17,502.489119
-10.758373,18,502.892569
-10.701966,18,502.95023
-10.693334,18,503.008498
-10.821617,18,503.066969
-10.506229,17,503.119157
-10.720738,18,503.174081
-10.690136,18,503.229142
-10.918468,19,503.286313
-10.677621,18,503.340711
-10.968629,19,503.397922
-10.917275,18,503.453447
-10.744256,18,503.508114
-10.754154,18,503.562941
-10.805192,18,503.617937
-11.012621,18,503.672791
-10.701162,18,503.72718
-10.755526,18,503.78205
-10.862967,19,503.839925
-10.627222,18,503.894125
-10.675674,18,503.948434
-10.730003,18,504.003057
-10.499561,17,504.055186
-10.945022,19,504.11248
-10.697515,18,504.167539
-10.755042,18,504.222677
-10.66898,18,504.277325
-10.697137,18,504.331673
-10.510958,17,504.383476
-10.552494,17,504.435516
-10.527331,17,504.486996
-10.810601,18,504.541117
-10.785578,18,504.595314
-10.651346,18,504.651725
-10.892375,19,504.709868
-10.640089,18,504.764495
-10.697252,18,505.154477
-10.707349,18,505.209992
-10.763421,18,505.265384
-10.547394,17,505.319549
-10.759993,18,505.373928
-10.680692,18,505.429239
-10.712602,18,505.483753
-10.687253,18,505.537986
-11.567904,19,505.595429
-10.894213,18,505.651217
-10.520735,17,505.703025
-11.251801,20,505.763786
-10.648644,18,505.818205
-10.834473,18,505.873245
-10.920301,19,505.931345
-10.785099,18,505.985632
-10.911779,18,506.040597
-10.796799,18,506.095148
-10.66892,18,506.150333
-10.717714,18,506.204987
-11.003936,19,506.905816
-10.708345,18,506.96493
-10.70854,18,507.019373
-10.790904,18,507.07458
-10.683142,18,507.129078
-10.685732,18,507.183923
-10.699644,18,507.238686
-12.750757,25,507.315079
-10.650256,17,507.366563
-10.558576,18,507.420716
-10.648757,18,507.476234
-10.827111,18,507.53066
-10.520834,17,507.581752
-10.688269,18,507.636514
-10.505426,17,508.013262
-10.863002,18,508.070144
-10.607899,18,508.126108
-10.417041,17,508.177565
-10.876552,18,508.23174
-10.995919,18,508.286752
-10.964154,19,508.344511
-10.710535,18,508.399429
-10.563934,18,508.454365
-10.700793,18,508.508942
-10.793789,18,508.56348
-10.683631,18,508.617887
-10.935994,19,508.675957
-10.682505,18,508.730716
-10.521081,17,508.782101
-10.773542,18,508.836548
-10.677364,18,508.891579
-10.754967,19,508.949401
-10.63682,18,509.004049
-10.973259,19,509.061913
-10.861912,19,509.119185
-10.776706,18,509.173456
-10.875505,19,509.230715
-10.810107,19,509.288803
-10.715299,18,509.344122
-10.706281,18,509.398391
-10.676064,18,509.453218
-10.809308,18,509.508012
-10.705649,18,509.562624
-10.717688,18,509.617169
-10.988804,18,509.672136
-11.004674,19,509.729493
-10.972334,19,509.787271
-10.53036,17,509.838553
-10.998786,20,509.900344
-10.93426,18,510.287668
-10.75027,18,510.342509
-10.66473,18,510.396917
-10.64138,18,510.451321
-10.681078,18,510.505959
-10.811834,18,510.560934
-11.404873,20,510.621563
-11.144039,20,511.333259
-10.726488,18,511.388494
-10.855847,18,511.443377
-11.031664,18,511.498913
-10.715523,18,511.553905
-10.89214,18,511.608361
-10.493226,17,511.659466
-10.701232,18,511.714934
-10.926886,19,511.77312
-10.733548,18,511.82803
-10.966491,19,511.886766
-10.708817,18,511.942233
-10.759702,18,511.996601
-12.116232,23,512.065825
-10.661489,18,512.121472
-10.681008,18,512.175766
-10.693047,18,512.229835
-10.692813,18,512.28477
-10.536371,17,512.336306
-11.165438,19,512.394336
-10.657975,18,512.449273
-10.716238,18,512.504913
-10.651599,18,512.559703
-10.711953,18,512.614
-11.058776,19,512.67118
-10.838831,18,512.726649
-11.261692,19,512.783907
-10.720979,18,513.167911
-10.923989,19,513.225958
-10.681314,18,513.280097
-10.486923,17,513.332229
-10.535241,17,513.384657
-10.917759,19,513.442604
-10.738239,18,513.497449
-10.907496,19,513.55547
-10.681312,18,513.609526
-10.676409,18,513.663991
-10.574745,18,513.719644
-10.539191,18,513.774105
-10.733004,18,513.82886
-10.770927,18,513.884227
-11.112752,19,513.942893
-10.711355,18,513.997897
-10.680365,18,514.051973
-10.678592,18,514.106898
-10.663355,18,514.161247
-10.661286,18,514.215963
-10.703024,18,514.270184
-10.920512,19,514.329112
-10.802602,18,514.383758
-10.703558,18,514.438326
-10.665289,18,514.492718
-10.979056,19,514.551406
-10.890506,19,514.609699
-10.688489,18,514.664094
-12.10395,21,514.72839
-10.707152,18,515.536413
-10.535171,19,515.594402
-10.685268,18,515.649562
-10.483057,17,515.70094
-10.895184,19,515.759188
-10.703034,18,516.144666
-10.851541,18,516.199931
-10.542767,17,516.251411
-10.727087,18,516.30607
-10.892077,18,516.361605
-10.50671,17,516.413059
-10.758622,18,516.467868
-10.704894,18,516.523168
-11.740865,21,516.58695
-10.70364,19,516.644284
-10.524524,18,516.698817
-10.845979,18,516.754028
-10.700857,18,516.808621
-10.535679,17,516.860401
-10.713849,18,516.917004
-10.834225,18,516.972422
-10.493234,17,517.023684
-10.794403,18,517.078024
-10.422425,17,517.129754
-10.648643,18,517.18442
-10.482366,17,517.236175
-10.584946,18,517.290308
-10.718332,18,517.345523
-10.673556,18,517.400204
-10.411709,17,517.452243
-10.553046,18,517.507908
-10.86919,19,517.56592
-10.698373,18,517.620296
-10.723911,18,517.67455
-10.700806,18,517.728921
-10.709317,18,517.784303
-10.656784,18,517.839506
-10.668546,18,517.893991
-10.760952,18,517.949124
-10.698567,18,518.004191
-10.71473,18,518.387873
-10.761602,18,518.443361
-10.684944,18,518.49819
-10.492802,17,518.551044
-10.517275,17,518.602533
-10.744048,18,518.656817
-10.714404,18,518.711148
-10.790928,18,518.766383
-10.693506,18,518.820547
-10.73367,18,518.874604
-10.723365,18,518.92978
-10.798338,18,518.985194
-10.954418,18,519.040767
-10.663078,18,519.095476
-10.636206,18,519.150231
-10.882605,19,519.208746
-10.684186,18,519.263096
-10.684303,18,519.978965
-11.346921,19,520.037622
-10.698341,18,520.092016
-10.525736,17,520.143625
-10.740873,18,520.198447
-10.706044,18,520.253143
-10.677811,18,520.30738
-10.684163,18,520.362174
-10.699551,18,520.417212
-10.647275,18,520.47204
-11.030876,19,520.529669
-10.685008,18,520.584539
-10.701556,18,520.6398
-10.672032,18,520.694371
-10.757934,18,520.748906
-10.665694,18,520.803655
-10.751733,18,520.858169
-10.72305,18,520.912693
-10.635098,17,521.592171
-10.708137,18,521.646993
-10.795562,18,521.702229
-10.710265,18,521.756647
-10.691798,18,521.811946
-10.726376,18,521.866619
-10.787436,19,521.924042
-10.648637,18,521.978508
-10.67084,18,522.033389
-10.873501,18,522.088042
-10.767452,18,522.14309
-10.714499,18,522.198875
-10.879972,19,522.256517
-10.739384,18,522.310892
-10.946489,19,522.368124
-10.936895,19,522.426618
-10.76471,18,522.481661
-10.68401,18,522.536493
-10.703672,18,522.591202
-10.731168,18,522.64625
-10.530997,17,522.697993
-10.638865,18,522.753278
-11.302936,19,522.812366
-10.675312,18,522.867309
-10.700937,18,522.92201
-10.860927,19,522.979701
-10.730178,19,523.03804
-10.597705,17,523.090254
-10.967247,18,523.145245
-10.689634,18,523.199914
-10.694638,18,523.255045
-10.507325,17,523.306639
-10.535629,17,523.358695
-10.799046,18,523.414462
-10.78597,19,523.783319
-10.724278,18,523.83918
-10.737032,18,523.893958
-11.024734,19,523.952039
-10.531759,17,524.00377
-10.7894,18,524.863478
-10.683094,18,524.919541
-11.13173,20,524.981549
-10.515536,17,525.033972
-10.84731,18,525.08923
-10.792982,18,525.145397
-10.511242,17,525.199684
-10.825281,18,525.258798
-10.806459,19,525.320388
-10.55,17,525.375063
-10.832018,18,525.433813
-10.675445,18,525.4919
-11.411896,20,525.556341
-10.703274,18,525.614398
-10.705504,18,525.67353
-10.681368,18,525.732591
-10.670528,18,525.791209
-10.751529,18,525.849938
-10.687734,18,525.908093
-10.407316,17,525.962815
-11.032832,20,526.027273
-10.634894,18,526.086472
-10.699946,18,526.14446
-10.49085,17,526.197959
-10.672305,18,526.253572
-11.365788,20,526.314657
-10.563661,18,526.36965
-10.696779,18,526.425357
-11.243721,19,526.483456
-10.860405,19,526.541265
-10.692075,18,526.926037
-10.702864,18,526.983876
-10.827939,18,527.042511
-10.701919,18,527.10111
-10.953318,18,527.159306
-10.691053,18,527.21763
-13.104908,23,527.292906
-10.750883,18,527.351607
-10.666835,18,527.410391
-10.794688,18,527.469179
-10.67977,18,527.527891
-10.842632,19,527.589717
-10.975639,18,527.647897
-10.727291,18,527.707253
-10.660832,18,527.765909
-10.658126,18,527.824174
-10.703142,18,527.88303
-10.791165,18,527.941856
-10.711472,18,528.000114
-10.670451,17,528.055504
-10.743613,18,528.114531
-11.151847,20,528.180356
-10.871862,19,528.242397
-10.662399,18,528.301436
-10.524436,17,528.357805
-10.677842,18,528.416137
-10.738592,18,529.118633
-10.489547,17,529.173779
-10.62813,18,529.232125
-10.687648,18,529.291639
-10.764346,18,529.349248
-10.899982,19,529.409388
-10.67883,18,529.466887
-10.910363,18,529.524931
-10.702593,18,529.926873
-10.752144,18,529.986307
-10.798007,19,530.047634
-10.690599,18,530.106032
-10.6014,18,530.16441
-10.803033,18,530.222312
-10.583485,18,530.280525
-10.650634,18,530.339458
-10.695533,18,530.39751
-10.623218,18,530.45546
-10.874782,19,530.517173
-10.646711,18,530.575459
-11.134014,19,530.636813
-10.943565,19,530.698434
-10.803717,18,530.756407
-10.569741,18,530.815118
-10.607169,18,530.87326
-10.671915,18,530.932184
-10.784153,18,530.990606
-10.523529,17,531.04583
-11.021739,18,531.10417
-10.6815,19,531.165644
-10.840542,18,531.224318
-10.707573,18,531.283475
-10.655706,18,531.34323
-10.744537,18,531.40159
-10.67543,18,531.459633
-10.513755,17,531.515121
-10.717828,18,531.573295
-10.495365,17,531.62824
-10.557424,17,531.683152
-11.244125,20,531.748325
-10.664899,18,531.807139
-10.735885,18,531.865837
-10.509254,17,532.267265
-10.675699,18,532.326418
-10.830877,18,532.385429
-10.749626,19,532.447099
-10.626525,18,532.505198
-10.522391,17,532.560462
-10.715292,18,532.618801
-10.79419,18,532.676448
-10.673703,18,532.735088
-10.718415,18,532.793604
-10.649077,18,532.851792
-10.652737,18,532.90997
-10.618986,18,532.969241
-10.72982,18,533.027543
-10.714469,18,533.085621
-10.696076,18,533.780302
-10.669416,18,533.838537
-10.697073,18,533.897486
-10.812622,18,533.956766
-10.673415,18,534.01526
-10.983957,18,534.07326
-10.671761,18,534.129409
-10.702838,18,534.187605
-10.544335,17,534.242423
-10.665794,18,534.300021
-10.744513,18,534.366281
-10.70609,18,534.423763
-10.508065,17,534.478343
-10.722011,18,534.536384
-10.715679,18,534.595139
-10.681906,18,534.653661
-10.670112,18,534.711708
-10.540476,17,534.766735
-10.782167,18,534.82536
-10.62247,18,534.88371
-10.674437,18,535.287015
-10.949655,19,535.348893
-10.587922,17,535.405274
-10.723497,18,535.460215
-10.657741,18,535.514637
-12.155887,22,535.582158
-10.502074,17,535.633958
-11.865616,19,535.691235
-10.634929,18,535.745578
-10.92704,19,535.80364
-10.774458,18,535.858732
-10.645996,18,535.913389
-10.729682,18,535.968512
-10.550825,18,536.023482
-10.924189,19,536.081158
-10.890175,18,536.1359
-10.68566,18,536.19112
-10.852109,18,536.245833
-10.683259,18,536.300251
-10.701478,18,536.354488
-10.709233,18,536.409589
-10.840184,19,536.467409
-10.664041,18,536.522019
-10.731099,18,536.576851
-10.503996,17,536.628627
-10.233501,18,536.683002
-10.680633,18,536.737643
-10.510712,17,536.78929
-10.873328,19,536.847074
-10.829816,18,536.901524
-10.521027,17,536.953222
-10.524717,17,537.005178
-10.629753,18,537.06008
-10.7464,18,537.114364
-10.724534,18,537.168872
-10.65693,18,537.547083
-10.667231,18,537.604033
-10.487174,17,538.32021
-10.886087,19,538.381813
-10.542646,17,538.43696
-11.184277,19,538.498649
-10.766047,18,538.556724
-10.92932,19,538.618315
-10.45036,17,538.673908
-10.832255,18,538.731845
-10.718279,18,538.789775
-10.653775,18,538.847831
-10.651459,19,538.908973
-11.08555,18,538.96735
-10.522583,17,539.022708
-10.83968,19,539.083696
-10.732408,18,539.141664
-10.771906,18,539.199389
-10.718524,18,539.257916
-10.715837,18,539.316566
-10.813253,18,539.374131
-10.536937,17,539.429191
-10.698646,18,539.487275
-11.059706,19,539.548582
-10.699561,18,539.60662
-10.683078,18,539.665249
-10.515879,17,539.719997
-10.672309,18,539.77789
-10.65954,18,539.835778
-10.699719,18,539.89396
-10.546003,17,539.949108
-10.914512,18,540.008174
-10.858427,18,540.066429
-10.668817,18,540.125302
-10.534261,17,540.180064
-10.738888,18,540.562796
-10.653729,18,540.621772
-10.762573,18,540.680401
-10.54807,17,540.735529
-10.690867,18,540.793685
-10.401282,17,540.848762
-10.722328,18,540.906856
-10.58286,18,540.965671
-10.667385,18,541.023911
-10.860795,19,541.085873
-10.872638,19,541.147799
-10.535234,17,541.202752
-10.822554,18,541.261705
-10.705512,18,541.320127
-10.77847,18,541.378321
-10.68369,18,541.436792
-10.677255,18,541.495437
-10.739404,18,541.553897
-10.559641,18,541.612675
-10.665147,18,541.670928
-10.915773,19,541.730203
-10.695845,18,541.787436
-10.739065,18,541.845176
-10.526743,17,541.900692
-10.605249,18,542.614093
-10.714328,18,542.669676
-10.539038,17,542.721431
-10.694149,18,542.775669
-10.723283,18,542.830028
-10.866795,19,542.888566
-10.498336,17,542.940177
-11.408397,19,542.998751
-10.663804,18,543.054135
-10.880351,18,543.110533
-10.689077,18,543.792246
-10.590396,17,543.844915
-11.046903,19,543.903401
-10.734566,18,543.958205
-10.491742,17,544.010238
-10.693959,18,544.065917
-10.910469,18,544.121898
-10.522792,18,544.176757
-10.518554,17,544.229023
-10.702475,18,544.284561
-10.640667,18,544.339886
-10.739184,18,544.395253
-10.685635,18,544.450423
-10.735969,18,544.50643
-10.674975,18,544.561454
-10.81022,18,544.616069
-10.594039,18,544.671151
-10.717343,18,544.726766
-10.676604,18,544.781441
-10.708505,18,544.836421
-10.692325,18,544.891949
-10.485796,17,544.944027
-10.529704,17,544.995915
-10.909839,19,545.054162
-10.691355,18,545.111475
-10.539106,17,545.163636
-10.715776,18,545.218289
-10.94452,19,545.275761
-10.674424,18,545.331437
-10.66044,18,545.386171
-10.681943,18,545.44145
-10.754259,18,545.497517
-10.503521,17,545.549331
-10.51518,17,545.601171
-10.657495,18,545.656501
-11.797192,22,546.03799
-10.768385,18,546.094697
-11.017136,19,546.153917
-12.679771,25,546.23387
-10.884848,18,546.289349
-10.899678,20,546.353353
-10.536218,17,546.406259
-10.67684,18,546.461258
-10.790951,18,546.517256
-11.042692,18,546.572162
-10.522429,17,546.623573
-10.720026,18,547.304083
-10.806806,18,547.35935
-10.851043,19,547.416861
-10.542568,18,547.4713
-10.687068,18,547.526894
-10.687616,18,547.581464
-10.736264,18,547.635718
-10.741157,18,547.689899
-10.548323,18,547.744719
-10.696575,18,547.798702
-10.681675,18,547.853126
-10.720997,18,547.907533
-10.681375,18,547.962145
-10.503033,17,548.013605
-10.526361,17,548.064749
-10.979305,19,548.123081
-10.663926,18,548.177457
-10.601411,18,548.231763
-10.664454,18,548.28604
-10.697945,18,548.340569
-10.790046,18,548.394806
-10.699064,18,548.449907
-10.548713,17,548.501245
-10.728748,18,548.563698
-10.825283,18,548.924659
-10.87964,19,548.982499
-10.615569,17,549.035089
-10.907603,19,549.092423
-10.834891,19,549.150632
-10.892543,18,549.205522
-10.683528,18,549.260193
-10.706198,18,549.31475
-10.598546,18,549.370004
-10.87818,18,549.424297
-10.712371,18,549.478573
-10.499323,17,549.530457
-10.940333,19,549.587874
-10.709442,18,549.642788
-10.924004,18,549.697082
-10.735004,18,549.751847
-11.023923,18,549.806274
-10.556213,17,549.857616
-10.673334,18,549.911749
-10.670694,18,549.967369
-10.67451,18,550.021509
-10.674348,18,550.0758
-10.801039,18,550.130467
-10.916314,19,550.187934
-11.279482,20,550.249192
-10.667473,18,550.305478
-10.692271,18,550.363023
-10.595915,18,550.418291
-10.895407,18,550.47301
-10.683919,18,550.527803
-10.675626,18,550.584158
-10.71688,18,550.639831
-10.798054,18,550.696272
-10.70167,18,551.833653
-10.883557,19,552.221575
-11.016933,19,552.286536
-10.707359,18,552.34802
-10.644383,18,552.41201
-11.023037,19,552.477292
-10.85742,19,552.541727
-10.529223,17,552.599596
-10.771596,18,552.659306
-10.630743,18,552.718775
-10.910781,19,552.780442
-10.532783,17,552.836067
-10.674972,18,552.894548
-10.53851,17,552.950098
-10.723127,18,553.009113
-10.532951,17,553.066996
-10.694812,18,553.128923
-10.889808,19,553.192365
-10.675972,18,553.252247
-10.501344,17,553.309878
-10.681277,18,553.371284
-10.492801,18,553.43187
-10.814559,18,553.493106
-10.52714,17,553.551303
-10.910862,19,553.61627
-10.424654,17,553.674668
-10.820799,18,553.736114
-10.511279,17,553.794826
-10.678045,18,553.860071
-10.53122,17,553.920541
-10.687024,18,553.984124
-10.60201,17,554.043973
-10.688304,18,554.106067
-10.673469,18,554.167972
-10.709921,18,554.22957
-10.681788,18,554.291685
-10.938488,18,554.685692
-10.919513,19,554.750777
-10.74513,18,554.809916
-10.94021,19,554.87446
-10.674052,18,554.936182
-10.684823,18,554.997034
-10.689437,18,555.055838
-10.535369,17,555.111407
-10.771833,18,555.172271
-10.74867,18,555.232279
-10.794372,18,555.293269
-10.679496,18,555.357891
-11.916644,21,555.432137
-10.655354,17,555.49207
-10.688752,18,555.556848
-10.712447,18,555.624439
-10.531725,17,555.685971
-10.494584,17,555.744786
-10.564568,17,555.802521
-10.837548,18,555.866832
-10.902994,19,555.934561
-10.492048,17,556.827813
-10.667131,18,556.886338
-10.529904,17,556.939554
-10.415863,17,556.992571
-10.920648,19,557.051622
-10.580036,18,557.108487
-10.495474,17,557.161839
-10.63718,18,557.218186
-10.762168,18,557.274525
-10.510876,17,557.327376
-10.525505,18,557.383105
-10.724748,18,557.439248
-10.728787,18,557.495549
-10.669055,18,557.551476
-10.699786,18,557.941112
-10.894634,19,558.004184
-10.655137,18,558.062968
-10.945398,18,558.120415
-10.499611,17,558.175252
-10.543825,17,558.230623
-10.703702,18,558.288821
-10.704666,18,558.346665
-10.86889,18,558.404657
-10.733059,18,558.462911
-10.701823,19,558.524296
-10.995415,20,558.587533
-10.590134,18,558.644733
-10.648996,18,558.70202
-10.510341,17,558.756592
-10.746029,18,558.814815
-10.751245,18,558.873124
-10.775452,18,558.930261
-10.962497,19,558.990003
-10.764169,18,559.047085
-10.662426,18,559.104274
-10.727403,18,559.161108
-10.523039,17,559.21528
-10.712849,18,559.275982
-10.822833,18,559.334325
-10.69535,18,559.39193
-11.088766,19,559.453515
-10.489433,17,559.508609
-10.712565,18,559.567693
-10.665135,18,559.626094
-10.737097,18,559.682491
-10.412289,17,559.736035
-10.721148,18,559.792367
-10.649072,18,559.849286
-10.720748,18,559.904946
-10.65127,18,560.277995
-10.676325,18,560.341727
-10.660637,18,560.403696
-10.802831,18,560.462988
-10.535409,17,560.51768
-10.686575,18,560.575034
-10.589786,17,560.629065
-10.771801,18,560.686313
-10.901041,18,561.784279
-10.706112,18,561.842375
-10.681576,18,561.900078
-10.66245,18,561.958559
-10.666635,18,562.018229
-10.866878,19,562.081729
-10.809757,18,562.14247
-10.854694,18,562.203372
-10.518232,17,562.260224
-10.78502,18,562.319736
-10.635409,17,562.374835
-10.748145,18,562.433799
-10.754462,18,562.492426
-10.672128,18,562.550482
-10.752582,18,562.611042
-10.701545,18,562.672217
-10.719693,18,562.733396
-10.785712,18,562.795374
-10.63899,18,562.857541
-10.697477,18,562.920469
-10.427251,17,562.981461
-10.589709,18,563.046146
-10.702361,18,563.111263
-10.510987,17,563.172592
-10.672748,18,563.237617
-10.668262,18,563.301898
-10.72749,18,563.364301
-10.510793,17,563.754522
-10.864956,18,563.810487
-10.512349,17,563.867358
-10.536723,17,563.924298
-10.733965,18,563.984826
-10.913714,19,564.04948
-10.683678,18,564.110565
-10.659631,18,564.172994
-10.752867,18,564.235096
-10.697286,18,564.296569
-10.561495,17,564.354831
-10.516026,17,564.411154
-10.7357,18,564.471089
-10.732573,18,564.529799
-12.053211,23,564.605088
-10.600987,18,564.663556
-10.688335,18,564.722076
-10.685794,18,564.780926
-10.78091,18,564.840138
-10.732891,18,564.900789
-10.83664,19,564.966109
-10.509045,17,565.024221
-10.818039,18,565.085513
-10.521553,17,565.143811
-10.722903,18,565.205643
-10.963703,19,565.270917
-10.523282,17,565.327607
-10.747702,18,565.386614
-10.642503,18,565.445766
-11.024072,19,565.508391
-10.67279,18,566.406219
-10.517872,17,566.457908
-10.718645,18,566.514154
-10.509095,17,566.565768
-10.792784,18,567.23723
-10.516706,17,567.289034
-12.483306,24,567.362341
-10.706079,18,567.417778
-10.788111,18,567.472751
-10.812406,18,567.527471
-10.666553,18,567.582823
-10.521542,17,567.634368
-10.416138,17,567.685837
-10.528302,17,567.737016
-10.696175,18,567.791542
-10.717308,18,567.846558
-10.527603,17,567.897953
-10.531608,17,567.950166
-10.70051,18,568.005063
-10.691876,18,568.060371
-10.687553,18,568.116128
-10.527156,17,568.168629
-10.544706,17,568.220095
-10.514561,17,568.271415
-10.710365,18,568.325813
-10.527966,17,568.377438
-10.684325,18,568.432598
-10.537977,17,568.485672
-10.698758,18,568.541738
-10.496315,17,568.595412
-10.680466,18,568.652509
-10.778223,18,568.71006
-10.802036,18,568.767568
-11.106105,19,568.828002
-10.6837,18,568.88566
-10.501359,17,568.940126
-10.797062,18,568.997867
-10.753466,18,569.055758
-10.668025,18,569.113916
-10.491943,17,569.491145
-10.739886,18,569.550844
-10.703389,18,569.608616
-10.785502,18,569.666567
-10.714082,18,569.72447
-10.477115,17,569.779057
-10.620398,18,569.836842
-10.713601,18,569.8951
-10.716641,19,569.95663
-10.571433,17,570.011956
-11.180316,19,570.073575
-10.687428,18,570.131524
-10.681169,18,570.188734
-10.820205,18,570.246237
-10.684115,18,570.303879
-10.72033,18,570.361911
-10.525174,17,570.418742
-10.521177,17,570.473497
-10.591312,17,570.528274
