#{"t_start": 1762328971.1625655, "env_id": "None"}
r,l,t
-16.851759,26,0.568603
-14.147245,22,0.634178
-16.209963,25,0.710104
-13.120568,20,0.771143
-13.314103,20,0.833274
-13.563547,20,0.894583
-14.233287,22,0.962759
-16.589348,25,1.039028
-19.251575,28,1.125927
-13.543475,20,1.187411
-15.783666,23,1.258054
-21.240609,29,1.347995
-15.838031,23,1.419322
-16.636898,24,1.493305
-15.280339,23,1.564528
-16.020342,26,1.644547
-15.945182,25,1.721728
-15.156639,22,1.790176
-15.683652,25,1.867688
-15.20006,22,1.935777
-14.827563,22,2.004288
-16.208533,26,2.084762
-19.273662,26,2.165484
-15.836278,24,2.239838
-16.807478,26,2.319723
-14.184164,21,2.385948
-14.647276,22,11.488451
-15.526773,24,11.560329
-13.103656,19,11.617958
-19.11836,26,11.696654
-14.824821,21,11.759294
-17.045775,27,11.839926
-17.409698,26,11.917984
-19.6968,29,12.004945
-19.11856,30,12.095814
-14.961518,22,12.161785
-13.401938,21,12.224433
-14.614959,21,12.288142
-14.981596,22,12.35343
-15.218528,25,12.42794
-15.795184,25,12.502735
-15.286046,23,12.571248
-17.679964,28,13.506459
-15.156708,23,13.575804
-16.425265,26,13.653871
-15.175108,22,13.721001
-14.838653,22,13.787202
-14.297066,22,13.853482
-18.744051,27,13.935082
-16.03092,23,14.004114
-15.2516,25,14.079086
-13.231873,20,14.140785
-14.509754,22,14.607631
-17.05685,25,14.683394
-16.739276,23,14.754071
-14.867614,22,14.819233
-17.19068,27,14.900404
-13.342514,21,14.963988
-16.387068,24,15.035801
-13.98724,21,15.098895
-15.454104,25,15.174425
-15.753679,23,15.244401
-18.480063,26,15.324322
-16.693716,24,15.396795
-14.181814,21,15.459715
-19.578347,30,15.551142
-21.471878,29,15.640468
-17.763976,25,15.71654
-13.512188,20,15.776622
-18.796667,27,15.857175
-16.182661,26,15.935678
-14.768978,22,16.002421
-20.913665,29,16.089109
-13.952634,21,16.152837
-16.531842,24,16.225372
-17.320159,27,16.307024
-15.337776,23,16.376918
-17.947346,28,16.460079
-13.289676,19,16.942086
-18.41616,27,17.023727
-16.584686,24,17.095268
-15.010845,25,17.171156
-16.131271,25,17.246424
-16.697061,25,17.321894
-13.937174,22,17.388557
-15.475005,26,18.184503
-15.489478,23,18.252884
-16.079693,22,18.319306
-16.558131,26,18.397853
-17.266023,25,18.472529
-16.916154,24,18.543913
-17.871511,26,18.623417
-15.475351,21,18.687367
-18.101558,26,18.76804
-14.652709,22,18.836449
-15.275615,23,18.908648
-16.708974,23,18.980348
-15.651708,23,19.052366
-16.31052,24,19.12619
-15.741668,25,19.207316
-13.827092,22,19.274683
-17.253729,26,19.352927
-16.258493,24,19.425208
-15.323783,23,19.49375
-17.436006,27,19.99225
-19.008422,26,20.070897
-20.20831,27,20.151667
-14.918907,24,20.224006
-16.877687,24,20.296732
-15.102547,23,20.366239
-11.478964,19,20.423227
-16.87441,26,20.501303
-14.860865,20,20.561504
-16.148729,24,20.634772
-21.104636,33,20.73343
-16.174766,24,20.805909
-15.094474,23,20.87482
-14.779448,23,20.944355
-14.181353,21,21.007788
-16.015652,24,21.080004
-16.234652,23,21.149429
-14.686806,22,21.216455
-13.555944,20,21.276385
-16.013023,25,21.351578
-15.940795,24,21.424488
-13.978518,20,21.484798
-16.805082,25,21.559677
-14.603469,22,21.625516
-17.857409,24,22.339983
-15.312782,23,22.410053
-14.233856,21,22.887879
-14.999692,23,22.95876
-15.138476,21,23.02321
-16.300828,25,23.098145
-12.845875,19,23.155532
-18.783781,28,23.240394
-16.695375,24,23.312321
-16.59497,23,23.380896
-18.974261,28,23.466205
-14.979596,22,23.532456
-15.084679,22,23.598664
-19.140659,27,23.679945
-14.721178,22,23.746143
-18.855524,26,23.824771
-15.655054,24,23.896984
-14.290824,20,23.957266
-16.532014,25,24.033708
-13.961224,21,24.097836
-15.532662,24,24.17005
-15.083793,24,24.242788
-15.361694,23,24.31213
-15.391795,24,24.384422
-15.27803,21,24.447571
-17.870752,26,24.526135
-17.887928,29,24.613126
-15.444981,23,24.682544
-20.667421,29,25.159483
-16.749746,24,25.232452
-20.477239,28,25.316954
-13.770635,21,25.379833
-12.869361,20,25.440498
-15.377801,22,25.506659
-16.853762,26,25.584809
-16.440269,23,25.655999
-13.588729,21,25.720206
-15.566588,24,25.792437
-15.896021,22,25.859587
-15.593689,23,25.929788
-15.476443,23,25.999248
-14.443383,21,26.063889
-18.431684,25,26.139774
-15.279378,22,26.847015
-16.108357,24,26.921782
-16.292958,23,26.992918
-14.580793,23,27.065775
-16.57248,25,27.144082
-16.938262,25,27.222128
-13.576317,20,27.285192
-17.647191,26,27.366117
-14.824989,22,27.434382
-17.671338,28,27.523081
-19.181624,29,27.613064
-14.899521,22,27.682156
-15.119747,23,28.138719
-13.645748,22,28.20751
-21.600483,29,28.298236
-13.246299,20,28.360648
-14.174515,22,28.429107
-18.190969,26,28.511022
-14.925168,23,28.582516
-16.539379,24,28.657918
-16.930089,25,28.73627
-14.433285,22,28.804486
-15.84701,24,28.880267
-14.00443,21,28.946041
-14.157559,20,29.006452
-16.786137,24,29.078444
-14.701702,22,29.144955
-16.06605,24,29.216929
-17.305999,26,29.295026
-17.86863,29,29.381453
-16.57607,24,29.454302
-14.678658,23,29.523559
-14.689518,23,29.592225
-17.190079,25,29.666999
-15.6638,23,29.736873
-15.813903,25,29.811493
-13.572946,19,29.868691
-12.671478,18,29.92279
-20.456283,29,30.011556
-13.889433,20,30.907985
-15.587545,22,30.977127
-16.221849,24,31.053371
-14.201171,22,31.122768
-14.318362,21,31.189097
-15.531348,24,31.93524
-16.69431,25,32.010282
-15.030395,23,32.079139
-16.421211,25,32.1549
-14.082755,21,32.218107
-18.865003,28,32.303076
-14.669134,22,32.368785
-15.944873,25,32.444296
-14.638046,23,32.514478
-15.109305,23,32.584767
-14.17408,22,32.652778
-13.641799,21,32.718478
-19.782621,30,32.812189
-16.151918,24,32.887001
-19.756818,31,32.983708
-15.642821,23,33.055278
-12.607986,18,33.112994
-15.004424,22,33.181753
-14.292863,22,33.250834
-14.798547,23,33.322973
-16.63662,23,33.39465
-14.071595,22,33.844654
-14.771974,21,33.911235
-15.881249,24,33.986988
-16.312874,25,34.064955
-16.267555,24,34.141529
-16.249444,26,34.227695
-15.6998,22,34.296719
-16.5075,27,34.38255
-14.801348,22,34.452497
-17.204628,25,34.53148
-15.71807,24,34.607393
-17.38135,25,34.68627
-14.522424,22,34.757133
-20.603519,28,34.845206
-16.618628,26,34.927833
-16.827604,26,35.009445
-18.883798,30,35.103174
-16.680231,25,35.181982
-12.44027,20,35.245106
-17.100895,27,35.33024
-17.208526,27,35.415228
-17.252276,25,36.40536
-17.26093,27,36.486007
-14.729392,22,36.551994
-12.432024,19,36.60899
-15.34597,24,36.680897
-12.879928,21,37.177314
-17.044283,25,37.253079
-13.138561,20,37.314162
-18.351342,27,37.395938
-14.562185,23,37.465373
-16.255997,25,37.540855
-16.921957,25,37.616776
-14.842316,22,37.682522
-16.20842,24,37.755287
-14.154782,21,37.819346
-15.844537,24,37.891505
-14.901832,21,37.956276
-15.312367,23,38.025383
-12.822695,20,38.085674
-15.103722,22,38.152175
-15.776349,24,38.225869
-16.58631,25,38.301172
-15.242462,21,38.36508
-16.766543,25,38.439873
-17.22237,26,38.518429
-14.174963,22,38.585112
-14.543723,22,38.652068
-16.864343,25,38.728002
-16.972154,25,38.8036
-15.28368,24,38.876525
-13.819343,21,38.939676
-16.854511,25,39.015046
-18.051938,26,39.515039
-17.973942,25,39.591596
-17.301488,26,39.669851
-13.719323,22,39.735792
-14.958126,24,39.807937
-13.406478,21,39.872248
-14.764182,23,39.941823
-14.848925,22,40.009367
-13.184767,20,40.069492
-14.45156,22,40.135295
-17.115572,28,40.220612
-16.52493,24,40.292787
-14.786574,22,41.085971
-14.454188,23,41.158221
-16.927231,25,41.239025
-16.15632,25,41.317928
-13.952864,20,41.38201
-18.197111,27,41.468315
-14.795632,22,41.539131
-13.902633,22,41.609565
-13.985912,21,41.676403
-16.466761,24,41.752948
-14.596696,23,41.82685
-15.726668,24,41.903889
-15.841045,22,41.973618
-17.396527,26,42.056706
-16.977428,26,42.575727
-12.987021,21,42.644181
-16.733285,28,42.732254
-17.325432,26,42.813738
-25.524513,31,42.912412
-16.661931,24,42.9875
-16.25074,24,43.063333
-13.9534,21,43.130042
-15.352904,23,43.203462
-17.708495,25,43.287172
-12.812045,19,43.347324
-16.735576,25,43.426836
-18.69073,26,43.509954
-16.125238,24,43.585428
-15.544714,24,43.661415
-14.894668,22,43.730968
-13.86791,21,43.796957
-15.816705,23,43.87072
-13.881753,20,43.934738
-16.59864,25,44.013419
-13.96614,22,44.08344
-15.721285,22,44.152344
-13.456307,20,44.216148
-14.887237,22,44.286094
-15.469496,25,44.364815
-14.69669,22,44.434427
-14.432062,22,44.50413
-18.917625,28,45.02402
-18.795468,27,45.110321
-14.558885,21,45.176377
-15.321254,23,45.864062
-13.129824,20,45.926265
-14.489128,21,45.991045
-13.359964,19,46.049891
-17.785555,27,46.134766
-15.916382,23,46.207048
-15.524321,23,46.279213
-14.456438,22,46.347927
-16.945274,24,46.422985
-15.235645,22,46.493317
-15.009632,23,46.566121
-14.948842,22,46.635085
-13.802285,21,46.701219
-16.134843,22,46.770179
-13.957749,21,46.836822
-12.399771,19,46.896954
-15.753897,23,46.968749
-14.620678,22,47.037689
-17.213006,26,47.120113
-12.662304,20,47.182589
-15.670939,22,47.251045
-16.553617,26,47.332811
-15.590113,24,47.408253
-24.653204,33,47.511012
-15.571471,24,48.008457
-13.768939,21,48.074977
-15.574883,23,48.148227
-13.307052,20,48.210514
-15.647905,24,48.286013
-14.469419,22,48.355715
-15.722219,24,48.430332
-13.871383,21,48.497317
-18.633076,30,48.591577
-17.613831,27,48.675878
-14.376863,22,48.7444
-17.661351,25,48.823183
-16.496803,25,48.901298
-17.415184,26,48.983066
-17.435591,28,49.071481
-15.439813,23,49.14487
-17.978779,28,49.233679
-14.010303,21,49.300483
-14.110992,21,49.367207
-15.35731,21,49.433857
-13.800916,22,50.142653
-12.54315,19,50.200907
-13.747007,20,50.262675
-15.596732,23,50.332622
-14.841657,22,50.39927
-15.455875,22,50.465445
-15.322254,24,50.538815
-13.411251,20,50.991586
-16.868691,24,51.064922
-16.308713,26,51.144076
-14.318473,20,51.204386
-16.195358,23,51.273187
-17.860695,26,51.351887
-14.759005,22,51.418387
-15.008748,22,51.484038
-13.615131,21,51.547963
-16.912674,25,51.623148
-14.554017,22,51.689751
-13.008256,20,51.750351
-13.232024,20,51.810464
-13.285303,20,51.870373
-18.00183,28,51.955702
-13.010113,22,52.021884
-17.084255,25,52.097112
-12.551222,19,52.154541
-14.556424,22,52.221266
-17.384517,26,52.299627
-14.487384,23,52.369293
-12.546212,20,52.429164
-14.562602,22,52.494799
-13.900185,21,52.558868
-17.154428,26,52.636926
-13.04729,20,52.697481
-15.88486,23,52.767884
-14.364397,23,52.836991
-14.456274,22,53.626632
-13.569704,21,53.691378
-14.271402,21,53.758191
-14.093096,21,53.823624
-14.652145,22,53.892558
-14.680909,23,53.964187
-14.374292,22,54.033635
-14.436187,22,54.102397
-15.756626,24,54.178509
-17.492353,24,54.255445
-16.153413,23,54.328344
-16.190534,24,55.061731
-18.061171,28,55.148517
-16.290208,25,55.227606
-14.155794,23,55.299833
-15.466624,23,55.372057
-16.643663,26,55.453227
-13.977746,21,55.520284
-13.195872,19,55.580555
-14.155566,22,55.65015
-13.674038,20,55.713313
-16.863493,25,55.793251
-15.950015,25,55.872563
-13.791725,21,55.938463
-13.68572,21,56.005012
-12.753332,20,56.068373
-14.476251,23,56.14138
-16.022629,23,56.622195
-13.201769,20,56.686053
-14.141059,22,56.755808
-15.704644,24,56.832246
-18.57231,28,56.920613
-13.708194,20,56.983559
-15.884224,24,57.059282
-14.54716,22,57.12924
-15.946986,23,57.202793
-14.83731,23,57.27596
-13.215591,20,57.339355
-18.060065,28,57.428167
-13.794266,22,57.498126
-14.752128,23,57.570453
-16.637852,26,57.653368
-14.534045,22,57.723533
-13.713288,21,57.789629
-16.369289,24,57.865865
-15.13337,24,57.941309
-16.659025,24,58.016932
-12.883954,20,58.080384
-21.204612,31,58.178612
-12.530839,19,58.239291
-13.512585,20,58.302505
-15.405869,24,58.377671
-17.629896,26,58.459935
-15.723585,23,58.532294
-14.580232,22,59.009422
-14.215305,21,59.80948
-14.864564,22,59.877177
-14.466247,21,59.940721
-14.42978,22,60.008214
-13.876515,21,60.072015
-13.913583,21,60.135151
-14.158382,22,60.201877
-14.188919,23,60.272603
-13.823853,21,60.337678
-14.78154,24,60.411797
-17.309691,26,60.493333
-15.488798,25,60.572337
-18.586149,26,60.655136
-12.697285,19,60.714473
-15.001261,25,60.792985
-14.834805,23,60.866973
-13.7931,21,60.93291
-14.163799,22,61.002166
-12.37326,18,61.059465
-15.376134,24,61.134537
-15.93946,23,61.206696
-14.52861,22,61.277078
-16.246889,23,61.350038
-13.873863,21,61.415798
-13.670293,21,61.483178
-13.339341,20,61.546242
-15.517359,25,61.625085
-17.042808,26,62.118016
-16.684331,25,62.194739
-13.717827,19,62.252389
-15.668998,22,62.319644
-13.789551,19,62.376894
-14.453352,23,62.44595
-15.243159,24,62.519291
-12.65685,19,62.575652
-14.162316,21,62.638432
-13.746856,20,62.699145
-14.350119,22,62.765403
-14.411001,23,62.836185
-12.335614,20,62.898768
-18.203117,27,62.982559
-14.130829,23,63.054811
-12.51931,19,63.115519
-17.872588,27,63.200923
-14.612746,22,63.270372
-15.344012,24,63.34727
-15.190125,24,64.101373
-17.119312,28,64.185311
-15.203755,22,64.251528
-13.618287,20,64.312146
-16.615161,27,64.394573
-12.976238,20,64.454963
-15.896372,23,64.525076
-13.502461,22,64.590962
-20.061655,30,64.68098
-13.208739,20,65.118501
-13.422837,20,65.179156
-14.718663,23,65.249163
-12.93211,19,65.306712
-12.228437,19,65.364198
-13.598289,21,65.428258
-15.991391,24,65.501104
-13.346812,21,65.565372
-14.936692,23,65.634824
-13.549953,22,65.701493
-12.901386,20,65.762329
-14.880765,22,65.828978
-17.1469,25,65.904999
-13.688898,21,65.968056
-13.10501,20,66.028731
-15.699788,23,66.097431
-18.550282,28,66.181791
-16.727165,23,66.251066
-13.695283,20,66.311541
-13.945038,21,66.375118
-14.507411,21,66.438577
-13.439935,21,66.50135
-12.624891,20,66.562027
-14.139259,22,66.628592
-13.485047,19,66.685622
-14.408557,23,66.755055
-14.774724,22,66.821064
-15.283081,22,66.887521
-12.588489,19,66.94536
-14.097091,20,67.389731
-15.431156,22,67.456566
-15.733257,22,67.523323
-13.599254,20,67.583429
-12.652533,19,67.640363
-15.006242,23,67.708918
-17.02078,26,67.787717
-16.515676,25,67.862352
-13.507368,20,68.603824
-13.360084,21,68.667282
-14.359013,24,68.740081
-19.029914,29,68.826561
-16.859349,27,68.907787
-15.480516,23,68.978339
-15.211765,22,69.044402
-14.476577,23,69.113897
-12.417989,19,69.172015
-13.743042,21,69.235055
-15.592008,23,69.304508
-15.564761,24,69.377417
-16.046723,26,69.455874
-14.0058,22,69.524489
-12.011353,18,69.580548
-14.220768,22,69.649132
-13.782181,21,69.715366
-14.880126,23,69.788841
-14.153672,21,69.855069
-14.539046,22,69.92428
-14.621628,23,70.375949
-16.441791,25,70.455573
-13.854358,20,70.519939
-15.569479,24,70.59636
-12.994722,21,70.662686
-12.92993,19,70.722637
-14.898665,25,70.802383
-13.926759,23,70.87532
-14.859668,22,70.944945
-14.869933,22,71.015505
-14.660972,22,71.085692
-16.1099,23,71.159164
-15.494393,24,71.235541
-14.437169,22,71.305427
-14.107415,22,71.375268
-14.674833,23,71.44844
-14.283933,22,71.51866
-16.1591,23,71.592286
-13.405608,21,71.65863
-13.924732,21,71.724713
-13.78438,22,71.7952
-13.11763,21,71.861378
-14.451806,22,71.93054
-14.458052,23,72.004035
-13.014509,20,72.06828
-16.879585,24,72.144795
-12.683991,19,72.845311
-13.554069,21,72.910904
-15.284157,23,73.358578
-16.092243,24,73.432167
-12.377617,20,73.494385
-13.813892,23,73.566403
-13.269195,20,73.62938
-13.076392,20,73.692421
-14.884162,23,73.764921
-13.813836,20,73.827635
-12.675468,20,73.889319
-13.383447,20,73.951709
-14.694909,22,74.021353
-15.957199,24,74.096672
-15.691485,23,74.168885
-14.626245,22,74.2379
-13.270457,20,74.300799
-13.473433,21,74.366916
-15.401883,26,74.448706
-14.918796,23,74.52115
-14.391395,22,74.590775
-16.390327,26,74.673332
-15.488118,24,74.748693
-13.186413,21,74.81541
-15.144397,23,74.887808
-14.561116,23,74.9605
-12.674102,21,75.024867
-13.110167,20,75.085125
-13.587817,19,75.142632
-15.96936,24,75.215546
-15.72294,24,76.067703
-15.423547,23,76.137182
-14.356027,21,76.200794
-13.826832,21,76.264387
-14.567723,23,76.333102
-12.855905,20,76.393492
-15.628859,23,76.462955
-12.092271,18,76.517245
-14.168134,21,76.580197
-13.234727,21,76.643623
-17.308617,24,76.717224
-12.359657,19,76.774276
-19.570221,32,76.870788
-14.04261,21,76.933559
-13.063228,20,76.993839
-13.773754,21,77.057427
-13.657598,20,77.117271
-17.733325,26,78.105791
-12.614132,20,78.166334
-14.033254,21,78.230401
-12.844684,20,78.291094
-13.971575,20,78.351338
-15.236061,26,78.429585
-12.612892,19,78.48712
-13.039852,20,78.547207
-12.032624,19,78.604609
-13.996927,21,78.668519
-11.7896,19,78.72603
-15.329671,25,78.801302
-14.458533,22,79.241259
-13.527975,21,79.306051
-14.692014,21,79.369983
-14.605775,22,79.435614
-14.184901,20,79.496016
-14.582975,22,79.561951
-11.886086,18,79.615813
-14.636115,23,79.685762
-14.508919,23,79.755274
-17.464434,27,79.836143
-11.858242,19,79.894366
-14.539178,23,79.963409
-17.97158,26,80.041543
-16.972385,26,80.120607
-15.304157,23,80.189704
-13.215007,21,80.25372
-14.342708,23,80.323376
-13.012392,20,80.385847
-17.42979,27,80.467286
-12.002501,18,80.521541
-13.486667,20,80.58129
-12.724006,20,80.641084
-14.153094,22,80.708645
-12.991105,19,80.765466
-13.810301,22,80.831268
-13.606997,21,80.894142
-13.654748,21,80.957614
-15.694741,24,81.029696
-12.857894,22,81.095657
-13.287112,21,81.530512
-12.824446,20,81.590931
-14.09057,21,81.654347
-15.16259,22,81.721437
-17.372852,28,81.806129
-12.216335,19,81.863632
-12.56982,19,82.696811
-13.009961,21,82.760002
-15.032803,24,82.832962
-15.048632,24,82.906625
-14.604353,23,82.975564
-12.362272,18,83.029955
-13.561156,22,83.097001
-12.632206,19,83.153869
-13.486446,21,83.217166
-14.82465,24,83.29015
-14.471625,22,83.356527
-12.711896,19,83.413581
-23.406051,29,83.500961
-15.54767,24,83.57282
-14.614939,22,83.639205
-12.124696,18,83.694075
-13.759146,23,83.76382
-12.991264,19,83.821104
-13.887017,22,83.887534
-16.816925,27,83.9694
-13.367285,21,84.032366
-12.124198,19,84.090252
-13.388531,21,84.531668
-13.181383,20,84.592759
-12.517224,18,84.647587
-13.900619,21,84.711619
-13.825855,21,84.775464
-13.207935,21,84.838527
-14.676306,24,84.911323
-13.766608,22,84.977677
-16.388869,25,85.052872
-15.345568,24,85.124946
-13.639744,23,85.194183
-13.635356,21,85.257542
-12.858192,19,85.316882
-13.995149,22,85.382794
-14.271536,21,85.445241
-12.234476,18,85.499655
-16.202607,25,85.57578
-12.541215,19,85.632361
-12.398167,20,85.692034
-14.96617,23,85.762034
-15.495539,24,85.834528
-16.755985,27,85.91609
-12.661598,22,85.98191
-12.653497,19,86.038654
-13.491657,21,86.101431
-13.878035,21,86.784242
-13.292003,21,86.847213
-14.49316,22,86.913548
-13.215727,22,86.979949
-13.363584,20,87.368507
-22.78935,30,87.459508
-14.019102,22,87.527249
-14.132863,21,87.591067
-14.482005,24,87.66339
-12.274963,19,87.720479
-13.097199,20,87.781209
-14.600696,21,87.844219
-14.643382,22,87.910581
-13.577574,21,87.974538
-12.617265,21,88.0373
-15.537384,23,88.106176
-13.008867,20,88.166492
-13.405922,21,88.230481
-12.673123,20,88.291744
-13.382048,21,88.355499
-16.377227,26,88.433321
-15.170385,24,88.505416
-14.855347,22,88.572639
-13.147704,20,88.632539
-13.788005,22,88.698596
-13.663029,21,88.76237
-15.90668,23,88.831146
-15.507913,25,88.908038
-13.129579,20,88.969382
-13.56584,20,89.029699
-12.050769,19,89.086576
-13.397492,22,89.152989
-12.906162,20,89.214233
-13.196256,20,89.605928
-14.838635,25,89.682161
-14.159529,22,89.748033
-14.224346,23,89.817955
-13.791469,21,89.880864
-12.341448,18,89.935076
-14.699563,22,90.002943
-13.786877,21,90.066004
-13.151451,20,90.126367
-12.350435,19,90.184294
-13.463853,22,90.250696
-12.948644,20,90.319189
-11.952302,19,90.376255
-13.392561,21,90.440171
-12.689255,19,90.497571
-12.656597,19,91.164962
-11.626245,18,91.222387
-12.719753,20,91.285933
-15.492776,25,91.365302
-14.054537,21,91.432508
-12.505215,19,91.492935
-12.252139,19,91.553623
-13.605018,23,91.627551
-16.074095,26,91.710704
-13.631746,23,91.784078
-12.494911,19,91.845131
-12.727595,19,91.905559
-13.053716,21,91.971594
-12.101134,18,92.03075
-12.811928,21,92.097611
-13.36891,21,92.504054
-13.059107,21,92.56766
-14.151515,22,92.63506
-11.941593,19,92.69211
-14.468756,23,92.76077
-14.633947,22,92.827534
-12.233405,19,92.884485
-11.945306,19,92.941932
-12.360079,20,93.002473
-12.833408,20,93.062937
-14.093985,21,93.126301
-13.905022,21,93.189263
-12.204977,19,93.246832
-15.114157,24,93.318659
-12.163947,18,93.372883
-13.413484,19,93.430152
-12.084932,19,93.487586
-11.828166,18,93.542685
-12.865795,21,93.606197
-12.234679,19,93.663009
-14.614576,23,93.732055
-13.076552,21,93.795056
-12.996754,21,93.859467
-12.181031,19,93.916322
-13.298988,21,93.979367
-12.039583,19,94.03737
-12.938479,20,94.098483
-12.699601,20,94.159257
-14.83266,23,94.230725
-11.682293,17,94.283891
-12.311666,18,94.34035
-13.04763,20,94.742552
-12.164067,19,94.803451
-13.278095,20,94.867495
-16.927036,28,94.956635
-12.555732,20,95.723019
-12.030892,19,95.783303
-13.379131,20,95.847711
-12.719439,20,95.911787
-14.104202,21,95.978946
-13.860948,21,96.046623
-13.799939,22,96.116806
-12.520086,19,96.17778
-13.23091,21,96.245212
-13.597398,21,96.312212
-13.968875,22,96.381715
-12.492762,19,96.442527
-13.359871,20,96.507578
-12.400107,19,96.568153
-13.939293,21,96.635357
-13.797424,22,96.706128
-13.993289,23,96.779176
-14.622578,23,96.852169
-13.448407,22,96.922642
-12.031775,18,96.979384
-12.270265,19,97.039865
-13.810914,21,97.107627
-13.332518,20,97.171893
-11.281801,17,97.226005
-13.152175,21,97.293732
-12.212584,19,97.354
-14.24935,22,98.11407
-12.770925,20,98.178842
-13.154942,20,98.243205
-12.588089,19,98.304251
-13.81114,21,98.371767
-16.021239,26,98.455485
-12.413018,19,98.516704
-15.070877,24,98.593717
-11.869277,18,98.651221
-13.728533,24,98.729059
-13.227156,21,98.796571
-13.456826,22,98.866683
-12.943047,19,98.928097
-14.941127,23,99.001774
-13.286885,20,99.066011
-14.545752,22,99.13776
-12.161229,19,99.198699
-12.707745,20,99.262553
-14.834813,23,99.336793
-13.403508,20,99.401259
-12.534344,20,99.465784
-12.365465,19,99.526705
-13.749253,22,99.597106
-13.915628,22,100.367807
-12.758271,20,100.431657
-13.15441,20,100.495137
-12.927246,20,100.559551
-12.16951,19,100.62025
-12.301969,20,100.683412
-14.303751,22,100.754749
-12.964499,19,101.15846
-15.998293,27,101.245064
-14.180046,23,101.317661
-12.316526,19,101.378776
-12.1971,19,101.439312
-13.04989,21,101.505396
-15.007863,23,101.578328
-13.735136,21,101.644574
-16.781011,25,101.724145
-11.875773,18,101.781226
-14.842415,24,101.857104
-13.030074,21,101.922916
-14.824629,25,102.002226
-12.303931,19,102.062437
-13.534395,20,102.12551
-13.311686,21,102.192215
-15.067371,23,102.264869
-13.163497,21,102.331583
-13.965996,24,102.407777
-13.082125,20,102.470917
-13.815859,21,102.537907
-13.148047,20,102.600915
-16.185238,26,102.682636
-14.750308,23,102.755683
-14.390882,24,102.831765
-12.84684,20,102.895135
-12.593291,20,102.959367
-12.144237,19,103.020096
-13.07704,20,103.08352
-20.544512,29,103.518213
-13.282619,21,103.585808
-12.718692,20,103.650047
-13.519525,21,103.715532
-12.077149,18,103.774153
-12.428945,19,103.834222
-11.798424,18,103.891171
-12.982055,20,103.954893
-13.273871,21,104.022065
-13.202196,21,104.088613
-15.163522,24,104.164686
-12.020516,19,104.225296
-11.735523,18,104.282921
-11.883362,19,105.06723
-12.080677,19,105.126915
-14.52673,22,105.196841
-12.976946,19,105.257642
-13.531736,22,105.328277
-12.436928,20,105.388696
-14.124539,21,105.45204
-13.454378,20,105.512571
-13.217564,19,105.57017
-12.134036,19,105.628209
-14.013768,24,105.700806
-15.464863,24,105.772617
-14.354225,23,105.841912
-13.626239,21,105.90499
-14.167939,25,105.980273
-13.071689,19,106.03745
-13.582083,21,106.100794
-13.738416,21,106.48866
-14.50808,21,106.553214
-12.932504,19,106.612636
-15.283374,23,106.684523
-14.137123,21,106.750534
-12.863533,20,106.814088
-12.343429,19,106.873883
-12.224556,18,106.930871
-12.558039,20,106.994227
-12.468748,20,107.057739
-12.224149,19,107.117379
-12.743077,20,107.180871
-12.035454,18,107.238103
-12.371308,19,107.297461
-14.017265,20,107.361315
-12.167005,18,107.418512
-14.118655,23,107.491385
-12.3838,20,107.55555
-12.809653,20,107.619239
-13.635299,21,107.686164
-11.949168,19,107.746667
-11.838064,18,107.804124
-12.535879,20,107.868437
-11.912865,18,107.925593
-13.54195,21,107.992392
-12.499203,19,108.053501
-12.076923,19,108.113847
-12.721516,19,108.1747
-11.284442,17,108.229527
-13.10547,21,108.296434
-12.39246,19,108.36259
-11.786608,18,108.420429
-12.820729,19,108.825015
-12.487267,20,108.889948
-12.258937,19,109.606488
-13.269521,22,109.673767
-13.239372,22,109.740508
-13.530633,21,109.804986
-12.678182,20,109.867009
-13.765398,22,109.934303
-11.393574,18,109.990015
-12.083033,18,110.045818
-13.261875,21,110.110553
-13.563012,21,110.174431
-11.981405,19,110.233527
-12.356766,19,110.291529
-14.428596,24,110.365402
-12.649729,19,110.424688
-12.899662,20,110.486752
-12.71982,20,110.549031
-14.357232,23,110.619721
-13.21691,20,110.681558
-11.638192,18,110.737461
-12.034403,19,110.795999
-12.070615,18,110.851656
-12.743353,20,110.913564
-12.186086,19,110.97186
-11.539302,18,111.026828
-12.417195,19,111.084819
-11.732196,18,111.139447
-12.685856,19,111.196896
-24.274548,32,111.293907
-12.137755,19,111.352313
-13.849878,22,111.747382
-13.070302,20,111.80837
-11.84886,18,111.86349
-14.075907,21,111.927452
-14.236831,21,111.992534
-13.751999,21,112.058163
-14.060796,21,112.124937
-12.592708,19,112.184784
-11.465729,18,112.242061
-12.069472,19,112.303996
-12.524401,18,112.36162
-15.944308,25,112.441516
-12.415141,20,112.505899
-13.406416,22,112.577202
-13.016017,22,112.648361
-13.699558,21,112.715962
-13.194168,20,112.780306
-14.581706,23,112.854115
-13.622246,22,112.926185
-12.09416,19,112.987169
-14.627651,23,113.061136
-12.266778,19,113.744613
-13.048422,21,113.812857
-13.196385,23,113.887588
-12.229366,18,113.945932
-13.534738,22,114.016959
-15.051044,24,114.0938
-12.071227,19,114.154821
-14.194464,21,114.22247
-14.126948,22,114.292721
-14.505788,24,114.713024
-12.72011,20,114.777195
-15.798897,26,114.86113
-14.814564,22,114.931983
-11.948395,18,114.989744
-13.473576,21,115.056726
-12.503007,18,115.114985
-12.390884,19,115.175931
-12.807803,20,115.239851
-12.490563,19,115.301196
-13.444624,21,115.365807
-12.755927,20,115.42846
-12.511679,20,115.491595
-12.990176,21,115.560086
-12.820304,20,115.623938
-12.489019,19,115.683977
-13.358346,21,115.75094
-12.965953,20,115.81508
-15.384918,26,115.897235
-12.953198,20,115.961082
-11.598298,18,116.018735
-13.445334,23,116.092422
-12.19998,18,116.150661
-12.861087,20,116.214281
-12.644565,20,116.277756
-12.517797,20,116.341927
-11.7871,18,116.399398
-13.696819,21,116.466276
-13.784177,21,116.533698
-12.402639,20,116.59725
-12.631474,19,116.657632
-11.963544,18,117.0574
-14.140885,22,117.128256
-13.090328,20,117.192153
-12.812132,19,117.252455
-12.775948,20,117.315682
-11.821339,18,117.372963
-12.870588,21,117.440326
-13.655502,21,117.506757
-11.858825,19,117.568081
-11.596422,18,117.625168
-14.117118,21,118.427603
-12.13727,19,118.487258
-13.262951,21,118.554554
-16.803389,23,118.62803
-12.397974,18,118.685135
-12.304182,18,118.742112
-12.522291,20,118.807248
-12.007307,19,118.868043
-12.340516,20,118.93148
-11.701103,18,118.98919
-11.989094,19,119.049478
-12.534988,20,119.11338
-13.009866,20,119.177461
-13.541374,23,119.251396
-13.117523,20,119.314851
-12.667926,20,119.379186
-12.798027,19,119.44084
-11.897145,18,119.4983
-12.842507,20,119.561879
-11.560891,18,119.619965
-13.10091,22,119.689822
-12.872043,21,120.486434
-15.720424,26,120.570909
-12.107347,19,120.632823
-12.629579,19,120.693518
-14.412846,22,120.763324
-12.49094,19,120.824754
-12.100601,19,120.885815
-13.0282,20,120.949034
-13.615526,22,121.019714
-13.604384,22,121.089772
-11.986841,18,121.147985
-13.165564,20,121.212413
-11.759204,18,121.269822
-12.626783,20,121.333439
-12.547417,19,121.394048
-12.820175,19,121.455174
-12.868288,20,121.518942
-12.304874,19,121.579895
-12.361238,19,121.641212
-12.421894,19,121.701381
-11.916297,18,121.759094
-12.163006,19,121.820629
-12.770903,20,121.884723
-12.62895,19,121.945355
-11.810665,19,122.005605
-12.985306,20,122.068925
-11.770664,18,122.126699
-12.343437,20,122.190531
-13.040696,20,122.254598
-11.696324,18,122.312172
-11.202038,17,122.366231
-12.746129,20,123.0692
-12.660659,19,123.455784
-12.487414,20,123.516716
-11.468706,18,123.571339
-12.034555,18,123.626762
-12.376104,19,123.684873
-13.584227,20,123.745616
-12.807657,20,123.805665
-13.765868,23,123.875452
-13.042496,21,123.938892
-13.135507,20,123.999492
-12.679504,19,124.057767
-14.261735,22,124.124675
-11.926398,19,124.183252
-13.532224,21,124.247951
-11.709612,18,124.303921
-13.160241,20,124.364557
-12.134154,19,124.422279
-12.348821,19,124.479805
-11.906979,19,124.537376
-13.177598,21,124.600974
-13.891509,21,124.664984
-12.143977,19,124.722584
-12.366661,19,124.779851
-12.427221,19,124.838358
-12.575778,19,124.89572
-11.738444,18,124.950434
-12.250051,19,125.007878
-12.461036,19,125.065977
-12.118882,19,125.123024
-13.736423,21,125.186167
-12.994308,20,125.248471
-11.870571,18,125.303154
-12.201258,19,125.686614
-12.924292,20,125.748525
-12.809613,20,125.811356
-13.9015,22,125.882082
-13.672695,21,125.948841
-12.550863,19,126.009415
-12.690803,20,126.074307
-12.78006,20,126.13783
-12.779673,20,126.201921
-12.247802,19,126.263101
-12.752177,20,126.326908
-12.62318,19,126.387153
-11.806426,19,126.448225
-12.023671,19,126.510003
-12.33065,19,126.570595
-13.531218,21,126.638284
-12.111561,19,126.699326
-13.536901,22,126.770187
-13.360508,21,126.838036
-13.653289,21,127.691779
-11.809686,18,127.748654
-11.740718,18,127.805501
-12.182272,19,127.865556
-11.931605,18,127.922871
-12.267589,18,127.979728
-12.553744,19,128.040238
-12.237217,19,128.100026
-13.020749,20,128.163322
-12.820198,19,128.223849
-11.666065,18,128.281659
-13.68731,21,128.349158
-12.562298,19,128.409899
-12.252225,19,128.814626
-13.441544,22,128.883279
-12.749775,21,128.947484
-12.056456,18,129.00166
-11.942208,18,129.055944
-13.228833,20,129.116906
-13.177112,22,129.183802
-12.97203,21,129.2471
-13.576615,21,129.311144
-12.188125,18,129.366159
-11.251636,18,129.421015
-13.255815,21,129.485535
-14.574163,23,129.555403
-12.249659,18,129.609577
-12.660619,21,129.673507
-12.729992,20,129.734653
-12.317373,19,129.793038
-12.35726,20,129.853935
-12.704965,20,129.91526
-13.73684,22,129.983084
-11.895649,18,130.03773
-12.499357,19,130.09532
-12.694205,20,130.156188
-13.142418,19,130.214038
-14.144686,23,130.283345
-12.276077,19,130.341867
-12.95695,21,130.405834
-14.005704,23,130.474663
-12.190566,19,130.532588
-11.946002,18,130.586851
-13.080143,21,130.651121
-14.007691,20,131.044825
-14.356073,22,131.112071
-12.436368,20,131.172998
-11.745792,18,131.228135
-12.377024,20,131.28883
-13.683843,20,131.353547
-12.146573,19,131.412195
-12.786014,22,131.482584
-11.997244,18,132.223153
-11.891865,19,132.28316
-12.329622,19,132.344415
-13.239554,21,132.410911
-11.836706,19,132.4713
-11.995348,19,132.532779
-12.416513,19,132.593604
-11.472509,18,132.651112
-11.949358,19,132.712112
-12.205807,19,132.773559
-11.918613,19,132.833833
-13.199182,22,132.904614
-12.486091,19,132.96574
-12.062561,19,133.027294
-13.528867,22,133.096723
-12.021833,20,133.160836
-12.051116,19,133.221861
-12.824095,20,133.285848
-11.983286,19,133.352557
-13.305805,22,133.423007
-12.121317,19,133.482931
-11.903303,19,133.543166
-16.839294,25,133.622646
-14.295685,24,133.698345
-13.552282,20,134.105284
-11.891645,19,134.166689
-13.058826,20,134.231371
-12.696185,20,134.295465
-12.30527,18,134.353565
-12.818079,19,134.414745
-11.858186,19,134.475923
-12.863104,22,134.545664
-11.72076,18,134.602532
-12.054628,19,134.663141
-13.574496,22,134.734119
-11.731629,18,134.793046
-13.800004,23,134.867261
-11.781102,19,134.928702
-12.060443,19,134.990707
-12.094207,18,135.048853
-11.925267,20,135.112992
-12.490521,19,135.174343
-12.183764,19,135.235958
-12.939165,21,135.30422
-13.037088,20,135.368483
-13.505721,22,135.439682
-12.532674,20,135.504438
-11.910338,18,135.562219
-11.90856,19,135.624479
-12.308354,19,135.685481
-11.550482,18,135.743993
-12.880401,22,136.49753
-12.132019,19,136.556001
-12.248864,19,136.616788
-11.965112,19,136.676971
-11.640503,18,136.733388
-12.112652,19,137.131
-12.228468,19,137.189194
-12.599515,21,137.253562
-12.2593,19,137.312038
-11.885674,18,137.368714
-12.520146,20,137.432982
-12.878597,21,137.499141
-12.283096,19,137.559849
-11.895509,19,137.621047
-12.629819,19,137.681981
-11.997458,19,137.742663
-12.02052,18,137.800688
-12.159654,18,137.858803
-13.587366,23,137.932543
-11.463264,17,137.987629
-12.988889,20,138.052277
-13.193599,21,138.119279
-14.393375,23,138.193471
-12.023279,19,138.254642
-12.323349,19,138.31535
-13.679007,21,138.382209
-12.579141,19,138.443603
-12.084129,18,138.500609
-11.810962,18,138.558179
-12.240391,18,138.616076
-12.340478,19,138.67702
-12.605518,20,138.740952
-11.536616,18,138.798425
-12.792734,20,138.863148
-12.171218,18,138.920757
-12.581621,20,138.985133
-11.881051,18,139.043439
-13.552227,21,139.453686
-14.581727,23,139.528113
-12.413563,19,139.588769
-11.752214,18,139.646544
-11.972963,18,139.704298
-12.18685,19,139.766479
-11.592328,18,139.82468
-12.489397,19,139.885819
-11.406349,17,139.940605
-16.323115,26,140.02527
-12.817413,21,140.092933
-12.442583,20,140.15696
-13.623496,21,140.22461
-12.398287,19,140.285776
-13.488321,22,140.356181
-11.658349,19,140.416856
-11.811303,18,141.224878
-12.032702,19,141.282578
-11.980283,19,141.339727
-12.493918,20,141.399961
-11.990203,19,141.459391
-12.09012,19,141.51752
-11.970397,19,141.576484
-12.704229,21,141.642216
-12.839037,21,141.708917
-12.738678,20,141.772053
-11.988404,19,141.832724
-12.377477,20,141.896785
-11.477309,18,141.953892
-12.365777,19,142.014546
-13.506921,22,142.085196
-11.803553,18,142.142747
-12.503002,20,142.890035
-12.310016,20,142.954125
-12.089683,19,143.015145
-12.007907,19,143.076684
-11.663141,19,143.137471
-12.169411,20,143.201725
-12.150796,19,143.262631
-11.609393,18,143.320047
-12.384844,19,143.380285
-11.486953,18,143.43792
-11.873925,19,143.499245
-12.090666,18,143.556993
-12.254222,19,143.617399
-11.652335,18,143.675269
-12.373249,19,143.735982
-12.983781,20,143.800025
-11.93168,18,143.857152
-11.973663,19,143.918301
-12.359097,19,143.978926
-12.141445,18,144.036458
-12.573236,20,144.100379
-12.240055,19,144.161481
-12.084399,19,144.221629
-12.681441,19,144.282126
-11.970429,18,144.33978
-11.840404,18,144.396984
-12.418676,19,144.458044
-11.929276,18,144.515981
-12.006093,19,144.576934
-11.942145,19,144.63799
-12.476365,19,144.699387
-11.866082,18,144.757579
-12.941686,20,144.821265
-12.370338,20,145.224803
-12.920259,20,145.296643
-11.974609,19,145.357296
-12.235599,19,145.417649
-11.640773,18,145.475506
-12.339716,20,146.286827
-13.419518,21,146.352522
-11.855291,18,146.409281
-12.584714,20,146.472079
-12.801321,20,146.535501
-12.750758,19,146.595399
-11.659136,18,146.652457
-12.408794,19,146.712779
-12.138679,19,146.773597
-12.158205,19,146.834234
-11.612787,18,146.891024
-14.011783,22,146.960851
-11.782965,18,147.018016
-12.494108,18,147.075222
-11.7111,19,147.136643
-13.31124,20,147.200546
-13.346472,21,147.267156
-11.621381,19,147.327796
-13.363857,21,147.391319
-12.191605,18,147.446297
-13.294319,22,147.51247
-11.863153,19,147.574585
-13.440577,21,147.640734
-12.533773,20,147.703377
-11.641434,18,147.76056
-12.068037,19,147.820515
-12.574659,20,147.883693
-13.750592,22,148.295204
-11.993709,19,148.356387
-13.503709,20,148.420562
-11.708036,18,148.47748
-12.039071,19,148.538431
-11.615012,18,148.595917
-12.118984,20,148.659815
-11.799635,19,148.72007
-11.916333,18,148.778321
-12.690519,20,148.841984
-11.952223,19,148.902324
-11.877127,19,148.962833
-12.37334,19,149.023532
-12.332995,19,149.084838
-11.338673,18,149.142507
-12.715327,21,149.210013
-11.449215,18,149.267608
-12.698875,20,149.331159
-12.711236,19,149.392543
-12.066531,18,149.450149
-11.924299,19,149.511179
-13.330457,21,149.57929
-12.403337,20,149.644079
-12.055209,19,149.705673
-11.70791,18,149.76413
-12.326109,19,149.825373
-13.852154,23,150.543655
-12.544232,20,150.608742
-12.186295,19,150.670905
-12.372825,19,150.732924
-11.672262,18,150.791658
-11.681556,18,150.850533
-11.954364,18,151.256106
-11.936926,19,151.317955
-12.820559,21,151.386601
-11.978754,19,151.448298
-11.858103,19,151.509516
-12.202743,19,151.571032
-11.352745,17,151.626358
-11.636078,19,151.688414
-12.035296,19,151.74962
-15.272066,24,151.827976
-12.030288,19,151.88982
-12.33253,19,151.951046
-12.161692,19,152.013206
-12.260649,19,152.074316
-13.993559,21,152.142101
-11.664137,19,152.204106
-12.607921,19,152.265665
-12.363335,19,152.327548
-12.592395,19,152.389051
-11.679466,19,152.450603
-12.453108,20,152.514841
-12.735756,21,152.582931
-11.579914,18,152.641795
-12.256729,19,152.703842
-12.686872,20,152.768877
-11.876203,19,152.83049
-12.401515,18,152.888908
-11.678849,18,152.947545
-12.415007,19,153.009012
-12.522879,20,153.073748
-12.63733,21,153.141623
-11.750349,18,153.200432
-11.983438,18,153.259366
-11.795886,19,153.662904
-12.350661,19,153.720615
-12.284905,19,153.777787
-12.167236,18,153.832513
-22.155928,31,153.926109
-12.507235,19,153.983111
-12.677022,20,154.043987
-12.071082,19,154.101259
-11.523191,18,154.155327
-11.922048,18,154.21029
-11.606332,18,154.265827
-11.65742,19,154.323277
-12.363255,20,154.383565
-11.669672,18,155.367947
-11.766028,19,155.427465
-11.76318,18,155.48481
-12.034233,18,155.541914
-12.726867,19,155.601954
-12.990661,23,155.674754
-13.462966,21,155.741702
-12.640788,20,155.80606
-11.774567,18,155.864037
-11.626953,18,155.921716
-11.986372,19,155.982182
-12.545447,20,156.046416
-13.164564,21,156.113435
-11.789255,18,156.170802
-12.041237,19,156.231797
-14.684793,22,156.301938
-11.92001,19,156.363122
-13.471413,22,156.433549
-12.019536,18,156.491115
-11.97979,18,156.886227
-13.288384,21,156.95044
-11.486388,18,157.005049
-11.59973,18,157.060116
-11.816857,18,157.115217
-11.652494,19,157.172764
-11.602071,19,157.230897
-12.515173,20,157.292527
-11.532242,18,157.34743
-11.754464,18,157.404384
-11.942176,18,157.46048
-12.092492,18,157.5171
-13.113715,21,157.583256
-12.037377,18,157.640153
-11.252714,18,157.698353
-11.76146,18,157.755611
-11.861991,19,157.816427
-11.776724,18,157.874216
-11.694963,18,157.931799
-12.751778,20,157.995539
-11.496045,18,158.053348
-11.337419,17,158.107858
-12.22724,20,158.172262
-13.546957,23,158.245796
-11.647668,18,158.3036
-11.828224,19,158.364927
-11.91593,19,158.426324
-12.478002,19,158.488143
-11.760153,17,158.542629
-11.318878,18,158.600489
-12.08929,19,158.662042
-12.174407,19,158.722908
-11.886508,18,158.780557
-11.541428,18,159.177534
-11.692077,18,159.232366
-11.847366,18,160.009391
-11.654826,18,160.064737
-11.932338,19,160.123024
-12.297358,20,160.183596
-11.88534,19,160.241622
-11.737028,18,160.296278
-11.992022,19,160.354382
-12.116514,19,160.412466
-12.263283,20,160.472676
-12.430113,21,160.53682
-11.531624,18,160.591395
-12.30723,20,160.652533
-11.963253,19,160.71062
-11.638425,18,160.764981
-12.535088,20,160.825878
-11.646205,18,160.88029
-11.52408,17,160.932308
-11.641464,18,160.98789
-12.00473,18,161.042298
-11.557987,18,161.096617
-13.079076,22,161.163351
-13.157845,22,161.229589
-11.623523,18,161.284242
-12.430404,20,161.345207
-12.158998,19,161.403116
-11.926529,19,161.460659
-12.231294,19,161.518689
-11.400403,18,161.573608
-12.060811,19,161.631032
-11.812522,19,161.688138
-11.97929,19,161.74615
-12.853815,21,162.137571
-11.655993,19,162.196004
-11.909359,19,162.253347
-14.269819,23,162.322886
-11.473203,18,162.377992
-12.019056,19,162.435981
-12.395324,19,162.493766
-11.770601,19,162.55185
-12.339588,19,162.609245
-12.265848,19,162.666293
-11.947024,18,162.733402
-12.33777,19,162.79207
-11.81707,19,162.850006
-13.521736,23,162.919516
-12.32003,20,162.98033
-11.965203,19,163.03787
-12.15765,19,163.095153
-11.618082,19,163.153273
-12.205745,19,163.210842
-11.589982,18,163.265208
-13.082293,21,163.328736
-11.846345,18,163.383017
-11.463909,19,163.440627
-12.341408,19,164.15386
-11.59194,18,164.209521
-12.23895,19,164.267293
-11.51885,18,164.322131
-11.410774,18,164.377716
-12.18593,18,164.432384
-11.457476,19,164.490308
-11.803808,19,164.548883
-12.365189,20,164.610707
-11.865038,18,164.665397
-12.277226,19,165.389099
-11.591482,18,165.444545
-12.209618,21,165.508521
-11.873224,19,165.56819
-12.4564,19,165.626741
-12.609028,19,165.684774
-12.017988,19,165.741924
-12.008127,19,165.800436
-11.604287,19,165.858229
-11.790837,19,165.915287
-11.790714,19,165.974986
-12.565616,19,166.033249
-11.771607,18,166.088064
-11.703337,19,166.145503
-11.786143,19,166.204036
-12.216143,20,166.265278
-11.862533,19,166.322192
-11.753704,20,166.383084
-12.262404,19,166.4407
-11.65941,18,166.495687
-11.905243,18,166.55064
-13.032791,21,166.616207
-12.293979,20,166.676598
-12.354681,19,166.734242
-11.674876,18,166.789023
-11.496271,18,166.843256
-11.76182,18,166.898042
-11.490734,18,166.952559
-12.531918,19,167.011588
-13.071405,21,167.075242
-11.345888,18,167.129404
-12.377062,20,167.191058
-12.045863,18,167.245681
-11.843255,19,167.631745
-12.194397,19,167.689465
-11.850128,18,167.744341
-13.819266,22,167.811897
-11.804113,18,167.865914
-12.318181,19,167.922992
-12.102651,19,167.979986
-11.608905,18,168.034626
-12.338536,19,168.091857
-11.40084,18,168.146373
-12.199823,18,168.201742
-12.36326,20,169.091109
-11.833051,18,169.147491
-11.703794,18,169.20472
-11.508288,18,169.262587
-11.561818,18,169.316742
-12.816054,22,169.383203
-11.823708,18,169.438309
-11.922388,18,169.492477
-12.016307,19,169.549934
-12.7636,22,169.619182
-12.605328,20,169.679397
-11.602279,18,169.733301
-12.082129,18,169.787228
-12.271167,19,169.844882
-12.973312,21,169.908201
-11.687532,19,169.966303
-11.588516,18,170.023212
-11.381704,18,170.078917
-11.945243,18,170.135973
-11.820986,18,170.193543
-11.501094,18,170.252014
-12.380272,19,170.312336
-11.809764,19,170.714746
-12.641655,20,170.775421
-11.955827,18,170.831151
-13.243329,22,170.897358
-11.740285,19,170.95444
-12.78231,21,171.017726
-11.890449,18,171.072621
-11.767575,18,171.126914
-12.103171,19,171.185175
-12.767824,20,171.246597
-11.46012,18,171.300869
-11.526056,18,171.35487
-12.369949,19,171.412057
-11.714271,18,171.46746
-13.306163,23,171.536365
-11.763424,18,171.590993
-11.487852,18,171.646325
-12.929024,22,171.7127
-11.796757,18,171.767355
-11.75373,19,171.824711
-11.485976,19,171.882121
-12.099453,19,171.939545
-12.141939,19,171.996985
-11.546989,18,172.052566
-11.495985,18,172.107864
-12.926121,20,172.170651
-12.242982,19,172.232038
-12.415416,20,172.29616
-11.485877,18,172.353575
-12.133109,19,172.414539
-11.80234,18,172.472681
-12.263491,20,172.53686
-11.699666,18,173.280021
-11.377687,17,173.682324
-11.650393,18,173.740174
-11.971123,19,173.801706
-11.158271,18,173.859416
-12.82699,20,173.923372
-12.512524,20,173.987548
-11.709068,18,174.04596
-11.992303,18,174.103902
-11.723318,18,174.16128
-11.344898,18,174.219457
-12.899451,20,174.284306
-11.838883,19,174.345286
-11.500554,18,174.403566
-11.700745,19,174.465035
-12.983088,20,174.529701
-11.84317,18,174.587456
-12.104479,19,174.649019
-12.198854,20,174.715097
-12.188419,19,174.776756
-12.846081,22,174.847546
-12.300601,19,174.909431
-12.237099,20,174.973698
-12.013371,19,175.0351
-11.677408,18,175.093751
-12.048766,19,175.155177
-11.64913,18,175.213183
-11.988089,19,175.274878
-12.789017,21,175.343198
-12.099283,19,175.404583
-12.001853,19,175.466063
-12.40857,19,175.527134
-11.992529,19,175.588457
-12.652426,20,175.99801
-11.686241,19,176.059323
-12.356811,20,176.124232
-12.911143,21,176.191503
-11.303581,18,176.249259
-11.759452,18,176.30795
-12.100711,19,176.369544
-12.608307,21,176.436887
-11.610884,19,176.498651
-11.682335,18,176.556831
-11.442551,18,176.614752
-11.987743,18,176.672657
-11.706745,18,176.73107
-12.933759,21,176.798604
-11.529953,18,176.856511
-12.62433,20,176.92118
-11.966303,19,176.982306
-12.273638,20,177.046214
-12.368192,20,177.110411
-11.719235,18,177.168202
-11.959759,19,177.229484
-11.396215,18,177.934894
-11.450962,18,177.989624
-11.702639,19,178.04687
-11.699931,19,178.104871
-12.885798,22,178.171523
-12.690935,21,178.236151
-13.04137,20,178.296859
-11.688722,18,178.351895
-12.769307,21,178.415592
-11.723418,18,178.469912
-11.58778,18,178.524843
-11.36673,18,178.579995
-11.552309,18,178.960268
-13.260931,23,179.030206
-11.683072,19,179.087772
-12.440339,19,179.146017
-11.893619,19,179.20406
-12.57431,21,179.267754
-11.837135,19,179.32623
-11.318914,18,179.380944
-11.687375,18,179.435982
-12.606447,20,179.496816
-12.672061,20,179.558276
-12.680879,20,179.618997
-13.74917,23,179.689056
-12.278489,19,179.747596
-11.497024,18,179.80366
-11.511709,18,179.858385
-12.578611,21,179.92262
-13.198393,21,179.987805
-12.703076,19,180.047212
-11.916003,19,180.107132
-12.660417,19,180.167892
-12.095642,19,180.22907
-12.317696,19,180.287277
-12.533971,19,180.345546
-11.847734,18,180.401077
-12.135941,19,180.459384
-11.735431,18,180.513714
-11.522126,18,180.56917
-11.45856,18,180.623809
-11.455901,18,180.678127
-11.579883,18,180.733705
-12.158266,20,180.794984
-12.129623,18,180.849782
-11.533719,18,181.231398
-11.460361,18,181.286979
-11.77239,18,181.343147
-13.487731,22,181.410896
-12.564367,20,181.471438
-11.757737,18,181.525902
-12.043322,19,181.58536
-13.37618,22,181.652321
-12.088259,19,182.374375
-12.731539,22,182.444081
-11.318019,18,182.501659
-12.166812,19,182.562396
-13.366463,22,182.633275
-11.674826,18,182.690753
-11.815913,18,182.748386
-11.656653,18,182.80644
-12.406464,20,182.870276
-12.13574,19,182.931292
-11.823314,19,182.993027
-11.802933,19,183.053867
-11.484591,18,183.111059
-11.684573,18,183.169306
-11.826655,19,183.230613
-11.712648,18,183.288672
-12.814826,21,183.356167
-11.344106,18,183.414949
-11.536118,18,183.473176
-11.541841,18,183.530691
-11.713624,18,183.589015
-12.876938,21,183.656557
-12.374829,19,183.717349
-11.344815,19,183.778307
-11.961177,19,184.180097
-11.502614,18,184.238648
-11.962014,19,184.298486
-12.000946,20,184.358347
-12.86772,21,184.423088
-12.225041,20,184.483188
-12.161664,19,184.540103
-11.257839,18,184.595379
-12.406698,19,184.652973
-11.968142,19,184.71019
-12.321409,19,184.76731
-11.662519,18,184.82228
-12.43148,21,184.886275
-12.326853,20,184.947493
-12.13345,19,185.006839
-11.521159,18,185.061299
-11.847961,19,185.118608
-12.168136,20,185.179794
-11.460618,19,185.238834
-11.404788,17,185.291812
-12.058794,19,185.352032
-11.692615,18,185.410714
-11.153417,18,185.46895
-12.227924,19,185.530328
-12.525931,21,185.598349
-11.994376,20,185.668675
-12.400699,20,185.730978
-11.464201,18,185.787846
-12.31409,20,185.851959
-12.084074,19,185.912175
-12.058287,19,186.648338
-14.105798,24,186.724966
-13.141976,21,186.792266
-11.653251,18,187.51821
-12.285291,19,187.575926
-11.615594,19,187.634434
-12.9497,21,187.699107
-11.412237,18,187.753093
-11.383148,17,187.804539
-11.391671,18,187.859401
-11.737307,18,187.913996
-11.731109,18,187.968252
-11.586025,18,188.022733
-11.988544,19,188.080666
-11.164909,18,188.135391
-11.680231,18,188.189171
-11.508,18,188.243492
-12.111139,19,188.30134
-11.527971,18,188.354939
-12.000375,19,188.412351
-11.575953,18,188.466815
-11.616011,18,188.521471
-11.903875,19,188.579056
-11.214192,18,188.633448
-12.345723,20,188.694909
-11.192304,18,188.749088
-12.690189,21,188.812736
-12.825551,21,188.876808
-11.540601,18,188.930873
-11.949015,18,188.984729
-11.410223,18,189.039304
-11.851335,18,189.093927
-11.280679,17,189.144563
-11.945151,19,189.201775
-11.70945,18,189.256245
-11.989177,20,189.317178
-12.04356,19,189.69856
-11.535632,18,189.752964
-12.222944,19,189.81005
-11.841098,19,189.867774
-11.643135,19,189.926149
-14.666326,25,190.003424
-11.130908,17,190.055911
-11.73224,19,190.113529
-11.360074,18,190.167906
-12.688991,19,190.226049
-12.170071,19,190.284372
-11.728957,18,190.339056
-11.663982,19,190.396537
-11.995074,20,190.457161
-12.873338,22,190.524583
-13.514292,22,190.591981
-20.236141,26,190.672444
-12.376895,19,191.495314
-11.991641,19,191.553367
-11.555116,18,191.608797
-12.857727,22,191.675404
-11.37891,17,191.72719
-12.195602,18,191.78231
-11.43524,18,191.837351
-11.579366,18,191.892702
-11.778905,18,191.947969
-11.707696,19,192.005717
-11.548889,18,192.060148
-11.872133,19,192.117518
-11.72461,18,192.171427
-11.573903,18,192.226468
-11.335535,18,192.280665
-12.147277,19,192.338654
-12.058196,19,192.720586
-11.864929,18,192.775301
-12.225274,20,192.835623
-11.172864,18,192.890299
-11.973011,19,192.948086
-12.210194,21,193.011741
-11.823345,19,193.068803
-11.602625,18,193.123495
-11.416505,18,193.179379
-11.336159,18,193.234726
-11.725927,19,193.294028
-12.490826,19,193.354095
-12.545316,21,193.424565
-11.886949,18,193.48211
-11.633041,18,193.539873
-12.403344,20,193.604138
-11.923739,19,193.665401
-11.705472,19,193.726675
-12.008017,20,193.790377
-11.998937,18,193.847565
-11.543515,17,193.901807
-11.5299,18,193.95926
-11.554847,18,194.016608
-11.689993,18,194.073874
-11.792107,19,194.135155
-11.653892,18,194.192783
-11.239712,17,194.24749
-12.051902,19,194.308236
-11.615788,18,194.366219
-12.281728,19,194.427146
-11.698335,18,194.484399
-11.586213,19,194.544952
-11.609292,19,194.605993
-11.546731,19,195.011159
-12.833806,21,195.079024
-11.42249,18,195.137374
-11.304618,18,195.195788
-11.512262,18,195.253548
-11.597272,18,195.309882
-11.78706,18,196.052221
-11.572328,18,196.111908
-11.807337,19,196.174417
-11.358985,18,196.233502
-11.499134,18,196.291965
-12.273645,19,196.353464
-11.479716,18,196.411409
-12.514402,22,196.482012
-11.675259,18,196.539501
-11.704643,18,196.597036
-12.2692,20,196.660716
-12.079875,20,196.724989
-11.405376,18,196.782727
-12.432912,20,196.846765
-13.665743,22,196.917206
-12.550219,21,196.985112
-11.314062,17,197.039792
-11.61115,18,197.097618
-11.641751,18,197.155619
-11.382545,18,197.213716
-12.39336,20,197.277785
-11.709521,18,197.335666
-11.998051,19,197.397127
-11.934517,19,197.457996
-11.570938,18,197.515756
-12.088077,20,197.580703
-11.767398,18,197.638741
-11.867101,18,197.696168
-11.354477,18,198.096194
-11.977892,19,198.15719
-13.036549,21,198.224431
-11.434669,18,198.28153
-14.145003,27,198.368835
-12.528428,19,198.43264
-12.740606,20,198.496533
-11.555511,18,198.55378
-11.946991,19,198.615223
-13.398813,22,198.685567
-11.575691,18,198.743146
-11.448932,18,198.800727
-11.283423,18,198.858765
-11.598184,18,198.916357
-12.392672,20,198.980449
-12.190533,20,199.045164
-11.19658,18,199.102874
-11.946783,19,199.163834
-11.073858,18,199.222143
-12.432186,19,199.283343
-12.04887,19,199.345756
-11.988574,19,199.407099
-11.899589,20,199.471523
-12.207534,20,199.535629
-11.920697,19,199.596951
-12.148332,19,199.658606
-12.026959,21,200.323218
-11.6518,19,200.380747
-11.319995,18,200.437135
-12.009533,19,200.496655
-12.436455,21,200.562974
-11.930029,19,200.624139
-12.447448,20,201.025663
-12.459502,20,201.089541
-11.895799,19,201.151031
-12.034273,19,201.212151
-11.464935,19,201.273284
-13.066649,21,201.339865
-11.547959,18,201.397263
-11.458892,18,201.455144
-11.700769,18,201.512661
-11.99384,19,201.573162
-11.441355,18,201.630759
-11.332656,18,201.687993
-11.429227,18,201.745506
-11.577143,18,201.802956
-13.36584,21,201.870955
-11.790538,19,201.931566
-11.337794,18,201.988905
-11.453696,18,202.046802
-11.844657,18,202.10401
-11.781707,18,202.161521
-12.396728,20,202.226402
-11.824988,19,202.287299
-12.179216,19,202.348037
-12.020102,19,202.408821
-11.920007,19,202.469897
-12.669274,20,202.533839
-11.816857,19,202.59421
-11.625001,18,202.651943
-11.047338,18,202.709441
-11.155957,18,202.766979
-12.762978,21,202.83504
-11.955995,19,202.892774
-12.215919,20,202.953411
-11.416077,18,203.333435
-11.946699,19,203.391006
-11.7012,18,203.445765
-11.501955,18,203.501331
-11.938459,19,203.558818
-11.855758,19,203.615836
-11.411356,18,203.670486
-11.452922,18,203.725043
-11.509163,18,203.779891
-11.419884,18,203.834648
-11.706863,18,203.889353
-11.570333,18,203.943979
-11.441136,19,204.001043
-11.457107,18,204.055773
-12.604717,20,204.116933
-11.345955,18,204.813356
-11.580522,18,204.872734
-12.979765,21,204.940471
-13.325461,23,205.014978
-11.761695,19,205.07633
-13.039699,22,205.147327
-11.563056,18,205.204668
-11.474759,18,205.262533
-11.293471,18,205.32058
-12.063181,19,205.381607
-11.61641,17,205.436316
-12.063584,19,205.497463
-11.508492,18,205.555762
-12.241814,19,205.617146
-11.178181,18,205.675608
-11.599733,19,205.736198
-11.56163,18,205.7939
-11.218155,17,205.848521
-12.424115,20,206.255923
-12.837208,21,206.324266
-12.032337,19,206.38537
-11.484536,18,206.450285
-11.33051,18,206.508465
-11.685257,19,206.569492
-11.927418,19,206.630181
-11.53215,18,206.688474
-11.739182,19,206.749267
-11.769894,19,206.809803
-13.075548,21,206.877203
-11.722571,18,206.935616
-13.083144,20,206.999933
-12.27098,20,207.063957
-12.35229,21,207.132342
-11.641874,18,207.190144
-11.406678,18,207.247826
-11.486018,17,207.302702
-12.747753,20,207.36794
-11.382583,17,207.422771
-12.640787,22,207.493505
-11.462515,18,207.551321
-11.259408,18,207.608964
-11.927578,19,207.669871
-11.710537,18,207.728046
-11.472483,19,207.78914
-11.581063,18,207.847122
-11.247055,17,207.902236
-12.079961,19,207.964136
-11.994265,19,208.025894
-11.39092,18,208.084112
-12.247277,21,208.152097
-11.771745,19,208.2135
-11.46585,18,208.27147
-11.615699,18,209.026869
-13.60212,24,209.100479
-12.04562,19,210.089568
-12.244844,19,210.148659
-12.711451,20,210.212981
-11.231791,18,210.27083
-12.369335,22,210.340473
-13.407174,21,210.40729
-11.990531,19,210.467685
-11.693833,19,210.528486
-12.487745,20,210.5928
-11.503216,19,210.653296
-11.529342,18,210.710835
-13.122526,21,210.777955
-11.125145,18,210.835286
-11.517886,18,210.892984
-11.137716,17,210.947779
-12.360037,21,211.014676
-12.397605,20,211.078621
-11.284713,19,211.139739
-12.129851,20,211.203834
-11.40213,18,211.261518
-11.437786,18,211.319432
-11.834716,19,211.380441
-11.95896,19,211.444549
-11.396687,18,211.502078
-11.387394,18,211.560431
-11.553383,18,211.618084
-11.591423,18,211.675088
-11.541587,18,211.732927
-12.120458,19,211.79354
-11.531334,19,211.854552
-11.271886,18,212.253774
-12.453507,21,212.321912
-12.025201,19,212.383009
-11.129997,18,212.440659
-11.738679,19,212.501556
-11.713709,19,212.563257
-11.736021,18,212.621171
-11.310725,18,212.679028
-11.678085,18,212.73652
-11.702811,19,212.797889
-11.517128,17,212.852962
-12.193276,20,212.917421
-13.206764,23,212.991364
-12.169406,20,213.055918
-12.359652,19,213.11658
-11.014505,17,213.172076
-11.107058,17,213.226599
-11.500648,18,213.284435
-12.858293,21,213.35201
-11.792976,18,213.410045
-11.4936,19,213.4712
-11.425183,18,213.528302
-12.982855,21,213.595896
-11.521395,19,213.656621
-11.127461,18,214.445423
-11.665034,18,214.503128
-11.184761,18,214.560649
-11.744781,19,214.622447
-11.533953,18,214.680387
-12.677837,19,214.7419
-11.414708,18,214.800353
-13.701286,24,214.878099
-11.522608,19,214.939601
-11.490031,19,215.338023
-10.876307,17,215.39186
-13.370194,25,215.468713
-11.542964,19,215.527514
-11.721116,19,215.586484
-11.537841,18,215.642342
-11.319656,18,215.69742
-11.453563,18,215.752809
-11.786661,19,215.812072
-11.583389,18,215.866647
-11.479642,18,215.920851
-11.651504,18,215.975279
-11.843107,19,216.03458
-12.618097,22,216.103744
-11.567356,19,216.163351
-12.211792,20,216.227699
-11.583584,18,216.285629
-11.443033,19,216.346555
-11.880048,19,216.407531
-11.89234,19,216.47618
-11.62896,18,216.533768
-11.410843,18,216.592028
-11.391122,18,216.649786
-11.562629,18,216.707437
-12.511291,21,216.775403
-12.019283,19,216.837392
-12.315016,22,216.908765
-11.561156,18,216.965925
-11.53224,19,217.027635
-11.468782,18,217.086114
-10.953987,18,217.143619
-11.636428,18,217.201713
-11.355223,18,217.259891
-11.345265,17,217.659504
-11.341914,18,217.717659
-11.394197,18,217.776474
-11.583274,18,217.83536
-11.649072,18,217.893533
-12.28173,21,217.961156
-11.553303,19,218.022451
-11.862378,19,218.08443
-11.358102,18,218.14306
-11.527415,18,218.200269
-13.02065,20,218.264836
-11.601875,18,218.322407
-11.394192,18,218.380461
-12.063982,20,219.142056
-11.454321,18,219.200241
-12.882564,21,219.268725
-11.411562,18,219.327498
-11.825831,19,219.388984
-11.230921,18,219.447959
-11.439691,19,219.509847
-11.19547,18,219.567936
-11.402253,18,219.625829
-11.644502,18,219.684265
-11.234789,18,219.743212
-11.307668,18,219.802027
-11.387651,18,219.860234
-11.755345,19,219.92184
-11.192544,17,219.976693
-11.62533,18,220.034899
-12.74228,21,220.103649
-11.994589,20,220.168099
-12.578694,19,220.230513
-11.930724,19,220.291506
-11.433462,18,220.349401
-11.729154,18,220.745454
-11.605869,19,220.805012
-11.649,18,220.862902
-11.488714,18,220.920419
-12.008238,19,220.981607
-11.627773,19,221.04271
-13.251829,22,221.113399
-12.029464,18,221.17103
-11.194712,18,221.229046
-11.708484,18,221.287011
-11.684547,18,221.344977
-11.266424,18,221.402924
-11.247075,18,221.461323
-12.107122,19,221.522463
-11.292972,18,221.580496
-12.177822,19,221.641225
-11.830075,19,221.702691
-11.455037,19,221.761487
-11.474983,18,221.818816
-11.720367,19,221.880145
-11.66917,19,221.941465
-11.500367,19,222.003065
-12.682037,21,222.07052
-11.529023,18,222.128709
-11.353299,18,222.186895
-13.067555,23,222.260799
-11.404229,18,222.319797
-11.425185,19,222.380953
-11.849059,19,222.442001
-12.932435,21,222.509789
-11.393732,18,222.567705
-11.4194,18,222.625761
-12.537663,20,222.691316
-11.93876,19,223.904184
-11.079814,18,223.961329
-11.621463,18,224.018959
-11.460714,19,224.079271
-12.089634,20,224.144438
-11.600593,18,224.202291
-11.200594,18,224.260116
-12.009809,20,224.325275
-11.173089,18,224.38335
-12.760458,21,224.451494
-11.293711,18,224.50995
-11.428836,18,224.567851
-11.32798,18,224.625876
-11.038116,18,224.683634
-11.807018,19,224.744982
-11.578754,18,224.802668
-12.553815,20,224.867383
-11.975969,19,224.929006
-12.049567,19,224.993549
-11.7893,19,225.054832
-11.817613,19,225.116696
-12.814789,20,225.180663
-11.349236,18,225.23897
-11.507518,19,225.29985
-11.62776,20,225.364934
-11.533775,19,225.426449
-11.98334,20,225.490906
-11.898189,19,225.552371
-11.291693,18,225.610187
-11.553982,18,225.668141
-11.430815,18,225.726491
-11.489616,18,225.784831
-11.362952,18,225.84239
-11.833474,18,226.243849
-11.941153,19,226.305274
-11.410305,18,226.364005
-11.500918,18,226.4222
-11.802018,18,226.480453
-11.418803,18,226.538891
-11.398345,18,226.596941
-11.606638,18,226.654452
-12.585472,20,226.718387
-11.754794,19,226.780091
-11.580482,18,226.837435
-11.623633,18,226.894929
-11.253293,18,226.953312
-11.444163,19,227.014384
-11.36535,18,227.07286
-11.249287,18,227.130547
-12.132528,20,227.194983
-12.142608,19,227.255937
-11.646734,18,227.313081
-11.60442,18,227.371643
-11.848405,20,227.435418
-11.912962,19,227.496513
-11.205914,18,228.200926
-11.126941,18,228.255415
-11.837003,18,228.310222
-11.408271,18,228.366049
-11.499738,18,228.422423
-11.2782,18,228.479793
-11.7293,19,228.541244
-12.918294,22,228.611778
-11.399952,18,228.669527
-11.17919,18,228.726942
-11.244283,18,228.784913
-11.390706,18,228.842075
-12.868791,21,229.249494
-11.847063,19,229.311384
-11.34422,18,229.369648
-11.682441,19,229.431157
-11.541757,18,229.489446
-12.050105,19,229.550339
-11.057765,18,229.608391
-11.765923,18,229.666202
-11.314228,18,229.723727
-11.82571,19,229.784705
-11.302086,18,229.842441
-11.739118,19,229.903039
-12.148791,20,229.968761
-11.575503,19,230.030212
-11.700799,18,230.088005
-12.212129,20,230.15234
-13.606647,22,230.223433
-11.50185,18,230.281508
-12.094172,19,230.342584
-11.301097,18,230.400719
-11.407385,18,230.457975
-12.326525,20,230.521709
-11.198641,18,230.580124
-11.629175,18,230.638881
-11.556768,19,230.699783
-11.69105,19,230.760439
-12.951103,22,230.83136
-11.453054,18,230.888765
-11.533759,19,230.949848
-11.945986,19,231.010676
-11.598294,19,231.071866
-13.101331,21,231.13907
-11.41724,18,231.197298
-11.949112,20,231.95219
-11.50099,18,232.010843
-11.663089,19,232.072375
-12.661484,23,232.146117
-11.549081,18,232.204565
-10.96342,18,232.262459
-11.198656,17,232.316849
-11.581468,18,232.374602
-10.981782,18,232.432493
-11.740822,19,233.299027
-11.394055,18,233.354082
-11.37787,19,233.41215
-11.984766,20,233.472458
-12.002537,19,233.530236
-11.537903,18,233.584525
-11.971812,19,233.643169
-12.555536,23,233.712995
-11.08932,18,233.767026
-11.767507,19,233.824651
-12.491649,20,233.884859
-12.726186,20,233.945165
-12.957479,20,234.006082
-11.556862,19,234.063637
-11.291403,18,234.118112
-11.215444,18,234.1729
-12.414312,21,234.237055
-11.492521,18,234.292218
-11.821468,19,234.355381
-11.6289,19,234.413365
-11.531035,18,234.467881
-11.47742,18,234.522266
-11.790709,19,234.579579
-11.169744,18,234.635545
-11.638761,18,235.018118
-15.949209,30,235.109981
-11.726064,19,235.167525
-11.231875,18,235.222443
-11.71588,18,235.277413
-11.350725,18,235.332026
-11.153453,18,235.386595
-11.458642,18,235.441547
-12.940658,23,235.510897
-11.605414,19,235.568971
-14.831794,27,235.651661
-11.176174,18,235.706511
-11.20054,18,235.76139
-11.465524,18,235.816226
-11.332522,18,235.871777
-12.436536,20,235.932066
-11.319605,18,235.986558
-11.292536,18,236.041119
-11.706391,19,236.098664
-13.805378,24,236.171407
-11.281542,18,236.226094
-11.956761,19,236.284264
-11.889366,19,236.341024
-11.88364,19,236.398163
-11.524666,18,236.453373
-11.728283,19,236.510629
-11.258942,18,236.564842
-11.033045,17,236.616156
-11.581297,18,236.67128
-11.161005,18,236.72586
-11.496465,18,237.458989
-11.395183,18,237.516822
-11.562541,18,237.574266
-11.392687,18,237.977989
-11.303401,19,238.039742
-11.665951,17,238.095703
-11.186838,18,238.150642
-12.162529,20,238.211729
-11.063907,18,238.267194
-12.662584,20,238.327921
-11.491181,19,238.38592
-12.759988,21,238.450421
-11.303245,18,238.505761
-11.904339,19,238.563129
-11.651128,18,238.617881
-11.107477,18,238.673367
-10.893391,18,238.728479
-11.337823,17,238.779945
-11.118076,18,238.834347
-11.749267,18,238.889204
-12.989867,21,238.952625
-12.023428,20,239.013708
-11.690933,19,239.07135
-11.984906,18,239.126021
-11.771216,19,239.183964
-11.75944,19,239.241893
-12.864815,21,239.30612
-11.583397,18,239.36138
-11.222784,19,239.418458
-11.372514,19,239.476278
-11.657093,19,239.534323
-11.36892,18,239.588911
-11.335061,18,239.643549
-11.317917,18,239.699128
-11.288635,18,239.753947
-11.515491,18,239.808497
-11.365895,18,240.190712
-11.372101,18,240.247366
-11.552259,19,240.306205
-11.896686,19,240.363904
-11.281101,18,240.418338
-11.580295,17,240.469618
-11.608074,18,240.524668
-11.526814,18,240.58055
-11.71115,18,240.636006
-10.993763,17,240.688656
-11.234511,18,240.7443
-11.966436,19,240.802431
-11.442698,18,240.856636
-11.340494,18,240.912154
-11.409643,18,240.966469
-11.486781,18,241.020427
-11.468127,18,241.074483
-11.238061,18,241.129306
-11.121737,19,241.187342
-11.375838,18,242.037974
-12.715718,21,242.104928
-11.051634,18,242.163442
-11.804706,19,242.224384
-11.435541,18,242.282336
-12.230926,19,242.344322
-11.37529,19,242.406152
-11.567592,19,242.467546
-11.956519,19,242.529198
-11.332287,19,242.591182
-11.601132,18,242.649893
-11.51749,18,242.707942
-11.30502,18,242.766739
-11.403067,19,242.827961
-11.263634,18,242.885919
-11.350549,18,243.287503
-11.186526,18,243.343848
-11.855655,19,243.403937
-11.465983,18,243.458984
-11.386989,18,243.513829
-11.317017,18,243.569277
-11.378183,18,243.624456
-11.27716,18,243.678815
-11.068326,18,243.73393
-11.780965,19,243.792315
-11.500544,19,243.849734
-11.23049,18,243.904427
-11.348143,18,243.959316
-11.088167,18,244.013404
-11.744025,19,244.070208
-11.332876,18,244.124369
-11.386782,18,244.179704
-12.121887,21,244.244167
-11.311305,18,244.29906
-11.55564,18,244.354519
-11.341678,18,244.409196
-11.532598,19,244.466197
-11.428615,18,244.520727
-11.551583,18,244.575991
-11.404587,19,244.633086
-12.020306,20,244.693133
-11.008526,18,244.747368
-11.696157,18,244.802927
-11.570614,19,244.860557
-11.433319,18,244.914975
-11.447573,19,244.973583
-12.811482,23,245.04375
-11.249394,18,245.098245
-11.411881,18,245.152453
-11.79321,19,245.538706
-11.545127,18,245.595932
-11.329185,18,245.653211
-11.428333,18,245.710488
-11.131533,18,245.76804
-11.351558,18,245.826038
-11.6089,19,245.886534
-11.441871,18,246.708597
-11.557605,19,246.767511
-11.544142,18,246.824877
-11.395431,19,246.885114
-11.250066,20,246.948785
-11.079532,18,247.007217
-11.371106,18,247.06475
-11.301253,19,247.124806
-11.65963,19,247.186002
-11.688367,18,247.243982
-11.285975,18,247.301173
-11.551124,19,247.361756
-11.636098,18,247.420058
-10.929737,18,247.477926
-11.559887,19,247.538332
-12.38276,20,247.602026
-11.379959,18,247.659732
-11.084209,18,247.717021
-11.420297,19,247.777448
-12.178868,20,247.842813
-13.253082,22,247.913115
-11.350611,18,247.971051
-11.235948,18,248.029528
-11.5916,18,248.08701
-11.187182,18,248.145063
-12.633257,20,248.209044
-12.00096,20,248.636088
-11.582142,18,248.694428
-12.194146,20,248.758936
-11.803309,19,248.820949
-11.491328,18,248.879269
-11.346981,19,248.940463
-11.564479,19,249.002008
-11.061831,18,249.060397
-11.100063,18,249.118683
-11.237071,18,249.176595
-11.513516,18,249.235286
-12.116721,23,249.31017
-11.263068,19,249.371316
-11.707373,18,249.430137
-11.862497,20,249.49516
-11.332314,18,249.553407
-13.058913,22,249.625055
-11.326812,18,249.683273
-11.016727,18,249.741035
-11.928603,19,249.802715
-11.498727,19,249.864813
-11.931448,20,249.929454
-11.27236,18,249.988043
-11.744212,18,250.047523
-11.286066,18,250.105935
-12.026444,21,250.173692
-11.541868,19,250.235634
-11.151146,18,250.29339
-11.63125,18,251.031178
-11.517353,18,251.087432
-11.72499,19,251.144829
-11.307238,18,251.199276
-11.664122,19,251.257643
-12.339704,22,251.690193
-11.383198,18,251.745622
-11.284762,18,251.80125
-11.226761,18,251.856446
-11.729058,19,251.914271
-11.176733,18,251.968695
-11.262086,18,252.023923
-11.247116,18,252.079965
-11.657323,19,252.137364
-11.125244,18,252.191945
-11.164248,18,252.246589
-11.459765,19,252.305042
-11.241265,18,252.359212
-11.151971,18,252.413915
-10.997333,17,252.466501
-14.7876,27,252.548948
-11.280506,18,252.604058
-11.177415,18,252.659408
-11.150318,18,252.715109
-11.727475,19,252.772819
-11.250254,18,252.827328
-11.490649,18,252.883008
-11.532924,18,252.937863
-11.436499,19,252.997812
-10.900132,18,253.052974
-11.927766,19,253.11157
-11.808919,19,253.169157
-11.32821,18,253.223364
-11.418662,18,253.278378
-11.466041,18,253.333577
-11.567085,18,253.388018
-11.979098,20,253.448506
-11.729808,18,253.504872
-11.535528,18,253.55996
-11.18535,18,254.299059
-11.739602,18,254.354132
-11.603126,19,254.411858
-11.159757,18,254.466968
-11.429382,18,254.522542
-12.890361,21,254.587365
-11.167905,18,254.64209
-11.358784,18,254.697918
-11.655896,18,254.75266
-11.353573,18,254.807119
-11.803498,20,254.867452
-11.44776,18,254.923585
-11.467484,19,254.981974
-12.136144,20,255.044999
-11.297315,18,255.103464
-11.128645,18,255.161215
-11.081926,18,256.085835
-11.488718,18,256.14163
-11.050781,18,256.196599
-12.120893,20,256.257166
-11.010287,19,256.315044
-11.07408,18,256.369892
-11.400007,18,256.424845
-12.202935,20,256.485581
-11.735257,19,256.54412
-11.28807,19,256.601979
-10.791867,18,256.656225
-11.289312,18,256.711641
-11.22325,18,256.766458
-11.212119,18,256.820796
-11.300765,18,256.875176
-11.341268,19,256.933429
-11.421373,18,256.988692
-11.244668,17,257.040552
-11.69204,20,257.449934
-11.311241,19,257.508139
-11.200932,18,257.564098
-11.717365,19,257.62185
-11.579379,19,257.680435
-10.997216,18,257.735869
-11.050475,18,257.790552
-11.231925,18,257.844774
-11.188042,18,257.8991
-11.306526,18,257.955087
-11.605805,19,258.012639
-11.28969,18,258.067661
-11.355249,18,258.122865
-11.755501,19,258.181136
-11.382663,19,258.23838
-11.352568,18,258.293573
-11.087825,18,258.348682
-11.417616,18,258.403234
-11.801957,19,258.46052
-11.61812,19,258.517871
-11.270298,19,258.577702
-11.465642,19,258.63613
-11.501623,19,258.693473
-12.471244,20,258.754907
-11.237889,18,258.809128
-11.068278,18,258.864403
-11.124097,17,258.917009
-11.284293,18,258.973724
-11.944962,20,259.037159
-11.875823,20,259.100895
-11.607718,18,259.158935
-11.387718,18,259.217843
-11.030492,18,259.276077
-11.317249,18,259.334963
-11.364186,18,259.756239
-11.149436,19,259.818217
-11.254524,18,259.876873
-11.501503,18,260.717785
-11.512855,19,260.776636
-11.374753,19,260.834815
-11.513423,18,260.889412
-11.639883,18,260.943813
-11.34317,18,260.999447
-11.481145,19,261.057219
-11.603789,18,261.111892
-11.608285,19,261.169938
-11.443607,19,261.228963
-13.195245,22,261.296574
-11.067483,18,261.351296
-11.106563,18,261.407046
-10.941531,18,261.461674
-11.222584,19,261.519164
-11.421369,18,261.574341
-11.873816,19,261.63264
-11.785791,20,261.693507
-11.182108,18,261.748168
-11.064291,18,261.803375
-11.358322,19,261.861365
-11.224402,18,261.916694
-11.667547,18,261.971597
-11.153219,18,262.026917
-11.09302,18,262.081588
-11.445194,18,262.136086
-11.172378,18,262.191585
-11.137874,18,262.246912
-11.463262,19,262.304362
-12.851546,21,262.367821
-11.592994,19,262.772543
-12.902391,21,262.83785
-11.569238,19,262.895881
-11.935943,21,262.959328
-11.295578,18,263.014943
-11.491045,18,263.071428
-11.4846,19,263.13261
-11.188138,19,263.195526
-11.054509,17,263.248892
-11.385736,17,263.303531
-11.696112,19,263.364489
-11.488259,19,263.426129
-11.326306,19,263.487792
-11.715236,19,263.549146
-11.649693,18,263.607599
-11.348282,18,263.665727
-11.562693,18,263.723602
-10.782492,18,263.782087
-12.084641,21,263.850859
-11.148719,18,263.908802
-11.996058,21,263.97652
-12.936587,22,264.047516
-11.040213,18,264.105616
-11.211789,18,264.164024
-11.420281,18,264.222638
-11.418075,19,264.989273
-12.074,19,265.05136
-10.822144,17,265.106218
-11.221224,17,265.160961
-11.342774,19,265.221908
-11.368482,18,265.280035
-11.622937,19,265.341355
-11.776175,19,265.402409
-11.232593,17,265.457659
-11.237339,18,265.876784
-11.591452,19,265.938226
-11.158123,18,265.996243
-11.359821,19,266.057792
-11.476911,18,266.116041
-11.562529,19,266.177899
-12.095401,20,266.242702
-11.317885,18,266.301227
-11.160261,18,266.359199
-11.233095,19,266.420566
-12.29903,21,266.488788
-11.332429,18,266.546294
-11.336537,17,266.600569
-11.065195,18,266.658083
-11.502011,20,266.722908
-12.337896,21,266.790718
-11.644634,18,266.849565
-11.380755,18,266.907291
-11.359483,19,266.968612
-11.858478,18,267.026003
-11.248585,18,267.084124
-11.163397,18,267.141408
-11.494163,18,267.196087
-12.321778,20,267.257702
-11.892854,20,267.318657
-12.368057,21,267.382365
-11.654051,19,267.441539
-12.774163,21,267.504938
-11.594359,19,267.562373
-11.085823,18,267.616773
-12.8275,21,267.681266
-12.697985,22,267.747824
-11.823538,19,267.805905
-11.870822,18,268.20087
-12.44403,21,268.265381
-11.188303,18,268.320339
-11.505563,17,268.371867
-11.393041,19,268.43047
-11.713327,20,268.49141
-11.738465,19,268.548648
-11.336969,18,268.602655
-11.252577,18,268.657211
-11.37438,18,268.712234
-11.12836,18,268.766579
-12.414678,21,268.830173
-11.829145,19,269.555498
-11.053113,18,269.611011
-11.560175,18,269.668189
-11.069016,18,269.724684
-11.148789,17,269.778597
-11.108979,18,269.836
-11.126301,18,269.894091
-11.230732,18,269.951873
-11.18632,18,270.010599
-11.756166,19,270.071877
-12.616334,21,270.139407
-12.838127,22,270.209939
-11.456981,19,270.271363
-11.371621,19,270.332738
-11.568231,18,270.390692
-11.59375,19,270.451469
-11.570002,18,270.509773
-11.081224,18,270.567564
-11.179619,18,270.62573
-11.009191,18,270.683539
-11.063175,18,270.741522
-11.855314,19,271.16069
-11.056793,18,271.215697
-11.377828,18,271.27024
-11.227319,18,271.325846
-11.212772,18,271.379964
-11.67084,19,271.43723
-11.410554,18,271.492085
-11.675249,19,271.549691
-11.331419,18,271.604606
-11.473206,19,271.662188
-11.208945,18,271.716967
-11.398817,19,271.774575
-10.679326,18,271.828604
-11.077765,17,271.87978
-11.122933,19,271.938024
-10.986316,19,271.995394
-11.4179,18,272.049683
-11.056643,18,272.104589
-12.332606,20,272.16494
-11.50343,18,272.220071
-11.112225,19,272.277313
-10.976944,18,272.332288
-11.181296,18,272.386945
-11.325828,18,272.441273
-10.988469,18,272.495794
-11.460168,18,272.551162
-11.300227,18,272.605555
-11.050306,18,272.660125
-11.298597,18,272.714976
-11.33633,18,272.769531
-11.041669,18,272.82447
-11.578072,19,272.88263
-11.351161,18,272.939743
-12.049652,20,273.002908
-11.503452,19,273.418956
-11.459755,19,274.278458
-11.228339,18,274.335156
-11.697787,18,274.392252
-11.116152,18,274.449961
-11.403211,19,274.511011
-11.204696,18,274.569724
-11.204502,18,274.629202
-11.154599,18,274.686817
-10.931181,18,274.745561
-11.276198,18,274.803596
-11.389506,18,274.861398
-10.814943,18,274.91965
-11.096715,18,274.978305
-12.178878,20,275.043291
-11.718929,18,275.101352
-11.402095,18,275.159809
-11.254433,19,275.220701
-11.29662,18,275.279243
-11.021558,18,275.337576
-11.294609,18,275.396032
-11.108693,18,275.454027
-10.867062,18,275.511874
-11.439117,19,275.5744
-11.284334,18,275.632837
-11.039381,18,275.691338
-11.358325,18,275.749364
-10.930914,18,275.807317
-11.336882,18,275.865854
-11.165596,18,275.924672
-11.707768,19,275.986757
-11.696585,20,276.051337
-11.118946,18,276.109341
-11.241971,18,276.167374
-12.057545,20,276.958801
-11.255155,18,277.014932
-11.322628,19,277.072558
-11.035778,18,277.12727
-12.223918,22,277.194327
-11.082689,18,277.248611
-12.23803,20,277.311704
-15.679201,25,277.388419
-11.055302,18,277.442993
-11.256096,19,277.500333
-10.970876,18,277.554666
-11.663891,20,277.617326
-11.217845,18,277.671772
-11.167862,18,277.725948
-11.615511,19,277.783499
-11.634967,18,277.838078
-11.3227,18,277.893046
-11.654672,19,277.950405
-13.08527,25,278.026667
-11.19141,18,278.081163
-10.874586,18,278.135714
-11.816779,19,278.194118
-11.583204,19,278.849374
-11.749705,20,278.909558
-12.49646,22,278.975734
-11.316953,18,279.030654
-10.834407,17,279.082645
-11.04098,18,279.137439
-12.216321,20,279.199215
-11.632451,20,279.260559
-10.884282,18,279.316469
-11.07263,19,279.374732
-10.970817,18,279.431823
-11.20228,18,279.809847
-11.089867,18,279.864746
-11.271765,18,279.91944
-11.006909,18,279.974488
-11.517469,19,280.032882
-10.936128,18,280.087002
-11.433239,19,280.144151
-11.499844,18,280.198984
-11.079394,18,280.253582
-11.107508,19,280.311583
-10.865005,18,280.367244
-11.614803,19,280.427014
-11.267358,19,280.486675
-11.059754,18,280.543928
-11.036569,18,280.602457
-11.280325,18,280.661166
-10.855115,18,280.718932
-11.182206,18,280.776669
-11.028787,18,280.835042
-11.195268,18,280.893292
-11.675654,18,280.949724
-11.256253,18,281.007725
-11.272109,19,281.069603
-11.148605,18,281.127577
-11.165385,18,281.185328
-11.4566,18,281.243881
-11.143714,18,281.302069
-11.200909,18,281.359803
-11.721943,20,281.424582
-11.006377,18,281.482648
-11.410318,19,281.543702
-11.208114,18,281.60178
-11.86369,20,281.666819
-11.676208,18,281.724619
-11.862063,18,282.127027
-11.258168,17,282.182284
-11.473367,18,282.2415
-11.141876,18,282.300335
-11.406663,18,282.358263
-11.613849,19,282.419495
-11.524382,18,282.47786
-11.301993,18,282.535641
-12.137178,21,282.60383
-11.492226,18,282.662479
-11.140452,18,283.544561
-11.257255,18,283.603351
-11.033215,18,283.660748
-11.482877,18,283.717912
-11.392523,18,283.775191
-11.144479,18,283.832687
-11.315883,18,283.890805
-11.395916,18,283.948204
-21.085471,30,284.044083
-12.136532,20,284.10886
-11.638427,19,284.169236
-11.328195,18,284.226961
-11.472393,19,284.288216
-11.15386,18,284.345503
-11.251581,18,284.403329
-10.855666,17,284.458382
-11.121212,18,284.516391
-12.300056,21,284.583881
-10.985483,18,284.641611
-11.325813,19,284.70408
-11.696599,19,284.765383
-11.806992,19,284.826751
-10.90457,18,284.885192
-10.977645,18,285.287818
-11.198197,18,285.344191
-11.920254,18,285.39926
-11.131702,18,285.453405
-11.195882,18,285.508021
-12.082728,21,285.572172
-11.635946,20,285.632762
-11.309697,18,285.688218
-11.454912,20,285.749116
-11.265264,19,285.807232
-11.504702,18,285.861596
-11.442295,18,285.916407
-11.979757,21,285.979847
-11.795641,20,286.041375
-11.403586,18,286.096227
-11.221942,18,286.15011
-11.132211,18,286.204737
-11.353849,18,286.25854
-11.304786,18,286.313806
-11.364591,18,286.368021
-10.939262,18,286.422061
-10.973094,18,286.476528
-11.158939,18,286.531243
-11.493223,18,286.586017
-11.801521,20,286.646024
-11.340025,18,286.701216
-11.123806,17,286.752655
-11.106971,18,286.807003
-11.54764,19,286.864129
-11.184988,18,286.919606
-11.097327,18,286.973863
-12.357585,21,287.037076
-10.967247,18,287.757586
-11.051631,18,287.816019
-11.137902,19,288.223156
-11.232425,18,288.281856
-11.087867,18,288.341527
-10.97677,18,288.399965
-11.073425,18,288.458328
-10.94559,17,288.513808
-11.059512,18,288.572505
-10.850417,18,288.630831
-11.405033,19,288.692022
-13.868227,25,288.773745
-10.98933,18,288.833119
-11.49094,19,288.89487
-11.178713,18,288.953684
-12.2968,20,289.017963
-10.90914,17,289.072643
-11.111498,18,289.131374
-11.502479,19,289.193114
-11.132063,18,289.251518
-10.992735,18,289.310044
-11.042069,18,289.369019
-11.120084,18,289.427511
-11.427788,18,289.485546
-11.487042,18,289.544734
-10.985131,18,289.603461
-10.901476,18,289.661733
-10.899084,18,289.720324
-11.057384,19,289.78219
-12.217389,20,289.847613
-10.936033,18,289.906138
-11.369196,18,289.965241
-11.936415,20,290.030264
-11.347231,19,290.09213
-11.462906,18,290.151685
-11.764926,20,290.216634
-11.285045,18,290.625367
-13.464485,22,290.697064
-10.977082,18,290.755992
-11.358884,18,290.814746
-10.941675,18,290.873754
-10.931617,18,290.932491
-11.519375,19,290.995116
-11.387917,18,291.054037
-10.746322,18,291.11254
-11.499064,19,291.175506
-10.912788,18,291.234153
-11.415048,18,291.292867
-11.742929,20,291.358358
-11.280346,18,291.417796
-11.523765,19,291.483187
-11.305591,18,291.539852
-11.139476,18,291.595408
-10.973736,18,291.650725
-11.309925,20,291.711731
-11.283404,19,292.635913
-11.473936,20,292.69743
-11.437915,19,292.75509
-11.110474,18,292.811297
-11.359036,18,292.865678
-11.17173,18,292.920785
-11.322241,18,292.97933
-11.056792,19,293.037318
-11.202273,18,293.091526
-11.849249,20,293.152291
-11.779883,18,293.207678
-10.874672,18,293.261858
-11.226679,19,293.319692
-10.919053,18,293.374219
-11.011165,18,293.75484
-12.180457,19,293.814686
-11.121084,18,293.869354
-11.427824,19,293.928458
-11.472788,18,293.983955
-11.684807,19,294.041862
-11.145953,18,294.096086
-11.023568,19,294.153389
-11.174841,18,294.208816
-11.481535,19,294.266803
-11.20257,18,294.32119
-11.425013,19,294.380659
-11.630014,20,294.442261
-11.754954,20,294.5027
-10.972009,18,294.557966
-11.119092,18,294.613531
-12.027603,20,294.674152
-10.932912,18,294.728382
-11.089075,17,294.779699
-11.47324,19,294.838442
-11.485129,19,294.895839
-11.325144,18,294.95039
-11.125204,18,295.00582
-10.989962,18,295.061218
-11.275435,19,295.118443
-10.832291,18,295.173186
-11.750019,19,295.231541
-10.993964,18,295.286059
-10.832176,18,295.340254
-11.158373,18,295.394602
-11.277336,18,295.450148
-11.511133,19,295.508065
-11.365369,19,295.566174
-11.083963,18,295.621496
-11.206081,18,295.999039
-11.020439,18,296.05427
-11.445817,19,296.11248
-10.878221,17,296.164154
-11.241887,20,296.225529
-11.478178,19,296.282881
-11.068455,18,296.337019
-12.412962,20,296.397771
-12.175041,21,297.193651
-11.276015,18,297.248569
-11.010482,19,297.305689
-11.520129,19,297.363412
-11.617029,19,297.42139
-11.200723,18,297.476665
-11.275886,19,297.534314
-11.257409,18,297.588888
-11.474575,19,297.647322
-11.27931,19,297.705812
-11.013663,19,297.763131
-11.569374,19,297.820642
-11.309188,19,297.878327
-11.82344,20,297.938653
-10.978434,18,297.993
-11.278741,17,298.045218
-10.884626,18,298.099392
-10.940151,18,298.153991
-11.003048,18,298.208622
-11.629058,19,298.266644
-11.269184,18,298.321598
-11.24684,18,298.375745
-11.275663,18,298.430681
-11.008191,18,298.485441
-10.899479,18,298.540162
-11.181368,19,298.597348
-10.941618,18,299.301689
-10.903262,18,299.358739
-11.289211,19,299.416522
-11.467731,18,299.471834
-11.401679,19,299.529377
-11.71848,19,299.587153
-10.903041,18,299.64179
-10.989466,18,299.696318
-11.311881,19,299.753526
-11.097862,18,299.808218
-11.167858,18,299.863094
-12.595734,22,299.929785
-11.057658,18,299.985643
-11.133934,18,300.040197
-11.445874,18,300.095689
-11.430778,19,300.153115
-11.119848,18,300.208761
-11.702704,19,300.267414
-11.235671,18,300.322576
-11.192373,19,300.380684
-11.706168,19,300.438221
-11.532299,18,300.494005
-11.100432,18,300.548846
-10.770026,17,300.600344
-10.808042,18,300.655532
-11.965988,20,300.717292
-11.597731,19,300.774824
-11.092434,18,300.830114
-12.973181,23,300.900422
-11.08204,18,301.819847
-11.49621,19,301.877679
-11.200397,18,301.932261
-11.165592,18,301.986985
-10.967745,18,302.370695
-11.83772,20,302.432617
-11.102989,18,302.488447
-11.184196,18,302.543494
-11.34963,19,302.60162
-11.151475,18,302.656352
-11.101363,18,302.712025
-12.148251,19,302.770237
-10.952566,18,302.825068
-10.937205,18,302.880131
-11.210726,18,302.935692
-11.355062,19,302.993557
-12.217107,22,303.060033
-10.989723,19,303.118788
-11.023924,18,303.173602
-11.44963,19,303.232096
-10.880881,18,303.287673
-11.372793,19,303.346467
-11.371043,19,303.404895
-14.338629,23,303.475049
-11.209142,18,303.531378
-10.841281,18,303.586154
-10.900971,18,303.64072
-11.667325,19,303.699206
-10.902137,18,303.754889
-11.318215,18,303.810086
-11.220925,18,303.865286
-11.26726,18,303.920959
-11.183074,19,303.97902
-10.978983,17,304.030925
-11.209607,18,304.08579
-11.217078,18,304.14195
-11.138368,19,304.20019
-11.482483,20,304.261724
-10.958278,19,304.646453
-11.493135,19,304.704643
-11.113626,18,304.76073
-11.270252,18,304.816002
-11.312707,19,304.873613
-11.336637,18,304.928674
-11.017755,18,304.983371
-10.758446,17,305.034939
-11.021384,19,305.092888
-11.00806,18,305.148024
-11.233557,18,305.203363
-10.667062,17,305.255377
-11.642498,19,305.313162
-11.096253,18,305.368045
-10.986629,18,305.42297
-10.880096,18,305.477284
-11.227408,18,305.532116
-11.040103,18,306.428705
-11.541762,19,306.486166
-11.32185,18,306.541761
-11.211375,18,306.596122
-10.941181,19,306.653406
-10.83107,18,306.708027
-11.49592,19,306.766388
-11.089546,18,306.821039
-10.815586,17,306.872756
-10.864462,18,306.92688
-11.002774,18,306.982072
-11.426182,18,307.036948
-11.851598,19,307.094365
-11.495841,19,307.153906
-11.328412,19,307.211803
-12.60121,21,307.275061
-10.933958,17,307.326746
-11.488085,19,307.709429
-11.203483,18,307.765385
-10.987445,18,307.820352
-10.98135,18,307.874908
-11.187012,19,307.933153
-10.969409,18,307.98893
-11.245817,19,308.046792
-11.495261,19,308.104989
-11.041663,18,308.160106
-11.029998,18,308.215122
-12.712806,22,308.282034
-11.416589,19,308.340129
-11.158225,18,308.396856
-10.95904,19,308.455087
-10.967217,18,308.509658
-10.998749,18,308.56461
-11.153605,18,308.619736
-11.115474,18,308.674285
-11.280693,19,308.73214
-11.048886,19,308.790409
-11.569126,19,308.849107
-11.396101,20,308.910263
-11.154385,18,308.964923
-11.191811,18,309.020907
-11.295379,19,309.078744
-11.1825,18,309.133401
-11.007294,18,309.188787
-11.183877,18,309.243852
-10.874416,18,309.299116
-11.119788,18,309.354198
-11.410447,18,309.410114
-11.217021,18,309.465107
-11.115328,18,309.51965
-11.214913,18,309.57433
-11.311236,18,309.954219
-12.136578,21,310.020125
-11.191873,17,310.072393
-11.562396,20,310.133175
-11.005958,18,310.867105
-10.99854,18,310.922108
-10.889177,18,310.97673
-10.967122,18,311.031977
-10.875785,18,311.086272
-11.569804,19,311.143581
-11.298476,18,311.197974
-12.190098,21,311.26245
-11.340164,19,311.320373
-10.954718,18,311.374744
-12.287466,22,311.442269
-11.12569,18,311.497407
-12.258226,21,311.563129
-11.006401,18,311.619909
-11.466985,19,311.682348
-10.897465,18,311.7407
-11.216921,19,311.801748
-11.237225,19,311.863776
-11.310581,19,311.925281
-11.233637,18,311.983627
-11.330915,19,312.045495
-11.248898,18,312.103757
-11.114935,17,312.158437
-12.788536,22,312.230305
-10.98602,18,312.288173
-15.439384,26,312.371999
-10.953014,18,312.43045
-11.021284,18,312.489261
-10.949938,18,312.547561
-12.498812,21,312.961214
-10.970737,18,313.019378
-12.4209,22,313.090606
-10.826401,18,313.149037
-11.200402,18,313.207493
-10.982045,18,313.266155
-10.973711,18,313.323874
-10.996059,18,313.381442
-11.036641,18,313.440027
-10.932327,18,313.49895
-11.166025,19,313.560704
-10.94546,18,313.618759
-11.035632,18,313.677729
-11.561493,19,313.739332
-11.194295,19,313.800587
-11.195233,18,313.859471
-11.308901,19,313.921067
-11.573436,20,313.985639
-11.546581,19,314.047373
-11.283304,18,314.105692
-13.035976,23,314.180259
-11.155156,19,314.241696
-11.091051,18,314.300079
-11.129627,18,314.358537
-11.088964,19,314.41957
-10.99701,18,314.478443
-11.114076,18,315.360162
-11.032489,18,315.416098
-10.968459,18,315.47275
-11.313673,18,315.529784
-11.281229,19,315.590641
-11.37045,19,315.652054
-10.976422,18,315.710228
-11.207535,18,316.107964
-10.790629,18,316.163262
-10.891553,18,316.218382
-10.747024,18,316.273283
-11.220137,19,316.331269
-11.086211,18,316.385575
-10.953867,18,316.439716
-11.053679,19,316.497997
-11.703758,20,316.559194
-11.000333,18,316.614345
-11.386502,18,316.669608
-10.77718,18,316.724875
-10.740463,18,316.77898
-11.164174,18,316.833119
-10.794251,18,316.888717
-11.677279,19,316.94638
-11.516331,19,317.003609
-11.256236,19,317.061401
-10.717283,18,317.117097
-11.032865,18,317.172411
-11.429747,19,317.231359
-11.548061,19,317.291875
-10.859794,18,317.349938
-11.155761,18,317.407357
-11.407666,19,317.467667
-11.144069,19,317.529701
-11.018465,18,317.5874
-10.830898,18,317.645433
-11.566971,19,317.706866
-11.18263,18,317.765108
-11.255347,19,317.826841
-11.088223,18,317.884758
-11.019028,18,317.943647
-11.435448,19,318.004771
-11.57141,20,318.40711
-11.206753,18,318.465033
-11.486533,18,318.523772
-11.104956,18,318.582064
-12.237359,21,318.649372
-11.204875,18,318.707309
-10.970655,18,318.765277
-11.303268,18,318.823268
-10.910597,18,318.881222
-11.312407,19,318.942382
-11.90565,21,319.009754
-11.733453,20,319.073696
-10.834745,18,319.132214
-10.721444,18,319.190236
-10.907798,19,320.098575
-11.448192,19,320.15831
-10.881226,18,320.21527
-11.120677,18,320.272245
-10.96756,18,320.330162
-11.048206,18,320.388028
-10.941866,18,320.445572
-10.772825,18,320.503281
-11.252375,19,320.564562
-11.073188,18,320.622464
-10.786914,18,320.680323
-11.368011,18,320.738145
-10.752217,18,320.796573
-11.121696,18,320.853869
-11.197938,19,320.9145
-10.882059,18,320.973625
-10.793355,18,321.031742
-10.975522,18,321.089428
-11.161019,19,321.15092
-11.04204,18,321.208984
-11.367663,19,321.962269
-11.270731,19,322.02392
-11.19331,19,322.085278
-11.477,19,322.146894
-10.651089,18,322.205526
-11.329182,18,322.263981
-10.832732,18,322.322114
-11.346454,19,322.383948
-10.962917,18,322.44214
-11.134462,18,322.500187
-10.905846,18,322.558236
-11.238085,17,322.613409
-11.486925,18,322.671397
-11.717261,20,322.736302
-11.023248,18,322.795068
-10.97491,18,322.853113
-11.258005,19,322.914697
-10.731383,18,322.97333
-11.156939,18,323.031263
-11.883635,22,323.102004
-10.969706,18,323.160742
-10.876107,18,323.219462
-11.375877,19,323.280958
-11.16892,18,323.338907
-11.047921,18,323.397966
-14.551515,27,323.485151
-11.027625,19,323.546314
-10.857712,18,323.605808
-10.869728,18,323.664601
-11.201947,19,323.725822
-11.373918,19,323.788075
-10.966726,18,323.846183
-10.813897,18,323.905014
-11.111576,18,324.308634
-11.79191,19,324.3708
-11.464571,17,325.099726
-11.116103,19,325.160145
-11.122521,18,325.21908
-11.107965,19,325.280857
-11.225592,18,325.344402
-11.281134,19,325.405944
-11.222471,18,325.463975
-11.180494,19,325.524654
-11.22584,18,325.582836
-10.91405,17,325.637765
-11.42548,19,325.698879
-10.854473,18,325.757089
-10.981571,18,325.815664
-11.746501,20,325.880179
-12.277122,21,325.947931
-11.024445,18,326.005771
-11.043577,18,326.063491
-11.26718,18,326.121325
-10.752367,18,326.178833
-12.018042,19,326.240971
-10.804098,18,326.298952
-11.182158,18,326.357068
-11.03534,18,326.414926
-10.653982,17,326.469459
-11.630703,20,326.534369
-11.766903,20,326.598527
-10.746747,18,326.656551
-11.490335,18,326.714355
-10.821537,18,326.77245
-10.781007,18,326.830386
-11.113516,19,326.891581
-11.216626,18,326.949004
-11.414346,19,327.353525
-11.250946,18,327.411789
-11.222293,18,327.470221
-11.120829,18,327.528488
-10.742129,18,327.586506
-11.103123,18,327.644802
-11.107304,19,327.705873
-10.894563,18,327.763541
-11.943073,19,327.82532
-11.175426,18,327.884077
-11.023365,18,327.942055
-11.47747,19,328.002945
-11.291806,19,328.064312
-11.396221,19,328.125232
-11.130688,19,328.186577
-11.145566,18,328.2447
-11.110814,18,328.302433
-11.126406,18,328.360487
-11.148828,18,328.417969
-11.176089,18,328.476854
-10.851314,18,328.534825
-10.955005,18,328.592967
-11.03919,18,328.650985
-11.201765,18,328.709084
-10.980601,18,329.526527
-11.317837,19,329.584707
-11.66999,20,329.645404
-10.942332,18,329.699962
-11.184308,18,329.754268
-12.103117,19,329.812247
-11.391611,19,329.871791
-10.840082,18,329.926324
-11.53991,18,329.982057
-11.060349,18,330.03709
-11.000592,18,330.418386
-10.902653,17,330.470715
-10.807014,17,330.522946
-11.158546,19,330.580522
-12.452879,22,330.647066
-11.005089,18,330.701788
-11.082374,19,330.759072
-11.507494,19,330.817245
-11.000536,18,330.87221
-11.138574,19,330.929604
-11.221894,18,330.98377
-11.041912,18,331.038254
-11.249796,19,331.09587
-11.572789,18,331.150667
-11.106884,18,331.205076
-11.470239,18,331.259708
-10.853749,18,331.314133
-11.575904,20,331.375219
-10.945048,18,331.430686
-10.861589,18,331.485817
-12.512856,21,331.549274
-11.273065,18,331.603451
-10.819166,18,331.661965
-11.125808,18,331.716963
-11.071762,18,331.771295
-11.084318,18,331.825862
-10.847346,18,331.880943
-10.952793,18,331.934946
-11.767513,20,331.995635
-11.147289,18,332.050556
-11.105356,18,332.10513
-10.905248,18,332.159791
-11.107034,18,332.214089
-10.999736,18,332.268849
-10.915545,18,332.648868
-12.753958,22,332.716681
-11.069061,18,332.771539
-10.966944,18,332.826058
-11.3448,19,332.88405
-11.098288,19,332.941935
-11.415344,19,333.000771
-11.195658,18,333.055403
-10.998271,18,333.110624
-10.905207,18,333.165038
-10.951095,18,333.219642
-11.092088,18,334.085497
-10.970476,18,334.141894
-10.925966,18,334.199662
-10.678219,18,334.257547
-10.930938,18,334.316107
-10.955909,18,334.374015
-10.685581,18,334.432421
-10.969029,18,334.490999
-11.328474,18,334.549641
-11.121656,19,334.611093
-11.646467,18,334.669169
-11.248259,19,334.731506
-11.753625,20,334.796232
-11.181742,19,334.857407
-10.794797,18,334.915636
-11.250647,19,334.977609
-10.923702,18,335.036656
-11.316522,19,335.098365
-11.252876,19,335.160028
-11.126534,18,335.218116
-10.877912,18,335.276231
-11.036615,18,335.33941
-11.371896,19,335.401191
-10.869569,18,335.804875
-14.096368,25,335.886221
-10.938207,18,335.945399
-11.49082,19,336.007614
-10.906439,18,336.066181
-10.830544,18,336.124693
-10.799105,18,336.182938
-11.445307,19,336.244153
-11.28112,19,336.3053
-11.047371,18,336.363495
-10.933601,19,336.42079
-10.992401,18,336.475219
-11.272974,18,336.530108
-11.152945,20,336.591399
-11.150063,18,336.646099
-11.338174,19,336.704152
-11.218976,18,336.759193
-11.043778,19,336.816427
-11.100095,19,336.873789
-11.009265,18,336.928903
-10.959814,18,336.983684
-11.306102,18,337.038313
-10.99026,18,337.093058
-11.20511,18,337.148199
-11.118496,19,337.205664
-10.926102,18,337.260498
-10.885044,18,337.315283
-10.782658,18,337.370269
-11.267979,18,337.424603
-10.972474,18,337.478981
-11.096575,17,337.530665
-10.916157,18,337.59037
-11.087071,18,337.646895
-11.103765,19,338.431898
-11.329275,18,338.841732
-10.829912,18,338.89736
-12.766645,22,338.965549
-10.91351,18,339.020785
-11.136653,19,339.07892
-11.135226,18,339.133213
-10.855188,18,339.188312
-11.272043,18,339.242949
-11.229824,18,339.297871
-10.941274,19,339.356031
-11.235507,18,339.410679
-10.96924,18,339.465082
-10.877065,18,339.519872
-11.144968,19,339.577721
-11.203261,18,339.632761
-11.260752,19,339.690374
-12.007489,21,339.754185
-12.089364,20,339.814937
-10.953092,17,339.866436
-11.801569,19,339.924504
-11.282368,19,339.983639
-11.088327,19,340.041229
-11.214059,18,340.096098
-11.118584,18,340.150789
-11.024364,18,340.206804
-10.695949,18,340.261484
-11.26172,19,340.319022
-12.884487,23,340.389176
-11.268253,18,340.443863
-11.043689,18,340.498579
-10.937164,18,340.553442
-11.159614,18,340.608839
-11.132501,18,340.663954
-10.763436,18,340.718253
-11.104525,18,341.098393
-12.67539,21,341.165989
-10.637518,17,341.220957
-10.745644,19,341.282075
-10.75874,18,341.339952
-11.71086,20,341.404897
-11.185866,18,341.46342
-11.270933,19,341.524986
-11.267616,18,341.58303
-10.864486,18,341.641792
-11.189043,19,341.703198
-10.844017,18,341.761233
-10.910596,18,341.820091
-10.819802,18,341.878614
-11.248955,18,341.937135
-11.100258,19,341.998818
-10.841144,18,342.057245
-10.922906,18,342.115988
-11.301706,19,342.177363
-11.077204,19,342.239183
-10.838626,18,343.107563
-11.076437,18,343.165172
-10.833883,17,343.220791
-11.044904,18,343.279597
-10.644741,18,343.337968
-10.796156,18,343.396466
-11.258679,19,343.45891
-11.388721,19,343.521074
-11.020309,17,343.57621
-11.192612,19,343.634986
-10.955594,18,343.689812
-10.778716,18,343.744481
-11.030372,18,343.799506
-11.126745,19,343.85832
-11.300276,18,344.568358
-10.770804,18,344.623
-10.756714,18,344.678356
-10.89162,18,344.73296
-11.169811,18,344.78737
-10.962985,18,344.843455
-11.574113,19,344.902524
-10.935736,18,344.960387
-11.205779,19,345.02113
-11.426235,18,345.079365
-11.02742,18,345.137235
-11.067889,18,345.195585
-10.772472,18,345.253802
-11.073109,19,345.314811
-10.794026,18,345.372625
-10.789656,18,345.430593
-10.956021,18,345.488515
-11.394126,19,345.546276
-11.632896,19,345.60463
-10.784119,18,345.659791
-10.808994,18,345.714499
-10.953991,18,345.76883
-11.242866,18,345.824168
-11.013842,18,345.879191
-11.051191,18,345.933771
-11.503165,20,345.994522
-11.409539,19,346.05262
-11.14141,17,346.105687
-10.781655,18,346.161044
-10.759311,18,346.216204
-11.220247,19,346.274926
-10.892836,18,346.329782
-11.216612,19,346.388505
-11.185325,18,346.442997
-11.548022,20,346.830942
-10.70074,17,346.88382
-11.202599,18,346.941331
-11.453129,19,346.99939
-10.916967,18,347.054778
-10.998171,18,347.110866
-11.382042,20,347.171497
-11.317195,19,347.228843
-11.39912,19,347.975224
-10.817564,18,348.030514
-12.509729,23,348.101255
-10.926479,18,348.156554
-10.915041,18,348.211356
-10.811185,18,348.266407
-11.018496,19,348.325753
-11.009456,18,348.380653
-10.741832,18,348.435338
-11.159867,19,348.500755
-11.3895,19,348.559116
-10.883964,18,348.614113
-10.383882,18,348.669292
-10.988138,18,348.724931
-11.039115,18,348.779787
-11.004448,17,348.83175
-11.070975,18,348.88661
-11.084077,18,348.942177
-11.01765,18,348.998387
-10.802539,18,349.05348
-11.070172,18,349.1119
-10.983656,18,349.170042
-11.176154,18,349.228399
-11.189323,19,349.289968
-10.999966,18,349.348776
-10.907171,18,349.406654
-12.582683,23,349.82314
-11.002236,19,349.881262
-10.880099,18,349.937132
-11.362919,18,349.992684
-11.179355,18,350.047902
-11.068536,19,350.106124
-10.667844,17,350.158481
-10.521198,17,350.210147
-11.855969,20,350.271708
-11.421602,19,350.329806
-11.481028,19,350.387833
-10.867485,18,350.442127
-10.856954,18,350.496336
-11.38524,20,350.559545
-10.988891,18,350.616092
-11.324111,18,350.673327
-10.895655,18,350.731427
-11.780707,21,350.799518
-10.867164,18,350.858188
-11.111496,18,350.915912
-10.921279,19,350.977528
-11.186023,18,351.035637
-11.025778,18,351.093848
-11.320849,19,351.156281
-11.532919,19,351.217834
-11.023433,19,351.27932
-10.731862,18,351.337503
-10.770698,18,351.39584
-14.488829,30,351.49199
-11.321484,19,352.256717
-10.761416,18,352.314389
-11.158612,19,352.375922
-11.219096,18,352.434118
-10.915267,19,352.857809
-10.804781,18,352.917232
-11.02934,18,352.97641
-10.972057,18,353.034901
-11.445021,18,353.093275
-10.925369,18,353.152208
-11.184436,18,353.209644
-10.914408,19,353.27117
-11.16479,18,353.329024
-11.097072,19,353.390628
-10.753321,18,353.448635
-10.847313,18,353.506395
-11.081724,18,353.565068
-11.033401,18,353.623559
-11.518441,20,353.688359
-10.774316,17,353.743767
-11.190498,19,353.8056
-11.161681,18,353.8637
-11.021912,18,353.920283
-12.750316,23,353.994159
-10.807752,18,354.051958
-11.121763,18,354.109493
-11.33929,19,354.170649
-10.794561,18,354.228246
-10.997308,18,354.283303
-10.890345,18,354.346013
-11.091917,18,354.401273
-11.115694,18,354.455987
-10.911236,18,354.511702
-11.099498,18,354.567617
-10.916902,18,354.625628
-11.205052,19,354.686613
-10.896656,18,354.745282
-10.665756,17,354.800573
-10.893723,18,355.220904
-11.39041,20,355.282675
-11.21241,19,355.34118
-10.608136,17,355.392858
-10.756399,19,355.450417
-10.765517,18,355.505344
-11.185926,18,355.560055
-11.118394,19,355.61831
-10.858576,17,355.670181
-10.851874,18,355.725584
-11.417278,19,355.783497
-10.977235,19,355.842116
-11.047494,19,355.899407
-11.176294,19,355.957373
-10.835992,18,356.012276
-10.785465,18,356.06679
-11.677891,20,356.128016
-11.164629,19,356.93038
-11.188885,20,356.99258
-10.989072,18,357.049952
-11.099375,19,357.110355
-11.30799,18,357.167919
-11.234342,19,357.22894
-11.026887,18,357.286677
-10.903701,18,357.344298
-10.874732,18,357.401457
-10.970734,18,357.459016
-10.934403,18,357.516879
-11.034455,18,357.574267
-10.922431,18,357.632254
-10.825785,18,357.690187
-10.884416,18,357.747948
-11.521256,19,357.809244
-10.840867,17,357.864151
-11.84045,19,358.266239
-10.908713,18,358.325207
-10.796776,19,358.386808
-11.209102,18,358.445049
-10.859005,18,358.502617
-11.120171,18,358.559698
-11.164668,19,358.620388
-10.758966,18,358.678327
-10.990974,18,358.736592
-11.148434,18,358.794983
-10.846226,18,358.853254
-10.994224,18,358.911305
-11.406558,19,358.97206
-11.593013,19,359.033066
-10.983363,18,359.091179
-10.830581,18,359.149214
-11.083469,18,359.207035
-10.984417,18,359.264979
-11.896733,20,359.329831
-11.049053,18,359.387998
-10.994586,18,359.449715
-10.987698,18,359.508395
-10.887989,18,359.566434
-11.214265,19,359.627845
-11.275013,19,359.689687
-10.98251,18,359.748155
-11.738968,20,359.813859
-11.04847,19,359.875951
-10.853025,18,359.931202
-11.173434,18,359.987586
-11.376729,18,360.045142
-11.111293,18,360.104323
-11.017675,19,360.165237
-11.130653,18,360.223696
-10.783558,18,360.628015
-11.216317,19,360.690053
-11.084208,18,360.748537
-11.000848,18,360.807314
-11.034563,17,360.863186
-11.052444,19,361.647903
-11.127044,18,361.703712
-11.096556,19,361.761513
-11.186667,21,361.826011
-10.958955,18,361.881613
-10.831507,18,361.937086
-10.896127,18,361.99208
-10.822117,18,362.046998
-10.957694,18,362.102643
-10.825656,18,362.15747
-11.070072,19,362.215142
-10.674452,18,362.269975
-10.840929,18,362.326101
-11.290739,19,362.383598
-11.974979,20,362.445062
-10.835862,18,362.500135
-10.933298,18,362.554685
-11.209802,19,362.612171
-10.91688,18,362.666381
-11.270322,18,362.722106
-11.691522,20,362.783061
-11.06438,18,362.837537
-11.157616,19,362.895806
-11.217378,19,362.953727
-10.738034,18,363.008457
-10.89294,18,363.063492
-10.776105,18,363.118518
-11.177073,19,363.176021
-10.81572,18,363.230658
-11.262487,19,363.633516
-11.098764,19,363.694982
-11.394043,19,363.756428
-10.825355,18,363.814672
-10.935746,18,363.872473
-11.278716,18,363.931036
-11.42727,20,363.995981
-11.272265,19,364.057186
-11.173112,18,364.115088
-10.963973,18,364.172886
-10.877054,18,364.231118
-11.26229,19,364.2923
-11.311485,19,364.354692
-10.709736,18,364.412486
-10.953453,18,364.470455
-11.286786,21,364.538691
-11.010123,18,364.596328
-10.938577,19,364.656437
-11.045793,19,364.714493
-10.971449,19,364.772265
-11.033518,18,364.826919
-10.999339,18,364.880909
-11.236895,18,364.936161
-10.93168,18,364.991148
-10.964028,18,365.045253
-10.804888,18,365.100145
-10.805551,18,365.154945
-10.731743,18,365.886551
-10.778336,18,365.945652
-11.057175,19,366.006952
-10.974378,18,366.064834
-10.952114,18,366.123596
-11.048605,18,366.182022
-10.826243,18,366.240646
-10.98599,18,367.026898
-10.877826,18,367.081565
-10.989781,18,367.136577
-10.770233,18,367.191368
-10.877177,18,367.246215
-10.73503,18,367.301062
-10.682392,18,367.355961
-10.98801,18,367.410198
-10.92862,18,367.464603
-10.81287,18,367.519287
-11.243352,18,367.574221
-10.985703,18,367.629251
-10.939179,18,367.68354
-11.563521,19,367.741231
-11.002696,18,367.795747
-10.813223,18,367.85041
-10.940968,18,367.905957
-10.934153,18,367.960813
-10.644318,18,368.016321
-11.09313,18,368.071064
-10.809691,18,368.126286
-10.953085,18,368.181415
-10.695166,18,368.236523
-11.000935,18,368.291039
-10.995152,18,368.34608
-10.964251,18,368.400958
-10.828034,18,368.456121
-11.304714,18,368.511832
-10.891999,18,368.567581
-10.874803,18,368.622438
-10.886561,19,368.679737
-10.997992,18,368.734303
-11.241848,19,368.792775
-12.36627,21,368.856849
-11.248692,19,369.271907
-10.697056,18,369.329737
-10.877584,18,369.387495
-11.261739,18,369.445102
-10.894667,18,369.503374
-10.934898,18,369.561303
-10.841793,19,369.622908
-10.791132,18,369.680845
-10.764451,18,369.738721
-10.803822,18,369.797047
-10.879022,18,369.85566
-11.178492,19,369.916634
-11.044928,18,369.975829
-10.862828,18,370.034326
-10.852977,19,370.096363
-11.20263,19,370.794242
-10.927878,19,370.85233
-10.983638,18,370.906775
-11.072103,18,370.961104
-10.978758,18,371.016889
-10.612131,17,371.068652
-11.022273,18,371.124291
-11.010273,18,371.179034
-11.027934,18,371.233953
-10.850571,18,371.288393
-10.747619,18,371.342856
-10.885079,18,371.398667
-11.078967,19,371.456531
-10.75621,18,371.511919
-11.157002,18,371.566602
-11.122543,18,371.621849
-11.184193,18,371.676248
-11.021261,19,371.734232
-11.201224,20,371.795483
-11.01752,17,372.192072
-11.194254,19,372.258452
-10.922505,18,372.315227
-10.935953,18,372.373126
-10.940616,18,372.432184
-11.526051,19,372.494933
-10.891887,18,372.553221
-11.142413,18,372.611959
-10.869284,18,372.670667
-10.672482,19,372.732265
-11.903731,21,372.800693
-11.684064,19,372.863002
-10.887842,18,372.920938
-10.763096,18,372.97895
-10.842079,18,373.038688
-10.980369,18,373.097293
-10.84146,18,373.153667
-10.832242,19,373.211833
-10.924109,18,373.266461
-11.265133,18,373.321645
-10.886287,18,373.377673
-10.898173,18,373.435881
-11.546829,20,373.499901
-10.857525,18,373.557824
-10.994551,18,373.617121
-10.794876,18,373.680095
-10.832258,18,373.739234
-11.164464,19,373.800662
-10.743985,18,373.859143
-11.050076,18,373.917049
-10.93531,18,373.975473
-11.495435,19,374.037063
-11.064703,18,374.091704
-11.175111,19,374.149438
-11.009467,18,374.54587
-10.75492,18,374.601139
-10.926904,18,374.656791
-10.885725,18,375.403436
-10.953356,18,375.45876
-10.791054,18,375.513501
-11.113453,18,375.56879
-11.434124,19,375.627814
-10.711156,18,375.683794
-10.923153,18,375.739453
-10.879427,18,375.794253
-11.23728,18,375.849665
-10.84486,18,375.904464
-10.786159,18,375.959457
-10.745222,18,376.014095
-11.154884,19,376.072503
-11.1462,19,376.131011
-10.961908,18,376.185964
-10.857801,18,376.241459
-10.603691,17,376.29369
-10.689396,18,376.3482
-10.856762,18,376.402591
-11.00814,18,376.457574
-10.932565,18,376.512219
-10.973662,18,376.56716
-11.394774,19,376.62506
-11.212948,19,376.683949
-10.845047,18,376.739612
-11.06124,18,376.794223
-11.497627,19,376.853121
-10.887312,18,376.908105
-11.196758,19,376.965604
-11.224121,19,377.023192
-10.682683,18,377.078412
-11.004824,18,377.133641
-11.269317,19,377.537314
-10.889468,18,377.592501
-10.745279,18,377.647229
-10.632278,17,377.700023
-10.886861,18,377.75494
-10.717286,18,377.809763
-10.587675,17,377.861555
-10.975203,18,377.917141
-11.034956,18,377.971723
-10.680636,18,378.026278
-10.975472,19,378.084941
-10.945908,18,378.141011
-10.972973,18,378.195719
-10.821088,18,378.25101
-11.151595,18,378.307317
-10.713952,18,378.362357
-10.979132,18,378.417434
-11.091003,19,378.475869
-10.757264,18,378.530654
-10.846557,18,378.585277
-11.047098,18,378.64055
-10.863646,18,378.696323
-10.967286,18,378.75242
-11.17454,19,378.810101
-10.934191,18,379.479011
-11.091784,18,379.533953
-10.871943,18,379.588463
-11.197198,19,379.64694
-10.772192,18,379.70325
-10.860474,18,379.759961
-12.390739,21,379.824578
-11.097369,18,379.880081
-10.97385,18,379.936443
-10.932407,18,379.992527
-11.088307,18,380.360858
-10.995844,19,380.419482
-11.1936,18,380.474553
-11.070419,18,380.530005
-10.994207,19,380.58812
-10.808376,18,380.64305
-10.9425,18,380.698885
-10.914982,18,380.753775
-10.736934,17,380.805802
-10.772466,18,380.860465
-10.901449,18,380.916587
-10.803269,18,380.971068
-10.985092,18,381.025647
-11.141427,19,381.083305
-10.900765,18,381.138541
-10.974334,18,381.193594
-11.087429,19,381.251311
-11.246229,19,381.309848
-10.832849,18,381.364447
-10.852758,18,381.418922
-10.999844,18,381.473512
-10.882847,18,381.529205
-11.350493,20,381.58962
-10.770376,18,381.644297
-10.423106,17,381.696013
-11.004767,19,381.754414
-11.032942,18,381.809853
-11.120948,19,381.867722
-11.032115,19,381.926346
-11.117804,18,381.980775
-10.930789,19,382.038315
-10.734097,18,382.093414
-10.916832,18,382.148543
-10.866049,18,382.203141
-10.583613,17,382.576757
-14.947154,28,382.662522
-10.71741,18,382.718031
-10.944279,18,382.772361
-10.855316,18,382.827193
-11.140936,19,382.885148
-11.003454,18,382.940644
-10.862462,18,382.995106
-10.990773,19,383.052828
-10.853339,18,383.107367
-10.937129,18,383.162785
-10.67521,18,383.217274
-11.020409,18,383.874002
-11.035261,19,383.932681
-10.693543,18,383.987252
-10.935512,18,384.041775
-10.947114,18,384.096234
-10.940754,18,384.151454
-10.637982,18,384.206172
-10.669706,18,384.260964
-11.452914,20,384.322088
-10.748214,18,384.37741
-10.964606,19,384.435315
-11.116346,18,384.48979
-10.698702,18,384.545586
-11.440298,20,384.605938
-10.927247,18,384.660424
-10.662004,18,384.715174
-10.954036,18,384.770039
-11.216074,19,384.827688
-10.807396,18,384.882633
-10.792464,18,384.937407
-11.255891,20,384.998596
-10.854445,19,385.056232
-11.21268,18,385.443545
-10.968198,19,385.501688
-11.406244,18,385.556465
-12.323961,20,385.617124
-11.012521,18,385.671464
-10.908112,18,385.725815
-11.097046,18,385.780859
-11.031117,18,385.836036
-10.94754,18,385.890601
-10.842267,18,385.945652
-11.221011,19,386.004278
-10.968282,19,386.062549
-11.061238,19,386.12062
-10.857293,18,386.175913
-10.787408,18,386.230722
-11.170843,18,386.285711
-10.705629,18,386.340996
-11.099243,19,386.399545
-10.737175,17,386.451706
-10.812973,18,386.506511
-10.869036,18,386.561287
-10.897856,19,386.619736
-10.749862,18,386.6743
-10.746357,18,386.729787
-11.116782,19,386.788251
-10.993414,18,386.843114
-10.792729,19,386.900604
-10.592943,17,386.952556
-10.815405,18,387.008235
-10.969884,18,387.063307
-11.175298,19,387.12142
-10.610774,17,387.173327
-11.22641,18,387.228685
-10.703166,18,387.282973
-10.739972,18,388.74583
-10.915972,19,388.805756
-11.446798,19,388.867148
-10.744372,18,388.925905
-11.117734,19,388.988102
-11.113463,20,389.053693
-10.968586,18,389.112288
-10.757843,18,389.170449
-11.013979,18,389.228851
-11.071058,18,389.286963
-11.362921,18,389.344969
-10.676056,18,389.403165
-11.160208,19,389.465214
-10.947242,18,389.523962
-10.68182,18,389.581943
-12.212579,19,389.643839
-10.765998,18,389.702503
-11.071859,18,389.760761
-11.016158,18,389.81918
-10.964041,18,389.877589
-11.258919,20,389.942198
-10.972094,19,390.003895
-10.926817,18,390.062935
-11.301416,18,390.121472
-10.891526,18,390.179603
-10.848026,18,390.238058
-10.759629,18,390.297195
-10.718309,18,390.355954
-10.760405,18,390.414486
-10.575209,17,390.469764
-11.14853,18,390.528208
-10.918016,18,390.585912
-11.028974,18,390.644648
-10.780515,18,390.703382
-11.190658,19,391.110533
-10.736906,18,391.169403
-10.667347,18,391.227602
-10.838122,18,391.2868
-10.946687,18,391.34534
-10.857814,18,391.403452
-11.207348,18,391.462129
-10.609035,17,391.517272
-11.155924,19,391.578805
-10.693586,18,391.637178
-10.950099,18,391.696544
-10.742347,18,391.754757
-11.129934,19,391.81571
-11.031743,19,391.877685
-10.970969,18,391.935858
-10.871514,18,391.994591
-10.963658,18,392.053112
-11.237177,18,392.11189
-10.853635,18,392.170341
-12.861092,22,392.241946
-11.115043,19,392.303753
-10.799322,18,392.362322
-10.783407,18,393.29159
-10.845375,18,393.349509
-10.794327,18,393.407434
-11.374592,19,393.469042
-11.027649,19,393.53159
-10.491981,17,393.586753
-10.70998,18,393.644778
-11.253894,19,393.706867
-10.904678,18,393.764785
-10.765021,17,393.81964
-10.755602,18,393.878664
-10.720791,19,393.939838
-10.90834,18,394.323372
-10.703065,18,394.381406
-10.757376,18,394.439101
-11.663202,20,394.504302
-10.820706,18,394.562567
-10.617962,18,394.620194
-10.928415,19,394.681687
-10.77741,18,394.74021
-11.079844,18,394.798254
-10.829045,18,394.85667
-10.860386,18,394.91514
-10.905405,18,394.973316
-10.923332,19,395.035023
-11.390787,19,395.09714
-11.041649,19,395.158707
-11.905769,19,395.219815
-11.043564,20,395.284347
-11.209305,19,395.346479
-10.909489,18,395.404337
-11.325604,19,395.466211
-10.928199,18,395.525187
-10.77957,18,395.58353
-11.207908,19,395.645095
-10.724633,18,395.703646
-10.832954,18,395.761747
-11.159513,19,395.823274
-10.738045,18,395.881492
-10.740324,18,395.940064
-10.776568,18,395.99807
-10.827054,18,396.055862
-11.032244,18,396.114629
-10.723173,18,396.173096
-10.732826,18,396.231013
-10.715024,18,396.288963
-10.821905,18,396.690249
-11.034481,19,396.749319
-11.184578,18,396.804517
-11.282105,19,396.862204
-10.687595,17,396.914344
-11.101088,19,396.971862
-10.772728,19,397.029259
-11.247193,19,397.086987
-11.352456,19,397.144938
-11.108364,17,397.911208
-11.023067,19,397.970042
-11.023129,18,398.024466
-10.897937,18,398.079139
-10.689145,18,398.135597
-10.859572,18,398.190562
-10.941095,18,398.24503
-10.787012,18,398.29952
-11.155555,19,398.357934
-10.84639,18,398.412965
-10.902523,18,398.467594
-11.051838,19,398.525911
-10.575969,17,398.577862
-11.058509,19,398.635301
-10.715686,18,398.689868
-10.931269,18,398.745497
-11.036385,18,398.799815
-10.743537,18,398.853968
-10.693391,17,398.90527
-10.592569,17,398.957345
-10.84138,18,399.012322
-10.999519,18,399.066978
-10.983311,18,399.121669
-10.784151,18,399.176464
-10.790366,18,399.231323
-11.284584,20,399.291653
-10.947197,18,399.673422
-10.642105,18,399.728622
-10.909287,18,399.78352
-10.873843,18,399.837728
-10.96453,18,399.891995
-11.080594,19,399.950115
-10.916694,18,400.005297
-10.959738,18,400.059649
-10.769176,18,400.113997
-11.127245,19,400.172222
-11.005236,18,400.227202
-10.991173,18,400.282227
-10.834517,18,400.337782
-10.723494,18,400.392262
-10.928911,19,400.449739
-11.093258,20,400.509662
-11.349135,18,400.565016
-10.739189,18,400.619552
-11.522221,20,400.68002
-11.195498,19,400.737883
-10.932678,18,400.792243
-11.065622,19,400.850115
-10.842859,18,400.905039
-10.806572,18,400.960451
-11.100504,19,401.017776
-10.888498,18,401.072091
-11.184825,18,401.127171
-11.128032,19,401.185272
-10.769497,18,401.240017
-10.705051,18,401.295034
-10.939233,18,402.052022
-10.928775,18,402.109369
-10.771749,18,402.165413
-11.03329,18,402.221742
-10.689693,17,402.619016
-11.210557,19,402.680285
-10.893921,18,402.739448
-10.908701,19,402.801252
-10.558061,17,402.856915
-10.744966,18,402.915395
-10.827807,18,402.973796
-10.708251,18,403.032156
-10.740589,18,403.089901
-11.195712,19,403.150841
-10.94113,18,403.210118
-11.153366,19,403.272099
-10.974831,19,403.33392
-11.060498,18,403.392646
-10.860461,18,403.450496
-11.006561,19,403.511712
-11.316873,19,403.573747
-11.067232,18,403.631747
-10.945391,18,403.689574
-10.720458,18,403.748398
-11.204008,20,403.8147
-11.04052,19,403.876789
-10.544194,17,403.931948
-10.941946,18,403.990653
-10.670578,18,404.048845
-10.678646,18,404.106389
-10.686908,18,404.165121
-10.84669,18,404.223897
-10.863576,18,404.28164
-11.122871,18,404.340625
-10.675849,18,404.399426
-11.106082,19,404.461991
-10.883698,18,404.520622
-10.818032,18,404.579016
-11.139717,19,404.976618
-10.874123,18,405.032447
-10.848133,18,405.087666
-10.862164,18,405.142524
-11.095197,19,405.200757
-10.947538,19,405.258831
-10.93196,18,405.313523
-10.649165,18,405.368799
-11.135963,19,405.427648
-10.818757,18,405.482935
-10.85546,18,405.537726
-11.207351,18,405.592787
-11.310986,20,405.653365
-11.383446,20,405.713838
-11.337597,19,405.771911
-10.900195,18,405.827461
-10.832738,18,405.881969
-10.969564,18,405.937091
-10.627531,17,406.637091
-10.699575,18,406.69671
-10.827986,18,406.755128
-10.819015,18,406.814016
-10.799975,18,406.872918
-10.957363,19,406.934938
-10.527527,17,406.990081
-11.159223,18,407.04952
-10.808583,18,407.107878
-10.903482,18,407.166222
-11.623593,20,407.231734
-10.863224,18,407.290198
-10.869043,19,407.352811
-13.439647,24,407.431403
-10.722891,18,407.490077
-10.666201,18,407.548762
-10.866298,18,407.946351
-10.683542,18,408.006214
-10.860298,18,408.065428
-10.559582,17,408.120857
-10.709454,18,408.179028
-10.728799,18,408.237809
-10.856236,19,408.299596
-10.816557,18,408.35918
-10.555649,18,408.417372
-10.552672,17,408.47319
-10.958121,18,408.531832
-10.738773,18,408.590616
-10.618217,17,408.645735
-10.930652,18,408.704804
-10.73527,18,408.76317
-11.050414,18,408.821472
-10.692549,18,408.880867
-10.714986,18,408.939896
-10.885499,19,409.002107
-10.806271,18,409.061046
-10.861902,18,409.119802
-10.872621,18,409.178249
-10.678139,18,409.236823
-10.863954,18,409.295868
-10.608349,17,409.351995
-10.890065,18,409.410529
-11.200226,19,409.472825
-10.885735,19,409.53527
-11.141385,19,409.596849
-10.821361,18,409.655574
-11.505446,20,409.720516
-10.888872,18,409.779181
-10.811232,18,409.837631
-11.044676,19,409.899673
-13.17148,25,410.669127
-10.922918,18,410.726488
-10.566992,17,410.78137
-10.700825,18,410.839119
-10.972803,19,410.900355
-11.161728,19,410.961556
-10.765709,18,411.74213
-10.828616,18,411.798121
-11.441956,20,411.858594
-11.382253,19,411.917215
-10.854095,18,411.971818
-10.781,17,412.024302
-10.517081,17,412.075925
-11.10914,19,412.13543
-10.676477,18,412.192688
-10.646433,17,412.247269
-11.318026,20,412.312029
-10.937611,18,412.369593
-10.899062,18,412.427462
-11.177281,19,412.488462
-10.903913,18,412.546763
-10.507774,18,412.604541
-10.872981,18,412.662749
-11.292492,20,412.727348
-10.712152,18,412.784976
-10.878161,18,412.84274
-10.942648,18,412.900553
-10.92458,18,412.959363
-10.962277,19,413.020472
-10.710003,18,413.07854
-11.11726,19,413.140437
-10.898054,18,413.198362
-10.898584,18,413.256775
-11.033662,18,413.315746
-10.860513,18,413.719919
-10.696651,18,413.778868
-11.017189,19,413.8404
-10.726317,18,413.898149
-11.029596,19,413.959784
-11.004947,20,414.023989
-10.999153,19,414.085044
-10.716943,18,414.143285
-10.705815,18,414.201048
-10.784217,18,414.258519
-11.536982,19,414.32033
-10.593312,17,414.374924
-10.869767,19,414.43581
-10.782773,18,414.493377
-10.554204,17,414.548952
-11.345389,19,414.611277
-10.742023,18,414.669565
-10.756616,18,414.728429
-10.972939,19,414.790232
-10.786912,18,414.848194
-12.398883,22,414.919352
-11.033258,19,414.980773
-10.630484,17,415.035549
-11.117536,19,415.097159
-10.757077,18,415.155713
-10.570614,17,415.211161
-10.747309,18,415.269908
-10.387475,17,415.324458
-10.657583,18,416.216287
-11.148238,20,416.277082
-10.80154,18,416.331402
-11.290987,18,416.387936
-10.779137,19,416.446745
-11.160227,19,416.507025
-10.809461,18,416.887533
-11.014149,19,416.949143
-11.116495,18,417.007312
-10.960862,19,417.068919
-10.926875,19,417.129477
-11.001287,18,417.187815
-10.910024,18,417.245739
-10.715451,18,417.303009
-11.028956,18,417.361224
-10.75341,19,417.422765
-10.778833,18,417.480575
-10.871639,18,417.537717
-11.324043,19,417.599078
-10.655951,18,417.6569
-10.727402,18,417.716407
-10.991448,18,417.774875
-10.779001,18,417.832624
-11.435154,20,417.896683
-10.809438,18,417.954549
-12.33997,23,418.0293
-10.795775,18,418.087103
-10.92322,18,418.145325
-10.699205,18,418.203678
-10.868209,18,418.261915
-10.524108,17,418.317047
-10.904121,18,418.375522
-11.23452,19,418.43687
-10.796744,18,418.494436
-10.72464,18,418.552322
-11.52564,20,418.617028
-11.167677,19,418.678622
-10.88349,18,418.736776
-10.803892,18,418.795126
-10.696246,18,418.852872
-10.871811,18,419.236432
-11.187896,18,419.295901
-11.040209,19,419.357595
-11.588253,20,419.422162
-10.914039,19,419.48304
-10.713096,18,419.541192
-11.279103,19,419.60239
-10.819395,18,419.660984
-11.047522,19,419.722053
-10.678019,18,419.779961
-11.342328,19,419.841055
-11.256197,19,419.902099
-10.535285,17,419.957986
-10.929922,18,420.015922
-11.41352,20,420.080616
-10.789639,18,420.756139
-10.837109,18,420.81136
-11.077344,18,420.865821
-11.05498,18,420.920227
-10.671999,18,420.974202
-11.336293,20,421.034975
-10.889498,18,421.08923
-11.04529,19,421.14663
-10.704104,18,421.20165
-11.065552,19,421.259292
-10.68779,18,421.313031
-10.711245,18,421.366947
-10.733453,18,421.421457
-10.697261,18,421.475609
-11.072289,19,421.532743
-10.923477,18,421.586767
-10.938329,18,421.64218
-10.666672,18,421.696543
-10.9548,19,421.753843
-11.198145,19,422.134845
-10.502471,17,422.186546
-11.011621,19,422.244593
-10.808221,18,422.299125
-10.702679,18,422.353318
-12.296713,23,422.423082
-10.979546,18,422.477856
-10.73639,18,422.532293
-11.148954,19,422.589359
-11.275252,20,422.649861
-10.98067,18,422.704691
-10.713374,18,422.76003
-10.919445,18,422.81454
-10.661149,18,422.870009
-10.994359,19,422.927723
-11.0672,19,422.984783
-10.774902,18,423.04005
-10.663252,18,423.094466
-10.822834,18,423.148756
-10.789355,18,423.203024
-10.909608,19,423.26142
-10.876162,18,423.316868
-10.690329,18,423.37443
-10.700551,18,423.428613
-10.906714,18,423.483682
-11.147126,19,423.540944
-10.991764,18,423.595384
-10.925673,19,423.654212
-10.504224,17,423.705792
-10.69763,18,423.76042
-10.886094,19,423.818162
-10.823798,19,423.876017
-10.966691,19,423.934033
-11.049147,19,423.991418
-10.742147,18,424.371268
-10.8126,18,424.425606
-10.774497,18,424.480131
-10.878536,18,425.163364
-10.933001,18,425.218111
-11.136464,19,425.276542
-10.7013,18,425.331408
-11.081107,18,425.385781
-10.791874,17,425.437295
-10.641126,18,425.492437
-10.668274,18,425.546797
-10.71565,18,425.601079
-10.763325,18,425.65506
-10.83081,18,425.709477
-13.245409,25,425.785258
-10.753627,18,425.840043
-11.122392,19,425.898097
-11.023377,19,425.955503
-11.119385,18,426.009789
-10.790412,18,426.063808
-10.813523,17,426.116116
-10.920729,19,426.173053
-11.673658,21,426.236157
-11.134764,19,426.294118
-10.690538,18,426.348675
-10.685272,18,426.403216
-11.182197,19,426.459949
-10.662611,18,426.514588
-10.80466,18,426.56866
-10.941558,19,426.625376
-10.695535,18,426.679605
-11.012207,18,426.734607
-10.848379,18,426.788734
-10.887417,18,426.842895
-10.708221,18,427.221574
-11.214555,18,427.27588
-10.801394,18,427.331219
-10.589479,17,427.382424
-11.334731,19,427.439162
-11.137616,19,427.496771
-10.912973,18,427.551363
-10.725312,18,427.605244
-10.728719,18,427.659536
-10.840243,18,427.713903
-11.224794,19,427.771214
-10.523153,17,427.821989
-10.751773,18,427.876564
-10.51112,17,427.928253
-10.878169,18,427.98272
-10.842726,18,428.036581
-10.721038,18,428.090031
-10.935781,18,428.14422
-10.984134,19,428.201323
-10.828641,18,428.256891
-10.882424,18,428.311078
-11.033505,19,428.37406
-10.983368,19,428.431159
-10.859982,18,428.485548
-11.581399,20,428.546662
-11.573983,19,429.473245
-10.667844,17,429.526992
-10.965964,19,429.587233
-11.142491,19,429.647885
-11.219643,20,429.71151
-10.919306,19,429.773395
-10.905554,18,429.831179
-12.397178,23,429.905127
-10.881368,19,430.290552
-10.53418,17,430.345146
-10.87211,18,430.400296
-11.106696,18,430.454614
-11.092729,18,430.509065
-10.779117,18,430.56403
-10.812284,18,430.618555
-10.699336,18,430.673192
-10.523773,17,430.724417
-10.778149,18,430.779047
-10.928748,19,430.836397
-10.808601,18,430.890996
-10.703288,18,430.946512
-11.070847,19,431.004153
-10.643845,18,431.058097
-10.540223,17,431.109372
-10.728191,18,431.164367
-10.758274,18,431.218778
-11.022041,18,431.273125
-10.683805,18,431.328074
-10.792779,18,431.383597
-11.046026,18,431.438122
-11.11624,19,431.49552
-10.910072,18,431.551015
-10.957815,19,431.609539
-10.657929,18,431.663992
-10.595925,17,431.715367
-10.934181,18,431.770401
-10.871018,18,431.8249
-10.734415,18,431.879143
-11.39019,19,431.937145
-10.850811,18,431.992355
-11.146765,19,432.050436
-10.750532,18,432.105415
-10.8788,18,432.160599
-10.836518,18,432.869915
-10.817077,18,432.924959
-10.715833,18,432.980179
-10.797958,18,433.034998
-10.683884,18,433.089373
-10.925847,18,433.144089
-10.711871,18,433.199864
-10.793367,18,433.254771
-10.762888,18,433.309234
-10.689628,18,433.364511
-11.203485,19,433.422392
-10.888273,18,433.477587
-10.777381,18,433.539905
-10.765743,18,434.295907
-10.716394,18,434.350086
-10.97754,19,434.407809
-10.882313,18,434.462563
-10.638334,18,434.518147
-11.00608,19,434.575911
-10.692574,18,434.630956
-10.680084,18,434.685065
-10.687793,18,434.73956
-10.740945,18,434.794733
-10.749256,18,434.849253
-10.975585,19,434.906712
-10.836684,18,434.961772
-10.502971,18,435.016976
-10.834463,18,435.07208
-10.727288,18,435.127153
-10.732636,18,435.181294
-10.769997,18,435.236394
-10.560604,17,435.287899
-10.920997,18,435.342653
-10.899472,19,435.400807
-10.935428,18,435.455494
-11.003857,18,435.836381
-10.731703,18,435.890833
-10.697587,18,435.945157
-10.700367,18,435.999731
-10.793252,19,436.058387
-10.996976,19,436.116526
-10.569625,17,436.168082
-10.827806,18,436.223327
-10.619396,18,436.277672
-10.666167,18,436.332402
-10.834997,18,436.386976
-11.136984,19,436.445306
-10.826791,18,436.499969
-11.231626,20,436.560946
-10.521263,17,436.613571
-10.671042,17,436.667553
-10.716538,18,436.722355
-10.75522,18,436.776671
-10.535668,17,436.829041
-10.794045,18,436.88362
-10.763587,18,436.938329
-10.877929,18,436.992646
-11.72943,19,437.05082
-10.737907,18,437.105758
-10.994303,19,437.162761
-10.728098,19,437.220493
-10.941466,19,437.27837
-10.867097,18,437.332582
-10.980175,19,437.389776
-10.709576,18,437.444836
-10.855801,18,437.499496
-10.905455,19,437.558195
-10.634638,18,437.613282
-10.798351,18,437.668592
-10.67825,18,438.732388
-10.881885,18,438.787325
-10.928918,19,438.845863
-10.740763,18,438.901216
-10.966441,18,438.956012
-11.14858,19,439.013711
-10.685798,17,439.06688
-10.515865,17,439.119404
-10.977412,18,439.174716
-10.630138,17,439.228563
-10.841902,18,439.285262
-10.827851,19,439.343443
-10.634677,18,439.398319
-10.535823,18,439.454143
-10.723105,18,439.509537
-10.798885,19,439.567598
-11.026426,18,439.622179
-11.002833,18,439.677869
-11.066293,19,439.736161
-10.889177,18,439.791113
-10.74787,18,439.846705
-10.730133,18,439.901462
-10.821211,18,439.956187
-11.036802,18,440.011624
-11.453942,20,440.073445
-10.926914,19,440.132562
-10.669796,18,440.18743
-10.765386,18,440.243655
-10.943085,18,440.298844
-11.068522,19,440.356602
-10.584991,17,440.408664
-10.872741,18,440.464344
-10.859238,18,440.518811
-10.965497,18,440.573504
-10.97811,19,440.959297
-10.901959,18,441.014383
-11.047292,18,441.070271
-10.922523,19,441.127922
-10.870064,19,441.185914
-10.933663,18,441.240699
-11.11829,18,441.296803
-10.544526,17,441.349295
-10.72413,18,441.403625
-10.751619,18,441.458639
-12.478363,24,441.531988
-10.675992,18,441.58652
-10.95945,21,441.650959
-10.833281,18,441.70729
-10.950669,18,441.761889
-10.948912,19,441.819616
-10.636086,18,441.874501
-10.768073,18,441.929297
-11.073454,18,441.984262
-11.080731,19,442.041497
-10.729985,18,442.097196
-10.933105,18,442.151914
-10.717267,18,442.951921
-11.556683,21,443.019711
-10.674708,18,443.078205
-11.050593,19,443.140677
-11.034426,19,443.203138
-11.007904,19,443.265678
-10.715898,18,443.325623
-11.087604,19,443.386899
-10.671438,18,443.445091
-10.632092,18,443.504113
-10.895905,19,443.566083
-10.591582,18,443.624493
-10.655825,17,444.03254
-10.932931,19,444.094973
-10.699374,18,444.153674
-10.963797,19,444.215676
-10.954644,19,444.277741
-10.672867,18,444.337907
-10.534255,17,444.393523
-10.734369,18,444.452442
-10.652393,18,444.511385
-10.737291,18,444.570334
-10.888534,19,444.6323
-11.01631,19,444.695022
-11.147,18,444.754604
-10.533914,18,444.813132
-10.736034,18,444.871247
-10.920694,18,444.930372
-10.815284,18,444.989594
-11.014511,18,445.047997
-10.761796,18,445.106656
-10.622487,18,445.165486
-10.585386,17,445.220542
-10.745293,18,445.279416
-10.706949,18,445.338984
-10.843943,18,445.397736
-10.906441,19,445.459259
-10.70014,18,445.517843
-10.72218,18,445.577147
-10.814311,18,445.635598
-10.818507,18,445.690494
-10.695073,18,445.745895
-10.688375,18,445.800543
-10.950715,18,445.855674
-10.868244,18,445.910147
-11.47613,19,445.969042
-10.761276,18,446.350267
-10.739651,18,446.405624
-11.203865,19,446.463582
-11.146269,19,446.52162
-11.071822,19,446.580328
-10.792178,18,446.634919
-10.916395,19,446.692211
-10.772495,18,446.747567
-10.883742,18,446.802281
-11.084017,18,446.856596
-11.249092,18,447.619537
-10.727471,18,447.678779
-10.521912,17,447.734199
-10.729369,18,447.793779
-10.745169,18,447.852182
-11.036039,18,447.910583
-10.94575,19,447.973618
-11.359886,20,448.038297
-10.694079,18,448.096756
-10.8526,19,448.159063
-10.845001,18,448.21753
-10.734938,18,448.276558
-10.612103,18,448.33469
-10.656179,17,448.390639
-10.952026,18,448.448194
-10.965924,19,448.508907
-10.961097,19,448.57092
-10.474611,17,448.625098
-10.732637,18,448.682381
-11.020588,18,448.739675
-10.806563,18,448.798324
-10.908084,18,448.856532
-10.661168,18,448.915647
-10.930564,19,448.97684
-10.778897,18,449.034792
-10.736563,18,449.420222
-10.74633,18,449.474993
-10.786685,18,449.529621
-10.729317,18,449.584412
-10.722788,18,449.638572
-10.726675,18,449.69298
-10.935881,18,449.747026
-10.740314,18,449.802392
-10.79012,18,449.857759
-11.221632,18,449.912769
-10.734335,18,449.968839
-10.654571,18,450.023526
-10.722551,18,450.078243
-10.730263,18,450.13306
-10.819827,18,450.189048
-10.963018,19,450.247545
-10.565116,17,450.299464
-10.915426,18,450.353967
-10.807323,18,450.409232
-11.113127,19,450.466917
-10.702291,18,450.521205
-10.811725,18,450.576693
-10.72455,18,450.631166
-10.661326,18,450.685747
-11.244363,19,450.743204
-10.916419,18,450.79872
-10.864975,18,450.852933
-10.718946,18,450.90795
-11.0309,18,450.962466
-10.948771,18,451.017999
-10.750085,18,451.072573
-10.7887,18,451.126841
-10.80637,18,451.869036
-10.513184,17,451.920614
-10.687908,17,452.296969
-10.803931,18,452.352219
-10.712405,18,452.407889
-10.849236,18,452.462585
-10.958923,18,452.517142
-10.992103,19,452.574229
-10.779941,18,452.634119
-10.877963,18,452.688745
-10.670085,17,452.740112
-11.055625,18,452.794696
-10.930752,19,452.852209
-10.996061,18,452.907374
-10.520825,17,452.958699
-10.747952,18,453.014225
-10.741116,18,453.06851
-10.944961,19,453.125806
-10.826642,18,453.180066
-10.88112,18,453.235158
-10.809518,18,453.289904
-12.100322,21,453.353112
-10.738779,18,453.40827
-11.269714,20,453.469183
-10.940188,19,453.5268
-10.521272,17,453.578229
-10.925838,18,453.633799
-10.728267,18,453.687771
-10.72126,18,453.74165
-11.168111,19,453.799225
-10.759003,18,453.854124
-10.755691,18,453.909683
-10.694069,18,453.964166
-10.722656,18,454.019219
-11.223689,19,454.076511
-10.822799,18,454.130769
-10.713089,18,454.185036
-11.059834,18,454.90937
-10.781745,18,454.967445
-10.797664,18,455.025781
-10.906226,18,455.084342
-10.835917,18,455.142222
-10.710428,18,455.199808
-10.999047,19,455.257753
-10.660284,18,455.312467
-12.019624,22,455.378677
-10.763614,18,455.433538
-10.686957,18,455.488168
-10.705596,18,455.543479
-10.899581,18,455.597769
-10.645543,18,455.653114
-10.566056,17,455.704444
-10.892276,18,455.75864
-10.690457,18,455.813679
-11.092398,18,455.868228
-11.222641,20,455.928407
-11.489756,20,456.639227
-10.793962,19,456.700728
-10.744626,18,456.759604
-11.019808,19,456.818731
-10.538049,17,456.870778
-10.99927,18,456.925527
-10.858515,18,456.980108
-10.811152,18,457.03582
-10.657265,18,457.091287
-10.772345,18,457.146437
-10.682505,18,457.200687
-10.852311,18,457.255762
-10.811326,18,457.309972
-10.832726,18,457.364555
-10.629169,18,457.419227
-10.818041,18,457.801257
-12.000057,21,457.866445
-11.036086,18,457.920779
-10.793974,18,457.975246
-10.703958,18,458.030191
-11.008227,20,458.091838
-11.187459,19,458.150212
-11.492079,19,458.207589
-10.89131,19,458.265545
-10.742359,18,458.320549
-10.790367,18,458.375003
-10.772202,18,458.429209
-10.875289,18,458.484632
-10.778064,18,458.540067
-10.722377,18,458.5944
-10.820744,18,458.649189
-10.585321,17,458.701774
-10.744275,18,458.756262
-10.919451,18,458.810397
-11.088381,18,458.865375
-10.732033,18,458.920418
-10.776143,18,458.976153
-10.707993,18,459.031139
-10.609895,18,459.086405
-10.647931,18,459.141965
-10.902907,18,459.196857
-11.086839,19,459.254968
-10.717222,18,459.310824
-10.754403,18,459.36519
-10.66996,18,459.419636
-10.894515,19,459.477899
-11.068323,19,459.536856
-10.737949,18,459.591352
-10.714106,18,459.645697
-10.677458,18,460.025843
-11.083304,19,460.084439
-10.720015,18,460.140308
-10.628219,18,460.195455
-10.727826,18,460.249959
-11.051407,19,460.308334
-10.796217,18,460.362891
-10.85482,19,461.26247
-20.19158,32,461.360937
-10.848388,18,461.415193
-10.799776,18,461.469299
-10.826135,18,461.525301
-11.008273,17,461.57703
-10.503325,17,461.628966
-10.741699,18,461.683367
-10.826905,18,461.739109
-10.804056,18,461.793445
-11.198655,19,461.850853
-10.761422,18,461.906553
-10.6549,18,461.961936
-10.833156,19,462.019508
-10.706306,18,462.073918
-10.51935,17,462.126568
-10.646753,17,462.178229
-10.814369,18,462.232967
-11.055243,18,462.287144
-10.836727,18,462.342161
-10.691627,18,462.39648
-10.648515,18,462.450782
-10.664278,18,462.505663
-10.539793,17,462.558028
-11.02775,18,462.612663
-10.923139,19,462.67017
-10.856865,18,462.725694
-10.760201,18,463.105217
-10.859546,18,463.161947
-10.874226,18,463.216312
-10.816191,18,463.270447
-10.525547,17,463.322516
-11.088772,19,463.379789
-10.74155,18,463.433852
-10.865161,18,463.488383
-10.677344,18,463.546109
-10.836748,18,463.600771
-10.805224,18,463.655029
-10.749629,18,463.710338
-10.962356,18,463.765944
-10.674263,18,463.820142
-10.854049,19,463.877352
-10.967694,19,463.935275
-10.703404,18,463.990013
-10.905668,18,464.044203
-10.688501,18,464.099656
-10.48612,17,464.152276
-11.044325,19,464.209895
-10.871078,18,464.264284
-10.837436,19,464.322697
-10.773569,18,464.378207
-10.976718,18,464.432679
-10.550987,17,464.483669
-10.687199,18,464.53856
-10.982242,19,464.596543
-10.654335,18,464.650769
-10.755913,18,465.718648
-10.911706,18,465.774655
-10.782699,18,465.831228
-10.942217,18,465.887787
-10.71878,18,465.945594
-11.488809,20,466.367296
-11.037353,18,466.425531
-10.670074,18,466.483864
-10.793138,18,466.542407
-10.4859,17,466.597282
-10.833359,18,466.655291
-10.704305,18,466.714652
-10.784785,18,466.773211
-10.501487,17,466.827302
-10.752302,18,466.88228
-10.578027,18,466.938363
-10.922813,18,466.993401
-10.67428,18,467.048079
-10.835771,18,467.102495
-10.526975,17,467.15472
-11.013476,18,467.20986
-10.848462,18,467.264862
-10.928358,18,467.320874
-11.021255,18,467.376925
-10.766156,18,467.431849
-10.659057,18,467.486963
-11.09362,19,467.544931
-11.079974,19,467.603117
-10.498692,17,467.65512
-11.481075,20,467.716724
-10.681268,18,467.772411
-10.500826,17,467.824389
-10.736381,18,467.879337
-10.933251,19,467.937634
-10.60353,18,467.993389
-10.612062,18,468.048348
-10.81117,18,468.103114
-10.506017,17,468.15559
-10.882798,18,468.211261
-10.762798,18,468.266718
-13.206716,24,468.670923
-10.605413,17,468.724415
-10.693415,18,468.780244
-10.64063,17,468.832481
-10.81499,18,468.887481
-10.876756,18,468.942035
-10.662038,18,468.998122
-10.681224,18,469.052913
-10.71059,18,469.10768
-10.695995,18,469.162316
-11.035378,19,469.221775
-10.727368,18,469.27706
-11.044008,19,469.33542
-10.716997,18,469.391257
-10.73637,18,469.446306
-10.70525,18,469.501622
-10.716894,18,470.268437
-10.714905,18,470.324842
-10.742088,18,470.3797
-10.947523,18,470.435373
-10.69972,18,470.489887
-11.506292,20,470.552229
-10.740548,18,470.607942
-10.901333,18,470.662763
-10.662616,18,470.717802
-10.570659,17,470.769246
-10.889045,19,470.828728
-10.891358,19,470.886298
-11.024762,18,470.941281
-11.291569,19,471.000082
-10.709767,18,471.054651
-10.864847,18,471.109101
-10.686804,18,471.163808
-10.398441,17,471.216382
-11.19185,19,471.589116
-10.787869,18,471.646239
-10.380826,17,471.70085
-10.965986,19,471.762053
-10.620865,18,471.820504
-10.655963,18,471.878922
-10.70029,18,471.937428
-10.833576,18,471.994996
-10.934096,18,472.0534
-10.850351,18,472.112029
-10.516294,18,472.170207
-11.207489,20,472.235769
-10.67418,18,472.29465
-11.183242,19,472.356448
-11.091785,18,472.415252
-10.990355,19,472.47706
-10.694655,18,472.535287
-10.50621,17,472.590267
-10.684848,18,472.648649
-10.675236,18,472.706804
-10.759477,18,472.765536
-10.840832,17,472.821551
-10.673729,18,472.88025
-10.856318,18,472.939624
-11.112709,19,473.001054
-10.694251,18,473.059993
-10.909802,19,473.118495
-10.88747,19,473.176615
-10.548132,17,473.230973
-11.148489,18,473.286616
-11.006291,18,473.343083
-10.869243,18,473.400402
-11.076008,19,473.460044
-10.486172,17,473.512303
-10.717716,18,473.567497
-11.003999,19,473.94366
-10.554572,17,473.996878
-11.96281,21,474.062046
-10.5367,17,474.115262
-10.778662,18,474.937748
-10.746393,18,474.992329
-10.737247,18,475.046743
-10.792227,18,475.102867
-10.873297,19,475.16058
-10.81526,19,475.218285
-10.683864,18,475.27338
-10.791457,18,475.328021
-11.196222,18,475.382763
-11.256832,19,475.439922
-11.236262,18,475.494937
-10.526427,18,475.549375
-10.819088,18,475.603667
-10.721377,18,475.657692
-10.749288,18,475.713198
-10.767991,18,475.767461
-10.943268,19,475.824481
-10.660116,18,475.879431
-10.69173,18,475.934186
-10.699375,18,475.988989
-10.840084,18,476.043241
-10.799404,18,476.098155
-10.811242,18,476.152738
-10.908794,18,476.206991
-10.7214,18,476.261205
-10.733901,18,476.317291
-10.96046,19,476.374791
-10.785358,18,476.429224
-10.772964,18,476.484608
-10.656349,18,476.539832
-10.524191,18,477.257439
-10.77315,18,477.313339
-10.882086,19,477.371016
-10.723776,18,477.425756
-10.843067,18,477.4804
-11.477707,20,477.541252
-11.263432,20,477.603299
-10.72231,18,477.657573
-10.874458,18,477.712618
-10.539788,17,477.763784
-11.26189,19,477.821024
-10.739981,18,477.876
-10.698299,18,477.931091
-10.834919,18,477.985513
-11.327228,20,478.046202
-11.084793,18,478.101223
-10.768267,18,478.156336
-10.894837,19,478.213999
-10.81897,18,478.268214
-10.855681,18,478.323257
-10.717125,18,478.37734
-11.04429,19,478.434526
-10.717099,18,478.489514
-10.67205,18,478.54451
-11.206664,20,478.605025
-10.683019,18,478.659325
-10.738447,18,479.340683
-10.58816,18,479.396306
-10.731486,18,479.450713
-10.666508,18,479.506196
-10.929226,18,479.561151
-10.497886,17,479.613621
-10.734411,18,479.668602
-10.816295,18,479.725049
-10.734599,18,480.108138
-11.126558,19,480.166655
-10.750673,18,480.222156
-10.758289,18,480.277152
-10.747808,18,480.333719
-10.846122,18,480.388563
-10.980502,19,480.44651
-10.826945,18,480.501565
-10.718245,18,480.557021
-10.838401,18,480.612559
-10.663161,18,480.66756
-11.09624,19,480.726503
-10.88446,18,480.78133
-10.822105,18,480.835819
-10.80153,18,480.890211
-10.918736,18,480.94615
-10.835944,18,481.000547
-10.800309,18,481.055636
-10.607059,18,481.110623
-10.699516,18,481.166661
-10.996017,18,481.221055
-10.771081,18,481.275958
-10.80813,18,481.330642
-10.836932,18,481.385545
-10.565128,17,481.43665
-10.773958,18,481.490884
-10.529244,17,481.543755
-10.751964,18,481.599063
-10.564708,17,481.650668
-10.682345,18,481.705461
-10.819155,18,481.761184
-11.265322,20,481.822136
-10.699232,18,481.8771
-11.084303,18,481.932268
-10.67016,18,481.987032
-10.554181,18,482.368228
-11.085122,19,482.426345
-10.674008,18,482.481097
-10.741793,18,482.536464
-10.597515,18,482.591535
-10.740262,18,482.646571
-11.076567,19,482.704489
-10.827339,18,482.759617
-10.825292,18,482.814923
-10.508224,17,482.86623
-10.722637,19,482.923625
-10.823101,18,482.97883
-10.772159,18,483.033291
-11.012053,19,483.851958
-10.715495,18,483.910083
-10.665259,18,483.968514
-10.527567,17,484.023326
-10.805635,18,484.081399
-10.901514,18,484.139694
-10.576777,17,484.196301
-10.696278,18,484.254255
-10.713474,18,484.312361
-10.549421,17,484.367955
-10.717419,18,484.426296
-10.789606,18,484.484349
-10.720684,18,484.542612
-10.540412,17,484.597836
-10.533911,17,484.653177
-10.834944,18,484.711682
-10.506833,17,484.767527
-10.507463,17,484.822983
-10.723482,18,484.879293
-10.666266,18,484.933611
-13.052702,24,485.007211
-10.677204,18,485.061892
-10.995075,19,485.448043
-10.877361,18,485.503563
-10.531381,17,485.555019
-10.860551,18,485.610368
-10.802449,18,485.66499
-10.978715,18,485.7198
-10.70451,18,485.774309
-10.746542,18,485.830035
-10.845915,18,485.884647
-10.717755,18,485.93927
-10.559341,17,485.991546
-10.995835,19,486.0492
-11.977889,21,486.11337
-10.684245,18,486.16807
-10.736147,18,486.223664
-10.850442,18,486.2784
-10.512138,17,486.330237
-10.736148,18,486.385132
-10.534571,17,486.438048
-10.585397,18,486.492746
-10.626948,17,486.54439
-10.534972,17,486.596748
-10.780947,18,486.652063
-10.930076,19,486.710786
-10.901065,18,486.765783
-10.508252,17,486.818702
-10.537574,17,486.870618
-10.73417,18,486.925259
-10.828437,17,486.976834
-10.704988,18,487.032856
-10.809869,18,487.087308
-10.830945,18,487.141649
-10.943206,19,487.199685
-10.820792,18,487.256109
-11.161913,19,487.641854
-10.509841,17,487.694063
-10.935507,19,488.437608
-11.039826,19,488.498734
-10.696724,18,488.556659
-10.487169,17,488.61104
-11.687934,21,488.679887
-10.685709,18,488.739071
-10.678595,18,488.797554
-11.449695,19,488.860344
-10.681362,18,488.918838
-10.815154,18,488.97741
-10.920149,19,489.039097
-11.099695,19,489.100839
-10.730165,19,489.162032
-10.906323,19,489.224154
-10.755757,18,489.282605
-11.108172,19,489.345796
-10.672471,18,489.403756
-10.968451,19,489.465354
-10.738193,18,489.523341
-10.682659,18,489.581429
-11.01215,19,489.643491
-10.945495,18,489.701479
-10.817559,18,489.760112
-10.758672,18,489.818455
-10.749939,18,489.877602
-10.973781,19,489.939683
-10.512872,17,489.995034
-11.056668,19,490.056704
-10.665665,18,490.115376
-10.8424,18,490.173412
-10.82773,18,490.2316
-11.229497,19,490.293466
-10.659335,18,490.706411
-10.682579,18,490.765804
-10.761588,18,490.824353
-10.720419,18,490.883184
-10.79381,18,490.941989
-10.675051,18,491.000253
-10.799565,18,491.058882
-10.83259,18,491.117219
-10.587993,17,491.172254
-11.300713,19,491.233513
-10.785284,18,491.292797
-10.715674,18,491.351289
-10.809787,18,491.409905
-10.661467,18,491.468962
-10.738431,18,491.527837
-10.531556,17,491.583167
-10.754039,18,491.641816
-10.780772,18,491.700752
-10.718086,18,491.759279
-10.713917,18,491.817753
-10.938621,19,491.880215
-10.982704,19,491.942633
-10.824757,19,492.003952
-10.725964,18,492.062332
-10.676742,18,492.936389
-10.672697,18,492.993251
-10.78716,18,493.050662
-10.712212,18,493.10948
-10.651012,18,493.167332
-10.565277,17,493.222336
-10.657467,18,493.281004
-11.41824,21,493.349503
-10.636229,18,493.408278
-10.90604,19,493.469499
-10.718211,18,493.528682
-10.76959,18,493.932479
-10.731909,18,493.991081
-10.775628,18,494.049427
-10.871533,19,494.111648
-10.628303,18,494.170145
-10.755243,18,494.228801
-10.635399,18,494.287336
-10.806322,18,494.346219
-10.484115,17,494.402245
-10.73085,18,494.461122
-11.01111,19,494.523619
-10.928351,19,494.585206
-10.739899,18,494.643648
-10.72241,18,494.702183
-10.758986,18,494.760932
-10.816586,18,494.819279
-10.56462,17,494.874397
-10.689238,18,494.933262
-10.696856,18,494.992022
-10.999864,19,495.054039
-10.949781,18,495.113167
-10.8929,18,495.171923
-11.011441,19,495.233934
-10.60504,17,495.288724
-10.934246,18,495.34786
-10.51002,17,495.403267
-10.524309,17,495.459059
-10.946341,19,495.521031
-11.00804,20,495.586229
-10.601137,17,495.642145
-10.825437,18,495.700743
-10.719127,18,495.759219
-11.060059,19,495.820462
-10.706752,18,495.879229
-10.695848,18,496.284757
-10.737825,18,496.344271
-10.715178,18,496.403535
-10.700839,18,496.46223
-11.185414,20,496.528399
-10.624182,18,496.587374
-10.86271,18,496.645988
-10.717229,18,496.704804
-10.721767,18,496.763791
-10.694646,18,496.825774
-10.69594,18,496.884056
-10.764243,18,497.736137
-10.69331,18,497.794621
-10.649605,18,497.865188
-10.835465,18,497.921753
-10.874755,18,497.979686
-10.991979,19,498.041102
-10.820974,18,498.098867
-10.853319,18,498.157453
-10.764997,18,498.215145
-10.692499,18,498.273148
-10.858388,18,498.330938
-10.565739,18,498.389188
-10.851044,18,498.447182
-10.706166,18,498.505365
-10.931998,18,498.563656
-10.852531,18,498.621708
-10.953868,19,498.682753
-10.757209,18,498.740684
-10.792644,18,498.799714
-10.671457,18,498.85769
-10.727488,18,498.915373
-10.483264,17,498.970418
-10.71147,18,499.028172
-10.699084,18,499.086395
-11.146414,18,499.845112
-11.070936,19,499.906554
-10.695394,18,499.965379
-10.936577,19,500.0269
-10.616113,18,500.084977
-10.667225,18,500.14333
-11.27,20,500.208085
-10.633022,17,500.26302
-10.773103,18,500.320858
-11.374727,20,500.385183
-10.745596,18,500.443345
-10.891048,18,500.501797
-10.947085,19,500.563657
-10.397649,17,500.618751
-10.947147,20,500.683783
-10.729177,18,500.74185
-10.859406,18,500.800909
-10.795103,18,500.858972
-10.83267,19,500.920557
-10.960511,19,500.982451
-10.710088,18,501.041076
-10.52538,17,501.09623
-10.69636,18,501.155015
-10.770926,18,501.213644
-10.420227,17,501.268309
-10.64394,18,501.326651
-10.924016,19,501.38839
-10.712474,18,501.44695
-10.742658,18,501.505059
-10.70346,18,501.563286
-10.509739,17,501.619347
-10.744556,18,501.677557
-10.711114,18,502.434846
-10.712417,18,502.492715
-11.056068,19,502.899381
-10.899436,18,502.957104
-10.652317,18,503.015411
-10.888497,18,503.072965
-10.801065,18,503.128635
-10.990271,19,503.185923
-10.664241,18,503.241064
-10.547464,17,503.292263
-11.045882,19,503.349527
-10.779063,18,503.404241
-10.517808,17,503.456375
-10.942649,19,503.514003
-10.52992,17,503.565915
-10.87178,19,503.624051
-10.525758,17,503.675681
-10.748974,18,503.730592
-10.816357,18,503.785
-10.638932,17,503.836991
-10.727874,18,503.891215
-11.176641,18,503.945519
-11.213579,20,504.006199
-10.963355,18,504.06112
-10.673758,18,504.115517
-10.490111,17,504.167619
-10.714085,18,504.22288
-11.054077,18,504.277399
-10.579957,18,504.331869
-10.688625,18,504.386636
-10.586265,18,504.441688
-10.725213,18,504.496004
-10.680932,18,504.550118
-11.013349,19,504.608117
-10.824061,19,504.667178
-11.06409,19,504.725223
-10.670407,18,504.779563
-10.516655,17,505.166826
-10.869905,19,505.225861
-10.650612,18,505.282053
-10.874508,19,505.340706
-10.592963,17,505.392067
-10.547105,17,505.444472
-10.704396,18,505.498914
-10.527794,17,505.54996
-10.688038,18,505.604733
-10.732011,18,505.660346
-10.680032,18,505.715506
-10.918885,18,505.76991
-10.775754,18,505.824736
-10.846673,18,505.879491
-10.52319,17,505.931745
-10.377076,17,505.982774
-10.74247,18,506.037727
-10.894385,19,506.09554
-10.825956,18,506.150486
-10.616309,18,506.205359
-10.700485,18,506.906745
-10.676223,18,506.962306
-10.699541,18,507.016516
-10.761108,18,507.071672
-10.557624,17,507.123247
-10.599963,18,507.178091
-11.118397,19,507.235861
-10.706901,18,507.290406
-10.715762,18,507.345358
-10.537681,18,507.399442
-10.831709,18,507.455048
-10.683517,18,507.509441
-10.755741,18,507.563572
-10.678149,18,507.617767
-10.657333,18,507.672961
-10.75923,18,508.054636
-10.645606,18,508.110878
-11.27378,19,508.168524
-10.904723,19,508.225939
-10.888989,18,508.280922
-10.904797,19,508.338684
-10.907819,19,508.396552
-10.71156,18,508.451513
-10.704667,18,508.506079
-10.804981,18,508.560657
-10.712929,18,508.615004
-10.973112,18,508.670118
-10.667118,18,508.72491
-10.936264,19,508.782163
-10.675354,18,508.83703
-10.549359,17,508.888719
-10.884273,18,508.943592
-10.524057,18,508.998207
-10.962952,19,509.056088
-10.678688,18,509.110119
-10.719027,18,509.164435
-10.821725,19,509.221641
-10.68243,18,509.276787
-10.694233,18,509.332096
-10.673353,18,509.386367
-10.514937,17,509.43806
-10.927138,18,509.493058
-10.970959,19,509.550542
-10.690269,18,509.605196
-11.413782,22,509.672499
-10.586307,17,509.723678
-10.826657,19,509.781427
-10.733797,18,509.835849
-10.789115,18,509.891086
-10.628283,18,510.278471
-10.692221,18,510.333262
-11.940864,19,510.391116
-10.666898,18,510.445507
-10.825773,18,510.500113
-10.744834,18,510.555101
-10.888696,18,510.609473
-10.555274,17,510.661879
-10.901577,19,511.370058
-10.47581,17,511.421998
-10.944195,18,511.47723
-10.676469,18,511.532392
-10.805575,18,511.586951
-10.699495,18,511.641257
-10.715601,18,511.696647
-10.674518,18,511.751597
-10.505634,17,511.803098
-10.680707,18,511.858417
-10.682607,18,511.914514
-10.656524,18,511.969038
-10.754043,19,512.026304
-10.811163,18,512.081206
-10.843678,19,512.139122
-10.577537,17,512.190302
-10.905985,18,512.244582
-10.997901,19,512.302846
-10.687991,18,512.357699
-11.581425,20,512.418866
-10.762659,18,512.473981
-10.816284,18,512.529305
-10.483515,17,512.580653
-10.714209,18,512.634691
-11.777405,21,512.699247
-10.687339,18,512.753858
-10.792441,18,513.137294
-10.958871,19,513.19547
-10.563987,17,513.247021
-10.735309,18,513.301894
-10.79508,18,513.35749
-10.891748,18,513.412341
-10.699895,18,513.466813
-13.980717,26,513.546419
-10.949704,18,513.600451
-10.709859,18,513.654621
-11.130305,19,513.713842
-10.803155,19,513.771331
-10.67663,18,513.826038
-10.756622,18,513.881348
-10.94848,19,513.940046
-10.612407,18,513.994954
-10.689789,19,514.05215
-10.868905,19,514.11035
-10.507291,17,514.161429
-10.681368,18,514.216107
-10.522906,17,514.267852
-10.504304,17,514.319893
-10.716844,18,514.374561
-10.768976,18,514.429032
-11.065413,19,514.486914
-10.837675,19,514.545582
-10.670574,18,514.600621
-10.78235,18,514.654988
-10.78944,18,514.710091
-10.801506,18,514.764878
-10.4917,17,515.570058
-12.319853,23,515.640404
-10.708502,18,515.695097
-10.529594,17,515.74708
-10.829199,18,516.132542
-10.722769,18,516.187776
-10.692222,18,516.242321
-10.550357,17,516.294055
-10.800803,18,516.349468
-10.904109,18,516.403984
-11.018064,18,516.458813
-10.756277,18,516.513967
-10.570241,18,516.568752
-10.908343,19,516.626348
-11.175686,20,516.686722
-10.7202,18,516.742061
-10.654744,18,516.796612
-10.795199,18,516.851248
-10.697559,18,516.907915
-10.775688,18,516.963337
-10.908238,19,517.020879
-10.496918,17,517.072175
-10.883443,18,517.127009
-10.863557,18,517.181974
-10.702275,18,517.2363
-10.685838,18,517.290426
-10.700804,18,517.345703
-10.704522,18,517.400342
-10.533173,17,517.452375
-11.024402,19,517.511009
-10.693826,18,517.566086
-10.706352,18,517.620418
-10.64986,18,517.674684
-11.069249,19,517.732425
-11.367516,20,517.794204
-10.712969,18,517.848648
-10.897184,19,517.906142
-10.510777,17,517.958606
-10.928159,19,518.016325
-10.673154,18,518.400198
-10.732632,18,518.455773
-11.564043,20,518.517001
-10.727994,18,518.572315
-11.097207,20,518.632721
-10.828202,18,518.686997
-10.714571,18,518.741837
-11.133666,19,518.799464
-10.888021,19,518.856514
-10.682027,18,518.911483
-10.561473,18,518.966727
-10.537955,17,519.01896
-10.845141,19,519.077201
-10.675936,18,519.131718
-10.782134,18,519.187318
-10.704812,18,519.242093
-10.898899,18,519.296191
-10.691913,18,520.013266
-10.683539,18,520.06802
-10.674574,18,520.122817
-10.73246,18,520.177438
-10.71791,18,520.232109
-10.729426,18,520.286613
-10.828811,19,520.344291
-10.693493,18,520.399335
-10.703293,18,520.454134
-10.908813,19,520.511661
-10.786379,18,520.566316
-10.711825,18,520.621749
-10.549144,17,520.673405
-10.971059,18,520.727917
-10.715373,18,520.782529
-10.759047,18,520.837066
-10.765688,18,520.89155
-10.660263,19,521.576917
-10.690331,18,521.631919
-10.698284,18,521.68713
-10.674909,18,521.741642
-10.63011,17,521.793727
-11.489606,20,521.854596
-10.591608,18,521.909113
-10.681716,18,521.963443
-10.503308,17,522.015531
-10.69577,18,522.070195
-10.900579,18,522.125193
-10.945096,19,522.183951
-10.710285,18,522.238764
-10.54386,17,522.290277
-10.813779,18,522.34463
-10.697058,18,522.399573
-10.704854,18,522.454783
-10.741001,18,522.509529
-10.726043,18,522.564136
-10.825874,18,522.619382
-10.445824,17,522.671112
-10.688433,18,522.726306
-11.143708,19,522.78505
-10.674053,18,522.840257
-10.678524,18,522.895163
-10.543193,17,522.946789
-10.692122,18,523.001815
-10.520266,17,523.053593
-10.670888,18,523.109095
-10.647222,18,523.163601
-10.715187,18,523.218727
-10.837635,18,523.273567
-10.972414,18,523.328618
-10.518112,17,523.380976
-10.671242,18,523.436393
-10.689946,18,523.802549
-10.753918,18,523.857933
-10.700637,18,523.912518
-10.68388,18,523.96734
-10.713531,18,524.022852
-11.055766,19,524.885603
-10.921798,19,524.944303
-10.688584,18,525.000012
-10.736679,18,525.055618
-10.543202,17,525.10846
-10.749239,18,525.164947
-10.561151,17,525.219717
-10.654158,18,525.278857
-10.850242,19,525.340071
-10.698903,18,525.398078
-10.726252,18,525.456952
-10.745796,18,525.514883
-11.178195,19,525.576054
-11.438634,20,525.641372
-10.557879,17,525.697108
-10.663171,18,525.756221
-10.439532,17,525.811266
-10.704834,18,525.869911
-10.638667,18,525.928081
-10.736531,18,525.986008
-10.701928,18,526.044558
-10.726964,18,526.103266
-10.736824,18,526.161202
-10.928102,19,526.219966
-10.708241,18,526.275363
-10.809268,18,526.330418
-10.657961,18,526.386053
-10.70046,18,526.441279
-10.735278,18,526.4961
-10.849288,18,526.879894
-10.949107,19,526.939494
-10.511061,17,526.994237
-12.142436,23,527.069438
-10.797755,18,527.127755
-10.879012,19,527.189083
-10.998188,18,527.24758
-10.544085,17,527.3034
-10.694876,18,527.36256
-10.774873,18,527.420898
-10.829111,19,527.483025
-10.951126,19,527.544997
-10.771541,19,527.606677
-10.511855,17,527.661985
-10.730293,18,527.721344
-10.801833,18,527.779685
-10.744131,18,527.837897
-10.857007,18,527.896932
-10.898325,17,527.952216
-11.009965,19,528.014216
-10.713469,18,528.072768
-10.61444,17,528.128602
-10.942625,19,528.190934
-10.750749,19,528.253007
-10.64084,18,528.312129
-10.9922,18,528.371699
-10.521693,17,528.42638
-10.665686,18,529.129
-10.676331,18,529.187423
-11.120755,19,529.249533
-11.230668,19,529.312388
-10.524423,17,529.365479
-11.282566,18,529.422952
-11.031992,19,529.483953
-10.516018,18,529.884812
-10.525416,17,529.94051
-10.719773,18,529.999846
-10.548985,18,530.057904
-10.865099,19,530.11982
-10.517192,17,530.174685
-10.710018,18,530.232603
-10.558863,18,530.291624
-10.768988,18,530.349977
-10.703607,18,530.40783
-10.694823,18,530.465709
-10.815714,18,530.524211
-10.688722,18,530.582463
-10.747283,18,530.640632
-10.689254,18,530.699205
-10.731469,18,530.757203
-10.864039,19,530.818979
-10.747543,18,530.877064
-10.756069,18,530.936012
-10.852099,19,530.99768
-10.645382,18,531.055978
-10.697845,18,531.114531
-10.61377,18,531.172933
-10.691678,18,531.231703
-10.757715,18,531.290955
-10.709468,18,531.350606
-10.511332,17,531.40568
-10.765302,18,531.463677
-10.481351,17,531.519181
-10.613218,18,531.577451
-10.716207,18,531.635513
-10.675452,18,531.693696
-10.901885,19,531.755713
-10.709892,18,531.814765
-10.653247,18,531.872971
-10.667392,18,532.277618
-10.820319,18,532.337304
-10.68352,18,532.395718
-11.12519,20,532.460583
-10.54998,17,532.515503
-10.66178,18,532.573849
-11.070525,19,532.635338
-10.530261,17,532.689804
-10.768008,18,532.748757
-10.68915,18,532.807247
-10.526305,17,532.862047
-10.743569,18,532.920966
-10.733007,18,532.979666
-11.138723,20,533.044215
-10.519955,17,533.099335
-10.672857,18,533.793765
-10.753454,18,533.852189
-10.694641,18,533.911279
-10.712838,18,533.970461
-10.902144,19,534.031946
-10.726013,18,534.08923
-10.645165,18,534.146166
-10.585943,18,534.204799
-10.793449,19,534.26517
-10.707816,18,534.323164
-10.571773,17,534.385633
-10.655547,18,534.443458
-10.710506,18,534.501429
-10.74294,18,534.560025
-10.666332,18,534.618408
-10.723891,18,534.676569
-10.694994,18,534.734703
-10.68925,18,534.793622
-10.516638,17,534.84892
-10.494737,17,534.903563
-10.711409,18,535.307224
-10.726062,18,535.369066
-10.518522,17,535.420835
-10.874085,19,535.478622
-10.722172,18,535.533509
-10.823447,19,535.591635
-10.852068,18,535.646239
-10.695867,18,535.700521
-10.760624,18,535.754981
-10.685875,18,535.810187
-10.669935,18,535.864986
-10.693492,18,535.919734
-10.70791,18,535.97512
-10.780387,18,536.029806
-10.7464,19,536.087289
-10.699261,18,536.142137
-10.716507,18,536.197543
-10.666953,18,536.252028
-10.735601,18,536.306424
-10.565014,17,536.357723
-10.696503,18,536.412795
-10.495553,17,536.464726
-10.886231,18,536.519246
-10.490701,18,536.574326
-10.686845,18,536.628904
-10.605445,18,536.683239
-10.525403,17,536.7348
-10.770436,18,536.789535
-10.663474,18,536.844211
-10.514267,17,536.89571
-10.664674,18,536.950382
-10.684906,18,537.005302
-10.712535,18,537.060251
-10.664334,18,537.114713
-10.626411,18,537.169424
-10.949618,19,537.55054
-10.68284,18,537.607895
-10.729299,18,538.327783
-10.700316,18,538.386009
-10.644271,19,538.447464
-10.897844,19,538.508998
-10.671525,18,538.566989
-11.113004,18,538.625526
-10.71082,18,538.684242
-10.826265,19,538.745366
-10.838465,18,538.803395
-10.635129,18,538.861234
-10.650642,17,538.916418
-10.812304,18,538.97497
-10.659969,18,539.032978
-10.412059,17,539.087466
-10.756569,18,539.145355
-10.506296,17,539.200251
-10.823516,18,539.258733
-10.58437,17,539.314141
-10.763382,19,539.374935
-10.935012,19,539.436354
-10.523259,17,539.491253
-10.723583,18,539.549113
-10.692646,18,539.607422
-10.912899,19,539.669364
-10.692476,18,539.726993
-10.673348,18,539.784817
-10.77034,18,539.842746
-10.644943,18,539.900981
-10.641442,18,539.960401
-10.723049,18,540.018562
-10.737267,18,540.076704
-10.533533,18,540.13535
-11.02811,19,540.52116
-10.67313,18,540.579397
-10.597194,17,540.635567
-10.755852,18,540.693921
-10.680902,18,540.752103
-11.423992,19,540.813421
-10.681202,18,540.871757
-10.677888,18,540.930534
-10.772979,18,540.988934
-10.627303,18,541.047381
-10.691851,18,541.105852
-10.711739,18,541.164505
-10.721681,18,541.222697
-10.730863,18,541.281614
-10.706241,17,541.336606
-10.83826,18,541.395028
-10.652256,18,541.453493
-10.914248,18,541.512154
-10.741803,18,541.570793
-10.666309,18,541.629704
-10.78076,19,541.689189
-12.803571,25,541.768745
-10.693004,18,541.826236
-10.733337,18,541.884563
-10.851633,19,542.601994
-10.918689,18,542.657556
-10.686204,18,542.712334
-10.699793,18,542.76659
-10.749511,18,542.820951
-10.738919,18,542.876469
-10.541263,17,542.928136
-10.724522,18,542.983613
-10.545915,17,543.035459
-10.538944,17,543.088979
-10.517505,17,543.14125
-10.615111,17,543.820441
-10.701104,18,543.875875
-10.632098,18,543.931089
-10.788139,18,543.985863
-10.748569,19,544.044018
-10.665604,17,544.097423
-10.485249,17,544.149564
-10.66171,18,544.20478
-10.776922,18,544.260105
-10.695961,18,544.315847
-10.682004,19,544.374172
-10.703231,18,544.42935
-10.652173,18,544.485044
-10.769124,18,544.54035
-10.800874,18,544.595026
-10.949113,19,544.652699
-10.631902,18,544.708796
-10.898791,19,544.766452
-10.738444,18,544.821389
-10.720336,18,544.876756
-11.234873,20,544.9382
-10.709375,18,544.993074
-10.891491,18,545.048314
-10.656406,18,545.105663
-10.495218,17,545.157799
-10.417872,17,545.209184
-10.714953,18,545.26366
-10.553965,17,545.316115
-10.689139,18,545.371114
-10.684897,18,545.426406
-10.824448,18,545.482202
-11.0382,19,545.540223
-10.420879,17,545.592025
-10.764325,18,545.647437
-10.509407,18,545.703569
-11.118582,19,546.075852
-11.311881,21,546.141784
-10.799229,18,546.197105
-10.811029,19,546.258912
-10.515008,17,546.311771
-10.688286,18,546.369468
-10.969762,18,546.424594
-10.713089,18,546.479933
-10.892914,19,546.538827
-10.505254,17,546.590515
-10.494615,17,546.642246
-10.853405,19,547.326265
-10.795142,18,547.380628
-11.022134,18,547.435124
-10.694215,17,547.486389
-12.364542,23,547.557447
-10.680659,18,547.611898
-12.280217,23,547.680882
-10.625199,18,547.735536
-10.683107,18,547.789598
-10.886495,19,547.847275
-10.814128,19,547.904682
-10.647344,18,547.959208
-10.635935,18,548.013687
-10.514705,17,548.064779
-10.754526,18,548.120204
-10.507785,17,548.171631
-10.647528,17,548.222767
-10.670743,18,548.277043
-11.006669,19,548.33475
-10.694972,18,548.388975
-10.523655,17,548.440912
-10.729717,18,548.49543
-11.106328,18,548.557872
-10.515685,17,548.915611
-10.523965,17,548.967413
-10.789767,18,549.023019
-10.721051,18,549.077474
-10.977535,19,549.135642
-10.938399,19,549.193377
-10.715142,18,549.248178
-10.744188,18,549.302649
-10.741133,18,549.358021
-10.676259,18,549.412302
-11.422621,20,549.47273
-10.515941,17,549.524621
-10.514259,17,549.575908
-10.705637,18,549.630759
-10.708101,18,549.685123
-10.523511,17,549.736897
-10.724827,18,549.791394
-10.73567,18,549.845719
-10.534055,17,549.896778
-11.42209,20,549.957839
-10.686158,18,550.012487
-10.819539,18,550.066801
-10.506025,17,550.118307
-10.679211,18,550.173004
-11.333945,18,550.227716
-10.534549,17,550.281061
-10.657007,18,550.338969
-10.643264,18,550.394368
-10.722318,18,550.449126
-10.926779,18,550.503984
-10.663612,18,550.559444
-10.71322,18,550.61517
-10.541257,17,550.66872
-10.724292,18,551.80513
-10.493114,17,551.859781
-10.651532,18,552.246471
-10.708382,18,552.307952
-10.748314,18,552.370685
-10.712946,18,552.433537
-10.65537,18,552.494988
-10.524742,17,552.553223
-10.696818,18,552.613786
-10.479485,17,552.669688
-10.820849,18,552.729274
-10.519305,17,552.784388
-10.497512,17,552.840018
-10.692153,18,552.898658
-10.714156,18,552.957282
-11.573099,19,553.019954
-11.06703,18,553.082155
-10.80862,18,553.14328
-10.6667,18,553.203254
-10.851947,19,553.266614
-10.983408,18,553.327734
-10.907654,19,553.392338
-10.683354,18,553.45303
-10.831386,18,553.514053
-10.682941,18,553.575949
-10.68434,18,553.638158
-10.65369,18,553.699255
-10.509604,17,553.757327
-10.679926,18,553.821633
-10.678596,18,553.886468
-10.751115,18,553.949931
-10.518133,17,554.010151
-10.677515,18,554.072961
-10.681069,18,554.135169
-10.49519,17,554.193166
-10.720612,18,554.254683
-10.554155,17,554.313683
-10.502653,17,554.704006
-10.708357,18,554.764798
-10.687981,18,554.824809
-10.648708,18,554.886279
-10.618061,18,554.947979
-10.897398,18,555.0079
-10.727516,18,555.066297
-10.74792,18,555.126103
-10.705809,18,555.186498
-10.43876,17,555.243709
-10.503432,17,555.301725
-10.537584,17,555.362907
-10.739281,18,555.426368
-10.572573,17,555.486336
-10.689701,18,555.551092
-10.700001,18,555.61871
-10.78106,18,555.684308
-10.772126,18,555.745456
-10.734269,18,555.806726
-10.730838,18,555.872006
-10.537087,17,555.932244
-10.797486,18,556.828083
-10.596371,18,556.886648
-10.692046,18,556.942793
-10.667959,18,556.998739
-10.690273,18,557.054918
-10.41564,17,557.108731
-10.656382,18,557.16509
-10.50642,17,557.218272
-10.998628,18,557.274727
-10.700138,18,557.330718
-10.761401,18,557.386408
-10.797302,18,557.442616
-10.485948,17,557.495989
-10.69435,18,557.551913
-10.519092,17,557.938663
-10.54259,17,557.994819
-10.544462,17,558.050443
-10.491194,17,558.104772
-10.838273,18,558.162858
-10.625385,18,558.221226
-10.736698,18,558.279456
-10.397571,17,558.334191
-10.681724,18,558.392183
-10.667186,18,558.450382
-10.65665,18,558.508649
-10.961578,18,558.56564
-10.543697,17,558.619703
-10.799476,18,558.676949
-10.701007,18,558.734729
-10.717757,18,558.792569
-10.707268,18,558.850639
-10.671621,18,558.908738
-10.457332,17,558.962023
-10.670718,18,559.018941
-10.88453,19,559.079321
-10.676604,18,559.136482
-10.662853,18,559.193084
-10.693777,18,559.253777
-10.998996,19,559.31528
-10.879081,19,559.376039
-10.723889,18,559.434641
-10.720341,18,559.492907
-10.737466,18,559.551904
-10.691885,19,559.613726
-10.719888,18,559.67024
-10.505049,17,559.723712
-10.682526,18,559.780095
-10.700365,18,559.837042
-10.516605,17,559.889745
-10.651207,18,560.261611
-10.704886,18,560.32528
-10.690801,18,560.387348
-10.705454,18,560.447244
-10.680513,18,560.505208
-10.909983,19,560.565854
-10.682048,18,560.623269
-12.392563,23,560.696377
-10.522791,17,561.791356
-10.819267,18,561.848845
-10.915598,19,561.909986
-10.493455,17,561.965549
-10.695907,18,562.025487
-10.885191,19,562.089211
-10.874581,18,562.149901
-10.708933,18,562.210726
-10.693104,18,562.270904
-10.634433,18,562.330028
-10.4841,17,562.384895
-10.506512,17,562.440928
-10.712418,18,562.499432
-10.710338,18,562.558172
-10.684847,18,562.618864
-10.518737,17,562.676558
-10.513911,17,562.734373
-10.918858,19,562.799901
-10.684227,18,562.861912
-10.695686,18,562.925298
-10.725494,18,562.989833
-10.731248,18,563.054631
-10.518687,17,563.11604
-10.497446,17,563.17757
-10.647681,18,563.242799
-11.008597,19,563.310332
-10.683812,18,563.708405
-10.427246,17,563.76124
-10.918632,19,563.820892
-11.187793,20,563.888453
-10.803716,18,563.94831
-10.67663,18,564.00953
-10.599152,18,564.07089
-10.716567,18,564.132499
-10.899204,19,564.198177
-10.689407,19,564.263237
-10.551133,17,564.321501
-10.522219,17,564.37905
-10.715113,18,564.43816
-10.531576,17,564.494684
-10.631196,18,564.553617
-10.751487,18,564.612125
-10.742917,18,564.670632
-10.508965,17,564.726117
-10.683383,18,564.785239
-10.646774,18,564.844268
-10.675909,18,564.90539
-10.788838,18,564.967161
-10.882045,19,565.031912
-10.776901,18,565.09311
-10.513784,17,565.151755
-10.774989,18,565.213524
-10.698407,18,565.275106
-10.697768,18,565.334844
-10.919334,18,565.394022
-10.956896,19,565.45645
-10.739339,18,565.515608
-10.864421,18,566.412546
-10.704932,18,566.467366
-10.721008,18,566.523388
-10.425188,17,566.574859
-10.497394,17,567.243533
-10.694766,18,567.298375
-10.694115,18,567.353339
-10.836429,18,567.408692
-10.648315,18,567.46372
-10.692625,18,567.518411
-10.72065,18,567.573745
-10.760321,18,567.628535
-10.722985,18,567.682927
-10.794145,18,567.737367
-10.503715,17,567.788692
-10.681999,18,567.843694
-10.665007,18,567.898059
-10.802429,18,567.953392
-10.505976,17,568.00539
-10.72767,18,568.060682
-10.67705,18,568.116447
-10.515071,17,568.168725
-10.993902,19,568.226239
-10.612878,17,568.277398
-10.901437,19,568.335063
-10.508488,17,568.386622
-10.521961,17,568.438728
-10.700211,18,568.495036
-10.688301,18,568.551601
-10.643602,17,568.605589
-10.736865,18,568.662864
-10.644446,17,568.716998
-10.734052,18,568.774428
-10.745917,18,568.831976
-10.762508,18,568.889567
-10.682325,18,568.947291
-10.503503,18,569.005109
-10.586871,17,569.059788
-10.4797,17,569.114561
-10.540453,17,569.491762
-10.708039,18,569.551384
-10.775706,18,569.609175
-10.729115,18,569.667209
-10.698595,18,569.725004
-10.673495,18,569.783052
-11.088681,19,569.844049
-10.501877,17,569.898799
-10.50974,17,569.954132
-10.810341,18,570.012741
-10.680304,18,570.070861
-10.511459,17,570.125716
-10.704491,18,570.182942
-10.819112,19,570.243555
-10.680166,18,570.301216
-10.392642,17,570.356119
-10.714157,18,570.416042
-10.666959,18,570.474065
-10.416379,17,570.52906
