#{"t_start": 1762492845.3533762, "env_id": "None"}
r,l,t
-6.744768,18,0.737548
-8.417643,18,0.794701
-8.324883,20,0.856596
-8.01171,18,0.9137
-5.506327,18,0.969375
-6.029491,18,1.025131
-9.114549,19,1.0834
-7.797954,18,1.139472
-7.137621,18,1.194828
-6.358428,19,1.252894
-7.041355,19,1.311896
-6.941649,18,1.367751
-6.814242,18,1.423825
-6.337797,18,1.479132
-6.622359,18,1.535471
-8.105206,18,1.590569
-6.967291,18,1.645683
-8.299576,18,1.701222
-7.341902,19,1.760743
-7.244405,18,1.815967
-5.855215,18,1.871492
-7.064912,18,1.928231
-7.092167,18,1.98462
-7.72014,18,2.040183
-7.000852,19,2.099329
-5.285405,17,2.152762
-8.450904,18,2.208474
-7.103664,17,2.260869
-9.396142,19,2.31971
-7.457967,19,2.379093
-7.364412,18,2.435185
-7.467345,18,2.490475
-7.549544,18,2.546716
-9.32777,19,2.605362
-9.501044,20,11.513839
-8.882495,18,11.568775
-8.2423,18,11.623898
-9.188969,19,11.682706
-9.606672,19,11.74118
-5.893115,18,11.796579
-6.853202,19,11.85561
-6.775063,18,11.911251
-8.379245,18,11.967266
-7.030912,19,12.025542
-11.109059,19,12.08439
-6.966085,19,12.143142
-8.332674,18,12.198523
-8.585826,18,12.254316
-9.63786,19,12.313626
-8.836681,18,12.368866
-7.098883,19,12.427014
-8.974602,19,12.486517
-8.552158,18,12.541739
-7.988996,18,12.597008
-7.442449,18,12.652459
-6.54882,18,13.496295
-7.044793,17,13.549763
-7.949864,18,13.606125
-9.153884,19,13.666359
-6.964767,18,13.722927
-7.521381,17,13.776124
-7.466814,18,13.832422
-7.422175,19,13.89197
-6.984498,18,13.948275
-9.288038,19,14.008042
-8.13262,18,14.064612
-7.060634,18,14.121149
-7.238717,18,14.177497
-7.454353,19,14.569766
-8.145891,18,14.625984
-8.515889,19,14.685449
-8.994092,19,14.745205
-6.886951,18,14.800957
-7.08283,18,14.856777
-8.873365,19,14.916096
-8.0288,18,14.972083
-8.623205,19,15.031551
-8.056881,18,15.087825
-9.061546,19,15.147787
-8.456507,18,15.204278
-8.029233,18,15.260731
-7.040105,18,15.317414
-6.141158,18,15.373505
-4.54232,17,15.426288
-7.732503,18,15.482694
-7.66176,19,15.542425
-6.450915,18,15.598176
-8.242741,18,15.654119
-7.757977,18,15.711142
-7.038505,18,15.767159
-7.050508,18,15.823227
-8.430484,18,15.879223
-8.934649,19,15.939059
-8.047012,18,15.995412
-8.791275,19,16.054675
-7.442121,17,16.107864
-7.734302,17,16.16179
-6.510946,17,16.214708
-6.098671,18,16.270462
-9.703902,19,16.329825
-9.845817,19,16.389145
-6.775316,18,16.44506
-7.219779,19,16.835606
-7.173456,17,16.889252
-4.871166,17,16.943283
-7.302509,18,16.999814
-7.54266,18,17.055975
-9.098711,19,17.115983
-7.950199,18,17.172561
-6.771358,19,17.231982
-7.957052,18,17.288384
-8.332347,18,17.345428
-8.282613,18,18.12359
-6.019079,17,18.176664
-7.300809,18,18.231954
-7.961241,18,18.287295
-8.731221,18,18.343907
-8.815244,19,18.402539
-8.832256,19,18.460763
-6.90205,18,18.516944
-9.624666,19,18.576425
-6.934883,17,18.628781
-8.241867,19,18.687591
-7.266604,17,18.740803
-8.729914,19,18.799724
-12.393305,18,18.855189
-5.202658,17,18.907626
-8.641576,18,18.96351
-7.220418,18,19.018967
-7.085933,19,19.07777
-5.91079,18,19.135152
-6.486112,18,19.191577
-7.987808,19,19.250097
-9.07261,19,19.30804
-9.023875,19,19.366889
-8.434618,18,19.422874
-7.418863,17,19.475653
-7.928648,18,19.880318
-7.657573,18,19.937265
-6.268297,18,19.994041
-5.347659,18,20.050457
-8.755112,19,20.109843
-7.028687,18,20.167007
-6.384761,18,20.223813
-9.214987,19,20.283567
-8.155674,18,20.340649
-6.86346,18,20.397769
-8.338468,18,20.454668
-8.698052,19,20.514514
-8.20562,18,20.571799
-8.970118,18,20.628622
-8.585759,18,20.68529
-7.723996,18,20.742695
-6.560714,19,20.802999
-7.577642,19,20.86259
-6.676131,18,20.919352
-5.902147,18,20.97672
-7.361616,19,21.036196
-9.541227,19,21.095619
-8.498327,18,21.152231
-8.12617,18,21.209015
-7.512826,18,21.265304
-8.61384,19,21.324889
-9.43623,20,21.387905
-8.884299,18,21.444517
-8.429196,18,21.50076
-9.523328,19,21.561002
-6.419145,18,21.617339
-8.798616,18,22.306267
-6.499951,19,22.367272
-8.0344,18,22.424808
-13.630855,19,22.814631
-6.115587,18,22.870963
-9.191735,20,22.932797
-7.493515,19,22.992341
-9.521867,19,23.050871
-7.505504,19,23.10938
-8.123859,19,23.168715
-7.657372,18,23.22455
-6.814414,18,23.279647
-8.726616,18,23.33505
-8.389133,18,23.391328
-9.616465,19,23.449927
-7.940466,18,23.505886
-8.063175,18,23.561127
-8.240412,18,23.616947
-8.413051,18,23.671865
-7.076198,18,23.727145
-8.851511,18,23.783221
-8.04622,19,23.841428
-9.501627,19,23.900029
-6.865301,19,23.958435
-6.391172,18,24.014507
-10.145023,19,24.072655
-8.273369,18,24.127633
-8.997798,19,24.186195
-7.915123,19,24.24466
-9.281927,19,24.302871
-6.341078,18,24.358096
-5.496558,17,24.411068
-8.427483,18,24.466547
-8.394491,18,24.521531
-6.748174,18,24.576571
-7.123103,18,24.632693
-7.364874,17,24.684634
-8.348653,19,25.07534
-8.253297,18,25.130372
-5.564278,19,25.188762
-9.43425,19,25.247565
-7.61984,18,25.302675
-8.10837,18,25.363269
-7.06053,18,25.419379
-7.889742,18,25.474452
-8.163466,18,25.529525
-7.928494,18,25.584784
-6.976654,17,25.637146
-6.953706,19,25.694976
-9.875711,20,25.756274
-10.844676,20,25.818066
-6.934346,17,25.870094
-8.463655,18,25.925261
-8.839391,18,25.980322
-5.544909,18,26.035922
-6.9874,19,26.093811
-8.660004,18,26.791946
-8.206154,19,26.852185
-7.905794,18,26.909244
-7.263549,18,26.966175
-7.688694,18,27.023803
-7.568898,18,27.080846
-7.088728,19,27.14099
-7.519736,17,27.19471
-7.740698,18,27.252166
-8.501728,18,27.309254
-6.699481,19,27.370229
-8.028495,19,27.431723
-7.836757,18,27.48879
-7.345999,18,27.545368
-6.306803,18,27.602354
-7.063925,18,28.000409
-8.97011,20,28.065171
-7.223587,17,28.1192
-9.760692,19,28.179527
-7.754748,18,28.237592
-6.21917,17,28.292136
-6.878469,18,28.349245
-6.914155,19,28.409666
-10.907463,20,28.473441
-6.241461,18,28.531073
-6.972251,18,28.588534
-7.732627,18,28.646324
-6.624876,17,28.700575
-9.243391,19,28.760972
-7.962723,19,28.821463
-9.119305,19,28.882994
-8.605783,18,28.940483
-6.989408,17,28.994653
-7.355333,18,29.051934
-7.655883,20,29.114918
-8.204806,19,29.175425
-8.847048,19,29.236128
-9.032546,19,29.296808
-8.198274,18,29.35398
-8.484547,18,29.411239
-9.774474,20,29.475269
-8.97905,19,29.536327
-7.827383,18,29.593329
-7.809137,18,29.650997
-5.690854,17,29.705005
-8.408415,19,29.765796
-8.756572,19,29.825694
-7.895849,18,29.883492
-8.067715,19,29.943205
-8.617046,19,30.491202
-8.427006,18,30.547215
-6.369727,17,30.599717
-9.200635,19,30.659159
-6.740036,18,30.715174
-11.268403,20,30.777033
-8.301436,18,31.534962
-8.541884,18,31.590783
-7.761577,18,31.646199
-5.356596,17,31.699213
-8.47105,18,31.754302
-7.388261,18,31.809629
-7.228675,19,31.868168
-7.332381,19,31.926481
-6.921941,19,31.984842
-8.05133,18,32.04014
-8.123952,18,32.095932
-7.881291,18,32.151801
-8.486072,18,32.207086
-9.839194,19,32.26537
-8.553756,18,32.321165
-7.278628,18,32.376391
-9.220637,19,32.434776
-7.725279,18,32.490732
-7.091749,18,32.546055
-7.276499,19,32.604344
-6.961848,18,32.659875
-6.485884,18,32.715926
-7.593617,18,32.77145
-8.007319,18,32.826628
-4.74619,17,32.879261
-6.03402,17,32.931703
-7.175902,18,32.987015
-8.705875,18,33.042378
-8.908291,19,33.431792
-5.937406,18,33.488555
-7.736323,18,33.544122
-8.55106,18,33.599278
-8.972374,19,33.657549
-8.326741,19,33.7163
-8.075742,19,33.77481
-6.588805,18,33.829732
-7.486707,19,33.88821
-8.198084,19,33.946863
-7.238923,19,34.005109
-9.074858,20,34.066148
-8.513757,18,34.122037
-8.046446,18,34.177741
-7.790071,19,34.23595
-4.696303,17,34.288043
-8.86221,19,34.34659
-8.143375,18,34.401945
-8.646523,18,34.457148
-7.762614,18,34.512904
-5.231642,17,34.565787
-7.398273,18,34.621029
-6.751724,18,34.676143
-7.896357,19,34.735032
-6.518249,18,34.790087
-7.53764,18,34.845313
-7.690884,19,34.903721
-7.828021,18,34.959298
-9.449017,19,35.697385
-5.286947,19,35.758007
-9.426389,19,35.817094
-8.127006,18,35.8733
-6.312825,19,35.933518
-8.00685,18,35.990692
-7.025374,18,36.386023
-9.114368,19,36.446491
-8.380728,18,36.503405
-5.958469,18,36.560925
-7.909887,19,36.621018
-8.391379,19,36.680929
-6.274722,18,36.738562
-8.357781,18,36.79571
-8.513156,19,36.855913
-7.857128,18,36.913137
-8.70923,18,36.97074
-8.233432,18,37.027714
-7.289761,18,37.08439
-9.56368,19,37.144933
-7.500927,18,37.202103
-5.764555,18,37.259126
-6.519224,18,37.316297
-8.621041,18,37.373812
-9.497425,19,37.43382
-6.907081,18,37.490409
-8.037179,19,37.550556
-7.882474,18,37.6077
-9.141678,19,37.667956
-6.668775,18,37.72495
-8.359971,18,37.782304
-7.458187,19,37.84322
-6.794856,18,37.899802
-6.730505,17,37.953763
-8.818751,19,38.01447
-6.9191,18,38.071397
-7.660483,19,38.131657
-8.908277,18,38.189484
-8.047441,18,38.246564
-6.954371,18,38.30414
-6.364443,18,38.703592
-8.617646,18,38.761799
-8.024813,18,38.820064
-6.7273,17,38.875154
-7.939812,18,38.931057
-8.88042,19,38.991041
-6.435947,17,39.044553
-9.062651,19,39.104485
-5.018124,18,39.16177
-8.282303,19,39.221775
-8.237604,18,39.27852
-7.431259,19,39.338742
-6.87349,18,39.396497
-8.082061,18,39.45349
-6.668324,18,39.510573
-6.977724,18,39.567786
-8.388872,18,40.347643
-7.965539,18,40.40498
-6.374487,18,40.462483
-7.008343,18,40.519559
-7.226545,18,40.577278
-8.314937,18,40.634734
-7.9908,18,40.691605
-7.560992,18,40.756389
-6.140715,18,40.814271
-7.562221,18,40.8719
-7.273638,18,40.929155
-8.06627,20,40.993669
-8.101724,18,41.051327
-8.449441,18,41.108607
-7.194871,18,41.166019
-7.880366,18,41.22419
-4.854132,17,41.277952
-5.637244,17,41.332144
-8.258526,18,41.389862
-7.90174,18,41.785923
-6.939738,18,41.843295
-9.274332,19,41.90345
-6.395254,18,41.960444
-7.572739,18,42.018174
-7.977707,18,42.075053
-6.810468,18,42.132255
-7.088197,18,42.189383
-6.704853,17,42.243891
-8.604467,18,42.301168
-7.2054,17,42.354929
-7.607021,19,42.416603
-7.932163,18,42.474071
-7.187257,17,42.528777
-7.592804,18,42.586616
-8.074751,18,42.644954
-9.149588,18,42.702789
-7.229625,18,42.760182
-7.108736,18,42.817976
-8.720989,19,42.879352
-7.413939,19,42.94032
-6.439413,17,42.995705
-6.787005,18,43.054399
-7.634371,18,43.112299
-8.994228,18,43.169924
-9.773503,19,43.230643
-6.418711,17,43.284819
-7.599815,18,43.342339
-8.035164,18,43.399689
-10.829995,20,43.463966
-7.510787,17,43.518466
-8.25455,18,43.575999
-7.415643,18,43.634561
-8.749727,19,43.695483
-7.030061,17,44.091176
-7.150931,19,44.152345
-6.702378,17,44.206972
-8.196051,18,44.265305
-8.900589,18,44.921525
-6.960254,18,44.979093
-8.337671,19,45.040069
-7.214869,17,45.09496
-7.136867,19,45.155916
-5.203394,17,45.210694
-6.310465,18,45.269294
-8.531022,18,45.326993
-8.043587,18,45.385386
-8.613546,19,45.446953
-7.069211,18,45.505558
-6.81134,17,45.56006
-7.36213,18,45.617514
-8.299383,19,45.678734
-8.677529,18,45.736557
-5.718488,18,45.794609
-6.914777,17,45.849138
-7.47395,18,45.907578
-8.333018,18,45.965716
-8.440637,18,46.023123
-8.205208,19,46.084565
-7.800689,17,46.139112
-5.879598,17,46.19339
-8.341775,18,46.250521
-6.715325,17,46.305383
-8.459119,18,46.362788
-8.553488,19,46.423733
-7.375071,19,46.484882
-6.445614,18,46.542732
-8.284443,19,46.603463
-6.865949,17,46.657817
-6.415073,18,47.05752
-8.158254,18,47.116369
-8.718657,18,47.174222
-7.460689,17,47.228676
-4.666193,17,47.283194
-7.958809,18,47.34079
-5.981529,17,47.395694
-7.714263,18,47.453182
-6.576417,19,47.514444
-8.236765,18,47.57233
-6.084938,18,47.629935
-8.362826,18,47.687628
-8.341877,18,47.745582
-7.90323,19,47.806051
-8.492102,18,47.863534
-8.519586,18,47.921926
-7.087421,17,47.97679
-7.836741,18,48.034526
-5.65309,17,48.089239
-8.362668,19,48.150291
-8.050903,18,48.207426
-7.767628,18,48.265179
-8.161909,19,48.326746
-7.315965,18,48.38471
-7.760708,18,48.442811
-5.740531,18,48.501008
-7.106623,18,49.193834
-5.823964,18,49.250171
-7.463198,19,49.31092
-8.342091,18,49.368427
-7.106509,18,49.425631
-7.60991,18,49.482763
-7.308557,18,49.540945
-8.657745,18,49.598325
-7.568571,18,49.65606
-5.915766,17,50.035477
-9.036983,19,50.096939
-7.122547,17,50.151655
-9.116537,19,50.212642
-8.210569,18,50.270734
-5.861007,18,50.328578
-6.9928,18,50.386652
-7.316274,17,50.441454
-6.286877,18,50.498852
-5.973442,18,50.556807
-7.444857,18,50.614747
-6.245875,17,50.669
-7.4476,19,50.731253
-7.074102,17,50.786665
-6.360817,19,50.847379
-6.508782,18,50.904876
-5.349209,18,50.963505
-7.353335,18,51.021112
-8.728691,19,51.082405
-6.608308,17,51.137132
-7.66072,18,51.195273
-7.451789,18,51.252612
-8.291373,18,51.310633
-8.674275,18,51.369051
-8.669349,19,51.429887
-7.483742,18,51.487677
-5.945106,17,51.542533
-6.968497,18,51.601148
-7.964875,18,51.658718
-8.390965,18,51.716195
-9.230879,19,51.777694
-7.641994,18,51.835751
-7.712746,18,51.893283
-6.105777,17,51.94749
-9.012493,18,52.005694
-6.702448,17,52.517344
-6.601726,18,52.575634
-9.008895,19,52.636793
-6.805522,18,52.694421
-6.861974,17,52.749116
-8.607365,18,52.807912
-8.39785,18,52.865919
-6.723495,17,52.921007
-6.321914,19,52.982705
-7.113984,17,53.037775
-5.446973,17,53.09246
-7.329962,18,53.150095
-6.744328,18,53.208446
-9.488468,19,54.044947
-6.189876,17,54.097818
-5.717238,18,54.154082
-7.374113,19,54.214561
-8.608259,19,54.274906
-7.237248,17,54.328506
-7.039256,18,54.385864
-8.768368,18,54.443646
-6.314437,18,54.501365
-8.241968,18,54.558927
-8.598632,19,54.62077
-7.491503,17,54.675337
-9.114846,19,54.735617
-5.54668,18,54.793488
-8.143855,18,54.851128
-7.256847,19,54.911339
-8.511472,19,54.971596
-8.357178,18,55.029401
-8.720266,18,55.087145
-8.034218,18,55.144814
-6.757724,17,55.199341
-8.866395,18,55.579405
-8.391634,18,55.63803
-8.186793,18,55.695968
-8.31032,19,55.761513
-6.395281,18,55.819673
-8.749204,18,55.877507
-6.258075,17,55.932059
-8.369322,19,55.992656
-9.248446,19,56.054697
-8.426958,19,56.115083
-6.935379,18,56.172379
-6.615374,19,56.23343
-9.077624,19,56.294098
-5.833559,17,56.347589
-6.246262,17,56.401771
-7.508417,18,56.460222
-7.541492,18,56.517971
-7.633749,18,56.575592
-7.159777,18,56.633953
-5.145319,17,56.688752
-8.175343,18,56.746671
-7.96181,18,56.804295
-7.10397,18,56.862139
-7.968027,19,56.923213
-8.608135,18,56.980499
-6.064299,17,57.035721
-6.418301,18,57.093298
-8.084445,19,57.154541
-5.842572,17,57.20909
-8.22135,18,57.267643
-6.915823,18,57.325187
-7.556447,19,57.385892
-6.01581,17,57.440663
-8.120008,18,57.498484
-8.432261,19,57.559463
-7.997594,18,57.941406
-8.773289,19,58.675994
-5.854983,18,58.733538
-8.549063,18,58.79129
-7.718327,18,58.848947
-7.083722,18,58.907879
-8.953861,19,58.968715
-7.262321,18,59.02644
-9.753935,19,59.088236
-10.022164,20,59.15302
-8.434772,18,59.210898
-6.387666,19,59.272507
-8.745231,18,59.330168
-7.205285,17,59.384763
-7.604986,17,59.439306
-7.969153,18,59.497952
-8.399128,18,59.555815
-7.805129,18,59.613331
-6.868222,18,59.671189
-7.615948,18,59.729508
-7.656269,19,59.79056
-7.02784,18,59.848343
-7.379839,18,59.907274
-9.321735,19,59.968293
-5.448618,18,60.026506
-6.080269,17,60.081524
-7.173976,17,60.136622
-8.072197,20,60.20038
-6.247264,18,60.258192
-7.647603,18,60.316662
-5.891028,17,60.371742
-7.42678,19,60.432525
-8.328709,18,60.49097
-7.111601,17,60.546065
-7.272365,19,60.93315
-7.529747,18,60.992466
-7.394727,18,61.050764
-8.620181,18,61.109064
-5.150754,17,61.163886
-7.456009,17,61.219074
-5.054738,17,61.274194
-10.20527,19,61.335711
-8.892013,18,61.393931
-6.23402,17,61.448887
-7.326612,17,61.503551
-6.821219,18,61.562275
-7.131332,17,61.616866
-8.854029,19,61.677694
-6.58873,17,61.732431
-7.751555,18,61.790897
-8.674399,18,61.848794
-7.081481,19,61.909989
-6.258593,17,61.965128
-6.502029,17,62.019891
-7.720659,18,62.077559
-6.578043,18,62.136202
-6.909275,18,62.194573
-7.843055,19,62.25579
-7.341849,18,62.936061
-7.102512,18,62.994792
-8.142267,18,63.052738
-6.328659,17,63.107509
-7.026685,18,63.165963
-8.490988,18,63.223348
-7.546955,17,63.277213
-7.786258,18,63.33492
-6.735862,17,63.389525
-8.392363,18,63.446622
-6.866567,18,63.504281
-8.294812,18,63.562072
-6.870843,17,63.940228
-8.327323,18,63.998181
-8.034924,18,64.055543
-8.327979,18,64.113116
-6.429008,18,64.170942
-6.189996,17,64.225682
-6.011426,18,64.282879
-6.716759,18,64.339739
-7.994297,18,64.397227
-6.578285,17,64.451573
-5.784353,18,64.511777
-8.242244,18,64.571231
-7.147096,17,64.625985
-7.28555,18,64.684263
-6.182179,17,64.738589
-6.685188,19,64.80039
-6.330483,17,64.854656
-7.036007,17,64.909354
-6.604787,18,64.967633
-4.535246,17,65.024028
-7.779945,18,65.079893
-7.290036,19,65.139058
-8.463155,18,65.1957
-6.825502,17,65.248726
-8.804406,18,65.304608
-6.726883,17,65.357426
-6.264601,17,65.411566
-6.225783,18,65.46781
-8.004765,18,65.524126
-7.88919,18,65.580676
-9.023059,19,65.639685
-7.35706,18,65.695903
-8.231589,18,65.758302
-8.478158,18,65.815402
-7.059534,18,65.871401
-8.685276,19,66.246314
-8.84985,18,66.302611
-4.746211,17,66.35537
-7.590508,18,66.411964
-8.234532,18,66.46805
-5.542564,17,66.521037
-7.817015,18,66.576878
-6.158299,18,66.633473
-6.548262,17,66.686041
-5.653099,17,66.738689
-8.866886,18,67.453866
-5.730962,17,67.506285
-6.614135,17,67.558884
-7.098188,18,67.614852
-6.075678,17,67.667751
-5.325017,17,67.7204
-8.485657,18,67.776049
-8.77405,18,67.832002
-7.719204,18,67.887566
-6.920562,17,67.940416
-8.580623,18,67.996467
-8.26228,18,68.053356
-8.148739,18,68.109201
-6.104587,17,68.161718
-6.087104,17,68.214088
-8.479177,18,68.269845
-6.108616,17,68.322179
-7.60028,19,68.380553
-8.30004,18,68.436852
-8.582177,19,68.495435
-7.037246,17,68.548145
-7.177804,17,68.600453
-5.271213,17,68.653628
-6.117478,17,68.706011
-6.987003,18,68.761472
-6.507837,17,69.130392
-8.178828,18,69.187103
-4.946374,17,69.240697
-4.797066,17,69.293462
-5.826971,17,69.346194
-4.96054,17,69.399152
-5.852942,17,69.452785
-4.650633,17,69.505768
-7.132746,17,69.558443
-8.175771,18,69.614025
-5.62205,18,69.670306
-4.877788,17,69.722689
-6.736848,17,69.775358
-5.843526,18,69.830794
-8.883146,18,69.887378
-8.391077,19,69.946186
-8.159659,19,70.00497
-6.622147,18,70.061566
-8.244003,18,70.117345
-6.226487,17,70.169946
-7.102071,17,70.222762
-6.523028,17,70.275584
-9.003703,18,70.330891
-6.209261,17,70.383331
-8.254703,18,70.438877
-6.111544,18,70.494785
-6.177993,17,70.547261
-6.087708,17,70.599985
-6.367131,19,70.658884
-5.109648,17,70.711436
-8.099216,18,70.768225
-6.866112,18,70.824305
-8.222948,18,70.880413
-7.230876,17,70.933126
-6.672009,17,71.677521
-5.92481,17,71.732046
-8.87136,18,72.115434
-7.630682,18,72.173838
-8.132042,18,72.232118
-5.643914,17,72.287332
-7.954943,18,72.345279
-5.366849,17,72.400384
-7.732298,18,72.458242
-7.113746,17,72.513339
-6.612078,17,72.567684
-6.016007,17,72.6225
-6.925161,18,72.681148
-9.320937,19,72.742128
-6.446328,17,72.796489
-7.940866,18,72.853659
-8.21858,18,72.911591
-8.751081,19,72.97225
-8.098081,18,73.029505
-8.53559,18,73.087304
-6.148435,17,73.141617
-8.354814,18,73.199184
-9.302428,20,73.263461
-5.548273,17,73.318415
-4.775875,17,73.373097
-6.355661,18,73.430851
-8.035694,18,73.488492
-7.61352,18,73.546428
-4.928487,17,73.600605
-5.429186,17,73.654608
-6.45529,18,73.712731
-8.442947,18,73.770392
-6.593618,18,73.827621
-4.447613,17,73.881522
-6.324442,17,73.936077
-7.03452,17,73.990366
-8.242623,18,74.047556
-6.768711,18,74.531799
-5.753564,18,74.589318
-6.136649,17,74.6436
-5.900667,17,74.697532
-4.957098,17,74.752249
-6.325785,18,74.809944
-5.962846,17,74.863848
-5.742179,17,74.917888
-8.451875,18,74.975103
-7.010611,18,75.032425
-7.69094,18,75.089659
-7.133062,18,75.147529
-8.02356,18,75.204875
-7.465927,18,75.26233
-6.89357,17,75.316961
-7.869302,18,75.374306
-7.572993,18,75.431662
-6.625037,18,75.488796
-6.909696,18,75.546304
-5.671607,18,75.603409
-7.890589,18,76.298572
-6.536293,18,76.356003
-6.603221,18,76.412014
-6.813339,17,76.464821
-8.549603,18,76.520454
-6.313288,17,76.57367
-7.787802,18,76.629316
-6.981229,17,76.681935
-5.844243,18,76.738019
-7.022074,18,76.793986
-6.079928,17,76.847136
-6.988075,17,76.900514
-5.818373,17,76.953998
-8.059113,18,77.00987
-5.831626,18,77.065669
-6.120577,17,77.118553
-8.640472,18,77.491923
-6.086357,17,77.545269
-9.632712,19,77.604134
-6.851694,18,77.660051
-9.105934,19,77.718653
-7.960971,18,77.775083
-5.222421,17,77.827964
-6.504101,17,77.880235
-6.454116,17,77.932924
-8.482859,18,77.990045
-6.955256,18,78.04634
-7.767003,17,78.098868
-6.181155,17,78.152262
-5.026323,17,78.204994
-7.628005,18,78.260435
-9.615588,19,78.31904
-7.058752,18,78.375032
-4.322638,17,78.427867
-8.255308,18,78.483676
-7.608494,17,78.536162
-6.146477,17,78.588923
-8.591775,18,78.644625
-6.704763,18,78.70024
-8.537106,18,78.755891
-7.214519,17,78.809
-8.268592,18,78.864629
-6.562489,18,78.920302
-7.021077,18,78.976604
-7.712705,18,79.032536
-5.760164,17,79.08509
-6.523084,17,79.137634
-5.522657,17,79.19082
-5.491407,17,79.24352
-7.077586,18,79.299349
-8.487716,18,79.355224
-8.057719,18,79.725897
-6.363057,17,79.779707
-5.74435,17,79.832792
-6.176153,17,79.885381
-5.244287,17,79.938115
-6.92529,17,79.991581
-7.322475,17,80.044276
-5.797714,17,80.096704
-7.63671,18,80.749966
-4.124051,17,80.8038
-6.050809,17,80.856434
-7.941942,18,80.912186
-7.736701,18,80.968073
-7.132608,17,81.02164
-6.69747,18,81.077641
-5.581542,17,81.130521
-4.881233,17,81.183769
-5.935551,18,81.240164
-6.51252,18,81.296419
-6.919311,17,81.354021
-5.699368,17,81.40759
-5.836598,17,81.460392
-5.261122,17,81.513289
-6.132626,18,81.568631
-6.355168,17,81.621924
-6.576809,17,81.674838
-8.137335,18,81.730363
-6.967268,17,81.783185
-6.010758,17,81.836726
-8.108069,19,81.895411
-5.834862,17,81.947977
-4.798717,18,82.003882
-8.337805,18,82.059916
-7.384148,18,82.115613
-8.367347,18,82.170889
-7.980183,18,82.227152
-8.919289,19,82.60291
-5.938409,17,82.656
-5.648292,18,82.711575
-5.572809,17,82.764011
-6.41732,17,82.81721
-8.083584,18,82.873495
-7.160085,18,82.929147
-5.873418,18,82.984797
-7.647594,18,83.041199
-6.634174,18,83.09707
-7.219521,17,83.149723
-7.052863,17,83.202251
-6.275898,17,83.255615
-7.546201,18,83.311702
-5.15785,17,83.364239
-4.487607,17,83.417418
-5.347078,17,83.47047
-8.466886,18,83.526201
-6.280281,17,83.578732
-5.891888,17,83.631859
-5.011976,17,83.684625
-7.135986,17,83.737201
-7.325449,17,83.789933
-8.463511,18,83.846188
-5.732904,17,83.898866
-7.915463,18,83.954464
-7.121588,17,84.00695
-6.15584,17,84.060151
-7.559232,18,84.115689
-6.391463,17,84.168139
-8.853017,18,84.948701
-5.475674,17,85.00212
-7.208555,18,85.058837
-6.570806,17,85.111484
-6.372228,17,85.164096
-7.590307,17,85.216699
-7.43454,18,85.586786
-7.756852,18,85.642648
-6.308307,18,85.698751
-7.204847,17,85.751003
-5.934701,17,85.803875
-6.593001,17,85.856585
-7.890842,18,85.912511
-5.269199,17,85.964714
-7.328852,18,86.020573
-8.848669,18,86.076747
-7.545294,18,86.132069
-5.698775,17,86.184283
-4.987126,17,86.236415
-6.537165,18,86.292485
-7.060752,18,86.352494
-8.529493,18,86.408047
-7.190206,17,86.460538
-7.829487,19,86.519501
-5.676889,17,86.571929
-5.773006,17,86.624297
-5.624527,18,86.680154
-7.865329,18,86.735528
-7.161888,17,86.787917
-7.240838,17,86.840168
-7.330141,18,86.896409
-8.743356,18,86.952327
-8.236842,18,87.007658
-6.323106,18,87.063947
-5.378446,18,87.120049
-7.659332,18,87.175575
-6.010413,18,87.231141
-6.775279,18,87.287207
-5.322471,17,87.339978
-5.26737,17,87.392353
-6.626342,17,87.445211
-4.771431,17,87.811523
-5.425973,17,87.864524
-8.13056,18,87.920983
-4.710154,17,87.973702
-4.813456,17,88.026364
-7.219694,17,88.079329
-5.304625,17,88.132172
-6.420471,18,88.187572
-7.927036,18,88.243039
-4.655283,17,88.296489
-6.541476,18,88.352047
-5.732329,17,88.404191
-5.646416,17,88.4566
-6.106175,17,88.509601
-8.006755,18,88.565504
-5.669558,17,88.617841
-7.709583,18,88.67317
-8.353938,18,88.729291
-7.747382,18,89.557822
-8.261687,18,89.614964
-6.738384,18,89.672096
-6.655556,18,89.73054
-7.672677,17,89.784924
-5.982399,17,89.839724
-7.150361,17,89.894793
-5.569876,17,89.949765
-5.786961,17,90.004327
-6.778264,17,90.058844
-6.433877,17,90.113846
-6.143502,17,90.168897
-4.856121,17,90.223786
-6.603249,17,90.278569
-5.894212,17,90.334239
-6.055355,18,90.392391
-4.041996,17,90.447295
-6.074989,17,90.502443
-4.794568,17,90.883975
-7.177052,17,90.939934
-4.809249,17,90.995134
-5.4355,17,91.049925
-7.783592,19,91.111268
-5.120999,17,91.167388
-6.167248,17,91.222378
-6.220068,18,91.280487
-7.296027,17,91.336031
-4.872729,17,91.39397
-8.115257,18,91.451998
-7.08202,18,91.509849
-8.267787,18,91.568288
-7.215268,18,91.626985
-5.822488,18,91.684703
-8.535371,18,91.743433
-5.657914,17,91.798407
-7.318116,18,91.856476
-6.291459,18,91.914574
-6.65116,18,91.972987
-4.920124,17,92.028162
-4.361886,17,92.083205
-5.254347,17,92.138486
-7.586208,18,92.196954
-5.575258,17,92.25201
-8.061579,18,92.310208
-6.277066,17,92.36582
-8.677761,19,92.426898
-4.663539,17,92.482258
-6.218767,17,92.537074
-6.557876,17,92.592078
-8.13423,18,92.64988
-8.651032,18,92.70741
-8.263801,18,92.765648
-5.931853,17,92.820971
-7.731622,18,92.879117
-7.308198,18,93.262598
-6.34169,18,93.320981
-6.033834,18,93.379471
-6.277544,17,93.434999
-5.434595,17,94.136999
-9.098849,19,94.198011
-6.641264,17,94.251931
-4.96352,17,94.3058
-4.801637,17,94.359472
-7.083878,18,94.41719
-7.348513,17,94.471286
-6.521718,17,94.525598
-7.443466,18,94.583201
-8.652769,18,94.640869
-6.3305,17,94.694989
-5.295812,17,94.749126
-7.773879,18,94.806829
-6.809775,17,94.861288
-6.379801,17,94.915615
-5.009551,17,94.969519
-7.503179,18,95.02758
-8.481881,18,95.085587
-5.456907,17,95.140197
-5.756651,17,95.194777
-7.472699,18,95.252693
-9.049227,19,95.313175
-6.768309,17,95.367372
-5.406748,17,95.422113
-7.970736,18,95.47993
-6.107844,17,95.534664
-4.697127,17,95.589155
-7.191769,18,95.647517
-5.904296,17,95.702444
-6.336372,18,95.760442
-5.980289,17,95.815203
-7.292869,17,95.869925
-6.258913,17,96.362003
-6.191247,17,96.415138
-5.116699,17,96.467544
-8.18194,18,96.522871
-5.188325,17,96.575072
-7.556643,18,96.630815
-7.300684,17,96.683163
-5.9733,18,96.738711
-5.863496,17,96.791287
-4.801802,17,96.844048
-7.76039,18,96.899299
-7.250843,18,96.95461
-6.288065,18,97.010262
-5.523812,17,97.062757
-5.217991,17,97.114758
-4.461061,17,97.167128
-5.811181,17,97.2198
-5.823985,17,97.273072
-6.100134,17,97.32576
-8.538092,18,97.382008
-7.107935,17,97.439258
-5.919332,17,97.49292
-8.604933,18,97.549556
-6.194868,17,97.603409
-5.587761,17,97.658217
-6.793503,18,97.715706
-5.586286,17,97.770198
-5.517376,17,98.565625
-5.509299,17,98.618664
-6.190528,18,98.676347
-8.001321,18,98.733176
-6.950115,17,98.786967
-6.875294,17,98.841444
-4.784042,17,98.895849
-4.736511,17,98.949941
-6.120325,18,99.007826
-6.855879,18,99.389582
-6.075203,18,99.44587
-8.262329,18,99.501517
-7.748515,18,99.557222
-6.559804,17,99.609669
-6.010519,17,99.662718
-8.185795,18,99.718311
-5.928338,17,99.770565
-6.134722,17,99.822958
-10.102799,19,99.882119
-5.150381,17,99.935016
-5.187181,17,99.987694
-6.532106,18,100.043488
-7.410932,17,100.096796
-6.988966,17,100.149343
-6.61018,18,100.205401
-5.761209,17,100.258449
-4.948393,17,100.310859
-6.200232,18,100.366388
-8.349033,18,100.421731
-6.400121,17,100.474771
-7.65794,18,100.530448
-6.53812,17,100.583261
-6.495805,17,100.635665
-6.509664,18,100.69201
-6.143631,17,100.744638
-7.882996,18,100.800395
-8.749838,18,100.855738
-6.830347,17,100.908949
-7.703041,18,100.96444
-5.475623,17,101.016814
-7.206837,17,101.069463
-6.695441,18,101.125474
-6.303978,17,101.178368
-6.048781,17,101.230998
-4.892814,17,101.594943
-7.409958,17,101.647866
-8.195821,18,101.703961
-6.369431,17,101.756696
-6.668025,17,101.809307
-6.432349,18,101.86465
-4.753176,17,101.917629
-6.151432,18,101.972934
-7.366619,18,102.028075
-7.728744,18,102.083781
-6.031731,17,102.136319
-4.943408,17,102.188495
-4.907932,17,102.240571
-6.125845,18,102.296397
-4.678743,17,102.3486
-6.910043,17,103.023013
-4.918499,17,103.075284
-7.40434,18,103.131585
-7.393537,17,103.184084
-4.69543,17,103.236403
-6.27154,17,103.288692
-7.190705,17,103.341896
-7.710597,18,103.397964
-8.489873,18,103.453694
-4.995152,17,103.506684
-6.617094,18,103.562728
-5.090302,17,103.615229
-6.506852,18,103.670494
-4.466249,17,103.723316
-4.598873,17,103.77564
-4.394084,17,103.827946
-5.987067,17,103.880512
-5.677208,18,103.936915
-8.690878,19,103.995733
-6.193631,17,104.048451
-5.546104,18,104.104219
-8.000412,18,104.473796
-9.18393,19,104.534008
-5.964543,17,104.587097
-6.213252,17,104.639634
-7.162143,18,104.695302
-4.13311,17,104.748438
-6.365349,17,104.801342
-8.15222,18,104.856958
-5.765942,18,104.912223
-6.543227,17,104.965436
-8.008152,18,105.021327
-5.540964,18,105.077016
-6.665651,17,105.12996
-6.752499,17,105.182618
-5.94268,17,105.235123
-7.020589,17,105.287263
-7.495794,18,105.342809
-6.989178,17,105.395698
-4.797251,17,105.448472
-6.05306,17,105.500636
-6.229054,18,105.556623
-6.253746,17,105.609188
-6.548948,17,105.661558
-5.505851,17,105.713846
-7.309263,17,105.766686
-5.56593,17,105.818877
-6.190019,17,105.870989
-5.876893,17,105.922977
-4.720318,17,105.976238
-4.510635,17,106.028553
-8.954658,18,106.083913
-7.412197,18,106.139627
-6.372812,18,106.195395
-6.555702,17,106.247519
-5.04015,17,106.299587
-4.747053,17,106.352026
-5.18373,17,106.72215
-6.28931,18,106.779119
-4.600896,17,107.533785
-5.612445,17,107.587465
-8.389197,18,107.644129
-6.175348,17,107.697755
-8.974296,18,107.754761
-6.231325,18,107.812656
-6.031947,17,107.866906
-4.606511,17,107.921337
-9.62586,19,107.982593
-5.984618,17,108.036893
-6.75214,17,108.091133
-6.447449,18,108.148101
-6.947199,17,108.20327
-5.893179,18,108.260886
-6.006186,17,108.31525
-5.452073,18,108.373499
-6.573614,17,108.427909
-6.166349,17,108.48263
-5.957324,17,108.536911
-6.198264,17,108.592091
-4.887314,17,108.646795
-6.606505,17,108.70119
-6.744207,17,108.755814
-6.114024,17,108.811419
-5.143009,17,108.865568
-6.338472,17,108.92015
-6.499617,17,108.975307
-5.575291,17,109.030324
-4.4573,17,109.084763
-5.019241,17,109.139353
-9.023144,18,109.197388
-4.831896,17,109.252173
-4.541171,17,109.306713
-9.626401,19,109.367409
-5.63094,17,109.746431
-8.742533,18,109.803476
-5.37139,17,109.85627
-5.884722,17,109.908864
-7.393515,17,109.961408
-5.302966,17,110.01467
-4.998416,17,110.067224
-5.846997,17,110.119725
-7.611987,18,110.175413
-6.67468,18,110.231871
-5.203109,17,110.284286
-5.722716,17,110.336537
-4.694588,17,110.389374
-4.964282,17,110.442363
-4.706317,17,110.494796
-5.688052,17,110.547205
-5.545668,17,110.600297
-6.380354,17,110.653168
-5.224999,17,110.705757
-5.96092,17,110.758004
-7.000111,17,110.811366
-8.997415,18,110.866978
-8.920447,18,110.922283
-4.852474,17,110.974606
-7.656172,18,111.030862
-5.857119,17,111.785143
-4.328061,17,111.839819
-6.322538,17,111.894302
-8.914971,18,111.951813
-7.992399,18,112.010227
-6.579742,18,112.068586
-5.078697,17,112.123239
-6.461379,17,112.177921
-7.571558,18,112.236027
-7.063325,17,112.291035
-4.9476,17,112.346056
-7.314136,17,112.727101
-4.892632,17,112.780629
-4.611801,17,112.834087
-5.941896,17,112.887005
-6.630664,17,112.939198
-4.648845,17,112.991573
-4.547335,17,113.044462
-5.163044,17,113.096998
-6.105389,17,113.149394
-5.717928,18,113.205586
-8.892245,18,113.26183
-5.808545,17,113.31447
-8.302407,18,113.370048
-4.679304,17,113.423349
-7.240436,17,113.476941
-7.496601,18,113.535006
-4.906837,17,113.589535
-6.048653,17,113.643955
-6.948394,17,113.697784
-6.340152,17,113.750609
-4.860994,17,113.803453
-5.061303,17,113.857342
-5.890365,17,113.911215
-5.235873,17,113.9644
-4.615845,17,114.017437
-6.842251,18,114.076086
-6.899402,17,114.12943
-5.34369,17,114.182646
-5.958767,17,114.23582
-6.186784,18,114.292658
-6.439219,17,114.346075
-6.100509,17,114.399682
-4.873262,17,114.4533
-7.297334,17,114.506711
-4.971941,17,114.559077
-7.722426,18,114.615091
-4.623637,17,114.668427
-5.55141,17,115.039217
-4.752466,17,115.092819
-6.216518,17,115.145754
-6.090351,17,115.197961
-4.688592,17,115.250511
-5.671979,17,115.303958
-4.863399,18,115.359883
-4.850653,17,115.413095
-4.467492,17,115.466599
-6.40188,17,115.519192
-6.794414,17,115.573372
-5.456465,17,115.627235
-7.874992,18,116.415462
-5.855873,17,116.472222
-5.573578,18,116.531348
-7.007947,18,116.589601
-8.631267,18,116.648574
-6.078807,17,116.705035
-6.251125,18,116.764396
-6.405891,17,116.823941
-4.645038,17,116.880347
-6.199551,18,116.939173
-6.574261,18,116.997454
-4.712122,17,117.05178
-4.82169,17,117.107351
-6.72309,17,117.162696
-5.859786,17,117.217551
-6.293971,17,117.272882
-4.935243,17,117.328708
-4.783168,17,117.384548
-4.91745,17,117.441588
-4.420779,17,117.498519
-6.48427,17,117.555245
-5.934471,17,117.610894
-6.064512,17,117.666533
-6.167215,17,117.72291
-6.508627,17,118.22597
-5.766557,17,118.283091
-4.968276,17,118.339804
-6.439927,17,118.395827
-7.967779,18,118.455008
-5.764534,17,118.510983
-6.210944,17,118.566252
-7.363279,18,118.624819
-6.451241,17,118.680215
-4.970875,17,118.735719
-4.871156,17,118.791471
-5.234752,17,118.846577
-6.466272,17,118.901769
-5.926324,17,118.956981
-6.389779,17,119.012427
-6.301321,17,119.06786
-6.937425,17,119.123568
-6.759562,17,119.178907
-5.096966,17,119.233849
-5.485032,17,119.28882
-6.11043,17,119.344201
-5.799434,17,119.399016
-7.178869,18,119.456964
-4.961953,17,119.511831
-7.35547,18,119.570462
-5.050628,17,119.625215
-4.937042,17,119.680419
-4.500243,17,119.735534
-5.030778,17,119.790452
-5.625347,17,119.844854
-4.979651,17,119.899505
-6.842638,18,119.957746
-5.399545,17,120.012601
-5.490954,17,120.067466
-6.153713,17,120.122151
-8.522631,18,120.963878
-5.748336,17,121.016316
-5.677769,17,121.382617
-8.377506,18,121.438647
-5.275424,17,121.491337
-4.796058,17,121.544609
-6.405711,17,121.597172
-5.007543,17,121.649384
-5.818457,17,121.702614
-4.844936,17,121.755993
-4.643026,17,121.809744
-5.21538,17,121.862282
-7.23676,17,121.914845
-7.910948,18,121.971433
-7.348428,17,122.02414
-4.957094,17,122.07689
-4.449416,17,122.129328
-5.497457,18,122.186008
-5.955956,17,122.238547
-4.832193,17,122.291658
-5.22487,17,122.345421
-6.2168,17,122.399221
-4.462469,17,122.451851
-6.895305,17,122.504297
-6.452087,17,122.557225
-5.612747,17,122.610071
-6.405943,17,122.663101
-7.02466,18,122.719338
-7.597337,18,122.777363
-5.380948,17,122.832123
-6.159858,17,122.885407
-5.326443,17,122.937946
-6.140947,17,122.991649
-5.828023,18,123.047197
-7.345569,18,123.103707
-6.577655,18,123.160617
-4.48335,17,123.213895
-5.756447,17,123.26629
-7.022613,18,123.64046
-6.967729,18,123.696734
-4.77641,17,123.749868
-5.031348,17,123.803651
-5.029584,17,123.855944
-6.774076,17,123.908773
-7.43075,18,123.964737
-6.247975,18,124.021113
-5.75682,17,124.073576
-7.316078,18,124.129338
-4.612588,17,124.182735
-6.860718,18,124.238353
-6.053283,17,124.290581
-6.872287,18,124.346119
-7.897193,18,124.402401
-6.217965,17,124.455795
-6.024266,17,124.509938
-6.706417,17,124.564589
-4.850995,17,124.617994
-7.123372,18,124.673537
-6.214248,17,124.726285
-5.394269,17,125.464383
-4.452762,17,125.518933
-6.404111,18,125.579066
-5.032187,17,125.636139
-4.721427,17,125.691551
-4.538996,17,125.746339
-5.962169,17,125.801404
-6.243352,17,125.856654
-4.765297,17,125.910969
-8.119077,18,125.970915
-7.041268,18,126.031337
-6.5156,18,126.089983
-4.618065,17,126.144853
-5.75444,17,126.200225
-6.552066,17,126.255456
-4.808973,17,126.63725
-5.70236,17,126.695864
-8.23146,18,126.755876
-5.979451,17,126.819206
-4.758408,17,126.874137
-4.483523,18,126.932607
-6.902791,17,126.987487
-6.205326,17,127.042877
-6.035737,17,127.098449
-5.872916,17,127.15504
-5.47434,17,127.211338
-4.397991,17,127.266872
-7.934467,18,127.325541
-4.778482,17,127.380727
-4.036264,17,127.436615
-4.778417,17,127.491911
-4.568531,17,127.547406
-6.027933,17,127.602209
-5.751685,17,127.658016
-5.909439,18,127.717152
-4.384645,17,127.77402
-5.42242,17,127.831757
-5.643023,17,127.88768
-5.357735,17,127.943166
-5.853584,17,127.998912
-5.262508,17,128.05474
-5.15325,17,128.109966
-5.65406,17,128.164816
-5.757506,18,128.223522
-5.773196,17,128.278896
-4.56337,17,128.334265
-6.186439,17,128.389868
-5.060948,17,128.445841
-7.784752,18,128.505299
-5.479461,17,128.561511
-5.587349,17,128.617388
-6.08418,17,128.999979
-5.587734,17,129.057574
-6.005193,17,129.113302
-8.872375,18,129.172475
-7.202506,18,129.23114
-6.67052,17,129.287308
-6.177357,17,129.343038
-4.713021,17,129.398339
-6.502471,17,129.454077
-5.155093,17,130.152519
-6.866827,17,130.207647
-7.792794,18,130.266238
-4.753338,17,130.32133
-6.794467,17,130.376655
-5.834292,17,130.431938
-5.021045,17,130.486924
-5.772206,17,130.542043
-7.80696,18,130.600158
-4.651769,17,130.655533
-4.595603,17,130.711956
-5.640757,17,130.767789
-6.949289,18,130.82714
-8.350155,18,130.88635
-4.767836,17,130.94182
-5.948378,17,130.996381
-4.474949,17,131.051046
-4.71548,17,131.106067
-5.063987,17,131.161067
-6.920927,17,131.217547
-5.308274,17,131.274833
-4.831985,17,131.331219
-7.71245,18,131.389989
-4.695021,17,131.444818
-4.497105,17,131.499994
-5.272904,17,131.554773
-4.827248,17,131.609734
-7.673898,18,131.667834
-5.616522,17,132.047973
-6.874937,18,132.105913
-6.080248,17,132.160893
-6.06588,17,132.215676
-7.61607,17,132.270469
-4.943047,17,132.325363
-7.02157,17,132.380112
-8.038057,18,132.437768
-4.592594,17,132.492234
-5.856057,17,132.546746
-7.297738,17,132.601731
-5.362164,17,132.656377
-6.437809,17,132.71127
-4.371203,17,132.765887
-5.492203,18,132.823718
-7.144635,17,132.878563
-6.688733,17,132.933617
-4.600878,17,132.988519
-6.04854,17,133.043916
-7.520524,18,133.102841
-4.790825,17,133.158211
-6.060385,17,133.213511
-6.14224,17,133.269101
-6.344083,17,133.324382
-5.940833,17,133.379157
-5.949822,17,133.434796
-4.675421,17,133.49036
-5.133132,17,133.54585
-4.961674,17,133.601217
-6.426413,18,133.659728
-4.914186,17,133.71574
-4.631586,17,134.429184
-4.505351,17,134.482292
-4.909963,17,134.535611
-5.077539,18,134.592222
-4.898503,17,134.647004
-6.075421,17,135.023515
-4.650987,17,135.0793
-5.850077,17,135.135295
-5.47957,17,135.190946
-5.103804,17,135.246246
-5.036679,17,135.301887
-4.539194,17,135.358595
-4.965164,17,135.415747
-4.686482,17,135.475596
-4.401246,17,135.536445
-4.615154,17,135.596855
-4.788053,17,135.65694
-4.896024,17,135.717007
-5.906778,17,135.777127
-3.766923,17,135.837887
-4.63966,17,135.895743
-7.269107,17,135.954234
-7.527093,17,136.01217
-4.748276,17,136.070106
-5.49944,17,136.127241
-6.033938,17,136.183652
-4.693781,17,136.239605
-7.764215,18,136.300117
-7.895006,18,136.358949
-6.601266,18,136.418741
-5.95066,17,136.476183
-6.735995,18,136.537232
-4.992672,17,136.594695
-4.976567,17,136.657344
-4.173626,17,136.716846
-5.809575,18,136.779428
-5.404597,17,136.839474
-4.351539,17,136.89579
-8.186932,18,136.955527
-7.222372,17,137.012214
-4.365436,17,137.069309
-5.796857,18,137.467119
-6.812989,17,137.523181
-4.936409,17,137.578907
-5.724614,18,137.638579
-4.920602,17,137.694839
-5.601568,17,137.75136
-5.209204,17,137.807063
-8.60316,18,137.866838
-4.910434,17,137.924188
-6.034867,17,137.981127
-5.554075,17,138.03826
-4.662913,17,138.095267
-6.321231,17,138.151414
-6.476297,17,138.208438
-4.853538,17,138.265241
-6.030098,17,138.321595
-6.368759,17,138.378233
-4.770087,17,138.436394
-5.629841,17,138.494091
-6.075033,17,139.372407
-6.45693,17,139.426736
-6.028063,18,139.485197
-4.577676,17,139.540781
-5.390918,17,139.598873
-4.557058,17,139.656572
-5.574206,17,139.71277
-4.821136,17,139.768014
-7.107503,17,139.823484
-5.399157,17,139.879516
-5.619783,18,139.938072
-5.582282,17,139.993608
-5.093381,17,140.049219
-7.483326,17,140.105233
-5.915599,17,140.161638
-7.570602,18,140.222526
-4.512958,17,140.279131
-5.0355,17,140.336027
-5.548245,17,140.843557
-5.499064,18,140.90209
-5.370715,17,140.957612
-6.278787,18,141.017281
-6.587311,17,141.072501
-5.715748,18,141.130911
-5.025255,17,141.186028
-5.558237,17,141.241789
-5.314497,17,141.296898
-4.827759,17,141.351539
-4.928237,17,141.4063
-4.713714,17,141.463121
-5.830219,17,141.520618
-6.131571,18,141.58127
-5.061912,17,141.638457
-6.532298,17,141.695846
-4.674234,17,141.752725
-4.962845,17,141.809864
-5.851392,17,141.869988
-6.028699,17,141.9254
-6.130348,17,141.980796
-4.578189,17,142.037521
-4.800541,17,142.093627
-6.068301,18,142.15265
-4.944518,17,142.207685
-5.312251,17,142.264566
-8.306635,18,142.324311
-5.71675,17,142.381027
-6.777105,18,142.441908
-4.643918,17,142.498137
-5.414362,17,142.554772
-5.938267,17,142.611192
-6.338092,18,142.670401
-4.600782,17,142.727733
-5.057675,17,142.784435
-4.825574,17,142.840976
-6.544421,17,143.228574
-7.697239,18,143.288274
-4.93082,17,143.345685
-6.021769,17,143.402336
-5.211367,17,143.458835
-4.570915,17,143.515741
-4.861787,17,144.394594
-5.161774,17,144.452886
-6.203167,17,144.516018
-5.626499,17,144.573208
-5.969661,17,144.629938
-5.711233,17,144.685946
-6.977779,18,144.745337
-5.684804,17,144.800906
-7.050769,17,144.856526
-4.593304,17,144.912856
-4.941992,17,144.969275
-4.50544,17,145.025432
-6.591267,17,145.081734
-5.499992,17,145.138687
-4.621016,17,145.194558
-5.62791,17,145.251082
-4.48186,17,145.306866
-6.597416,17,145.363106
-5.017164,17,145.41972
-4.597593,17,145.476646
-7.407744,17,145.534388
-4.971361,17,145.591469
-6.512166,18,145.651948
-4.42848,17,145.709047
-7.528799,18,145.770244
-5.511573,17,145.827259
-6.447778,18,145.886097
-4.832462,17,145.941675
-5.994414,18,146.001182
-5.554742,17,146.057454
-4.672448,17,146.44735
-5.078908,17,146.504065
-5.199939,17,146.56434
-6.491519,18,146.625707
-4.596615,17,146.68356
-8.537516,18,146.745089
-4.428695,17,146.802609
-5.693438,17,146.859917
-5.550272,18,146.921791
-4.562031,17,146.979412
-4.375198,17,147.036156
-4.557627,17,147.093447
-5.585531,17,147.151429
-7.341273,17,147.210861
-4.842886,17,147.27154
-7.842683,18,147.334522
-5.559827,17,147.391903
-6.187906,18,147.452993
-4.52729,17,147.510465
-4.527475,17,147.568153
-4.966695,17,147.626608
-4.797616,17,147.685144
-8.132758,18,147.746207
-5.059017,17,147.803936
-5.372452,17,147.862544
-4.476833,17,147.919798
-4.306873,17,147.976478
-6.35638,17,148.032748
-8.402891,18,148.092373
-4.889208,17,148.986943
-5.334893,17,149.041918
-8.188995,18,149.099484
-4.74526,17,149.154053
-4.601118,17,149.208858
-4.659959,17,149.263956
-6.318887,18,149.322028
-4.655747,17,149.377587
-5.808815,17,149.757485
-4.643495,17,149.812811
-4.833534,17,149.867882
-4.920669,17,149.924772
-6.073085,17,149.981348
-4.894678,17,150.037769
-6.280405,18,150.097435
-4.852676,17,150.15371
-4.805951,17,150.209653
-4.515947,17,150.265535
-4.656774,17,150.320951
-5.300862,17,150.376865
-6.473033,17,150.432246
-4.371803,17,150.487787
-4.594789,17,150.543105
-5.767362,17,150.598759
-4.855051,17,150.654073
-5.385758,17,150.709673
-5.711299,17,150.764885
-4.927537,17,150.82029
-6.536671,17,150.875792
-5.658145,17,150.931406
-5.791749,18,150.990683
-6.359121,18,151.049689
-5.37639,17,151.106211
-5.97489,18,151.165453
-5.033202,17,151.220497
-5.277375,17,151.276109
-4.835465,17,151.331728
-5.379721,17,151.387384
-5.519672,17,151.442979
-4.865778,17,151.498318
-5.008254,17,151.554466
-4.928198,17,151.610984
-6.080441,17,151.666747
-5.007426,17,151.721907
-6.022914,17,152.102685
-4.318353,17,152.158647
-6.657381,17,152.214109
-4.738775,17,152.269287
-4.345822,17,152.327122
-5.10437,17,152.384576
-7.53718,17,152.445939
-4.682893,17,152.508083
-4.602808,17,152.566626
-5.000609,17,152.625206
-4.935778,17,152.683845
-4.885668,17,152.74223
-5.311172,17,152.801119
-4.512606,17,152.860006
-5.525023,17,152.918803
-4.710355,18,152.980926
-4.976422,17,154.451711
-4.637184,17,154.507498
-5.397581,17,154.562591
-4.78228,17,154.616954
-6.533642,18,154.674757
-5.828663,17,154.729549
-5.961407,18,154.788704
-5.241214,17,154.844164
-4.884106,17,154.906856
-6.558292,18,154.966369
-8.249316,18,155.025381
-5.737549,17,155.081193
-4.865049,17,155.138103
-4.595796,17,155.19443
-6.051442,17,155.251355
-5.660856,18,155.312185
-4.833365,17,155.369587
-4.710761,17,155.426585
-4.916321,17,155.484325
-4.679525,17,155.542191
-6.919669,18,155.602534
-4.560272,17,156.000396
-4.296258,17,156.058707
-5.041712,17,156.11731
-6.94685,17,156.175736
-7.39022,18,156.238248
-7.614456,18,156.300067
-4.685416,17,156.35812
-4.84763,17,156.416427
-4.898003,17,156.474803
-6.563274,17,156.533078
-6.502352,17,156.590941
-5.671012,18,156.651858
-5.658084,17,156.709665
-4.568909,17,156.766795
-5.99698,17,156.82413
-6.651093,18,156.885354
-6.329137,18,156.946286
-4.656496,17,157.003799
-8.848551,18,157.066139
-4.404484,17,157.124093
-5.789379,17,157.181605
-5.027998,17,157.239332
-4.804588,17,157.297333
-4.92262,17,157.355716
-4.63558,17,157.41429
-4.709798,17,157.472837
-5.989753,18,157.534935
-5.060687,17,157.593542
-4.893457,17,157.651879
-4.521804,17,157.710479
-4.953607,17,157.769202
-7.277526,17,157.828123
-6.535164,17,157.888253
-4.44197,17,157.947456
-6.06491,17,158.00628
-4.394066,18,158.068128
-5.767764,17,158.469913
-5.438746,17,158.528987
-4.900307,17,159.714223
-6.346129,17,159.769304
-4.647251,17,159.824751
-5.233057,17,159.881446
-5.387833,17,159.943831
-4.922644,17,159.998685
-4.143847,17,160.054394
-5.072734,17,160.109773
-4.912538,17,160.164892
-4.828851,17,160.219779
-5.779897,17,160.275162
-4.5893,17,160.33069
-4.568148,17,160.386049
-5.685592,17,160.441013
-4.962086,17,160.495479
-5.626404,17,160.550441
-4.776848,17,160.605538
-8.569714,18,160.663436
-4.791487,17,160.717697
-4.815127,17,160.772827
-6.968632,18,160.831628
-5.994289,18,160.889985
-6.142211,17,160.94541
-4.976079,17,161.000029
-4.977736,17,161.053962
-6.093426,17,161.108343
-4.927779,17,161.16374
-6.150637,17,161.218612
-4.675134,17,161.273582
-4.322538,17,161.329481
-5.805712,17,161.384463
-4.930076,17,161.440032
-5.625006,17,161.495467
-5.205485,17,161.550358
-5.095817,17,161.932118
-6.192892,17,161.987403
-4.903119,17,162.042429
-6.307515,17,162.097221
-4.6778,17,162.152566
-4.597347,17,162.207688
-8.299425,18,162.26616
-5.521805,17,162.320896
-6.740774,17,162.376014
-5.685276,18,162.433784
-4.954906,17,162.488772
-5.083266,17,162.543122
-4.941092,17,162.59739
-4.947648,17,162.652112
-4.432972,17,162.706154
-7.130868,18,162.763038
-4.887119,17,162.817183
-5.921409,17,162.873636
-6.214503,17,162.929313
-5.356805,17,162.985307
-6.112493,17,163.040662
-4.686891,17,163.096506
-4.834327,17,163.152047
-5.481008,17,163.207527
-8.478188,18,163.26677
-6.561367,17,163.322517
-6.046721,17,164.304522
-5.407029,17,164.362189
-6.260957,18,164.423452
-5.381983,17,164.480104
-4.43424,17,164.536859
-4.378566,17,164.59384
-4.674404,17,164.650389
-4.575449,17,164.705895
-6.288765,17,164.761403
-5.575118,17,164.817002
-5.280754,17,164.873908
-6.996339,18,165.382074
-4.720598,17,165.436096
-4.88739,17,165.489584
-4.919314,17,165.542834
-4.531124,17,165.597002
-4.456895,17,165.651811
-4.644046,17,165.706015
-4.797295,17,165.760954
-4.986135,17,165.815778
-5.668653,18,165.87395
-6.120666,17,165.929672
-5.001889,17,165.98448
-6.360355,17,166.039346
-5.392202,17,166.093612
-4.928161,17,166.148866
-6.190674,17,166.203146
-4.32493,17,166.257412
-5.804806,18,166.313789
-7.714319,18,166.371763
-4.733722,17,166.426591
-4.56172,17,166.481297
-6.015912,17,166.536126
-4.550554,17,166.589831
-5.919907,17,166.643934
-4.614878,17,166.698874
-5.12294,17,166.753992
-4.757346,17,166.809137
-5.377045,18,166.867454
-5.783438,17,166.922385
-4.72102,17,166.976264
-4.703925,17,167.029821
-4.789404,17,167.084244
-4.526615,17,167.137357
-4.546171,17,167.190396
-5.227547,17,167.243124
-4.517376,17,167.295918
-4.916477,17,167.666453
-4.465097,17,167.720287
-4.664999,17,167.773311
-4.929792,17,167.82656
-5.019988,17,167.879746
-4.98372,17,167.932882
-4.141548,17,167.985751
-4.227739,17,168.03894
-4.857222,17,168.091622
-4.618222,17,168.145865
-5.094027,17,168.199194
-4.413138,17,168.252347
-4.28885,17,168.305294
-6.537566,17,169.061566
-5.29691,17,169.115152
-5.03722,17,169.168979
-4.461937,17,169.222824
-4.782893,17,169.276321
-5.975324,17,169.33132
-4.550665,17,169.386567
-5.159413,17,169.442198
-4.506397,17,169.496358
-5.763145,17,169.550596
-4.671224,17,169.60424
-4.542798,17,169.658362
-5.331481,17,169.71233
-5.085085,17,169.766144
-4.602805,17,169.820204
-4.751999,17,169.87425
-4.463504,17,169.928751
-4.808799,17,169.982658
-6.332158,17,170.037299
-5.175392,17,170.091576
-4.6992,17,170.146782
-4.649087,17,170.200885
-4.859141,17,170.254477
-4.362206,17,170.308736
-4.953555,17,170.687805
-4.973829,17,170.741502
-4.533875,17,170.794853
-4.608905,17,170.849129
-4.546519,17,170.903537
-5.627849,17,170.957345
-3.773523,17,171.010693
-5.957667,18,171.066787
-4.601902,17,171.12016
-5.040353,17,171.174631
-4.809912,17,171.228959
-5.831693,18,171.286455
-4.528694,17,171.34062
-6.464403,17,171.395096
-4.841385,17,171.449348
-4.522615,17,171.502845
-4.914129,17,171.556696
-4.596914,17,171.609848
-5.671271,18,171.668163
-4.888434,17,171.722376
-4.544117,17,171.778785
-4.871553,17,171.835964
-7.8098,18,171.894912
-4.794259,17,171.95086
-4.354696,17,172.006332
-4.964308,17,172.065109
-4.667188,17,172.126996
-4.569473,17,172.1882
-6.319037,17,172.248724
-4.131389,17,172.308305
-5.901311,17,172.365312
-4.739834,17,172.418177
-5.184895,17,172.470785
-7.537613,18,172.527283
-5.122689,17,172.580041
-4.885824,17,172.634627
-4.696948,17,173.409889
-5.962446,17,173.800714
-4.64178,17,173.858275
-4.479735,17,173.915774
-4.475139,17,173.974518
-4.696711,17,174.032724
-4.509122,17,174.090985
-4.979631,17,174.149127
-5.841299,17,174.20707
-4.767866,17,174.264679
-4.518737,17,174.322231
-4.936967,17,174.380006
-4.588151,17,174.43756
-5.831408,17,174.495114
-4.900149,17,174.552664
-4.64921,17,174.609095
-4.623959,17,174.666746
-5.903545,17,174.723325
-6.185272,17,174.780093
-5.060483,17,174.837024
-4.464603,17,174.893941
-4.675775,17,174.950564
-5.3692,17,175.007449
-5.617516,18,175.069271
-6.118,17,175.128978
-5.017119,17,175.190861
-4.541268,17,175.251538
-5.238227,18,175.313672
-5.830368,17,175.374391
-4.36206,17,175.433062
-4.654207,17,175.491236
-8.282555,18,175.552698
-5.262921,17,175.611035
-5.891749,17,175.669338
-4.896195,17,175.727224
-4.564365,17,175.784467
-5.083966,17,175.84126
-5.938392,17,176.22596
-5.93658,18,176.284747
-4.663458,17,176.340182
-5.980534,17,176.395635
-4.898446,17,176.450948
-5.213544,17,176.506095
-5.101175,17,176.561424
-4.639172,17,176.616551
-4.877643,17,176.672358
-4.498049,17,176.729326
-4.571737,17,176.78513
-4.86681,17,176.840801
-4.464426,17,176.895899
-4.942505,17,176.951567
-4.943347,17,177.007855
-4.795264,17,177.063725
-4.477533,17,177.119636
-4.752063,17,177.175445
-5.350257,17,177.230425
-4.97312,17,177.285675
-5.381891,17,177.343079
-5.141961,17,177.400219
-5.731946,18,177.459825
-4.495694,17,178.441688
-4.75898,17,178.498594
-4.941533,17,178.557666
-4.313885,17,178.618726
-4.453183,17,178.681088
-4.772138,17,178.743704
-5.121852,17,178.802297
-4.948037,17,178.860688
-5.124664,17,178.920252
-5.150182,17,178.979125
-4.713184,17,179.037563
-4.822558,17,179.095826
-4.124868,17,179.154434
-4.994948,17,179.213382
-5.065245,17,179.613717
-4.335682,17,179.670259
-4.986128,17,179.728274
-4.628215,17,179.787483
-6.086781,17,179.847822
-4.867951,17,179.910387
-5.13988,17,179.9694
-5.748621,17,180.028545
-5.117562,17,180.087401
-4.41187,17,180.143602
-4.878159,17,180.200533
-5.303736,17,180.256775
-6.473658,18,180.316735
-4.636263,17,180.373076
-4.329732,17,180.430519
-4.932316,17,180.487839
-5.79482,18,180.548585
-4.370459,17,180.605363
-4.662363,17,180.662087
-4.833836,17,180.719412
-6.519851,17,180.776561
-4.60393,17,180.834503
-8.641769,18,180.893559
-5.502181,17,180.949704
-6.981427,17,181.005264
-4.802949,17,181.060468
-4.420526,17,181.115668
-5.739815,17,181.170665
-4.848621,17,181.225914
-4.83133,17,181.281425
-5.676723,17,181.336786
-4.39289,17,181.391985
-6.475468,18,181.451734
-5.356253,17,181.507086
-4.856234,17,181.563311
-4.583455,17,181.620069
-5.70354,17,182.014501
-5.28891,17,182.070325
-4.360537,17,182.126417
-5.808696,18,182.185329
-4.488657,17,182.241034
-4.654422,17,182.297172
-4.412664,17,182.363206
-4.671472,17,182.423517
-5.109819,17,182.48252
-4.851866,17,182.539161
-4.794481,17,183.511408
-5.865025,17,183.572811
-4.66659,17,183.63122
-4.237138,17,183.688372
-5.643839,17,183.745472
-5.019369,17,183.805632
-4.501614,17,183.863834
-4.951168,17,183.922045
-6.422672,18,183.983049
-4.576255,17,184.041507
-4.477684,17,184.098666
-4.806219,17,184.15421
-4.623235,17,184.210589
-4.538692,17,184.268042
-4.189641,17,184.325723
-4.436785,17,184.384644
-4.929114,17,184.443754
-4.895992,17,184.502994
-4.65457,17,184.562615
-4.71522,17,184.621315
-4.594076,17,184.679988
-4.836158,17,184.735953
-4.513806,17,184.791674
-5.568231,17,184.847996
-4.854491,17,184.905918
-5.443318,17,184.962493
-4.770062,17,185.019073
-4.975714,17,185.405606
-4.479308,17,185.463635
-4.922323,17,185.520188
-4.72965,17,185.576401
-4.656371,17,185.632581
-4.904872,17,185.688636
-4.579833,17,185.74388
-4.703276,17,185.799212
-4.923859,17,185.854742
-5.563368,17,185.90966
-4.464371,17,185.965017
-5.16252,17,186.020281
-5.714279,17,186.075636
-4.102003,17,186.131276
-4.759509,17,186.187234
-4.839414,17,186.246945
-4.162087,17,186.305471
-4.54054,17,186.364968
-5.44426,17,186.423656
-4.531552,17,186.483184
-4.559959,17,186.541478
-5.091468,17,186.597887
-4.595306,17,186.654084
-4.745344,17,186.710727
-4.771087,17,186.76659
-4.530247,17,186.822325
-4.885003,17,186.878341
-4.69175,17,186.93472
-4.478127,17,186.991019
-5.003374,17,187.04766
-6.52256,17,187.105591
-4.849894,17,187.164524
-4.715136,17,187.221808
-4.720956,17,187.946088
-4.958067,17,187.99905
-6.165022,17,188.051655
-5.979337,17,188.10522
-4.847579,17,188.588186
-4.823879,17,188.641823
-4.38588,17,188.695054
-5.09125,17,188.748498
-4.52896,17,188.801962
-6.790295,18,188.858836
-4.219566,17,188.912003
-4.850585,17,188.966027
-5.893488,17,189.02032
-4.499305,17,189.0743
-4.447805,17,189.128029
-4.513502,17,189.186176
-8.290743,18,189.246227
-6.694145,17,189.30475
-4.827408,17,189.363499
-4.417862,17,189.425711
-4.590015,17,189.490496
-4.665089,17,189.550935
-4.654166,17,189.61223
-4.494994,17,189.671278
-4.417881,17,189.730506
-4.397644,17,189.790477
-5.097179,17,189.849758
-4.761745,17,189.908375
-4.49622,17,189.966419
-4.506371,17,190.024202
-4.572417,17,190.082531
-4.722569,17,190.140323
-4.558183,17,190.196665
-4.965982,17,190.257465
-4.779436,17,190.318511
-4.404847,17,190.3798
-4.685031,17,190.441676
-4.716122,17,190.498796
-4.9572,17,190.555072
-4.71297,17,190.611237
-4.58551,17,191.011469
-5.030413,17,191.068509
-4.806781,17,191.125021
-4.929212,17,191.181368
-4.663472,17,191.237549
-4.817018,17,191.293002
-4.474509,17,191.348671
-5.171511,17,191.40399
-5.24879,17,191.460892
-5.463476,17,191.517876
-5.075344,17,191.575332
-4.268313,17,191.63319
-4.561152,17,191.691233
-4.185516,17,191.749266
-4.466261,17,191.807284
-4.630243,17,191.864353
-4.449705,17,191.922071
-4.483408,17,191.979411
-4.481022,17,192.036153
-5.25584,17,192.092327
-4.503663,17,192.858467
-4.261284,17,192.91215
-4.856068,17,192.965835
-4.350839,17,193.019459
-4.715748,17,193.072762
-5.805428,17,193.126355
-4.454342,17,193.179808
-4.72552,17,193.234207
-4.967179,17,193.287754
-4.981284,17,193.341396
-4.528409,17,193.395104
-5.731603,17,193.449167
-4.771849,17,193.502783
-4.440242,17,193.556503
-4.386034,17,193.617052
-5.373306,17,193.67415
-4.851848,17,193.732886
-4.6249,17,194.114058
-4.721742,17,194.168941
-4.668917,17,194.222328
-7.366877,18,194.278598
-4.769144,17,194.331254
-4.441744,17,194.384568
-4.66444,17,194.437822
-5.725835,17,194.491036
-4.547627,17,194.543563
-4.824217,17,194.595848
-4.48526,17,194.648278
-4.753978,17,194.701188
-4.438417,17,194.753327
-4.614733,17,194.805319
-5.290387,17,194.857376
-4.411292,17,194.909594
-4.311323,17,194.962
-5.505028,17,195.01461
-6.555665,17,195.066921
-4.819862,17,195.119205
-4.727137,17,195.171457
-4.537193,17,195.223659
-4.526247,17,195.275935
-4.63207,17,195.328221
-4.632819,17,195.380458
-4.667549,17,195.432599
-4.513007,17,195.485245
-4.533796,17,195.537607
-5.319242,17,195.58978
-4.505253,17,195.641939
-3.966177,17,195.694026
-4.600201,17,195.746198
-5.951201,17,195.798319
-5.651381,17,195.85045
-4.495587,17,195.902701
-4.881242,17,195.956197
-4.806161,17,196.011292
-4.412282,17,196.373523
-5.15775,17,196.426833
-4.663052,17,196.479267
-4.663402,17,196.531617
-4.704807,17,196.583944
-5.034457,17,196.636415
-4.554553,17,197.356057
-4.540303,17,197.411413
-4.805943,17,197.467546
-4.558326,17,197.522938
-4.693728,17,197.578401
-4.086054,17,197.634586
-4.287311,17,197.691026
-4.758801,17,197.747005
-4.826069,17,197.80252
-8.645467,18,197.861621
-4.456261,17,197.91685
-4.777615,17,197.972479
-5.721164,17,198.028109
-4.359069,17,198.083953
-4.944575,17,198.141126
-4.399703,17,198.197881
-4.446384,17,198.254151
-4.830011,17,198.310522
-5.258771,17,198.367309
-4.82993,17,198.423192
-4.822097,17,198.479104
-4.359287,17,198.534776
-4.48655,17,198.589867
-5.706576,17,198.645452
-4.806476,17,198.701545
-5.829339,17,198.757199
-4.503097,17,198.813175
-4.544911,17,198.869148
-4.656891,17,198.925143
-4.553553,17,198.981087
-4.466493,17,199.036865
-4.913174,17,199.420964
-5.103048,17,199.483734
-6.891458,18,199.541753
-4.80411,17,199.597253
-4.72878,17,199.652884
-4.996979,17,199.709182
-4.842795,17,199.764858
-4.517988,17,199.820666
-4.669383,17,199.876366
-4.884072,17,199.931861
-5.355557,17,199.987666
-4.903003,17,200.043349
-4.655886,17,200.09914
-6.132283,18,200.158441
-6.041269,17,200.214251
-4.57031,17,200.269927
-5.992281,17,200.325262
-4.308467,17,200.380685
-4.641251,17,200.436226
-4.387772,17,200.491738
-4.824564,17,200.547093
-4.52772,17,200.602584
-4.547212,17,200.658108
-4.581729,17,200.713751
-4.416918,17,200.768817
-4.555733,17,200.824001
-4.597506,17,200.87884
-4.651311,17,200.933682
-4.465937,17,200.988635
-4.989597,17,201.699079
-4.830222,17,201.751495
-5.576168,17,201.803758
-4.701375,17,201.85578
-4.803714,17,201.908138
-4.503771,17,201.960609
-4.892574,17,202.012757
-4.600635,17,202.37653
-4.551754,17,202.428956
-4.568253,17,202.481367
-5.982296,17,202.533734
-4.888433,17,202.585982
-4.49362,17,202.638116
-4.771634,17,202.690416
-4.11653,17,202.742783
-7.165003,18,202.798238
-4.915052,17,202.850559
-4.115671,17,202.902732
-5.931789,17,202.955018
-4.722049,17,203.007447
-4.831143,17,203.059655
-4.799198,17,203.111783
-5.652019,17,203.164117
-4.624499,17,203.216362
-4.814201,17,203.268506
-4.771582,17,203.32083
-4.335265,17,203.37302
-4.761376,17,203.42529
-4.580603,17,203.477649
-5.138558,17,203.529707
-4.607513,17,203.58183
-4.582821,17,203.634073
-4.604098,17,203.686133
-4.694846,17,203.738204
-5.929187,17,203.790551
-4.623499,17,203.842844
-5.315831,17,203.894948
-4.587565,17,203.947245
-4.291065,17,203.999401
-4.386347,17,204.051707
-4.762878,17,204.103827
-4.4611,17,204.155868
-8.698675,18,204.211096
-4.333844,17,204.263488
-5.594023,18,204.62932
-5.021199,17,204.681474
-5.112253,17,204.733749
-5.33608,17,204.7862
-4.530989,17,204.838467
-4.597979,17,204.89037
-5.015373,17,204.942593
-5.214044,17,204.99492
-4.611245,17,205.047779
-4.361747,17,205.100155
-4.963841,17,205.152298
-4.403771,17,205.204661
-4.486721,17,205.257326
-5.024268,17,205.309553
-4.835842,17,205.362245
-4.782214,17,205.414478
-4.362262,17,206.096313
-5.206823,17,206.151298
-4.45574,17,206.206311
-4.305841,17,206.261039
-4.267937,17,206.315744
-4.798295,17,206.37052
-4.347445,17,206.425346
-4.275153,17,206.480403
-4.837579,17,206.535589
-4.559218,17,206.590948
-4.574745,17,206.645732
-4.257307,17,206.700503
-4.504512,17,206.75523
-4.625233,17,206.810181
-4.715871,17,206.865074
-4.462397,17,206.920051
-5.325991,17,206.975115
-6.353035,17,207.030117
-4.39923,17,207.085475
-4.522693,17,207.140648
-4.617281,17,207.196118
-5.37585,17,207.576673
-4.240502,17,207.63122
-4.809769,17,207.686243
-4.377089,17,207.740968
-4.411119,17,207.795534
-4.692874,17,207.850585
-4.413574,17,207.905308
-4.37921,17,207.960253
-4.866643,17,208.015073
-4.63729,17,208.070072
-4.669117,17,208.125023
-4.768283,17,208.180363
-4.197886,17,208.23562
-5.113715,17,208.290471
-4.914508,17,208.345297
-4.408968,17,208.400015
-5.047429,17,208.454424
-4.811563,17,208.509192
-4.584884,17,208.564035
-4.344735,17,208.618874
-4.979129,17,208.673965
-4.565849,17,208.729069
-4.750409,17,208.784319
-5.622992,18,208.842576
-4.371519,17,208.897835
-4.545278,17,208.953029
-4.817663,17,209.008258
-6.11803,17,209.063482
-4.700547,17,209.118368
-6.047801,17,209.173758
-4.263284,17,209.228949
-4.571473,17,209.283839
-4.567499,17,209.338989
-4.637196,17,209.393946
-4.381252,17,209.44892
-4.41477,17,209.503878
-4.534746,17,209.991522
-4.800842,17,210.04668
-4.552678,17,210.101489
-4.715848,17,210.156164
-4.397833,17,210.854954
-4.462121,17,210.907445
-6.435376,17,210.960979
-5.342874,17,211.013311
-4.752645,17,211.065568
-4.637509,17,211.118135
-4.548402,17,211.170451
-4.870416,17,211.222471
-5.729073,17,211.27448
-4.769584,17,211.32676
-4.548057,17,211.378973
-4.363416,17,211.431267
-4.830167,17,211.483582
-4.796631,17,211.535864
-5.198522,17,211.58826
-5.047753,17,211.640433
-4.607256,17,211.692747
-4.972619,17,211.744858
-4.663832,17,211.797036
-4.637877,17,211.849287
-4.277268,17,211.901528
-5.461032,17,211.954111
-4.552331,17,212.006275
-4.803807,17,212.058855
-4.050505,17,212.111193
-4.000078,17,212.163324
-4.747775,17,212.215622
-4.954047,17,212.267861
-5.168618,17,212.320095
-6.014807,17,212.372135
-5.021411,17,212.424561
-4.669355,17,212.47693
-4.440383,17,212.529176
-4.490311,17,212.891229
-4.704203,17,212.944235
-4.668036,17,212.996766
-5.060391,17,213.049174
-4.813515,17,213.101482
-4.482103,17,213.153886
-4.315848,17,213.206332
-5.854726,17,213.258653
-4.823147,17,213.310966
-4.508958,17,213.363264
-4.456971,17,213.41551
-5.610479,17,213.468253
-4.600336,17,213.52071
-4.375242,17,213.572913
-4.803095,17,213.62528
-6.250046,17,213.677681
-4.597114,17,213.730147
-5.191304,17,213.782421
-4.489764,17,213.834834
-4.778302,17,213.887185
-4.737094,17,213.940092
-4.516229,17,213.992422
-4.32192,17,214.045141
-5.079216,17,214.097359
-4.435091,17,214.149905
-4.62136,17,214.202203
-4.82657,17,214.254589
-4.761066,17,214.918833
-5.073073,17,214.971327
-4.636433,17,215.024415
-4.824859,17,215.076927
-4.897899,17,215.129405
-4.597483,17,215.181863
-5.051251,17,215.234345
-4.424905,17,215.286891
-4.471592,17,215.339241
-5.144874,17,215.391666
-5.330419,17,215.756836
-4.015821,17,215.809535
-4.427253,17,215.862207
-4.587066,17,215.918178
-4.175586,17,215.970566
-5.446229,17,216.023188
-4.978578,17,216.075647
-6.109548,17,216.127928
-4.819354,17,216.180174
-4.678759,17,216.232681
-4.531199,17,216.285084
-4.527077,17,216.337337
-4.42629,17,216.389538
-4.932055,17,216.442222
-4.367371,17,216.494821
-4.430778,17,216.547458
-6.364849,17,216.600074
-4.37286,17,216.652544
-5.828065,18,216.708199
-4.675031,17,216.760443
-4.585761,17,216.812925
-5.396897,17,216.865374
-5.130247,17,216.917834
-6.105427,17,216.970539
-4.715909,17,217.023325
-4.359661,17,217.075872
-4.550085,17,217.128282
-3.953861,17,217.180635
-4.57143,17,217.233218
-4.162574,17,217.285782
-4.493001,17,217.338063
-4.477966,17,217.390429
-4.545276,17,217.442965
-4.500535,17,217.495735
-4.547907,17,217.548425
-4.39631,17,217.600732
-4.437707,17,217.653233
-4.730875,17,218.019172
-5.470544,17,218.07199
-4.244488,17,218.124472
-4.459391,17,218.177055
-6.095904,17,218.229591
-6.305226,17,218.281992
-4.706835,17,218.334325
-4.490058,17,218.387137
-6.079407,18,218.442766
-5.527157,17,218.49518
-4.768084,17,218.54778
-4.751671,17,218.600159
-4.465987,17,218.652617
-4.871435,17,219.386646
-4.968682,17,219.438804
-4.931506,17,219.491153
-4.642696,17,219.543237
-4.890487,17,219.595395
-4.458127,17,219.647682
-4.738335,17,219.699992
-4.96484,17,219.752284
-4.64687,17,219.80447
-4.303135,17,219.856666
-5.521457,17,219.908955
-4.401437,17,219.961299
-4.349021,17,220.013663
-4.42338,17,220.06605
-4.503636,17,220.118185
-4.348625,17,220.170324
-4.515444,17,220.222617
-4.045928,17,220.27476
-5.106055,17,220.327024
-4.408174,17,220.379326
-5.176047,17,220.431523
-4.307943,17,220.484011
-5.455203,18,220.539358
-4.442896,17,220.902273
-4.79422,17,220.962035
-4.500604,17,221.014301
-4.282344,17,221.066522
-4.757918,17,221.118774
-4.288395,17,221.170975
-4.740276,17,221.223099
-4.317392,17,221.275477
-4.593752,17,221.327708
-4.279782,17,221.379784
-4.981142,17,221.431852
-4.779808,17,221.484566
-5.45744,17,221.536738
-4.529291,17,221.588973
-3.837135,17,221.641137
-4.889502,17,221.693337
-4.514943,17,221.745531
-4.467037,17,221.79765
-4.471782,17,221.849802
-4.686277,17,221.90202
-5.490021,17,221.954286
-5.160521,17,222.006736
-4.51798,17,222.058958
-4.635015,17,222.111226
-5.576918,17,222.163366
-4.85259,17,222.215397
-4.120771,17,222.267508
-4.649731,17,222.319709
-4.702805,17,222.371825
-4.720788,17,222.423873
-4.604342,17,222.475955
-4.510559,17,222.528225
-4.475894,17,222.580298
-4.488417,17,222.632365
-4.78122,17,222.684443
-5.088676,17,222.736596
-4.507553,17,222.788855
-4.453904,17,223.797827
-4.417404,17,223.853026
-4.35937,17,223.908613
-4.502737,17,223.963952
-4.305522,17,224.019097
-4.141984,17,224.074383
-4.663314,17,224.129375
-4.493584,17,224.18458
-5.877919,17,224.239762
-4.569051,17,224.294775
-5.119218,17,224.349914
-4.510364,17,224.405019
-4.496705,17,224.460093
-4.66192,17,224.515247
-4.548649,17,224.570207
-4.41345,17,224.625058
-4.836137,17,224.68011
-4.673479,17,224.735073
-4.345449,17,224.790075
-4.401363,17,224.845006
-4.943329,17,224.89998
-4.917613,17,224.954875
-4.758088,17,225.009525
-4.926203,17,225.063715
-4.379152,17,225.118412
-4.393292,17,225.17332
-4.456081,17,225.227826
-4.497177,17,225.282393
-4.604678,17,225.33704
-4.961772,17,225.391799
-4.890943,17,225.446474
-4.311768,17,225.501151
-4.635296,17,225.555543
-4.731371,17,225.610232
-4.770443,17,225.664796
-4.149001,17,225.719155
-4.788625,17,225.77353
-4.24492,17,226.149139
-4.477545,17,226.203755
-5.009001,17,226.258296
-4.343231,17,226.312861
-4.659326,17,226.367398
-4.670342,17,226.42205
-4.502037,17,226.476765
-4.244964,17,226.531122
-4.515602,17,226.585837
-4.631096,17,226.64043
-4.519579,17,226.695143
-4.721366,17,226.74943
-4.73039,17,226.804077
-4.834361,17,226.859037
-4.11784,17,226.913619
-4.294763,17,226.968106
-4.911962,17,227.022654
-5.055067,17,227.077206
-4.381212,17,227.131799
-4.791897,17,227.186399
-4.605224,17,227.241071
-4.586109,17,227.295706
-4.969925,17,227.35003
-4.626586,17,228.01874
-4.553834,17,228.073282
-4.241365,17,228.127677
-4.787731,17,228.182204
-4.469769,17,228.23712
-4.725618,17,228.291813
-4.382324,17,228.346378
-4.835827,17,228.400856
-4.171547,17,228.455221
-4.564548,17,228.509869
-4.41403,17,228.564102
-5.14612,17,228.618225
-5.286488,17,228.672626
-4.625585,17,228.726919
-4.524066,17,229.101824
-4.769625,17,229.15612
-4.282762,17,229.210601
-4.309997,17,229.265304
-4.090274,17,229.319901
-4.544837,17,229.374473
-4.309458,17,229.42909
-4.800016,17,229.483444
-4.59652,17,229.537826
-4.703626,17,229.591979
-4.545361,17,229.646494
-4.745486,17,229.70111
-4.889316,17,229.755394
-4.472604,17,229.809253
-4.802228,17,229.863441
-4.715508,17,229.917855
-4.47413,17,229.972099
-5.637714,17,230.026124
-4.455443,17,230.080734
-4.485301,17,230.135386
-4.358732,17,230.189756
-4.266965,17,230.244001
-4.733288,17,230.298261
-4.277272,17,230.352783
-4.544735,17,230.407211
-5.403625,17,230.461471
-4.307337,17,230.515687
-4.52881,17,230.569877
-6.123202,17,230.624171
-4.522971,17,230.678468
-4.353894,17,230.732704
-4.697094,17,230.787109
-5.968443,17,230.841421
-5.167261,17,230.895609
-4.26478,17,230.955626
-4.374736,17,231.010054
-4.445601,17,231.496978
-4.391339,17,231.551804
-4.494596,17,231.606623
-4.523802,17,231.661647
-4.539952,17,231.716178
-4.585787,17,231.770361
-4.828066,17,231.825064
-4.340232,17,231.879704
-5.058472,17,231.934469
-4.310093,17,231.989099
-4.342622,17,232.043751
-4.412299,17,232.704231
-4.950084,17,232.759337
-4.720557,17,232.814079
-6.138132,17,232.868699
-4.33919,17,232.92362
-4.043143,17,232.978587
-4.375425,17,233.033307
-4.468452,17,233.087919
-4.254974,17,233.142757
-4.288207,17,233.197564
-4.42323,17,233.252069
-4.217781,17,233.306787
-4.686087,17,233.361772
-5.064834,17,233.416513
-4.216,17,233.471097
-4.342568,17,233.526059
-4.471513,17,233.580469
-4.793426,17,233.635099
-4.312952,17,233.689901
-4.576352,17,233.744851
-4.47309,17,233.799779
-4.312958,17,233.854502
-4.362473,17,233.908923
-4.467813,17,233.963786
-4.489002,17,234.01829
-4.710234,17,234.072325
-4.287437,17,234.432851
-4.769585,17,234.48529
-4.649175,17,234.537431
-4.521583,17,234.58946
-4.638373,17,234.641621
-4.536907,17,234.693745
-5.234147,17,234.746387
-4.631144,17,234.798571
-4.504714,17,234.850652
-5.049291,18,234.90579
-4.526367,17,234.958054
-4.490406,17,235.010234
-4.925079,17,235.062382
-4.414937,17,235.114529
-4.591345,17,235.16684
-4.776814,17,235.219007
-4.773483,17,235.271444
-4.272097,17,235.323684
-4.550211,17,235.375745
-4.528547,17,235.428005
-5.497776,17,235.480314
-4.283444,17,235.532508
-4.690869,17,235.584656
-4.446507,17,235.636925
-4.458846,17,235.689245
-4.557847,17,235.74141
-4.746469,17,235.793591
-4.705021,17,235.845696
-4.797811,17,235.897931
-4.445324,17,235.952763
-4.720936,17,236.004872
-4.234603,17,236.05712
-4.823303,17,236.109514
-5.070772,17,236.161714
-4.267911,17,236.870786
-4.640563,17,236.924954
-4.877363,17,236.979269
-4.363665,17,237.356247
-5.273844,17,237.411062
-4.918072,17,237.465904
-4.318293,17,237.521093
-4.990031,17,237.577482
-4.458402,17,237.632358
-4.230917,17,237.687521
-4.357634,17,237.743092
-4.077831,17,237.799004
-4.359265,17,237.854534
-4.353462,17,237.909542
-4.430382,17,237.964641
-4.798125,17,238.02041
-5.088179,17,238.075664
-4.343525,17,238.131331
-4.161823,17,238.186856
-4.283551,17,238.242239
-4.232336,17,238.297509
-4.707773,17,238.353033
-4.561726,17,238.408747
-4.386417,17,238.464357
-4.612035,17,238.519726
-4.391985,17,238.575158
-4.608809,17,238.630766
-4.390087,17,238.686054
-6.997976,18,238.744078
-4.749004,17,238.799659
-4.466789,17,238.855327
-4.36494,17,238.910815
-4.388945,17,238.966511
-4.72835,17,239.022167
-4.976892,17,239.077718
-4.446085,17,239.133455
-4.388476,17,239.188646
-4.824999,17,239.244443
-4.640366,17,239.300018
-4.478372,17,239.682455
-5.640942,17,239.738061
-4.170621,17,239.793419
-4.291273,17,239.84894
-4.677635,17,239.904522
-4.571519,17,239.959927
-4.341261,17,240.015703
-4.897129,17,240.07117
-4.580039,17,240.126416
-4.767957,17,240.181537
-5.239946,17,240.2369
-4.315311,17,240.292541
-4.802854,17,240.348052
-4.975804,17,240.40327
-4.46195,17,240.458863
-4.449971,17,240.514347
-4.367468,17,240.569596
-4.423255,17,240.624815
-4.670159,17,240.680503
-4.682653,17,240.735954
-4.675878,17,240.79115
-4.881378,17,241.475481
-4.502415,17,241.530686
-4.532322,17,241.585619
-5.743138,17,241.641269
-4.579347,17,241.697059
-4.853199,17,241.752478
-4.446247,17,241.807594
-4.545232,17,241.86247
-4.426354,17,241.917297
-4.440369,17,241.972529
-4.857671,17,242.027668
-4.788528,17,242.083048
-4.348778,17,242.137976
-5.595536,17,242.193228
-4.554538,17,242.248497
-4.437343,17,242.30372
-4.62936,17,242.684176
-4.252133,17,242.739511
-4.537211,17,242.794923
-4.770572,17,242.850242
-4.628836,17,242.905553
-4.572608,17,242.960667
-4.513554,17,243.015763
-4.061938,17,243.07075
-4.723965,17,243.126033
-4.227699,17,243.181026
-4.570592,17,243.23608
-4.538109,17,243.290949
-4.601449,17,243.346001
-4.546697,17,243.400759
-4.420884,17,243.455873
-4.388612,17,243.510908
-4.758952,17,243.566242
-4.346342,17,243.621516
-4.797251,17,243.676489
-4.761421,17,243.731417
-3.977104,17,243.786419
-4.594303,17,243.841482
-4.424516,17,243.896407
-4.470676,17,243.95151
-4.412889,17,244.006571
-4.846285,17,244.061849
-4.303861,17,244.116956
-4.168907,17,244.171989
-4.175609,17,244.226932
-4.739969,17,244.282069
-4.578877,17,244.337179
-4.490509,17,244.392229
-4.041821,17,244.447526
-4.323624,17,244.502864
-4.114186,17,244.557999
-4.285602,17,244.613162
-4.648077,17,244.667777
-4.394075,17,245.04633
-6.130153,17,245.1014
-4.893866,17,245.156001
-5.203332,17,245.210751
-4.479214,17,245.265738
-4.346302,17,245.320637
-4.663787,17,245.37562
-4.429418,17,246.06715
-4.419042,17,246.119477
-5.986739,18,246.175443
-5.712515,17,246.227886
-4.592234,17,246.280283
-5.320154,17,246.332555
-4.639498,17,246.384839
-4.512928,17,246.437164
-4.764888,17,246.489776
-4.43791,17,246.542324
-4.477675,17,246.594949
-4.51614,17,246.647628
-4.559369,17,246.700013
-4.433829,17,246.752426
-4.501106,17,246.804869
-4.751439,17,246.857187
-4.025637,17,246.909412
-4.208245,17,246.96172
-4.432336,17,247.014036
-4.5934,17,247.066241
-4.694292,17,247.118572
-4.344904,17,247.171368
-5.24268,17,247.22367
-4.266468,17,247.276047
-4.798421,17,247.328547
-4.495026,17,247.381153
-4.800794,17,247.433377
-4.471698,17,247.486636
-4.236974,17,247.541539
-5.153438,17,247.595311
-4.14064,17,247.964748
-4.360855,17,248.018183
-4.924765,17,248.071942
-5.523949,17,248.125586
-4.356696,17,248.179407
-4.770298,17,248.23271
-4.416595,17,248.286852
-4.580648,17,248.340245
-4.493594,17,248.394093
-4.508706,17,248.450029
-4.382323,17,248.50885
-4.716638,17,248.565041
-5.703803,17,248.621143
-4.760923,17,248.677351
-4.201682,17,248.732887
-4.653932,17,248.787373
-4.408143,17,248.842802
-5.061391,17,248.89678
-4.365111,17,248.949514
-4.613688,17,249.002573
-4.747076,17,249.055461
-4.643596,17,249.110017
-4.830553,17,249.165383
-4.360845,17,249.220767
-4.336795,17,249.274565
-4.417416,17,249.329688
-4.518438,17,249.384447
-4.778295,17,249.438923
-4.444577,17,249.493356
-5.228521,17,249.548488
-4.575676,17,250.43232
-4.194183,17,250.485676
-4.211614,17,250.539234
-4.615555,17,250.591897
-4.252515,17,250.644227
-5.208265,17,250.699061
-4.491691,17,251.0672
-4.478647,17,251.121387
-4.413563,17,251.174036
-4.264992,17,251.226707
-4.800683,17,251.279647
-4.483451,17,251.332627
-4.265078,17,251.387725
-4.425081,17,251.441413
-4.659249,17,251.497658
-4.572915,17,251.550062
-4.250041,17,251.602871
-4.834196,17,251.655484
-4.485822,17,251.711174
-4.533719,17,251.768018
-4.34719,17,251.820459
-4.833833,17,251.872637
-4.091053,17,251.924755
-4.257725,17,251.977446
-4.493213,17,252.031456
-4.778372,17,252.085532
-4.539875,17,252.138058
-4.547753,17,252.190407
-4.110489,17,252.242634
-5.536255,17,252.294704
-4.09824,17,252.348473
-4.288103,17,252.403205
-4.766028,17,252.457255
-4.712239,17,252.509538
-4.012164,17,252.562089
-5.222092,17,252.615269
-4.490271,17,252.668238
-4.702191,17,252.722994
-5.084568,17,252.776554
-4.313094,17,252.82928
-4.248188,17,252.881765
-8.243589,18,252.936929
-4.360306,17,252.989293
-4.713325,17,253.466959
-4.178453,17,253.519892
-5.55296,17,253.572546
-4.556983,17,253.625211
-4.625911,17,253.677698
-4.322972,17,253.729973
-4.63766,17,253.782152
-4.521912,17,253.834488
-4.479748,17,253.886654
-4.227076,17,253.938937
-4.489652,17,253.993602
-4.763676,17,254.049468
-4.49479,17,254.102973
-5.711942,17,254.155414
-4.507524,17,254.207734
-4.770808,17,254.260086
-4.51669,17,254.314772
-4.43626,17,254.369939
-4.684849,17,255.073002
-4.268777,17,255.125645
-4.635882,17,255.17809
-4.338155,17,255.230652
-5.119184,17,255.284313
-4.263144,17,255.337289
-4.451709,17,255.390277
-4.820241,17,255.443421
-4.50653,17,255.496346
-4.650006,17,255.548986
-4.32606,17,255.601219
-3.901571,17,255.653716
-4.02996,17,255.7067
-4.416262,17,255.759522
-4.751742,17,255.812449
-4.387667,17,255.865585
-5.110508,17,255.918737
-4.199236,17,255.971885
-4.504795,17,256.028403
-3.996502,17,256.407686
-4.485649,17,256.461612
-4.231787,17,256.517397
-4.252274,17,256.570526
-4.147886,17,256.623567
-4.381309,17,256.677407
-4.502033,17,256.731631
-4.364001,17,256.785675
-4.50917,17,256.839741
-4.350106,17,256.892975
-4.608179,17,256.946078
-4.862089,17,256.999012
-4.832068,17,257.052027
-4.700056,17,257.104711
-4.405977,17,257.158921
-4.567079,17,257.212757
-4.631619,17,257.266165
-4.716914,17,257.320925
-4.68751,17,257.376526
-4.742799,17,257.430331
-4.368999,17,257.483881
-4.600706,17,257.537823
-4.679653,17,257.591722
-5.546015,17,257.645589
-4.435285,17,257.699091
-8.371489,18,257.756549
-4.252427,17,257.810712
-4.283392,17,257.866753
-4.654796,17,257.922692
-4.377734,17,257.978469
-4.480811,17,258.033652
-4.421216,17,258.087361
-4.746944,17,258.142294
-4.520291,17,258.196392
-4.452473,17,258.251992
-4.474923,17,258.308258
-4.523566,17,258.363646
-4.629314,17,258.745775
-4.308501,17,258.800671
-4.703271,17,258.855842
-4.431185,17,258.911349
-4.325814,17,259.770655
-4.801304,17,259.83162
-4.752868,17,259.888759
-4.365885,17,259.946393
-4.38077,17,260.0045
-4.986607,17,260.062914
-4.745178,17,260.12144
-4.317111,17,260.178208
-4.187694,17,260.234312
-4.790384,17,260.290418
-4.630794,17,260.348291
-5.1431,17,260.406225
-4.522901,17,260.464183
-4.469499,17,260.521987
-4.45271,17,260.580175
-4.878637,17,260.636854
-4.814875,17,260.69281
-4.078438,17,260.749498
-4.683692,17,260.806486
-4.646183,17,260.864
-4.85521,17,260.921093
-4.34356,17,260.978345
-4.913161,17,261.03635
-4.528932,17,261.093746
-4.222249,17,261.150095
-4.470701,17,261.206876
-4.823163,17,261.264271
-4.857846,17,261.322161
-4.400771,17,261.378427
-4.182429,17,261.434734
-4.47307,17,261.491369
-4.750169,17,261.547612
-4.723475,17,261.938153
-4.511861,17,261.996902
-4.46412,17,262.052825
-4.067225,17,262.110965
-4.264205,17,262.166591
-4.858342,17,262.221786
-4.506389,17,262.277778
-4.514024,17,262.335338
-4.047233,17,262.390224
-4.625072,17,262.446115
-4.449648,17,262.502206
-4.46098,17,262.558699
-4.290512,17,262.613482
-4.448671,17,262.667872
-4.336343,17,262.721179
-4.10281,17,262.774434
-4.321111,17,262.827151
-4.320436,17,262.881534
-4.898704,17,262.935184
-4.813854,17,262.98863
-5.999078,17,263.041887
-4.66736,17,263.095436
-5.140481,17,263.148486
-4.75746,17,263.201777
-4.305215,17,263.255121
-4.535278,17,263.310225
-4.180444,17,263.364627
-4.287379,17,263.418742
-4.561119,17,264.242425
-4.586576,17,264.297489
-4.783606,17,264.354278
-4.793609,17,264.410914
-4.147789,17,264.466914
-4.350824,17,264.52221
-4.612051,17,264.577755
-4.449218,17,264.63129
-4.315056,17,264.686024
-4.482407,17,265.064494
-4.380854,17,265.118351
-4.948575,17,265.172938
-4.271976,17,265.227862
-4.557288,17,265.283081
-4.807924,17,265.337438
-4.587922,17,265.393021
-4.783698,17,265.447157
-4.519179,17,265.501044
-5.778757,17,265.554536
-4.7612,17,265.608371
-4.737599,17,265.663117
-4.182018,17,265.71768
-5.328906,17,265.771978
-4.565458,17,265.825974
-4.494962,17,265.880619
-5.159132,17,265.934423
-4.423825,17,265.987606
-4.274357,17,266.041118
-4.793635,17,266.094561
-4.336949,17,266.147734
-4.409197,17,266.201031
-4.319529,17,266.254686
-4.356435,17,266.308642
-4.533246,17,266.362729
-4.502638,17,266.41613
-4.620837,17,266.469667
-4.714325,17,266.523405
-4.417228,17,266.578174
-4.451114,17,266.637491
-4.465945,17,266.696346
-4.207649,17,266.75607
-4.432216,17,266.816911
-3.997736,17,266.877266
-4.49786,17,266.937344
-4.482142,17,266.997947
-4.718128,17,267.057503
-4.49328,17,267.46061
-4.572944,17,267.518772
-4.898931,17,267.576681
-4.351717,17,267.633596
-4.595134,17,267.690825
-4.70904,17,267.749193
-4.392015,17,267.807897
-4.36301,17,267.864469
-4.247991,17,267.920583
-4.649822,17,267.976672
-4.467787,17,268.033413
-4.578111,17,268.089933
-4.456766,17,268.146099
-4.773873,17,268.202291
-4.684106,17,269.052222
-4.915478,17,269.107128
-4.814335,17,269.160853
-4.368587,17,269.213738
-4.677392,17,269.266346
-4.47474,17,269.319011
-4.478304,17,269.376487
-5.781323,17,269.431719
-4.830487,17,269.485757
-4.364789,17,269.540563
-4.316196,17,269.595089
-4.394609,17,269.650557
-4.473596,17,269.706319
-4.343483,17,269.763105
-4.818696,17,269.817349
-5.194225,17,269.869883
-4.627842,17,269.923565
-4.93054,17,269.976072
-4.78661,17,270.029413
-4.800196,17,270.083852
-4.461381,17,270.136654
-4.299286,17,270.189891
-4.82646,17,270.242938
-4.607709,17,270.615141
-4.444014,17,270.668033
-4.354307,17,270.7205
-4.513809,17,270.772873
-4.395718,17,270.826741
-4.545908,17,270.880482
-4.238519,17,270.933123
-4.395943,17,270.985626
-4.263022,17,271.038473
-4.429021,17,271.09477
-4.314355,17,271.150589
-4.362754,17,271.205789
-4.68326,17,271.26082
-4.122319,17,271.315315
-5.304182,17,271.370446
-4.764943,17,271.426183
-4.44354,17,271.481349
-4.328655,17,271.537228
-4.424975,17,271.591394
-4.431185,17,271.64474
-4.768455,17,271.697878
-4.36083,17,271.75185
-4.155147,17,271.805769
-4.412667,17,271.8601
-4.383744,17,271.91292
-4.459841,17,271.968061
-4.331411,17,272.023054
-4.712173,17,272.078452
-4.309133,17,272.13188
-5.070836,17,272.184916
-4.224892,17,272.237587
-4.668813,17,272.292223
-4.790304,17,272.347139
-4.233252,17,272.40178
-4.46443,17,272.456094
-4.335439,17,272.510417
-4.598881,17,272.893326
-4.889186,17,273.740151
-4.568801,17,273.801873
-4.44326,17,273.857116
-4.363879,17,273.91174
-4.308467,17,273.9674
-4.559464,17,274.022069
-4.524666,17,274.075096
-4.188842,17,274.128765
-4.593353,17,274.182391
-4.411594,17,274.237146
-4.280159,17,274.290612
-4.42083,17,274.344503
-4.384562,17,274.398549
-4.385144,17,274.452475
-4.472461,17,274.506458
-4.590215,17,274.561272
-4.583591,17,274.615215
-4.587506,17,274.668979
-4.49371,17,274.721635
-4.497901,17,274.774049
-4.317276,17,274.826609
-4.291422,17,274.879081
-4.708036,17,274.931516
-4.259531,17,274.984082
-4.774718,17,275.036506
-4.351856,17,275.088815
-4.378915,17,275.141393
-4.54154,17,275.194273
-4.237808,17,275.24906
-4.770363,17,275.302562
-4.145859,17,275.355695
-4.419066,17,275.407971
-4.604862,17,275.460155
-4.411881,17,275.514145
-4.277899,17,275.569849
-4.277074,17,275.625593
-4.616722,17,276.106882
-4.359712,17,276.159612
-4.874404,17,276.212695
-4.405557,17,276.265447
-4.57163,17,276.318178
-4.573456,17,276.371202
-4.483194,17,276.423546
-4.393234,17,276.476374
-4.294541,17,276.528823
-4.132575,17,276.581196
-4.696578,17,276.633392
-4.401535,17,276.685731
-4.541666,17,276.738086
-4.494824,17,276.79041
-4.224425,17,276.842739
-4.256032,17,276.895314
-4.160489,17,276.947949
-4.169437,17,277.00075
-4.22421,17,277.053209
-4.544719,17,277.105294
-4.495309,17,277.157521
-4.348887,17,277.209733
-4.428075,17,277.261727
-4.561435,17,277.314312
-4.248136,17,277.367122
-4.313904,17,278.087422
-4.452746,17,278.147143
-4.595002,17,278.207814
-4.349296,17,278.269471
-4.211334,17,278.332398
-3.953157,17,278.389964
-4.540535,17,278.446402
-4.450824,17,278.502657
-4.941563,17,278.558553
-4.053677,17,278.614588
-4.468282,17,278.670574
-4.623832,17,278.727221
-4.221714,17,279.116638
-4.178502,17,279.172699
-4.170011,17,279.22865
-4.072509,17,279.285038
-3.966105,17,279.34093
-4.729348,17,279.396689
-4.456275,17,279.452974
-4.367537,17,279.509512
-5.366183,17,279.568495
-4.375648,17,279.627003
-4.473698,17,279.686134
-4.527052,17,279.74541
-5.004266,17,279.804468
-4.410199,17,279.860796
-4.681873,17,279.92013
-4.288594,17,279.97986
-4.402915,17,280.039063
-4.684749,17,280.097244
-4.347525,17,280.156164
-4.284704,17,280.215919
-4.095209,17,280.273344
-4.480264,17,280.331689
-5.736766,17,280.389442
-4.50398,17,280.448085
-4.16049,17,280.504829
-4.559401,17,280.562844
-4.410727,17,280.620192
-4.6283,17,280.676479
-4.295446,17,280.732362
-4.522848,17,280.788635
-5.013363,17,280.844687
-4.826726,17,280.901527
-4.703052,17,280.957608
-4.581193,17,281.015183
-4.784283,17,281.071072
-4.48645,17,281.126619
-4.45026,17,281.1813
-4.531683,17,281.563665
-4.399893,17,281.619204
-4.423211,17,281.674651
-4.643904,17,281.729416
-5.112326,17,281.784134
-4.170893,17,281.839364
-4.283413,17,281.894395
-4.706162,17,281.949378
-4.304916,17,282.004462
-4.322409,17,282.059238
-4.419311,17,282.113878
-4.389767,17,282.990742
-4.252417,17,283.048049
-4.788406,17,283.106778
-4.602897,17,283.164858
-4.779949,17,283.223084
-4.749121,17,283.281212
-4.461191,17,283.338603
-5.78249,17,283.39392
-4.323534,17,283.449207
-4.820391,17,283.504642
-4.562108,17,283.560267
-6.542412,18,283.618632
-4.290351,17,283.673829
-4.510759,17,283.729112
-4.095644,17,283.783937
-4.427037,17,283.83906
-4.435254,17,283.894117
-4.783184,17,283.949006
-4.55673,17,284.00401
-4.598723,17,284.05878
-4.126561,17,284.113259
-4.35875,17,284.167537
-4.655384,17,284.222758
-4.334294,17,284.279257
-4.356276,17,284.334465
-4.823757,17,284.717139
-4.482153,17,284.772423
-4.076789,17,284.829965
-4.20088,17,284.891163
-4.406391,17,284.952862
-4.141177,17,285.014422
-4.207672,17,285.07259
-4.35266,17,285.128411
-4.314934,17,285.18414
-4.258913,17,285.239984
-4.660545,17,285.295232
-5.234388,17,285.350224
-4.554724,17,285.405787
-4.408121,17,285.46134
-4.693693,17,285.516816
-4.397507,17,285.572373
-4.467346,17,285.628461
-4.372465,17,285.686619
-4.298211,17,285.743152
-4.76575,17,285.799098
-4.470145,17,285.854663
-4.628333,17,285.911298
-3.911188,17,285.967619
-4.822301,17,286.023549
-4.580601,17,286.080994
-4.353832,17,286.137752
-4.73605,17,286.194145
-4.252816,17,286.250758
-4.926256,17,286.307308
-4.420024,17,286.36356
-4.416241,17,286.419858
-4.414301,17,286.47645
-4.339122,17,286.533412
-4.525406,17,286.590189
-4.382379,17,286.646813
-4.75912,17,287.630043
-4.870197,17,287.685149
-4.248148,17,288.079641
-4.424211,17,288.13609
-4.068153,17,288.192836
-4.813977,17,288.250726
-4.668954,17,288.307219
-4.554917,17,288.363584
-4.431243,17,288.419443
-4.270854,17,288.477517
-4.364003,17,288.536347
-4.314196,17,288.59486
-4.272272,17,288.654521
-4.441511,17,288.712327
-4.308987,17,288.770289
-4.401783,17,288.827553
-4.658362,17,288.884809
-4.324011,17,288.94234
-4.599129,17,288.999813
-4.465965,17,289.055814
-4.345533,17,289.111838
-4.466459,17,289.168987
-4.394046,17,289.226427
-4.671442,17,289.284907
-4.365169,17,289.345385
-5.647727,18,289.40941
-4.622754,17,289.470351
-4.476486,17,289.53071
-4.227472,17,289.591114
-4.572756,17,289.649979
-4.345178,17,289.707495
-4.384922,17,289.763969
-4.402352,17,289.82048
-4.088867,17,289.876907
-4.302337,17,289.933043
-5.048775,17,289.989089
-4.462294,17,290.044924
-4.033471,17,290.101563
-4.219494,17,290.157837
-4.048843,17,290.554633
-4.812085,17,290.612363
-4.473683,17,290.67082
-3.967226,17,290.727907
-4.409147,17,290.785063
-4.295658,17,290.841616
-4.415909,17,290.898572
-5.048116,17,290.955483
-4.269327,17,291.011759
-4.691044,17,291.068156
-4.593964,17,291.125252
-4.45691,17,291.181986
-4.711203,17,291.238098
-4.436741,17,291.294426
-4.365425,17,291.351232
-4.511399,17,291.407967
-4.686098,17,291.465044
-4.380465,17,291.522171
-4.518256,17,291.579994
-4.518491,17,291.638188
-4.32196,17,291.696746
-4.472906,17,292.680796
-4.433987,17,292.738827
-4.174058,17,292.799915
-4.294926,17,292.861035
-4.436062,17,292.923308
-4.363318,17,292.986009
-4.009439,17,293.048804
-4.650522,17,293.111729
-4.545791,17,293.170921
-4.491146,17,293.230717
-4.355598,17,293.289872
-4.533408,17,293.348276
-4.137401,17,293.407196
-4.512955,17,293.465954
-4.319875,17,293.524668
-4.347247,17,293.583286
-4.693261,17,293.977081
-4.290258,17,294.03329
-4.519607,17,294.089809
-4.183302,17,294.145276
-4.448705,17,294.201669
-4.338434,17,294.264081
-4.317318,17,294.325527
-4.281831,17,294.386031
-4.592167,17,294.446557
-4.426866,17,294.506719
-4.411676,17,294.567883
-4.707978,17,294.630367
-4.207921,17,294.691986
-4.255246,17,294.753491
-4.576392,17,294.814027
-4.36727,17,294.873884
-4.303788,17,294.933959
-4.373495,17,294.993971
-4.437348,17,295.053744
-4.374031,17,295.111704
-4.648769,17,295.169921
-4.357664,17,295.229514
-4.453623,17,295.287884
-4.359875,17,295.345834
-4.333968,17,295.403612
-4.753044,17,295.462117
-4.521616,17,295.519077
-4.396494,17,295.576282
-4.476808,17,295.636241
-4.456499,17,295.695783
-4.728463,17,295.754496
-4.387945,17,295.813895
-4.714778,17,295.873618
-4.78106,17,295.932772
-4.182729,17,295.993915
-4.149927,17,296.053447
-4.978215,17,296.446589
-4.619198,17,296.503286
-4.285185,17,296.55978
-4.596428,17,296.616816
-4.523701,17,296.674417
-4.264548,17,296.731271
-4.540137,17,296.78767
-4.292019,17,296.845835
-4.783114,17,296.903243
-4.078933,17,297.773626
-4.262439,17,297.830118
-4.566513,17,297.886783
-4.367647,17,297.943273
-4.536448,17,297.99971
-4.681818,17,298.057036
-4.464535,17,298.113353
-4.359215,17,298.169717
-4.578062,17,298.226123
-4.307623,17,298.282788
-4.319092,17,298.338986
-4.653061,17,298.395024
-4.164535,17,298.451938
-4.190871,17,298.508507
-4.083058,17,298.56473
-4.443523,17,298.620927
-4.323217,17,298.677097
-4.629906,17,298.733401
-4.310915,17,298.789496
-4.409978,17,298.846626
-4.399669,17,298.903065
-4.193524,17,298.959079
-3.908766,17,299.014985
-4.41283,17,299.071906
-4.401588,17,299.128214
-4.089428,17,299.184979
-4.193113,17,299.244632
-4.54051,17,299.30198
-4.247596,17,299.812798
-4.562653,17,299.871437
-4.343334,17,299.928686
-4.299213,17,299.985908
-4.455661,17,300.043291
-4.557705,17,300.101259
-4.283603,17,300.15839
-4.581671,17,300.21507
-4.672827,17,300.272639
-4.277014,17,300.32969
-4.724023,17,300.386256
-4.742134,17,300.443009
-4.422552,17,300.50037
-6.121803,17,300.556702
-4.371541,17,300.61286
-4.765225,17,300.66971
-4.574151,17,300.726049
-4.512416,17,300.783067
-4.419554,17,300.838948
-4.571972,17,300.896143
-4.384745,17,300.952312
-4.234759,17,301.009342
-4.682831,17,301.066687
-4.188558,17,301.123439
-4.551712,17,301.180066
-4.385699,17,301.236517
-4.697643,17,301.293584
-4.523673,17,301.349827
-4.45078,17,301.406083
-4.346316,17,301.46262
-4.619863,17,301.518741
-4.436444,17,301.575137
-4.190446,17,302.543192
-4.954653,17,302.60038
-4.111671,17,302.657623
-3.957207,17,302.715962
-4.497693,17,302.772311
-4.853494,17,303.169677
-4.442476,17,303.227302
-4.723803,17,303.285021
-4.455799,17,303.342222
-4.421508,17,303.399732
-4.055296,17,303.45687
-4.589142,17,303.514769
-4.109978,17,303.571386
-4.560831,17,303.627594
-4.72065,17,303.68412
-4.096411,17,303.740238
-4.892914,17,303.795743
-4.401948,17,303.851198
-4.495297,17,303.907842
-4.149283,17,303.964709
-4.617389,17,304.021186
-4.546535,17,304.077518
-4.916252,17,304.134283
-4.554925,17,304.190346
-4.149389,17,304.253272
-4.482748,17,304.310039
-4.273041,17,304.367086
-4.559617,17,304.423172
-4.333572,17,304.480193
-4.253334,17,304.537392
-4.556923,17,304.593166
-4.144585,17,304.649105
-4.373699,17,304.705097
-4.330662,17,304.761043
-4.395037,17,304.816976
-4.66318,17,304.872995
-4.129064,17,304.92999
-4.363719,17,304.986229
-4.216765,17,305.041932
-4.409703,17,305.097495
-3.932313,17,305.15422
-4.680743,17,305.209916
-4.23281,17,305.593703
-4.40346,17,305.648003
-4.535547,17,305.702895
-4.021007,17,305.759145
-4.155257,17,305.81429
-4.584019,17,305.869598
-4.424703,17,305.925388
-4.547167,17,305.981132
-4.65611,17,306.036691
-4.39778,17,306.091968
-4.433366,17,306.14801
-4.251176,17,306.203415
-4.535532,17,306.258561
-4.519449,17,306.314011
-4.615426,17,306.369847
-4.486071,17,306.425415
-4.947226,17,306.482196
-4.204967,17,306.540729
-4.350162,17,307.479486
-4.585754,17,307.534609
-4.38135,17,307.590239
-4.814934,17,307.645458
-4.31744,17,307.700968
-4.323315,17,307.757471
-5.308342,17,307.813007
-4.265572,17,307.868341
-4.472695,17,307.92347
-4.478179,17,307.979552
-4.01967,17,308.035175
-4.553448,17,308.090616
-4.323466,17,308.146486
-4.40142,17,308.201929
-4.38078,17,308.257138
-4.150138,17,308.313461
-4.642221,17,308.37063
-4.697097,17,308.426564
-4.196954,17,308.482783
-4.464265,17,308.881242
-4.2575,17,308.938954
-4.39089,17,308.996776
-4.227106,17,309.054124
-4.758665,17,309.111152
-4.272986,17,309.169465
-4.44134,17,309.226773
-4.436975,17,309.290823
-4.093195,17,309.348545
-4.372395,17,309.406249
-4.613749,17,309.46296
-4.716061,17,309.519493
-4.435071,17,309.575956
-4.131729,17,309.632171
-5.014813,17,309.688121
-4.072538,17,309.744158
-4.487933,17,309.801061
-4.363173,17,309.857447
-4.267445,17,309.913675
-4.461872,17,309.97057
-4.594087,17,310.026608
-4.867111,17,310.082981
-4.372841,17,310.138751
-4.651417,17,310.195607
-4.827075,18,310.255008
-4.401991,17,310.310924
-4.80621,17,310.367619
-4.66653,17,310.424659
-4.316721,17,310.481311
-4.311209,17,310.537845
-4.170183,17,310.594496
-4.64668,17,310.650498
-4.358842,17,310.706851
-4.458097,17,310.762676
-4.217892,17,310.819292
-4.34367,17,310.875273
-4.153461,17,311.263603
-4.330223,17,311.319825
-4.196307,17,311.376792
-4.692877,17,311.433089
-4.215789,17,311.489131
-4.634098,17,312.483634
-4.411867,17,312.53741
-4.761102,17,312.59184
-4.271072,17,312.644979
-4.234742,17,312.698414
-4.017912,17,312.751422
-4.279546,17,312.805191
-4.341705,17,312.857872
-4.253477,17,312.910609
-4.305055,17,312.963466
-4.36813,17,313.017411
-4.497048,17,313.070614
-4.27755,17,313.12324
-4.358706,17,313.175949
-4.431066,17,313.229408
-4.384123,17,313.282235
-4.428101,17,313.335269
-4.593897,17,313.387977
-4.398227,17,313.441433
-4.241023,17,313.495237
-4.632964,17,313.548352
-4.592648,17,313.603116
-4.017913,17,313.658096
-4.315496,17,313.712367
-4.27564,17,313.766306
-4.279385,17,313.820991
-4.745673,17,313.875101
-4.261021,17,313.929346
-4.469318,17,313.982821
-4.136037,17,314.038063
-4.401673,17,314.092897
-4.553153,17,314.147356
-4.863934,17,314.522974
-4.349702,17,314.576352
-4.464761,17,314.630213
-4.469888,17,314.683426
-4.388095,17,314.73652
-4.004013,17,314.789135
-4.300219,17,314.843675
-4.259764,17,314.89722
-4.808343,17,314.950951
-4.45154,17,315.005092
-4.36103,17,315.061133
-4.198454,17,315.116014
-4.277328,17,315.169249
-4.477169,17,315.223068
-4.437334,17,315.277541
-5.990983,18,315.335344
-4.786997,17,315.389069
-4.200755,17,315.443478
-4.405312,17,315.496888
-4.284205,17,315.551094
-4.555754,17,315.60578
-4.368475,17,315.661503
-4.398755,17,315.715735
-4.653893,17,315.769459
-4.448141,17,315.824262
-4.819241,17,315.877187
-4.480692,17,315.929849
-4.111462,17,315.982491
-4.355107,17,316.636319
-4.155232,17,316.689917
-4.556903,17,316.74317
-4.38596,17,316.796041
-4.60583,17,316.850836
-4.258251,17,316.904003
-4.362504,17,316.956964
-4.767618,17,317.009679
-4.220142,17,317.06342
-4.402207,17,317.43405
-4.505313,17,317.488023
-4.445239,17,317.541141
-4.302513,17,317.593919
-4.204941,17,317.646957
-3.831953,17,317.700731
-4.71848,17,317.753842
-4.520864,17,317.807094
-4.1507,17,317.860576
-4.375979,17,317.913571
-4.300489,17,317.966521
-5.44005,17,318.021302
-4.722957,17,318.078199
-4.263654,17,318.132649
-4.479785,17,318.187687
-4.343742,17,318.242239
-4.328069,17,318.297078
-4.720437,17,318.350724
-4.218251,17,318.404363
-4.341613,17,318.457923
-4.206978,17,318.513551
-4.35613,17,318.567486
-4.466161,17,318.622212
-4.211062,17,318.677391
-4.564162,17,318.732111
-4.521442,17,318.785692
-4.25045,17,318.839811
-4.779203,17,318.89488
-4.486375,17,318.948903
-4.517514,17,319.002781
-4.649799,17,319.056652
-4.199794,17,319.112006
-4.249308,17,319.166081
-4.200592,17,319.219579
-4.723075,17,319.281401
-4.383243,17,319.335864
-4.578098,17,319.709447
-4.820044,17,319.762945
-4.281728,17,319.815891
-4.2821,17,319.868565
-4.109462,17,319.922508
-4.550504,17,319.97565
-4.379466,17,320.029317
-4.412745,17,320.082288
-4.755115,17,320.135918
-5.392828,17,320.188789
-4.451825,17,320.241725
-4.79613,17,320.295427
-5.497793,17,320.34855
-4.22379,17,320.400934
-4.272399,17,320.453305
-4.24497,17,320.506722
-4.401645,17,321.203562
-4.404007,17,321.260116
-4.224773,17,321.317209
-4.581261,17,321.373908
-4.714396,17,321.43103
-4.496603,17,321.487752
-4.779277,17,321.545427
-4.325848,17,321.601777
-4.538345,17,321.657862
-4.340421,17,321.715332
-4.340431,17,321.771545
-4.460205,17,321.828182
-5.996102,18,321.888131
-5.237838,17,321.945866
-4.426897,17,322.002551
-4.312377,17,322.059274
-4.337247,17,322.11559
-4.467981,17,322.171587
-4.331584,17,322.227728
-4.315081,17,322.283738
-4.556699,17,322.340977
-5.032578,17,322.844125
-4.51136,17,322.900589
-4.628236,17,322.958647
-4.577426,17,323.015536
-4.398189,17,323.072623
-4.42996,17,323.130099
-4.379761,17,323.188895
-4.429207,17,323.247136
-4.667492,17,323.305052
-4.438947,17,323.362996
-4.725569,17,323.41867
-4.473329,17,323.475502
-4.480224,17,323.532341
-4.293483,17,323.588542
-4.133075,17,323.644149
-4.636728,17,323.700071
-4.402341,17,323.756766
-4.585451,17,323.812648
-4.67504,17,323.868382
-4.456675,17,323.924045
-4.264958,17,323.980199
-4.778581,17,324.035977
-4.360954,17,324.091734
-8.149741,18,324.151218
-4.506129,17,324.207003
-4.240279,17,324.265936
-4.326216,17,324.32231
-4.385728,17,324.379456
-4.453178,17,324.43539
-4.425061,17,324.491156
-4.300134,17,324.548176
-4.629119,17,324.604751
-4.627167,17,324.660665
-4.727571,17,324.716516
-4.167107,17,324.773539
-4.740025,17,324.829509
-4.335978,17,324.885133
-4.486238,17,325.27336
-4.132846,17,325.329991
-4.093031,17,326.078771
-4.330726,17,326.131584
-4.403663,17,326.185582
-4.801603,17,326.238441
-4.787656,17,326.291213
-4.512474,17,326.345903
-4.492151,17,326.400249
-4.718009,17,326.454329
-4.274546,17,326.507497
-4.180716,17,326.560904
-4.683823,17,326.614569
-4.255577,17,326.667936
-4.155857,17,326.721159
-4.469757,17,326.775717
-4.524584,17,326.828866
-4.459886,17,326.882343
-4.470738,17,326.937045
-4.433357,17,326.993403
-4.271789,17,327.049506
-4.278502,17,327.105467
-4.666646,17,327.161997
-4.481684,17,327.219434
-4.700053,17,327.275952
-4.457623,17,327.332622
-4.275692,17,327.389939
-4.542488,17,327.445899
-4.643369,17,327.502021
-4.704527,17,327.558822
-4.461129,17,327.61678
-4.423593,17,327.673659
-4.417757,17,327.733553
-4.332941,17,327.793323
-4.549575,17,327.854714
-4.299226,17,327.914557
-4.422696,17,327.973268
-4.190261,17,328.37612
-4.313193,17,328.43519
-4.524578,17,328.493517
-4.39415,17,328.551585
-4.397556,17,328.609693
-4.538062,17,328.66843
-4.763377,17,328.727804
-4.267528,17,328.785997
-4.69657,17,328.844694
-4.591743,17,328.905047
-4.340347,17,328.964437
-5.058826,17,329.023818
-4.445787,17,329.083702
-4.40559,17,329.142478
-4.307355,17,329.201105
-4.694378,17,329.261339
-4.509768,17,329.324635
-4.207567,17,329.387818
-4.245665,17,329.451859
-4.249916,17,329.515037
-4.496472,17,329.579351
-4.328421,17,329.640882
-4.186755,17,329.701028
-4.778912,17,329.760945
-4.372371,17,329.820555
-4.192702,17,330.876554
-4.421815,17,330.931213
-4.190232,17,330.985641
-4.319831,17,331.040048
-4.310249,17,331.094721
-4.836068,17,331.14943
-4.432869,17,331.203837
-5.462442,17,331.258073
-4.395766,17,331.312566
-4.747576,17,331.367576
-4.330336,17,331.42117
-4.317729,17,331.787305
-4.665082,17,331.841919
-4.629819,17,331.8944
-4.294977,17,331.947217
-4.576537,17,332.00325
-4.352098,17,332.059649
-4.038425,17,332.117168
-4.338793,17,332.175992
-4.092424,17,332.232698
-4.350601,17,332.288944
-4.676912,17,332.34685
-4.736846,17,332.40495
-4.206131,17,332.463757
-4.642,17,332.521709
-4.407545,17,332.578539
-5.061032,17,332.635473
-4.666456,17,332.691852
-4.233386,17,332.749197
-4.20366,17,332.805969
-4.339793,17,332.861002
-4.432961,17,332.91634
-4.189852,17,332.975349
-4.362517,17,333.030842
-4.360843,17,333.085773
-4.145643,17,333.141559
-4.309872,17,333.197201
-4.569479,17,333.252992
-4.666528,17,333.30917
-4.454552,17,333.363252
-4.47684,17,333.417099
-4.594812,17,333.474425
-4.496687,17,333.531272
-4.460866,17,333.588593
-4.458531,17,333.644994
-4.76631,17,333.701136
-4.297044,17,333.757183
-4.308768,17,333.814048
-4.200642,17,334.199162
-4.285613,17,334.253408
-4.45437,17,334.306345
-4.572024,17,334.359746
-4.360058,17,334.412268
-4.733403,17,334.465793
-4.028097,17,334.519201
-4.411275,17,334.57232
-4.279957,17,334.625643
-4.419323,17,334.679914
-4.479365,17,334.733615
-4.246192,17,334.787144
-4.356135,17,335.820891
-4.587792,17,335.875539
-4.26455,17,335.930626
-4.325106,17,335.98585
-4.525894,17,336.041265
-4.330309,17,336.097827
-4.471708,17,336.153623
-4.295829,17,336.209199
-4.233146,17,336.265383
-4.143203,17,336.322506
-4.892036,17,336.378302
-4.319216,17,336.43686
-3.820886,17,336.493429
-4.740018,17,336.549725
-4.383083,17,336.605376
-4.341872,17,336.661319
-4.567623,17,336.718441
-4.23495,17,336.775206
-4.43906,17,336.832008
-4.286988,17,336.889285
-4.406221,17,336.946018
-4.287537,17,337.00216
-4.56393,17,337.058589
-4.504501,17,337.115578
-4.045575,17,337.172353
-4.055049,17,337.560953
-4.448901,17,337.617311
-4.324649,17,337.673841
-4.290107,17,337.730523
-4.787408,17,337.786633
-4.330286,17,337.842536
-4.526427,17,337.898646
-4.408688,17,337.95556
-4.486701,17,338.012537
-4.368584,17,338.06976
-5.551556,17,338.127529
-4.266067,17,338.185442
-4.792394,17,338.242522
-4.436007,17,338.299638
-4.300941,17,338.357851
-4.733848,17,338.414934
-4.646842,17,338.471933
-5.174175,17,338.529552
-4.553363,17,338.586995
-4.719718,17,338.64402
-4.232915,17,338.701713
-4.241337,17,338.75987
-4.504198,17,338.817507
-4.344443,17,338.874522
-3.789967,17,338.932604
-4.499735,17,338.990456
-4.104943,17,339.047366
-4.416638,17,339.10474
-4.590369,17,339.162906
-4.608207,17,339.219415
-4.392056,17,339.275752
-4.539744,17,339.332265
-4.660072,17,339.389192
-4.516239,17,339.445935
-4.50042,17,339.502359
-4.61616,17,340.286266
-4.254667,17,340.341378
-4.464262,17,340.727129
-4.761585,17,340.783857
-4.708719,17,340.839576
-4.303115,17,340.895306
-4.508539,17,340.950894
-4.728302,17,341.007818
-4.242575,17,341.064721
-4.306833,17,341.121322
-4.429778,17,341.178709
-4.290288,17,341.235166
-4.647134,17,341.291857
-4.085198,17,341.348746
-4.076551,17,341.407123
-4.503721,17,341.46471
-4.624522,17,341.521482
-4.487048,17,341.579482
-4.397204,17,341.636987
-4.349952,17,341.693855
-4.282275,17,341.750584
-4.502136,17,341.808436
-4.469355,17,341.865669
-4.209296,17,341.922908
-4.24586,17,341.980611
-4.66974,17,342.037813
-4.309991,17,342.09443
-4.37826,17,342.150467
-4.418899,17,342.207276
-4.424919,17,342.263346
-4.297162,17,342.319064
-4.314001,17,342.375582
-4.412611,17,342.431769
-4.170736,17,342.488077
-4.031963,17,342.544521
-4.429227,17,342.601407
-4.37843,17,342.657752
-4.540806,17,342.713803
-4.487676,17,343.097347
-4.37049,17,343.152728
-4.041265,17,343.209122
-4.182321,17,343.265133
-4.190928,17,343.320656
-4.210299,17,343.376109
-4.269367,17,343.432404
-4.603774,17,343.487959
-4.434952,17,343.544323
-4.516315,17,343.600765
-4.421025,17,343.657093
-4.708305,17,343.71316
-4.311993,17,343.769022
-4.231105,17,343.825806
-4.286863,17,343.88177
-4.294409,17,343.937445
-4.548748,17,343.993947
-4.156382,17,344.050656
-4.587794,17,344.107507
-4.18738,17,344.16361
-3.923323,17,344.22055
-4.117278,17,344.276687
-4.791738,17,344.333489
-4.421991,17,345.144244
-4.164404,17,345.198548
-4.201089,17,345.251427
-4.109412,17,345.303825
-4.640629,17,345.35642
-4.427661,17,345.409648
-4.187821,17,345.463324
-4.396357,17,345.516338
-4.452576,17,345.569881
-4.715597,17,345.623732
-4.443082,17,345.676473
-4.993773,17,345.729344
-4.53659,17,345.783205
-4.525286,17,345.837445
-4.418787,17,346.309656
-4.387875,17,346.36258
-4.303678,17,346.416059
-4.295263,17,346.469622
-4.489191,17,346.522362
-4.437393,17,346.574759
-4.123681,17,346.627961
-4.33775,17,346.681413
-4.710429,17,346.734268
-4.050332,17,346.787149
-4.184465,17,346.840488
-4.203204,17,346.895687
-4.332215,17,346.949805
-4.316114,17,347.003721
-4.418913,17,347.058864
-4.298006,17,347.111912
-4.617366,17,347.164509
-4.279993,17,347.217781
-4.428348,17,347.271142
-4.045293,17,347.323679
-4.383159,17,347.376243
-4.559544,17,347.429248
-4.287745,17,347.482005
-4.562747,17,347.534632
-4.166571,17,347.587811
-4.109672,17,347.641298
-4.301629,17,347.693958
-4.212401,17,347.746648
-4.006855,17,347.798991
-4.124358,17,347.853266
-5.319242,17,347.905749
-4.637504,17,347.958881
-5.075556,17,348.016212
-4.272842,17,348.069824
-4.300968,17,348.122424
-4.43911,17,348.175904
-4.223294,17,348.229733
-4.19204,17,348.597857
-4.108391,17,348.652746
-4.371141,17,348.706834
-4.487167,17,348.761689
-4.472018,17,348.816614
-4.151639,17,348.875091
-4.712256,17,348.931289
-4.334303,17,348.987492
-4.756463,17,349.043983
-4.469049,17,349.929219
-4.807998,17,349.984421
-4.482105,17,350.03968
-4.079798,17,350.095114
-4.150238,17,350.150724
-4.262083,17,350.205034
-4.322383,17,350.259707
-4.581309,17,350.314382
-4.345633,17,350.369511
-4.165717,17,350.424376
-4.216201,17,350.479257
-4.279974,17,350.534117
-4.247113,17,350.589302
-4.363173,17,350.643884
-4.840177,17,350.698864
-4.304016,17,350.75304
-4.219992,17,350.806759
-4.42354,17,350.860836
-4.173175,17,350.914915
-4.382319,17,350.96822
-4.236558,17,351.021993
-4.319862,17,351.076143
-4.705377,17,351.130221
-4.326426,17,351.185232
-4.31406,17,351.239763
-4.318422,17,351.293727
-4.317884,17,351.348403
-4.252203,17,351.402325
-4.420466,17,351.785988
-5.428576,17,351.841943
-4.323598,17,351.898852
-4.380775,17,351.956187
-4.221979,17,352.013576
-4.30967,17,352.070473
-4.424993,17,352.127962
-4.17066,17,352.185834
-4.172968,17,352.242941
-4.502382,17,352.300192
-4.455143,17,352.357328
-4.394915,17,352.41421
-4.313024,17,352.471769
-4.358759,17,352.529947
-4.195167,17,352.588125
-4.294937,17,352.646534
-4.475854,17,352.704184
-4.147725,17,352.761917
-4.427177,17,352.819583
-4.254127,17,352.876027
-4.35429,17,352.932176
-4.659201,17,352.989077
-4.132736,17,353.045446
-4.224918,17,353.101784
-4.475043,17,353.157586
-4.45324,17,353.214212
-4.149236,17,353.270422
-4.244717,17,353.328488
-5.048546,17,353.386607
-4.430933,17,353.444988
-4.245728,17,353.503579
-4.204933,17,353.562246
-4.400718,17,354.464766
-4.224694,17,354.520461
-4.551206,17,354.577571
-3.906961,17,354.634985
-4.016024,17,354.692727
-4.25092,17,355.086463
-4.555994,17,355.142547
-4.469862,17,355.199032
-4.510586,17,355.255264
-4.57185,17,355.311107
-4.343302,17,355.367136
-4.116844,17,355.4238
-4.617552,17,355.480142
-4.691715,17,355.53646
-4.383155,17,355.593117
-4.11203,17,355.649356
-4.516835,17,355.705639
-4.518541,17,355.761536
-4.31675,17,355.817454
-4.056231,17,355.873135
-4.082097,17,355.929837
-4.883616,17,355.982395
-4.678275,17,356.034979
-4.302257,17,356.088008
-4.185637,17,356.140649
-4.297478,17,356.192991
-4.204067,17,356.245256
-4.160739,17,356.29812
-4.294799,17,356.350552
-4.238015,17,356.402707
-4.267829,17,356.454869
-4.301239,17,356.507897
-4.048875,17,356.560695
-5.404526,17,356.613183
-4.04204,17,356.665638
-4.318487,17,356.718794
-4.273521,17,356.771122
-4.829177,17,356.823503
-4.233621,17,356.875785
-4.306714,17,356.92971
-4.386139,17,356.982159
-4.150171,17,357.349342
-4.398231,17,357.402323
-4.523975,17,357.455066
-4.431272,17,357.507648
-4.222863,17,357.560939
-4.565051,17,357.613683
-4.727527,17,357.666102
-4.347309,17,357.71892
-4.927302,17,357.772052
-4.436928,17,357.82477
-4.123466,17,357.877262
-4.308267,17,357.930002
-4.290836,17,357.983438
-4.759104,17,358.03607
-4.391397,17,358.088839
-4.74041,17,358.141316
-4.249578,17,358.194785
-4.737926,17,358.247131
-4.543715,17,358.299707
-4.118893,17,359.071317
-4.344131,17,359.128739
-4.077714,17,359.184955
-4.475878,17,359.24111
-4.294873,17,359.297043
-4.469804,17,359.352938
-4.28089,17,359.408701
-4.205511,17,359.464931
-4.462076,17,359.520761
-4.126866,17,359.576494
-4.30722,17,359.632624
-4.257708,17,359.688627
-4.284154,17,359.744094
-4.325627,17,359.799699
-4.439006,17,359.863106
-4.4098,17,359.917845
-4.174807,17,359.973291
-4.257045,17,360.029268
-4.326885,17,360.415744
-4.530472,17,360.471851
-4.427154,17,360.527556
-4.521449,17,360.583911
-5.496017,18,360.643198
-4.438788,17,360.699059
-4.359835,17,360.754965
-4.290575,17,360.810845
-4.679581,17,360.866723
-4.656842,17,360.922442
-4.386533,17,360.978048
-4.435554,17,361.033926
-4.226971,17,361.089573
-4.811536,17,361.145229
-4.455023,17,361.201945
-4.218207,17,361.257859
-4.721219,17,361.313288
-4.358221,17,361.369372
-4.287848,17,361.425307
-4.76017,17,361.481051
-4.357477,17,361.536652
-4.379091,17,361.592683
-4.406631,17,361.648295
-4.456763,17,361.704067
-4.971247,17,361.760026
-4.326268,17,361.815657
-4.186475,17,361.871287
-4.182931,17,361.927328
-4.003561,17,361.982939
-4.258274,17,362.038761
-4.501409,17,362.094948
-4.436116,17,362.151345
-4.509619,17,362.207246
-4.28017,17,362.263814
-4.449968,17,362.320182
-4.218458,17,362.376347
-4.33019,17,362.432459
-4.418678,17,362.821203
-4.578315,17,362.877512
-4.468973,17,362.933831
-4.309656,17,362.990248
-4.278014,17,363.046313
-4.115609,17,363.102991
-4.063964,17,363.789619
-4.0172,17,363.842418
-4.326765,17,363.89497
-4.229916,17,363.947869
-4.292242,17,364.000619
-4.236958,17,364.053089
-4.192878,17,364.106079
-4.315905,17,364.158862
-4.844652,17,364.211455
-4.282191,17,364.26395
-4.334996,17,364.316747
-4.844156,17,364.369337
-4.270537,17,364.421654
-4.710509,17,364.474485
-4.497869,17,364.527433
-4.147887,17,364.579584
-4.128114,17,364.632107
-4.320974,17,364.684789
-4.688218,17,364.73726
-4.259143,17,364.790161
-4.305359,17,364.843385
-4.9979,17,364.896234
-4.260713,17,364.948736
-4.287643,17,365.00203
-4.726081,17,365.055023
-5.283159,17,365.107892
-4.405883,17,365.160403
-4.855549,17,365.213343
-4.523929,17,365.266038
-4.499565,17,365.31856
-4.39321,17,365.371482
-4.272054,17,365.739158
-4.401905,17,365.793077
-4.458327,17,365.847399
-4.558912,17,365.903465
-4.223362,17,365.958825
-4.097541,17,366.014521
-4.403609,17,366.069829
-4.258321,17,366.125184
-4.212336,17,366.180547
-4.563894,17,366.2362
-4.651538,17,366.291695
-4.535778,17,366.347829
-4.374906,17,366.403732
-4.282234,17,366.458948
-4.186827,17,366.514312
-4.56196,17,366.570001
-4.501659,17,366.625844
-4.481783,17,366.682266
-4.390724,17,366.737805
-4.584372,17,366.79395
-4.262059,17,366.850111
-4.494215,17,366.906364
-4.339351,17,366.962314
-4.424495,17,367.018504
-4.330767,17,367.07445
-4.090323,17,367.130752
-4.256144,17,367.186451
-3.766124,17,367.242006
-4.402784,17,367.297495
-4.52807,17,368.09582
-4.049796,17,368.148642
-4.363632,17,368.201782
-3.948085,17,368.254179
-4.152628,17,368.307352
-4.447103,17,368.360037
-4.502874,17,368.412733
-3.752036,17,368.882562
-4.206027,17,368.935865
-4.267083,17,368.988997
-4.910776,17,369.042182
-4.333762,17,369.095289
-4.351457,17,369.148649
-4.226202,17,369.201346
-4.683488,17,369.25494
-4.039065,17,369.30732
-4.017742,17,369.360307
-4.416132,17,369.413008
-4.192697,17,369.466136
-4.039665,17,369.518865
-4.336694,17,369.572464
-3.856644,17,369.625377
-4.396848,17,369.678167
-4.704928,17,369.730531
-4.035755,17,369.783482
-4.492505,17,369.835924
-4.134773,17,369.888553
-4.376118,17,369.941511
-4.322291,17,369.994428
-4.812442,17,370.047077
-4.158347,17,370.099426
-4.980191,17,370.152666
-4.041669,17,370.205153
-4.533753,17,370.257507
-4.210325,17,370.309821
-4.425235,17,370.362798
-7.720942,18,370.418215
-4.301655,17,370.470626
-4.265841,17,370.523066
-4.378508,17,370.576488
-4.246428,17,370.6292
-4.31992,17,370.681769
-4.58788,17,370.734465
-4.420118,17,370.787143
-4.261876,17,371.154071
-4.395967,17,371.207363
-4.512399,17,371.259908
-4.237283,17,371.312132
-4.527181,17,371.364993
-4.365679,17,371.417534
-4.485354,17,371.469887
-4.200503,17,371.522248
-4.403043,17,371.575612
-4.424286,17,371.628408
-4.617639,17,371.680794
-4.011041,17,371.733122
-4.527213,17,371.786263
-4.146075,17,371.838653
-4.24086,17,371.89122
-4.269388,17,371.943943
-4.183201,17,372.92513
-4.249148,17,372.978321
-4.765944,17,373.031741
-4.416801,17,373.084454
-4.584516,17,373.137195
-4.531661,17,373.190388
-4.428987,17,373.24429
-4.36084,17,373.297601
-4.272662,17,373.350363
-4.456126,17,373.403306
-4.004163,17,373.456569
-4.599768,17,373.509514
-4.281639,17,373.562881
-4.271104,17,373.616183
-4.572556,17,373.669702
-4.077171,17,373.722706
-4.50313,17,373.775317
-4.390716,17,373.828352
-4.320896,17,373.881996
-4.046754,17,373.935535
-4.335254,17,373.989331
-4.211634,17,374.357941
-4.663794,17,374.411126
-4.54073,17,374.463634
-4.228757,17,374.516267
-4.367258,17,374.568511
-4.321181,17,374.621374
-4.395171,17,374.674385
-4.231209,17,374.727249
-4.304899,17,374.779501
-4.121915,17,374.832686
-4.67368,17,374.888665
-4.236696,17,374.941063
-4.327169,17,374.993787
-4.788964,17,375.046614
-4.492843,17,375.099082
-4.455597,17,375.151629
-4.637725,17,375.204817
-4.541671,17,375.257599
-4.302435,17,375.310513
-4.21954,17,375.363543
-4.266563,17,375.416868
-4.660025,17,375.469166
-4.249216,17,375.522266
-4.150668,17,375.574784
-4.169482,17,375.628437
-4.314406,17,375.681507
-4.212755,17,375.734224
-4.205902,17,375.787231
-4.464599,17,375.840009
-4.094439,17,375.893049
-4.567726,17,375.945423
-4.527533,17,375.998807
-4.285795,17,376.051471
-4.144771,17,376.104664
-4.218332,17,376.157354
-4.406155,17,376.209676
-4.306832,17,376.262151
-4.653321,17,376.631081
-4.460242,17,376.684144
-4.205699,17,377.610302
-4.394562,17,377.663555
-4.309355,17,377.716836
-4.382853,17,377.770345
-4.531601,17,377.823179
-4.919443,17,377.875674
-4.452677,17,377.928181
-4.187654,17,377.981305
-3.77528,17,378.033624
-4.585648,17,378.086552
-4.219482,17,378.139035
-4.520272,17,378.191715
-4.636767,17,378.24391
-4.262344,17,378.296646
-4.09709,17,378.349174
-4.104024,17,378.402149
-4.696315,17,378.455354
-4.47965,17,378.507732
-5.172428,17,378.560046
-4.45796,17,378.613086
-4.257673,17,378.665541
-4.276868,17,378.718084
-4.387082,17,378.770999
-4.430972,17,378.823817
-4.617096,17,378.876276
-4.436354,17,378.929111
-4.279672,17,378.981462
-4.261722,17,379.033978
-4.41564,17,379.088009
-4.237682,17,379.140805
-4.318404,17,379.193719
-4.257094,17,379.246302
-3.956798,17,379.299067
-4.224826,17,379.351844
-4.145853,17,379.717525
-4.00504,17,379.770943
-4.271738,17,379.823257
-4.331018,17,379.8757
-4.295454,17,379.934238
-4.465453,17,379.988075
-4.205201,17,380.041464
-4.205016,17,380.09403
-4.363317,17,380.147353
-4.18815,17,380.200779
-4.04037,17,380.253711
-4.616406,17,380.305968
-4.550788,17,380.358781
-4.647157,17,380.412164
-4.350622,17,380.464799
-4.334133,17,380.517158
-4.429546,17,380.570601
-4.452483,17,380.62362
-4.340038,17,380.675813
-4.190427,17,380.728554
-4.186542,17,380.78183
-4.825353,17,380.834914
-4.198352,17,380.888042
-4.40382,17,380.941255
-4.243255,17,380.994414
-4.176421,17,381.047673
-4.347537,17,381.756506
-4.172329,17,381.810086
-4.235464,17,381.8628
-4.560048,17,381.916291
-4.439516,17,381.969667
-4.636678,17,382.02263
-4.407727,17,382.075456
-4.22688,17,382.127978
-4.333926,17,382.181482
-4.137654,17,382.234478
-4.74457,17,382.287441
-4.41114,17,382.657647
-4.320671,17,382.710241
-4.419352,17,382.763116
-4.50749,17,382.815308
-4.180611,17,382.86833
-4.25146,17,382.920706
-4.706797,17,382.973384
-4.394669,17,383.026263
-4.36686,17,383.078691
-4.301381,17,383.131896
-4.282444,17,383.185291
-4.449587,17,383.239111
-4.190562,17,383.292136
-4.24505,17,383.344996
-4.219818,17,383.397291
-4.386356,17,383.450274
-4.36068,17,383.503443
-4.375958,17,383.556358
-4.38922,17,383.608701
-4.489182,17,383.66127
-3.986829,17,383.714808
-4.589822,17,383.767578
-4.721326,17,383.820681
-4.018648,17,383.873611
-4.088659,17,383.926533
-4.275455,17,383.978899
-4.560235,17,384.031899
-4.419701,17,384.084637
-4.287006,17,384.137118
-4.322218,17,384.189427
-4.382479,17,384.242257
-4.025567,17,384.29469
-4.328812,17,384.347043
-4.370984,17,384.399497
-4.528495,17,384.452389
-4.028972,17,384.5057
-4.351126,17,384.558318
-4.561796,17,384.927428
-4.307405,17,384.980111
-4.100456,17,385.032958
-4.286589,17,385.08619
-4.032913,17,385.138672
-4.636838,17,385.191024
-4.349414,17,385.243438
-4.480291,17,385.296399
-4.150268,17,385.348666
-4.221963,17,385.400937
-4.629653,17,385.453454
-4.223261,17,385.506181
-4.617871,17,385.558284
-4.252805,17,386.305325
-4.868785,17,386.357625
-4.361445,17,386.409786
-4.358875,17,386.461828
-4.35961,17,386.515465
-4.395637,17,386.568235
-4.420889,17,386.620741
-4.232913,17,386.673224
-4.216643,17,386.726269
-4.337457,17,386.778779
-4.032509,17,386.830725
-4.335077,17,386.88337
-4.483725,17,386.936054
-4.610917,17,386.98818
-4.340578,17,387.040387
-3.807183,17,387.09302
-4.818569,17,387.145614
-4.577684,17,387.197985
-4.216763,17,387.250734
-4.163407,17,387.302866
-4.485907,17,387.355332
-4.629029,17,387.407842
-4.259404,17,387.460154
-4.070777,17,387.512345
-4.078197,17,387.879707
-4.382892,17,387.933078
-4.157362,17,387.985705
-4.167579,17,388.037848
-4.458649,17,388.090806
-4.281465,17,388.143629
-4.350827,17,388.196272
-4.442611,17,388.248435
-4.439742,17,388.301361
-4.372145,17,388.353734
-4.424142,17,388.40594
-4.379771,17,388.458147
-4.462918,17,388.510997
-4.098206,17,388.563407
-5.103488,17,388.615574
-4.10145,17,388.668127
-4.17573,17,388.721027
-4.179873,17,388.774045
-4.31226,17,388.826458
-4.278396,17,388.879229
-4.545107,17,388.932077
-4.35628,17,388.984511
-5.13307,17,389.037273
-4.601715,17,389.089786
-4.35225,17,389.142538
-4.638765,17,389.195321
-4.640936,17,389.247911
-4.774578,17,389.300394
-4.09209,17,389.352615
-4.113646,17,389.405749
-4.024007,17,389.457965
-4.101083,17,389.510072
-4.384346,17,389.56226
-4.275601,17,389.615178
-4.269693,17,389.667408
-4.194657,17,389.719409
-4.066016,17,390.949676
-4.118067,17,391.002466
-4.083602,17,391.054788
-3.979028,17,391.10785
-4.386928,17,391.16171
-4.305937,17,391.21454
-4.282279,17,391.266991
-4.513107,17,391.319392
-4.314586,17,391.372353
-4.349423,17,391.424722
-4.255626,17,391.477587
-4.389698,17,391.531448
-4.35533,17,391.585772
-4.373017,17,391.638895
-4.436143,17,391.691782
-4.142001,17,391.745188
-4.18631,17,391.797781
-4.624084,17,391.850057
-4.175536,17,391.903323
-4.459383,17,391.956287
-4.388747,17,392.00873
-4.273185,17,392.061524
-4.160061,17,392.114534
-4.621058,17,392.167151
-4.143779,17,392.219232
-4.604609,17,392.272197
-4.350115,17,392.325048
-4.369114,17,392.377327
-4.211906,17,392.429312
-4.378563,17,392.482018
-4.026851,17,392.534339
-3.967132,17,392.586585
-3.79996,17,392.639118
-4.404213,17,392.691422
-5.123102,17,392.743806
-4.550581,17,392.79596
-4.445776,17,392.848614
-4.077446,17,393.213838
-4.644745,17,393.266912
-4.207566,17,393.319492
-4.281082,17,393.371569
-4.250147,17,393.423646
-4.001793,17,393.476575
-4.111902,17,393.528765
-3.916371,17,393.58096
-4.55631,17,393.633442
-4.477984,17,393.687062
-4.7152,17,393.739666
-4.709662,17,393.792089
-4.291291,17,393.844808
-4.323353,17,393.897796
-4.249676,17,393.950464
-4.259172,17,394.002612
-4.162554,17,394.055403
-4.336177,17,394.108688
-4.176349,17,394.161752
-4.382842,17,394.214197
-4.660754,17,394.266859
-4.511896,17,394.320111
-4.328679,17,394.372647
-4.272372,17,395.06146
-4.341708,17,395.114436
-4.703047,17,395.167051
-4.285337,17,395.219225
-4.19125,17,395.272161
-4.409294,17,395.32483
-4.385184,17,395.377417
-4.48495,17,395.430269
-4.262526,17,395.483494
-4.710287,17,395.536161
-4.188382,17,395.589328
-4.670543,17,395.644735
-4.235021,17,395.699321
-4.054476,17,395.752511
-4.225037,17,396.122745
-4.256781,17,396.176155
-4.211868,17,396.229563
-4.595674,17,396.283443
-4.610211,17,396.336401
-4.165898,17,396.389459
-4.1319,17,396.442532
-4.237928,17,396.495507
-4.60906,17,396.549281
-4.186407,17,396.601756
-4.226347,17,396.654355
-4.155469,17,396.707039
-4.46941,17,396.760171
-6.075862,18,396.816668
-4.613417,17,396.869145
-4.370902,17,396.922515
-4.535779,17,396.975641
-4.325448,17,397.028023
-4.195625,17,397.080622
-4.263558,17,397.133963
-4.416138,17,397.187538
-4.502292,17,397.240735
-5.143632,17,397.293378
-4.026236,17,397.346747
-4.502563,17,397.399089
-4.056463,17,397.452177
-4.086803,17,397.504381
-4.667685,17,397.557894
-4.523507,17,397.611083
-4.221217,17,397.664135
-4.319671,17,397.716409
-4.28723,17,397.769552
-4.506246,17,397.822015
-4.162053,17,397.874291
-4.154889,17,397.927039
-4.565127,17,397.979936
-4.998207,17,398.032221
-4.121067,17,398.417933
-4.378498,17,398.470196
-4.445572,17,398.5234
-4.383254,17,398.57604
-5.008163,17,398.631001
-4.288652,17,398.686103
-4.633638,17,398.74146
-4.165587,17,398.79682
-4.387339,17,398.852309
-4.266463,17,399.643664
-4.077407,17,399.699602
-4.549037,17,399.755114
-4.985469,17,399.810343
-5.350049,17,399.865682
-4.240372,17,399.921859
-4.195053,17,399.977465
-4.264317,17,400.034225
-4.196997,17,400.088287
-4.853,17,400.141878
-4.907211,17,400.194899
-4.172994,17,400.248834
-4.299358,17,400.301514
-4.234333,17,400.353863
-4.074743,17,400.407306
-5.635587,17,400.459929
-4.412244,17,400.513206
-4.488162,17,400.57204
-4.336402,17,400.624554
-4.9559,17,400.676845
-4.691949,17,400.730791
-4.31441,17,400.783657
-4.333386,17,400.836113
-4.609959,17,400.888151
-4.047607,17,400.941321
-4.92379,17,400.99422
-4.087041,17,401.046986
-4.235333,17,401.415725
-4.481011,17,401.469123
-4.500412,17,401.521539
-4.494856,17,401.574554
-4.075765,17,401.628191
-4.343198,17,401.681014
-4.072813,17,401.734166
-4.185095,17,401.787308
-4.322463,17,401.840113
-4.523682,17,401.892506
-4.044259,17,401.944989
-4.470985,17,401.997881
-4.122961,17,402.05034
-4.601345,17,402.102746
-4.579244,17,402.155169
-4.269897,17,402.208253
-4.121135,17,402.260847
-4.487508,17,402.313116
-4.299042,17,402.36538
-4.20003,17,402.418593
-4.332245,17,402.471271
-4.512756,17,402.523785
-4.580657,17,402.576291
-4.641795,17,402.629355
-4.228283,17,402.681859
-4.265876,17,402.734473
-4.50766,17,402.787647
-4.711311,17,402.840656
-4.330514,17,402.893218
-4.35858,17,402.945715
-4.124568,17,402.998291
-4.379997,17,403.051002
-4.03978,17,403.103452
-4.159394,17,403.156217
-4.367061,17,403.849821
-4.749104,17,403.902693
-4.289263,17,403.955299
-4.645164,17,404.324593
-4.031165,17,404.377645
-4.917698,17,404.431225
-4.680444,17,404.485096
-4.229315,17,404.537938
-4.19631,17,404.590703
-4.292195,17,404.643812
-4.299533,17,404.696714
-4.719355,17,404.749739
-4.137981,17,404.802725
-4.985535,17,404.856306
-4.302983,17,404.909344
-3.971809,17,404.962223
-4.313507,17,405.0157
-4.229643,17,405.06831
-4.223543,17,405.120595
-4.306855,17,405.173883
-4.407675,17,405.226807
-4.405586,17,405.279189
-4.357103,17,405.331566
-4.245688,17,405.383858
-4.440224,17,405.436886
-4.472675,17,405.489562
-4.167579,17,405.542446
-4.312953,17,405.598802
-4.326548,17,405.65121
-4.179494,17,405.70342
-4.117793,17,405.756404
-4.092732,17,405.80874
-4.148637,17,405.860959
-4.789783,17,405.913361
-4.830083,17,405.966576
-4.439933,17,406.019078
-4.290064,17,406.07144
-4.181193,17,406.12422
-4.838181,17,406.177091
-4.197364,17,406.229409
-4.418758,17,406.596501
-4.299324,17,406.65027
-4.482247,17,406.705615
-4.324361,17,406.760318
-4.305556,17,406.815196
-4.314864,17,406.870224
-4.523958,17,406.92603
-4.307682,17,406.981462
-4.316241,17,407.036609
-3.813082,17,407.092193
-4.29595,17,407.147998
-4.963371,17,407.203524
-4.235155,17,407.259459
-5.032175,17,407.314812
-4.598874,17,407.370844
-4.310172,17,407.426578
-4.50407,17,407.481905
-4.159986,17,407.537699
-4.115249,17,407.593185
-4.325236,17,407.648663
-4.271662,17,408.414522
-4.653404,17,408.467411
-4.308273,17,408.520093
-4.255238,17,408.57321
-4.248193,17,408.625703
-4.366989,17,408.678268
-4.123036,17,408.730645
-4.205136,17,408.783459
-4.499329,17,408.836321
-4.21344,17,408.889147
-4.465558,17,408.942219
-4.485857,17,408.995032
-4.115793,17,409.047469
-4.285723,17,409.100331
-4.130139,17,409.15306
-4.439133,17,409.206119
-4.695345,17,409.258954
-4.066388,17,409.629352
-4.318091,17,409.681947
-4.421212,17,409.735661
-4.159457,17,409.788629
-4.439177,17,409.841411
-4.164509,17,409.893837
-4.141112,17,409.947125
-4.461455,17,409.999929
-4.194601,17,410.052401
-4.596838,17,410.105002
-4.246486,17,410.158236
-4.397974,17,410.210744
-4.414291,17,410.262957
-4.356826,17,410.315219
-4.308809,17,410.368705
-4.251065,17,410.421242
-4.469942,17,410.473742
-3.987476,17,410.526655
-4.541304,17,410.587354
-4.634329,17,410.639686
-4.153166,17,410.692056
-4.545929,17,410.745187
-4.736113,17,410.797904
-4.351974,17,410.850337
-4.375265,17,410.902801
-4.466103,17,410.95654
-4.082039,17,411.009572
-4.676328,17,411.062251
-4.679816,17,411.114619
-3.710629,17,411.167915
-4.638988,17,411.220644
-4.400148,17,411.273108
-4.260182,17,411.325469
-4.392601,17,411.378642
-4.40048,17,411.431399
-4.124595,17,411.484126
-4.16695,17,411.957179
-4.0431,17,412.010736
-4.46999,17,412.063616
-4.348418,17,412.116671
-5.123883,17,412.170361
-4.204612,17,412.223243
-4.745457,17,412.27567
-4.339275,17,412.99593
-4.437384,17,413.05029
-4.155075,17,413.105225
-4.132471,17,413.160178
-4.329816,17,413.216192
-4.556684,17,413.271892
-4.321546,17,413.327487
-4.208157,17,413.383267
-4.040629,17,413.438939
-4.651786,17,413.493983
-4.432333,17,413.549353
-4.303944,17,413.605393
-4.904466,17,413.660934
-4.166544,17,413.716532
-4.669999,17,413.771928
-4.333635,17,413.828496
-4.109859,17,413.884411
-4.239643,17,413.942459
-4.414332,17,414.004612
-4.390266,17,414.067642
-4.642611,17,414.130094
-4.275033,17,414.192788
-4.345161,17,414.255772
-4.203873,17,414.318903
-4.7343,17,414.382114
-4.415109,17,414.445468
-4.393463,17,414.509352
-4.362504,17,414.573126
-4.205761,17,414.635504
-4.722902,17,414.697457
-4.47306,17,415.101089
-4.375125,17,415.159467
-4.543587,17,415.217719
-4.353131,17,415.276281
-4.202484,17,415.334378
-4.744055,17,415.392497
-4.729857,17,415.451081
-4.150015,17,415.509395
-4.269462,17,415.573009
-6.902578,18,415.634003
-4.934443,17,415.691842
-4.765864,17,415.749518
-4.226469,17,415.807177
-4.661829,17,415.864659
-4.334355,17,415.922558
-4.440209,17,415.980697
-4.246762,17,416.03918
-4.056236,17,416.09962
-4.186402,17,416.157837
-4.603007,17,416.215343
-4.81042,17,416.274534
-4.269684,17,416.334244
-4.492662,17,416.393382
-4.201744,17,416.452837
-5.451873,17,416.512549
-4.36439,17,416.571892
-4.310482,17,416.632947
-4.325642,17,416.693539
-4.394013,17,416.753981
-4.508824,17,416.813599
-4.112189,17,417.72502
-4.478686,17,417.781135
-4.218469,17,417.837004
-4.032809,17,417.892819
-4.023855,17,417.948273
-4.290636,17,418.004752
-4.110239,17,418.060809
-4.236239,17,418.452078
-4.405433,17,418.509114
-4.240204,17,418.566111
-4.174188,17,418.623066
-4.277748,17,418.680856
-4.43849,17,418.738432
-4.163806,17,418.796145
-4.659901,17,418.85327
-4.137205,17,418.910035
-4.362897,17,418.967267
-4.682178,17,419.024391
-4.566092,17,419.081004
-4.772582,17,419.138181
-4.533779,17,419.195206
-4.39336,17,419.252605
-4.37598,17,419.309214
-4.251243,17,419.365736
-4.342606,17,419.42208
-4.311821,17,419.478251
-4.354956,17,419.534566
-4.627112,17,419.591048
-4.560403,17,419.647921
-4.62412,17,419.704092
-4.662938,17,419.760194
-4.257856,17,419.816552
-4.381248,17,419.873678
-4.232337,17,419.930831
-4.665132,17,419.989113
-4.43517,17,420.045817
-3.828426,17,420.102611
-4.696843,17,420.159005
-4.079631,17,420.216286
-4.027853,17,420.273274
-4.223462,17,420.331117
-4.252018,17,420.392789
-4.862353,17,420.453655
-4.125198,17,420.514824
-4.183265,17,420.932285
-4.44063,17,420.99185
-4.291866,17,421.049326
-4.656118,17,421.106222
-4.268983,17,421.162727
-4.373743,17,421.220249
-4.01578,17,421.278062
-4.305357,17,421.335272
-4.226861,17,421.392082
-4.453982,17,421.448205
-4.31066,17,421.504483
-4.728649,17,421.56082
-4.249482,17,421.617846
-4.187249,17,421.674872
-4.413817,17,421.73181
-4.191074,17,421.788611
-4.270399,17,422.609041
-4.282647,17,422.668835
-4.287426,17,422.729797
-4.276938,17,422.790492
-4.244258,17,422.850815
-4.3141,17,422.911228
-4.322596,17,422.971555
-4.11556,17,423.032809
-4.479276,17,423.093253
-4.350003,17,423.153881
-4.272513,17,423.214422
-4.483426,17,423.274408
-4.210913,17,423.335141
-4.366637,17,423.394733
-4.323982,17,423.455954
-4.304534,17,423.51642
-4.720106,17,423.57648
-4.241455,17,423.636389
-4.128736,17,423.6947
-4.38361,17,423.750303
-4.245176,17,424.133871
-4.248772,17,424.189158
-4.105733,17,424.24485
-4.69603,17,424.300811
-4.468146,17,424.356533
-4.904788,17,424.41186
-4.137913,17,424.468081
-4.144228,17,424.523896
-4.06179,17,424.580162
-4.331131,17,424.636272
-4.70185,17,424.693989
-4.149449,17,424.750862
-4.395542,17,424.807871
-4.426962,17,424.865482
-4.453077,17,424.922053
-4.662433,17,424.978468
-4.616585,17,425.035613
-4.18459,17,425.092173
-4.422994,17,425.148765
-4.632126,17,425.205057
-4.11298,17,425.261679
-4.693684,17,425.318266
-4.260572,17,425.375402
-4.129821,17,425.432417
-4.560996,17,425.489106
-4.352076,17,425.545343
-4.372369,17,425.6023
-3.934917,17,425.658922
-4.411979,17,425.716577
-4.44607,17,425.774274
-4.241153,17,425.831668
-4.472077,17,425.889998
-4.628804,17,425.947508
-4.048547,17,426.004592
-4.464943,17,426.061631
-4.653788,17,426.118294
-4.440696,17,426.175322
-4.767877,17,426.564357
-4.335536,17,426.621558
-4.271975,17,426.678176
-4.361572,17,426.73583
-4.851039,17,427.649612
-3.99268,17,427.70526
-4.20386,17,427.76076
-4.447553,17,427.816568
-4.089539,17,427.87243
-4.025965,17,427.927949
-4.306151,17,427.983627
-4.345732,17,428.038575
-4.537779,17,428.093824
-4.12622,17,428.148353
-4.376738,17,428.203848
-4.080689,17,428.259318
-4.026456,17,428.314329
-3.994088,17,428.36968
-4.297686,17,428.425336
-4.369473,17,428.481291
-4.539687,17,428.537078
-4.334096,17,428.592443
-4.67033,17,428.647158
-4.350291,17,428.702724
-4.098775,17,428.758828
-4.188927,17,428.81423
-4.362167,17,428.868942
-4.273275,17,428.923586
-4.527928,17,428.978155
-4.735128,17,429.033317
-4.750024,17,429.087424
-3.931684,17,429.14178
-4.641429,17,429.19775
-4.555432,17,429.254243
-4.203562,17,429.310247
-4.987892,17,429.366664
-4.367375,17,429.42278
-4.184364,17,429.813851
-4.194958,17,429.871905
-4.267183,17,429.929392
-4.741172,17,429.986216
-4.316577,17,430.043455
-4.466342,17,430.100717
-4.138978,17,430.157214
-4.18022,17,430.213808
-4.093964,17,430.270567
-4.494587,17,430.32745
-4.596189,17,430.384171
-4.739542,17,430.441033
-4.271957,17,430.49814
-4.215961,17,430.554609
-3.990457,17,430.619321
-4.596327,17,430.675316
-4.423852,17,430.731431
-4.322612,17,430.786518
-4.317869,17,430.842426
-4.226093,17,430.898978
-4.135546,17,430.958942
-4.277237,17,431.01518
-4.203272,17,431.072279
-4.359413,17,431.12835
-4.429253,17,431.184572
-4.192928,17,431.241091
-4.709778,17,431.29759
-4.388736,17,432.042878
-4.176401,17,432.101825
-4.342461,17,432.157676
-4.507661,17,432.21209
-4.312243,17,432.267348
-4.620839,17,432.323179
-4.083564,17,432.379756
-4.356678,17,432.43526
-4.319639,17,432.491852
-4.151447,17,432.547809
-4.261453,17,432.931372
-4.505384,17,432.989771
-4.225014,17,433.049627
-4.545661,17,433.109556
-4.256426,17,433.170247
-4.307123,17,433.231414
-4.293169,17,433.291997
-4.160907,17,433.353525
-4.434065,17,433.416059
-4.38821,17,433.476896
-4.241238,17,433.536165
-4.594907,17,433.595496
-3.996318,17,433.655343
-4.050638,17,433.714314
-4.493026,17,433.773476
-4.127502,17,433.832549
-4.132387,17,433.892276
-5.127613,17,433.951401
-4.035443,17,434.010655
-4.612947,17,434.069833
-4.271336,17,434.12904
-4.104121,17,434.188596
-4.189925,17,434.248774
-4.373276,17,434.309679
-4.402695,17,434.370751
-4.65014,17,434.430788
-4.308262,17,434.490559
-4.383578,17,434.550363
-4.468464,17,434.611815
-4.363253,17,434.672921
-4.120587,17,434.734565
-4.2431,17,434.795695
-4.216404,17,434.857099
-4.638553,17,434.917472
-4.519463,17,434.978603
-4.487541,17,435.040291
-4.522043,17,435.573671
-4.20916,17,435.641001
-3.983878,17,435.701819
-4.413671,17,435.762547
-3.822538,17,435.822861
-4.642295,17,435.884232
-3.934484,17,435.945055
-4.264081,17,436.005563
-4.260839,17,436.065968
-4.61423,17,436.125601
-4.23756,17,436.185727
-4.318264,17,436.246136
-4.233685,17,436.307271
-4.222365,17,436.368788
-4.143171,17,437.267918
-4.199765,17,437.329391
-4.214134,17,437.393178
-4.631546,17,437.452511
-4.349823,17,437.513178
-4.352246,17,437.573933
-4.228381,17,437.634129
-4.302225,17,437.694432
-4.202926,17,437.75547
-4.325155,17,437.816289
-4.195099,17,437.877922
-4.420216,17,437.939403
-4.394592,17,438.000395
-4.005196,17,438.061758
-4.046816,17,438.12226
-4.415298,17,438.182612
-4.402732,17,438.24328
-4.305525,17,438.30366
-4.26786,17,438.364349
-4.407263,17,438.419833
-4.205983,17,438.477794
-4.195159,17,438.534832
-4.215858,17,438.592486
-4.208888,17,438.998248
-4.200365,17,439.056034
-4.31571,17,439.114999
-4.281666,17,439.174417
-4.254805,17,439.233124
-4.771518,17,439.291556
-4.201845,17,439.349927
-4.538285,17,439.408731
-4.49036,17,439.468104
-5.140205,17,439.526194
-4.407615,17,439.584626
-4.616471,17,439.643169
-5.762339,17,439.701469
-4.297467,17,439.760078
-4.001821,17,439.818672
-4.409264,17,439.877695
-4.268581,17,439.938248
-4.463799,17,439.997373
-4.012024,17,440.055121
-4.443346,17,440.113394
-4.322746,17,440.171172
-4.47408,17,440.229644
-5.144394,17,440.288482
-4.306198,17,440.347101
-4.331984,17,440.405846
-4.151793,17,440.464621
-4.370401,17,440.522862
-4.425227,17,440.580967
-4.247364,17,440.645407
-3.992478,17,440.70413
-4.175344,17,440.76205
-5.722772,18,440.823178
-4.159836,17,440.881017
-4.346592,17,440.939899
-4.276573,17,440.998536
-4.37213,17,441.057011
-4.37394,17,441.1152
-4.228673,17,442.23544
-4.562181,17,442.294323
-4.655339,17,442.369704
-4.247043,17,442.430188
-4.396318,17,442.487253
-4.076206,17,442.544689
-4.231353,17,442.607772
-5.222512,17,442.668344
-4.652405,17,442.72765
-4.588657,17,442.787264
-4.069501,17,442.846775
-4.744364,17,442.906133
-4.161122,17,442.965357
-4.386112,17,443.024263
-4.245925,17,443.082685
-4.343505,17,443.141074
-4.385918,17,443.200148
-4.314493,17,443.259293
-4.294431,17,443.318245
-4.031067,17,443.37701
-4.556944,17,443.435687
-4.465101,17,443.494914
-4.447426,17,443.553921
-4.409563,17,443.613307
-3.947084,17,443.673242
-4.663174,17,443.733007
-4.723059,17,443.79235
-4.746754,17,443.851493
-5.267025,17,443.911903
-4.100673,17,443.972394
-4.229272,17,444.032456
-4.316923,17,444.09273
-4.356341,17,444.15238
-3.968005,17,444.211581
-4.342937,17,444.270573
-4.452003,17,444.329075
-4.126858,17,444.387466
-4.017367,17,444.790305
-4.230575,17,444.849482
-5.297868,17,444.908313
-4.504725,17,444.96718
-4.395485,17,445.025931
-4.667768,17,445.084573
-4.283989,17,445.142484
-4.065818,17,445.200469
-4.449951,17,445.259626
-4.356112,17,445.318806
-4.326147,17,445.377959
-4.615907,17,445.43679
-4.426315,17,445.496093
-4.186989,17,445.554847
-4.436781,17,445.613855
-4.070107,17,445.67593
-4.192723,17,445.734874
-4.509409,17,445.793577
-4.588932,17,445.852314
-3.731822,17,445.911116
-4.0971,17,445.970203
-4.458303,17,446.028965
-4.360498,17,446.087648
-4.290922,17,446.146679
-4.251188,17,447.036235
-5.359468,17,447.095385
-4.372855,17,447.154514
-4.167406,17,447.208795
-4.562911,17,447.263252
-4.391022,17,447.317672
-4.296698,17,447.372407
-4.362397,17,447.42809
-4.39559,17,447.490194
-4.197304,17,447.549994
-4.541313,17,447.609612
-4.305489,17,447.668948
-4.03018,17,448.076342
-4.746466,17,448.133785
-4.090012,17,448.194839
-4.221976,17,448.249881
-4.276275,17,448.304534
-4.527131,17,448.35954
-4.386393,17,448.414483
-4.672704,17,448.469613
-4.20769,17,448.523787
-4.436403,17,448.578108
-4.233288,17,448.63212
-3.815649,17,448.687532
-4.231598,17,448.742357
-4.308703,17,448.796671
-4.315439,17,448.851934
-4.362472,17,448.907395
-4.136695,17,448.962353
-4.404303,17,449.017332
-3.875666,17,449.073005
-4.422991,17,449.128965
-4.114642,17,449.184347
-4.17365,17,449.239578
-4.292807,17,449.295256
-4.656899,17,449.350715
-4.76187,17,449.405324
-4.399831,17,449.461621
-4.883743,17,449.517284
-4.17947,17,449.571885
-4.016151,17,449.628005
-4.262561,17,449.684486
-4.369469,17,449.740808
-4.348317,17,449.796439
-4.405168,17,449.852565
-3.909594,17,449.908252
-4.291786,17,449.967042
-4.160635,17,450.025678
-4.377035,17,450.081272
-4.174223,17,450.465398
-4.443657,17,450.521981
-4.216347,17,450.57898
-4.420307,17,450.642289
-4.324288,17,450.697317
-4.321819,17,450.752985
-4.496056,17,450.812626
-4.322107,17,450.87244
-4.117701,17,450.932957
-4.286357,17,450.990383
-4.260678,17,451.045702
-4.297108,17,451.935033
-4.041024,17,451.989913
-4.385252,17,452.04663
-4.146592,17,452.102439
-4.316956,17,452.157923
-4.100804,17,452.213774
-4.271912,17,452.269647
-4.404013,17,452.325744
-4.232689,17,452.381469
-3.839325,17,452.437132
-4.332077,17,452.492636
-4.391949,17,452.547737
-4.580483,17,452.603124
-4.493469,17,452.658288
-4.243891,17,452.713017
-4.444405,17,452.767667
-3.935123,17,452.822392
-4.387529,17,452.87838
-4.092357,17,452.934929
-3.793336,17,452.989396
-4.255319,17,453.04408
-4.141279,17,453.098845
-4.362362,17,453.153717
-4.52726,17,453.209367
-4.174068,17,453.264538
-3.9792,17,453.319713
-4.425323,17,453.704425
-4.161846,17,453.760838
-4.185588,17,453.816875
-4.00178,17,453.872396
-4.867436,17,453.932006
-4.392086,17,453.989714
-4.217022,17,454.044737
-4.170506,17,454.100354
-4.23994,17,454.157332
-4.448742,17,454.216442
-4.330736,17,454.273964
-3.96768,17,454.330913
-4.349474,17,454.388447
-4.91369,17,454.445578
-4.277586,17,454.503731
-3.73412,17,454.560298
-4.573619,17,454.617072
-4.302996,17,454.673989
-4.465109,17,454.730629
-4.069481,17,454.787005
-4.19757,17,454.842719
-4.669906,17,454.899398
-4.295725,17,454.955592
-4.410689,17,455.011178
-4.305869,17,455.06632
-4.194501,17,455.121546
-4.34102,17,455.176622
-4.409657,17,455.23428
-4.200223,17,455.292124
-4.224203,17,455.350066
-4.125873,17,455.40802
-4.154349,17,455.465589
-4.357861,17,455.526452
-4.415499,17,455.58682
-4.283867,17,456.414317
-4.389056,17,456.470544
-4.194269,17,456.524134
-4.334988,17,456.916842
-4.594586,17,456.971677
-4.099032,17,457.026921
-4.497678,17,457.085814
-4.401528,17,457.143615
-4.489847,17,457.201759
-4.235823,17,457.260727
-4.071245,17,457.319696
-4.437426,17,457.377734
-4.826109,17,457.435865
-4.581307,17,457.497079
-4.114241,17,457.556504
-4.297239,17,457.617126
-4.024051,17,457.680249
-4.144765,17,457.736914
-4.293083,17,457.792618
-4.46404,17,457.848383
-4.610342,17,457.909753
-4.529225,17,457.964493
-4.380961,17,458.019742
-4.439565,17,458.077617
-4.164359,17,458.135956
-4.123687,17,458.19513
-4.358486,17,458.254549
-4.649161,17,458.323592
-4.168104,17,458.382018
-4.181726,17,458.441374
-4.287146,17,458.504072
-4.419613,17,458.568806
-4.418839,17,458.633176
-4.354312,17,458.697995
-4.157993,17,458.761987
-4.260319,17,458.821695
-4.60014,17,458.881586
-4.41619,17,458.940902
-5.381905,17,458.999939
-4.195726,17,459.058598
-4.234505,17,459.590611
-4.367032,17,459.650514
-4.129829,17,459.709479
-4.296198,17,459.769312
-4.235537,17,459.828494
-4.304187,17,459.887561
-4.029815,17,459.946433
-4.137257,17,460.004855
-4.245837,17,460.064893
-4.415888,17,460.125201
-4.262724,17,460.185441
-4.401952,17,460.245545
-4.546684,17,460.30511
-4.13727,17,460.365348
-4.276922,17,460.425992
-4.448854,17,460.48483
-4.27227,17,460.543285
-4.378992,17,460.601349
-4.236562,17,460.660113
-4.627092,17,460.720171
-4.389277,17,461.562129
-4.423072,17,461.619274
-4.284276,17,461.676067
-4.349386,17,461.732268
-4.404685,17,461.787959
-4.543114,17,461.844171
-4.10487,17,461.899909
-4.099721,17,461.956119
-4.079872,17,462.012401
-4.585599,17,462.069259
-4.223059,17,462.125385
-4.399751,17,462.181655
-4.093785,17,462.237963
-4.293098,17,462.296221
-4.037393,17,462.356502
-4.331972,17,462.417112
-3.99562,17,462.811747
-4.170934,17,462.868954
-4.095407,17,462.926607
-4.839926,17,462.982793
-4.271961,17,463.042429
-4.080056,17,463.105223
-4.185352,17,463.167199
-4.162231,17,463.232893
-4.386362,17,463.294444
-4.404392,17,463.352966
-4.301967,17,463.411007
-4.07856,17,463.467001
-4.438122,17,463.524126
-3.988155,17,463.57971
-4.39798,17,463.635974
-4.264122,17,463.690861
-4.458959,17,463.747403
-4.027806,17,463.802573
-4.376957,17,463.858688
-4.175077,17,463.91419
-4.166943,17,463.970633
-4.173671,17,464.027231
-4.192845,17,464.084395
-4.116727,17,464.141137
-4.422954,17,464.199265
-4.171228,17,464.256323
-4.213555,17,464.315296
-4.286926,17,464.373764
-4.451567,17,464.431809
-5.624323,17,464.49222
-4.190839,17,464.549995
-4.197211,17,464.608042
-4.40419,17,464.664291
-4.092838,17,464.722368
-4.202513,17,464.779813
-3.787327,17,464.837623
-5.277439,17,464.896311
-4.197566,17,465.301146
-4.150897,17,465.357321
-4.724579,17,465.415854
-4.139658,17,465.472924
-4.18221,17,465.532745
-4.416117,17,465.589592
-4.143463,17,465.647227
-4.243498,17,466.437438
-4.311293,17,466.499098
-4.269029,17,466.565715
-4.211953,17,466.625932
-4.697001,17,466.684738
-4.391001,17,466.743812
-4.564261,17,466.803685
-4.267161,17,466.863445
-4.371287,17,466.922501
-4.337575,17,466.98312
-4.183913,17,467.044871
-4.276284,17,467.107536
-4.244144,17,467.169522
-4.394897,17,467.234422
-4.765124,17,467.298452
-4.27552,17,467.361619
-4.093353,17,467.421582
-4.050174,17,467.481881
-4.514652,17,467.541441
-4.163093,17,467.601233
-4.552317,17,467.662201
-4.401263,17,467.725215
-4.234837,17,467.789577
-4.420295,17,467.855081
-4.201003,17,467.918867
-4.305883,17,467.984243
-4.777541,17,468.050079
-4.290675,17,468.117007
-4.326509,17,468.184675
-4.448965,17,468.25173
-3.951875,17,468.682554
-4.165529,17,468.744748
-4.354758,17,468.806643
-4.236784,17,468.870929
-4.129111,17,468.942137
-4.322418,17,469.004466
-3.863188,17,469.067076
-4.455866,17,469.129769
-4.334146,17,469.189767
-4.941427,17,469.250676
-4.041622,17,469.317014
-4.082102,17,469.382357
-4.05073,17,469.447901
-4.636287,17,469.511356
-4.211458,17,469.573158
-4.181767,17,469.636704
-4.309496,17,469.699856
-4.250726,17,469.764206
-4.236886,17,469.829648
-4.425295,17,469.895968
-4.336413,17,469.960311
-4.211827,17,470.023889
-5.050573,17,470.085308
-4.233876,17,470.150434
-4.174582,17,470.216866
-4.409699,17,470.284168
-4.249435,17,470.34795
-4.328237,17,470.41227
-4.584727,17,470.478179
-4.349369,17,470.545571
-4.238376,17,470.612484
-4.233655,17,471.513344
-4.16854,17,471.570669
-4.672021,17,471.626146
-4.371449,17,471.684418
-4.595825,17,471.741412
-4.813708,17,471.797781
-3.827381,17,472.187855
-4.408154,17,472.244356
-4.037853,17,472.301128
-4.336237,17,472.35966
-4.836576,17,472.416464
-4.410288,17,472.472074
-4.345908,17,472.530311
-4.07244,17,472.586799
-4.034714,17,472.643543
-4.473235,17,472.699858
-4.24483,17,472.758348
-4.374283,17,472.815344
-4.729129,17,472.871761
-4.038964,17,472.927988
-4.142969,17,472.986816
-4.15861,17,473.049
-4.392706,17,473.10529
-4.743835,17,473.162107
-4.392522,17,473.219794
-4.157045,17,473.276102
-4.289711,17,473.332862
-4.329688,17,473.391987
-4.292947,17,473.448212
-4.306118,17,473.50394
-4.403754,17,473.559957
-4.502672,17,473.617619
-4.299116,17,473.673879
-4.23945,17,473.729407
-4.544434,17,473.787032
-4.439906,17,473.844146
-4.418336,17,473.899341
-4.358019,17,473.954562
-4.207472,17,474.012589
-4.297098,17,474.068524
-4.287336,17,474.123923
-4.664582,17,474.180551
-4.355045,17,474.568818
-4.341524,17,474.631884
-4.185445,17,474.687914
-4.177993,17,474.744399
-4.30703,17,474.800575
-4.744183,17,474.859176
-4.373987,17,474.915212
-4.868877,17,474.971803
-4.437763,17,475.031148
-4.047571,17,475.093719
-4.291868,17,475.150098
-3.754063,17,475.207052
-4.252304,17,475.263548
-4.274338,17,475.321549
-4.184618,17,475.381905
-4.380395,17,475.44176
-4.196984,17,475.50185
-4.236742,17,475.560244
-4.209569,17,476.393035
-3.907819,17,476.460596
-4.4145,17,476.525701
-4.672754,17,476.583974
-4.049821,17,476.640535
-4.060035,17,476.699215
-4.221372,17,476.75712
-4.161234,17,476.817963
-4.308031,17,476.881481
-4.49492,17,476.939003
-4.277231,17,476.995948
-4.894933,17,477.052029
-4.282442,17,477.109742
-4.877701,17,477.168602
-4.310483,17,477.230215
-4.646731,17,477.290678
-4.323401,17,477.350169
-4.441853,17,477.406806
-4.349356,17,477.463346
-4.35937,17,477.860244
-4.458555,17,477.918762
-4.399668,17,477.972791
-4.26493,17,478.032859
-3.927032,17,478.101533
-4.159956,17,478.16119
-4.174862,17,478.216691
-4.35812,17,478.273659
-4.011997,17,478.335141
-4.95618,17,478.39247
-4.424348,17,478.450435
-4.26913,17,478.508787
-4.360638,17,478.569709
-4.092032,17,478.634434
-4.809717,17,478.701983
-4.279317,17,478.766251
-4.362526,17,478.825139
-4.590935,17,478.882725
-4.228528,17,478.939722
-4.04241,17,478.996125
-4.333475,17,479.052618
-4.337088,17,479.10956
-4.410571,17,479.166867
-3.751301,17,479.223209
-3.992134,17,479.279864
-4.315782,17,479.336545
-4.381383,17,479.39283
-3.785767,17,479.448522
-4.313228,17,479.504812
-4.046198,17,479.561203
-4.115963,17,479.617173
-4.523207,17,479.673611
-4.281109,17,479.72921
-4.221455,17,479.784729
-4.141753,17,479.840241
-4.379,17,479.895692
-4.338752,17,479.952147
-4.135125,17,480.342007
-4.350454,17,480.39878
-3.957083,17,480.459117
-4.37831,17,480.518646
-3.986375,17,481.507597
-4.285075,17,481.562981
-3.965116,17,481.618633
-4.502131,17,481.67395
-3.821426,17,481.729649
-4.309616,17,481.784983
-4.143337,17,481.840582
-4.097699,17,481.896058
-4.561228,17,481.952034
-4.420038,17,482.007211
-4.377278,17,482.062806
-4.230317,17,482.118387
-3.991622,17,482.174371
-4.258998,17,482.230386
-4.377933,17,482.286272
-4.320162,17,482.342032
-4.002172,17,482.398074
-4.147647,17,482.454206
-4.542355,17,482.510494
-4.142191,17,482.567259
-3.980328,17,482.624315
-4.753959,17,482.681104
-4.172383,17,482.738197
-4.403976,17,482.795013
-4.249069,17,482.851343
-4.350164,17,482.908391
-4.496412,17,482.96485
-4.066003,17,483.021459
-4.167658,17,483.079668
-4.337594,17,483.135988
-4.016043,17,483.192213
-4.499772,17,483.24775
-4.588923,17,483.303383
-4.677967,17,483.804509
-4.087576,17,483.860506
-4.042532,17,483.915545
-4.234934,17,483.971397
-4.145654,17,484.028594
-4.35092,17,484.084619
-4.220919,17,484.140602
-4.291874,17,484.196732
-4.589544,17,484.252629
-3.994514,17,484.308408
-4.276704,17,484.36735
-4.003527,17,484.424703
-4.11781,17,484.483347
-4.206679,17,484.540044
-4.234905,17,484.596455
-4.241947,17,484.652484
-4.110147,17,484.708512
-4.279756,17,484.765048
-4.513829,17,484.821363
-4.261125,17,484.878313
-4.22013,17,484.934125
-4.532672,17,484.990132
-4.314922,17,485.045325
-4.240574,17,485.101696
-5.296214,17,485.1574
-4.677644,17,485.212898
-4.426285,17,485.270247
-4.220979,17,486.375383
-4.363366,17,486.432395
-4.108988,17,486.491791
-4.183097,17,486.550945
-3.981357,17,486.609936
-4.397065,17,486.66847
-4.201348,17,486.726969
-4.199065,17,486.786045
-4.304971,17,486.844675
-4.338589,17,487.270029
-4.163371,17,487.333307
-4.317308,17,487.393796
-4.290339,17,487.451914
-4.109115,17,487.508114
-4.535403,17,487.566959
-4.150214,17,487.623803
-4.098024,17,487.681914
-4.27265,17,487.738915
-4.187247,17,487.795824
-4.238567,17,487.853108
-4.123945,17,487.910617
-3.79162,17,487.967584
-4.28546,17,488.024852
-4.718579,17,488.082832
-4.684617,17,488.142453
-4.118094,17,488.20413
-4.327516,17,488.266314
-4.395457,17,488.326674
-4.144412,17,488.38436
-3.834022,17,488.439715
-4.204299,17,488.494051
-4.270275,17,488.548645
-4.352694,17,488.60311
-4.25399,17,488.657823
-4.21331,17,488.712564
-4.300494,17,488.766817
-4.337718,17,488.821692
-4.273796,17,488.876084
-4.174037,17,488.92963
-4.377688,17,488.983535
-4.213041,17,489.037623
-4.049205,17,489.091553
-4.244423,17,489.145441
-4.799199,17,489.199424
-4.079317,17,489.253031
-4.211372,17,489.306961
-4.297808,17,489.682876
-4.347972,17,489.737127
-4.008349,17,489.791618
-4.092363,17,489.846106
-4.071831,17,489.899515
-4.230472,17,489.953281
-4.144428,17,490.006938
-4.331677,17,490.061484
-4.405126,17,490.115232
-4.365438,17,490.169463
-4.553216,17,490.223203
-4.223243,17,490.277141
-4.068074,17,490.331429
-4.249328,17,490.385512
-4.269374,17,490.439436
-4.230015,17,491.221688
-4.206458,17,491.278517
-4.415791,17,491.336667
-4.103101,17,491.399782
-4.179644,17,491.462793
-4.953125,17,491.524711
-4.403581,17,491.585414
-4.261796,17,491.64565
-4.346902,17,491.708725
-4.579825,17,491.77015
-4.198552,17,491.828794
-4.164899,17,491.887328
-4.336426,17,491.945346
-4.465187,17,492.004676
-4.369008,17,492.062373
-4.001347,17,492.119741
-4.266334,17,492.177004
-4.712695,17,492.233916
-4.328921,17,492.291154
-4.233191,17,492.348055
-4.228217,17,492.405102
-3.9652,17,492.464965
-4.338199,17,492.86449
-4.334522,17,492.92371
-4.364741,17,492.981614
-4.300721,17,493.039355
-4.163921,17,493.097103
-4.514514,17,493.154547
-4.270025,17,493.212293
-3.931833,17,493.269626
-4.352956,17,493.327217
-4.33294,17,493.385069
-4.222116,17,493.442692
-4.347372,17,493.499618
-4.361469,17,493.556022
-4.149476,17,493.612633
-4.209653,17,493.670392
-4.299643,17,493.72759
-4.20879,17,493.784465
-4.099065,17,493.840781
-4.057862,17,493.897316
-4.116711,17,493.954077
-4.417042,17,494.0115
-4.566973,17,494.068649
-4.536418,17,494.12556
-4.271899,17,494.182968
-4.888488,17,494.240459
-4.518913,17,494.298516
-4.274455,17,494.355398
-4.318781,17,494.412142
-3.798652,17,494.469101
-4.307672,17,494.525919
-4.216285,17,494.582537
-4.224356,17,494.639427
-4.702627,17,494.695954
-3.813646,17,494.752287
-3.917494,17,494.808501
-4.657536,17,494.865021
-4.31781,17,494.921302
-4.07175,17,495.314841
-4.293423,17,496.231903
-4.893593,17,496.286572
-4.043243,17,496.343544
-4.495123,17,496.400532
-4.19371,17,496.456974
-4.159776,17,496.513101
-4.249541,17,496.569598
-4.196324,17,496.625909
-4.147972,17,496.682359
-4.356499,17,496.738384
-4.291484,17,496.794566
-4.268173,17,496.85084
-4.562832,17,496.907035
-4.353027,17,496.963291
-4.345023,17,497.019948
-4.552259,17,497.077565
-3.95793,17,497.133888
-4.197845,17,497.190089
-4.033096,17,497.246411
-4.408189,17,497.302617
-4.188999,17,497.359019
-4.104326,17,497.415104
-4.337338,17,497.472029
-3.782888,17,497.530545
-4.568465,17,497.589524
-4.19434,17,497.648677
-4.490028,17,497.707182
-4.353998,17,497.76587
-3.952254,17,497.825104
-4.153151,17,497.883691
-4.010628,17,497.940862
-4.398363,17,497.998332
-4.174734,17,498.055256
-4.28542,17,498.112422
-4.096957,17,498.169408
-4.245157,17,498.560578
-4.241945,17,498.619169
-4.129737,17,498.678777
-4.140278,17,498.738129
-4.304532,17,498.796756
-5.003797,17,498.856085
-3.99618,17,498.915233
-4.195135,17,498.974185
-4.089188,17,499.033473
-4.292418,17,499.093104
-4.00903,17,499.154737
-4.376933,17,499.209207
-4.575773,17,499.263838
-4.173288,17,499.318755
-4.27008,17,499.373593
-4.081163,17,499.427929
-4.47436,17,499.481774
-4.311064,17,499.536858
-4.331278,17,499.592588
-4.198883,17,499.648442
-4.113622,17,499.703743
-4.43409,17,499.75951
-4.093369,17,499.815295
-4.196009,17,499.871935
-4.099786,17,499.926636
-3.841789,17,500.765797
-4.336377,17,500.823535
-4.234063,17,500.882547
-4.315471,17,500.942929
-4.196591,17,500.999814
-4.015631,17,501.05708
-4.53009,17,501.11286
-4.124798,17,501.170364
-4.237234,17,501.232101
-4.316742,17,501.293566
-4.06068,17,501.354103
-4.29802,17,501.41653
-4.418106,17,501.838578
-8.494701,18,501.902558
-4.395547,17,501.962278
-4.23578,17,502.022778
-4.201035,17,502.081778
-4.207028,17,502.142025
-4.138933,17,502.202849
-4.365345,17,502.265065
-4.125114,17,502.328037
-4.192586,17,502.390858
-4.000238,17,502.453941
-4.162411,17,502.514255
-3.969151,17,502.57688
-4.358318,17,502.638262
-4.326851,17,502.700896
-4.630957,17,502.762904
-4.57075,17,502.823503
-4.360832,17,502.883343
-4.730888,17,502.942565
-4.186808,17,503.000548
-4.116259,17,503.059353
-4.013432,17,503.117551
-4.476978,17,503.176567
-4.338264,17,503.236117
-4.097018,17,503.295154
-3.990195,17,503.353481
-4.209821,17,503.411794
-4.32863,17,503.469794
-4.648585,17,503.528272
-4.026814,17,503.586247
-4.308941,17,503.64426
-4.697417,17,503.703083
-4.648989,17,503.761513
-4.168275,17,503.819658
-4.388636,17,503.878054
-4.103218,17,503.936093
-4.014815,17,503.99624
-4.078798,17,504.39884
-4.082257,17,504.456634
-4.262144,17,504.514601
-4.104606,17,504.57222
-4.260128,17,504.630057
-3.969964,17,504.687845
-4.210244,17,504.745503
-4.16554,17,504.803129
-4.50204,17,504.860626
-4.209659,17,504.91884
-3.8247,17,504.976634
-4.218196,17,505.929495
-4.20407,17,505.985128
-4.421386,17,506.042646
-4.183548,17,506.100217
-3.971551,17,506.157833
-3.902029,17,506.21534
-4.321197,17,506.27274
-4.849264,17,506.330226
-4.248286,17,506.387882
-4.010222,17,506.445812
-4.417593,17,506.503606
-4.14899,17,506.56158
-4.320765,17,506.619012
-4.615605,17,506.676137
-4.239451,17,506.734121
-4.248255,17,506.791497
-4.235356,17,506.848861
-4.285962,17,506.90664
-4.570517,17,506.964106
-4.26905,17,507.021386
-4.213884,17,507.07925
-4.204371,17,507.136728
-4.107297,17,507.194244
-4.296784,17,507.251548
-4.241854,17,507.30928
-4.266973,17,507.366387
-4.299227,17,507.893817
-4.43537,17,507.956059
-4.0355,17,508.017029
-4.115769,17,508.078829
-4.056486,17,508.140022
-4.404473,17,508.200201
-4.141092,17,508.260146
-4.697115,17,508.320207
-4.175715,17,508.380446
-4.274418,17,508.439968
-4.413369,17,508.499489
-4.017708,17,508.558924
-4.308753,17,508.61884
-4.022512,17,508.678694
-4.355906,17,508.742773
-4.204855,17,508.804356
-4.63602,17,508.863539
-4.664237,17,508.92364
-4.301219,17,508.983249
-4.34057,17,509.042996
-4.188198,17,509.101783
-4.277118,17,509.160486
-4.140271,17,509.217572
-4.565881,17,509.274504
-4.059482,17,509.331412
-4.665963,17,509.388183
-4.086986,17,509.44486
-4.715887,17,509.502174
-4.187597,17,509.562793
-4.328085,17,509.622767
-4.014768,17,509.681273
-4.261115,17,509.738681
-4.606653,17,509.799228
-4.132549,17,509.858748
-3.742614,17,509.918607
-4.13379,17,510.79471
-4.340426,17,511.162522
-4.103709,17,511.216657
-4.277285,17,511.27073
-4.298431,17,511.325162
-4.339849,17,511.378838
-4.207019,17,511.432396
-4.320568,17,511.485825
-4.097777,17,511.539547
-4.431744,17,511.593412
-4.342857,17,511.647239
-4.337145,17,511.701243
-4.250373,17,511.754446
-4.415986,17,511.808135
-4.266491,17,511.862233
-4.234895,17,511.915854
-3.88301,17,511.970431
-4.188931,17,512.023967
-4.376956,17,512.077266
-4.248707,17,512.130798
-4.115316,17,512.184359
-4.218837,17,512.23726
-3.911226,17,512.289799
-4.197793,17,512.342855
-3.993215,17,512.395871
-4.362583,17,512.448697
-4.347945,17,512.501453
-4.27309,17,512.554592
-4.173394,17,512.607239
-4.283174,17,512.660081
-4.397635,17,512.71333
-4.17123,17,512.765822
-4.13609,17,512.819224
-4.433738,17,512.873066
-4.021839,17,512.926077
-4.326785,17,512.97866
-4.270632,17,513.031601
-4.199858,17,513.084324
-4.151334,17,513.448959
-4.185871,17,513.501727
-4.821124,17,513.554398
-4.31703,17,513.607106
-4.537785,17,513.660009
-4.373737,17,513.712748
-4.259161,17,513.765224
-4.31703,17,513.817899
-4.25848,17,513.870366
-3.997749,17,513.923068
-4.257257,17,513.975648
-4.177885,17,514.028188
-3.883101,17,514.080539
-4.251069,17,514.132888
-4.390223,17,514.185605
-4.739507,17,514.238027
-4.591083,17,514.290575
-4.426529,17,514.342965
-4.380454,17,514.395643
-4.097878,17,514.448266
-3.874803,17,514.500922
-4.743145,17,514.553768
-4.748494,17,515.257555
-4.542853,17,515.31118
-4.203343,17,515.363728
-4.262215,17,515.416042
-4.503749,17,515.46864
-4.009007,17,515.521433
-4.626536,17,515.574204
-4.347254,17,515.626689
-4.436656,17,515.679576
-4.243924,17,515.732177
-4.138957,17,515.784696
-4.21584,17,515.837672
-4.004741,17,515.890042
-4.199066,17,515.942586
-4.419582,17,515.994975
-4.374049,17,516.362482
-4.406359,17,516.416139
-4.349666,17,516.470086
-4.298436,17,516.525214
-4.642281,17,516.580522
-4.180933,17,516.635934
-4.19752,17,516.692639
-4.220061,17,516.748345
-4.378355,17,516.803774
-4.217364,17,516.859495
-4.40282,17,516.915117
-4.124382,17,516.971222
-3.971477,17,517.027141
-4.485042,17,517.083138
-4.029822,17,517.139051
-4.386696,17,517.194834
-4.05726,17,517.250715
-3.790093,17,517.306729
-4.02939,17,517.36273
-4.166261,17,517.418683
-3.954051,17,517.474617
-4.430179,17,517.53051
-4.107958,17,517.58642
-4.329562,17,517.642287
-4.104954,17,517.698326
-3.975606,17,517.754506
-4.138596,17,517.810444
-4.259629,17,517.866277
-4.059519,17,517.921987
-4.297049,17,517.97802
-4.042856,17,518.033761
-4.18121,17,518.08942
-4.410059,17,518.145389
-4.312839,17,518.201233
-4.69587,17,518.256981
-4.187513,17,518.312934
-4.336158,17,518.368849
-5.296049,17,518.755372
-4.436422,17,518.811074
-4.492667,17,518.866842
-4.159256,17,518.922613
-4.214779,17,518.978454
-3.965476,17,519.034208
-4.172833,17,519.090173
-4.483548,17,519.14601
-4.299953,17,519.871151
-4.576907,17,519.925532
-4.461338,17,519.980036
-4.300903,17,520.032449
-4.130993,17,520.085117
-4.330312,17,520.137981
-4.167068,17,520.19058
-4.197866,17,520.243978
-4.703441,17,520.296651
-4.235583,17,520.349653
-3.71873,17,520.402664
-4.349143,17,520.455677
-4.548781,17,520.508464
-4.144741,17,520.561901
-4.162092,17,520.615076
-4.326303,17,520.667532
-4.092557,17,520.719702
-4.290934,17,520.772243
-4.218254,17,520.824684
-4.527352,17,520.87734
-4.117021,17,520.929725
-4.806465,17,520.981966
-4.816369,17,521.034137
-4.01502,17,521.086442
-4.127334,17,521.138538
-4.068995,17,521.190668
-4.39536,17,521.242727
-4.588579,17,521.294943
-4.042039,17,521.347019
-4.355043,17,521.713884
-4.122345,17,521.766212
-4.178261,17,521.818524
-4.10943,17,521.870998
-4.600729,17,521.923295
-4.581719,17,521.975489
-4.193503,17,522.027825
-4.19336,17,522.080056
-4.338051,17,522.132211
-4.251638,17,522.184355
-3.791448,17,522.236593
-4.094049,17,522.288941
-4.496997,17,522.341239
-4.125347,17,522.393453
-3.769851,17,522.446073
-4.523289,17,522.498378
-4.409817,17,522.550669
-4.04915,17,522.602824
-4.141155,17,522.655166
-3.946089,17,522.707382
-4.00946,17,522.759726
-4.406748,17,522.812296
-4.160263,17,522.8649
-4.419239,17,522.917519
-4.219679,17,522.970087
-4.224382,17,523.022649
-4.156009,17,523.075211
-4.424003,17,523.128128
-4.148252,17,523.180825
-3.973616,17,523.233237
-4.282262,17,523.286267
-4.152423,17,523.986944
-4.270172,17,524.040745
-4.295347,17,524.093585
-4.575143,17,524.146688
-4.007639,17,524.1996
-4.144975,17,524.563697
-4.235029,17,524.616117
-4.248877,17,524.668577
-4.046383,17,524.720783
-4.492387,17,524.773114
-4.286824,17,524.825294
-4.656346,17,524.877347
-4.486958,17,524.929459
-4.398922,17,524.981877
-3.805019,17,525.03423
-4.035477,17,525.08657
-4.572655,17,525.139029
-4.173106,17,525.191507
-4.338357,17,525.24403
-4.213411,17,525.296572
-4.243007,17,525.349371
-4.812486,17,525.401761
-4.273359,17,525.454116
-4.18493,17,525.506464
-4.034187,17,525.558886
-4.340965,17,525.611315
-4.098152,17,525.663704
-3.991987,17,525.71634
-4.296968,17,525.768784
-4.091721,17,525.821856
-4.536898,17,525.874838
-4.730971,17,525.927948
-4.124053,17,525.981139
-4.140868,17,526.034132
-4.497064,17,526.087303
-4.41238,17,526.140456
-4.184464,17,526.193511
-4.153532,17,526.246552
-4.379036,17,526.299658
-4.314885,17,526.35292
-4.202931,17,526.405916
-4.300115,17,526.458964
-4.360079,17,526.825144
-4.413219,17,526.878283
-4.293432,17,526.931504
-4.2996,17,526.984421
-4.023216,17,527.037509
-4.100229,17,527.090607
-4.141821,17,527.143753
-4.330314,17,527.196817
-4.255628,17,527.249796
-4.318941,17,527.302856
-4.346523,17,527.356277
-3.995534,17,527.409219
-4.157303,17,527.462401
-4.200828,17,527.515565
-4.445684,17,527.569045
-4.174357,17,527.622367
-4.445831,17,527.675716
-4.766806,17,527.728885
-4.39976,17,528.516819
-4.04634,17,528.570106
-4.357754,17,528.623196
-4.30441,17,528.675964
-4.523772,17,528.728983
-4.252245,17,528.781602
-4.43457,17,528.83453
-4.315441,17,528.887103
-4.199375,17,528.939521
-4.234207,17,528.991929
-4.234275,17,529.044298
-4.432733,17,529.096544
-4.178404,17,529.149003
-4.200401,17,529.201215
-4.03266,17,529.253294
-4.389846,17,529.305594
-3.93439,17,529.357861
-4.352127,17,529.410078
-4.184784,17,529.46225
-4.232397,17,529.933106
-4.139209,17,529.985454
-4.328253,17,530.037918
-3.768293,17,530.090329
-4.469166,17,530.143015
-4.346676,17,530.195481
-4.257196,17,530.247975
-4.216035,17,530.300287
-4.452146,17,530.352501
-4.312245,17,530.404956
-4.310509,17,530.457212
-4.686359,17,530.50932
-4.334346,17,530.5614
-4.512624,17,530.614131
-4.256748,17,530.668484
-4.406951,17,530.721072
-4.207483,17,530.773285
-4.355834,17,530.825803
-4.968233,17,530.878339
-4.386351,17,530.93087
-4.375877,17,530.98306
-4.061299,17,531.03562
-3.773313,17,531.088006
-4.215242,17,531.140811
-4.160776,17,531.19313
-4.189131,17,531.245508
-4.169441,17,531.298091
-4.524378,17,531.350349
-4.535822,17,531.402568
-4.189615,17,531.454844
-4.326446,17,531.507151
-4.295018,17,531.559534
-4.633984,17,531.61173
-4.110954,17,531.664454
-4.38339,17,531.718767
-4.459255,17,531.771106
-3.963943,17,531.823459
-3.905558,17,532.189818
-4.331359,17,532.242252
-4.600792,17,532.294672
-4.349842,17,532.347172
-4.38699,17,532.399655
-4.385695,17,533.143891
-4.125101,17,533.200127
-4.324348,17,533.256361
-4.120743,17,533.312406
-4.236513,17,533.368493
-3.798608,17,533.424578
-4.251112,17,533.480345
-4.438122,17,533.536365
-4.467345,17,533.592409
-4.20256,17,533.648254
-3.998924,17,533.704345
-4.065918,17,533.759999
-4.383343,17,533.815825
-4.145194,17,533.871772
-4.243754,17,533.92754
-4.231381,17,533.983121
-4.113848,17,534.038872
-4.02819,17,534.094727
-4.135407,17,534.150496
-4.264088,17,534.206599
-4.091012,17,534.262374
-4.230991,17,534.317946
-4.055532,17,534.373791
-4.068329,17,534.429876
-4.365858,17,534.486145
-4.176927,17,534.542426
-4.042159,17,534.598786
-4.374261,17,534.655089
-4.267826,17,534.711579
-4.013474,17,534.768649
-4.429171,17,534.825289
-4.201925,17,535.217268
-4.139429,17,535.271861
-3.981963,17,535.327213
-4.179388,17,535.38295
-4.186946,17,535.438851
-4.201718,17,535.494405
-4.362531,17,535.550055
-3.958845,17,535.60579
-4.209456,17,535.661592
-4.363807,17,535.717232
-4.155144,17,535.77303
-4.009826,17,535.828667
-4.563493,17,535.884525
-4.268734,17,535.940239
-4.181084,17,535.996585
-4.302534,17,536.05497
-4.598277,17,536.113867
-4.472567,17,536.172593
-4.373503,17,536.231051
-4.635178,17,536.289801
-4.383435,17,536.348849
-4.434443,17,536.407799
-4.025925,17,536.464571
-4.219956,17,536.521306
-4.527704,17,536.577465
-4.250935,17,536.633549
-4.218312,17,536.689624
-4.28208,17,536.749475
-4.21549,17,536.805609
-4.12065,17,537.565573
-4.33371,17,537.619714
-4.520365,17,537.673923
-4.00832,17,537.728093
-4.278798,17,537.782399
-4.445507,17,537.837606
-4.067636,17,537.891464
-4.353922,17,537.943831
-4.087219,17,538.307715
-4.144286,17,538.362097
-4.147882,17,538.417242
-4.12514,17,538.473183
-4.327428,17,538.528747
-4.386399,17,538.584141
-4.13738,17,538.63976
-4.141843,17,538.695389
-4.314931,17,538.750897
-4.68258,17,538.80633
-4.154956,17,538.861919
-4.191103,17,538.917638
-4.108303,17,538.973012
-4.464654,17,539.028477
-4.420882,17,539.084033
-4.347693,17,539.139775
-4.162961,17,539.195253
-4.365417,17,539.250636
-4.511565,17,539.306214
-4.266035,17,539.361725
-4.233508,17,539.417194
-4.136838,17,539.47256
-4.182623,17,539.528291
-4.099715,17,539.583949
-4.278412,17,539.639542
-4.325112,17,539.695394
-4.353276,17,539.751163
-4.429253,17,539.806684
-3.973929,17,539.862225
-4.193315,17,539.917841
-4.23742,17,539.973237
-5.006615,17,540.028873
-4.350459,17,540.084258
-4.130783,17,540.139678
-4.055287,17,540.195394
-4.320861,17,540.250857
-4.087544,17,540.30645
-4.846038,17,540.691431
-4.251608,17,540.747504
-4.354521,17,540.802997
-4.823848,17,540.858541
-4.563796,17,540.914059
-4.031162,17,540.96953
-4.047284,17,541.025215
-4.215976,17,541.080816
-4.409303,17,541.136191
-4.014822,17,541.191916
-4.045242,17,541.247466
-4.451401,17,541.303051
-4.176389,17,541.358685
-4.177294,17,541.41429
-4.324626,17,541.469733
-4.184418,17,542.157368
-4.251588,17,542.210764
-4.649846,17,542.264358
-4.247107,17,542.317186
-4.296912,17,542.370063
-4.664461,17,542.422935
-3.934258,17,542.475549
-4.039738,17,542.527965
-4.575773,17,542.580713
-4.048598,17,542.633354
-4.083028,17,542.68583
-4.242958,17,542.738649
-4.608904,17,542.791169
-4.241234,17,542.843792
-4.272578,17,542.896154
-4.255244,17,542.948824
-4.333374,17,543.001447
-5.003523,17,543.054037
-4.160775,17,543.106641
-4.224907,17,543.159133
-3.908805,17,543.21157
-4.508607,17,543.264523
-4.283964,17,543.637714
-4.311693,17,543.692924
-4.227664,17,543.748897
-4.392484,17,543.80424
-3.8108,17,543.860469
-4.0478,17,543.914089
-4.140834,17,543.966695
-3.997242,17,544.019442
-4.28781,17,544.072808
-4.192829,17,544.125992
-4.231343,17,544.179052
-4.080888,17,544.233862
-4.332637,17,544.288226
-4.427623,17,544.343913
-4.612,17,544.399699
-4.065194,17,544.45559
-4.106175,17,544.511004
-4.090167,17,544.566499
-4.095436,17,544.622734
-4.709994,17,544.679276
-4.678685,17,544.735497
-4.069304,17,544.791573
-4.420602,17,544.847159
-4.224495,17,544.903318
-4.859424,17,544.959294
-3.98171,17,545.015839
-4.346149,17,545.072268
-4.46681,17,545.128343
-4.171922,17,545.184182
-3.94637,17,545.239722
-4.45431,17,545.295565
-3.740049,17,545.351166
-4.595072,17,545.406589
-4.279004,17,545.462187
-4.154477,17,545.518024
-4.071625,17,545.574317
-4.048092,17,545.96309
-4.355548,17,546.019272
-4.159161,17,546.898376
-4.075739,17,546.953072
-4.047385,17,547.009312
-4.293009,17,547.065536
-4.248086,17,547.121637
-4.072565,17,547.177843
-4.728148,17,547.234213
-4.251926,17,547.290308
-4.506751,17,547.346084
-4.383595,17,547.401903
-4.508621,17,547.45765
-4.396888,17,547.513825
-4.276121,17,547.569774
-4.374669,17,547.625628
-4.285464,17,547.681578
-4.019807,17,547.737636
-4.146168,17,547.7945
-4.642847,17,547.852226
-4.130434,17,547.907043
-4.127076,17,547.963499
-4.092191,17,548.024275
-4.270986,17,548.080366
-4.096017,17,548.134991
-4.260363,17,548.190274
-4.756802,17,548.245264
-4.178158,17,548.300073
-4.650294,17,548.353663
-4.100446,17,548.405894
-4.252995,17,548.458177
-3.815318,17,548.510632
-4.337765,17,548.563982
-4.308132,17,548.619682
-4.320117,17,548.674683
-4.362266,17,548.729866
-4.21876,17,548.784717
-4.094483,17,549.165172
-4.316436,17,549.219525
-4.371839,17,549.2726
-4.252439,17,549.325263
-4.122893,17,549.377695
-4.092396,17,549.430698
-3.983883,17,549.484428
-4.086855,17,549.5375
-4.280896,17,549.589892
-4.373562,17,549.642555
-4.158603,17,549.695477
-4.289683,17,549.747832
-4.344486,17,549.800437
-4.285087,17,549.853055
-3.856775,17,549.907418
-4.246195,17,549.961672
-5.054704,17,550.018383
-4.082016,17,550.07428
-4.356592,17,550.130281
-4.39858,17,550.186206
-4.056962,17,550.241916
-4.262712,17,550.297477
-4.212322,17,550.353137
-4.04852,17,550.408685
-4.541633,17,550.464113
-4.249835,17,550.520211
-4.325227,17,551.318056
-4.081384,17,551.373804
-4.085946,17,551.430199
-4.446196,17,551.487973
-4.042191,17,551.547511
-4.292744,17,551.606452
-4.446957,17,551.664366
-4.11797,17,551.727205
-4.102115,17,551.784936
-4.302149,17,551.842068
-4.257034,17,551.898517
-4.318903,17,552.393801
-4.300511,17,552.451348
-4.235904,17,552.508351
-4.252224,17,552.567424
-4.272612,17,552.625792
-4.209524,17,552.68462
-4.176938,17,552.742877
-4.391509,17,552.799509
-4.224282,17,552.85312
-4.650455,17,552.906821
-3.981707,17,552.960852
-4.155785,17,553.015174
-4.079051,17,553.069233
-4.150784,17,553.122763
-3.967109,17,553.176329
-4.156927,17,553.229672
-4.280559,17,553.283552
-4.187707,17,553.336998
-4.222334,17,553.389805
-4.218761,17,553.442384
-3.946448,17,553.494912
-4.154871,17,553.548104
-4.05083,17,553.600788
-4.46968,17,553.653769
-4.386704,17,553.706344
-4.17738,17,553.758763
-4.707464,17,553.813633
-4.148591,17,553.866696
-4.346252,17,553.920424
-4.078154,17,553.972999
-4.371363,17,554.025366
-4.124846,17,554.077615
-4.305323,17,554.13054
-4.179355,17,554.183112
-4.352546,17,554.235726
-4.569593,17,554.288046
-4.975783,17,554.340303
-4.12226,17,554.707445
-4.066713,17,554.759914
-4.147933,17,554.813956
-3.973776,17,554.86894
-4.350845,17,554.924672
-4.029699,17,554.981449
-4.565655,17,555.037811
-4.119338,17,555.094296
-4.616942,17,555.148877
-4.502293,17,555.202837
-4.228211,17,555.256572
-4.311964,17,555.310581
-4.196946,17,556.011266
-4.22928,17,556.068939
-4.24517,17,556.125861
-4.131084,17,556.182417
-4.266286,17,556.239088
-4.178946,17,556.296177
-4.291339,17,556.353341
-4.24901,17,556.4106
-4.387336,17,556.467646
-3.77645,17,556.52459
-4.134606,17,556.581521
-4.455573,17,556.63822
-4.238173,17,556.694697
-4.273246,17,556.751206
-4.273392,17,556.807973
-4.214555,17,556.866127
-4.268559,17,556.924116
-4.164915,17,556.980802
-4.101854,17,557.037927
-4.32977,17,557.094694
-4.11271,17,557.151516
-4.078695,17,557.208516
-4.375491,17,557.265424
-3.943952,17,557.321687
-4.371529,17,557.718878
-4.45536,17,557.776079
-3.986039,17,557.832737
-3.967114,17,557.889114
-4.139198,17,557.945074
-4.178449,17,558.001156
-4.200854,17,558.057999
-4.042438,17,558.113667
-4.198953,17,558.170153
-4.205554,17,558.22619
-4.37288,17,558.282251
-4.42433,17,558.338169
-4.342536,17,558.397726
-4.585944,17,558.454894
-4.560486,17,558.511272
-4.075527,17,558.567572
-3.81589,17,558.624116
-4.378725,17,558.680584
-4.265796,17,558.736638
-4.312516,17,558.792699
-4.35818,17,558.850271
-4.328382,17,558.905728
-3.921646,17,558.961715
-4.220058,17,559.017523
-4.277012,17,559.073072
-4.161577,17,559.129275
-4.186075,17,559.184971
-4.342824,17,559.241332
-4.352094,17,559.297471
-4.410814,17,559.353623
-4.332619,17,559.40945
-4.130704,17,559.466698
-4.231085,17,559.522948
-4.425174,17,559.579305
-4.065506,17,559.635679
-4.020094,17,559.692075
-4.076167,17,560.467455
-4.46009,17,560.848792
-4.487162,17,560.904403
-4.088051,17,560.964122
-4.480449,17,561.022896
-4.180497,17,561.079578
-4.14539,17,561.135823
-4.129135,17,561.193125
-4.16773,17,561.250621
-4.174631,17,561.308178
-4.362376,17,561.365796
-4.249021,17,561.422127
-4.242084,17,561.478626
-3.986544,17,561.535043
-4.432726,17,561.591706
-4.227796,17,561.650469
-4.089821,17,561.710492
-4.353482,17,561.768777
-4.32618,17,561.82593
-4.41461,17,561.883793
-4.043199,17,561.94159
-3.964195,17,561.999658
-4.321835,17,562.056838
-4.209938,17,562.113538
-4.206983,17,562.170301
-4.318988,17,562.227393
-4.129024,17,562.283994
-4.270564,17,562.340929
-4.286057,17,562.398305
-4.335243,17,562.455364
-4.002568,17,562.512248
-4.423922,17,562.569319
-4.105641,17,562.62643
-4.02395,17,562.688512
-4.31915,17,562.744805
-4.25547,17,562.799939
-4.268058,17,562.855405
-4.141962,17,562.911526
-4.451612,17,563.301594
-4.583283,17,563.360535
-4.672807,17,563.41534
-4.305195,17,563.468129
-4.050977,17,563.520927
-4.090431,17,563.575029
-4.197266,17,563.631566
-4.459267,17,563.685451
-4.101806,17,563.738971
-4.261827,17,563.792888
-4.378901,17,563.846576
-4.27735,17,563.900691
-4.299333,17,563.954313
-4.551233,17,564.0069
-4.185346,17,564.059747
-4.17465,17,564.112519
-4.513572,17,564.164604
-4.215937,17,564.216733
-4.417251,17,564.268885
-4.491702,17,564.32096
-4.370065,17,564.373166
-4.585425,17,564.425316
-4.130827,17,565.361071
-4.322714,17,565.414768
-4.051315,17,565.470808
-4.036256,17,565.526121
-4.353645,17,565.581134
-4.033882,17,565.636018
-4.525422,17,565.690346
-4.298438,17,565.744681
-4.322532,17,565.798117
-4.652862,17,565.851525
-4.263254,17,565.904294
-4.163386,17,565.957608
-4.054377,17,566.01042
-4.257243,17,566.063331
-4.219908,17,566.115858
-4.134779,17,566.486583
-4.315867,17,566.539326
-4.290774,17,566.592559
-3.94584,17,566.645035
-4.287406,17,566.697665
-4.350167,17,566.750322
-4.290398,17,566.802549
-4.217488,17,566.855078
-4.527673,17,566.907689
-4.07,17,566.96016
-4.300723,17,567.012758
-4.217296,17,567.064974
-4.035488,17,567.117449
-4.240359,17,567.170027
-4.394163,17,567.222332
-4.275489,17,567.274714
-4.093989,17,567.327154
-4.345086,17,567.380147
-4.353992,17,567.432766
-4.098408,17,567.485475
-4.285745,17,567.538192
-4.197604,17,567.590634
-4.295223,17,567.642895
-4.391427,17,567.696325
-4.213391,17,567.748986
-4.19752,17,567.801406
-4.445746,17,567.853829
-4.406296,17,567.906153
-5.218254,17,567.958697
-4.177791,17,568.011346
-4.334017,17,568.065413
-4.522864,17,568.118167
-4.552291,17,568.171066
-3.79339,17,568.223565
-4.147958,17,568.276156
-4.297192,17,568.328654
-4.562996,17,568.381416
-4.419435,17,568.75063
-3.862139,17,568.804487
-4.365529,17,568.857361
-4.671233,17,568.909806
-4.436773,17,568.962769
-4.199195,17,569.01513
-3.748145,17,569.067895
-4.417425,17,569.120597
-4.271762,17,569.173393
-4.711529,17,569.918549
-4.236883,17,569.974483
-4.351682,17,570.03074
-4.263358,17,570.087433
-3.982755,17,570.144054
-4.282458,17,570.2005
-4.169515,17,570.257649
-4.176306,17,570.314189
-4.019509,17,570.370996
-4.159915,17,570.427621
-4.224821,17,570.484302
-3.706722,17,570.540637
-4.387874,17,570.597311
-4.232746,17,570.653759
-4.33805,17,570.710364
-3.932659,17,570.766906
-4.092666,17,570.82346
-4.069556,17,570.879707
-4.406577,17,570.936208
-4.300379,17,570.993099
-4.172906,17,571.049758
-4.268312,17,571.105908
-4.348315,17,571.162625
-4.281045,17,571.21864
-4.172882,17,571.275019
-4.163239,17,571.331651
-4.262265,17,571.388043
-4.144895,17,571.780992
-3.993049,17,571.837401
-4.14342,17,571.893796
-4.280859,17,571.950305
-4.257565,17,572.006538
-4.190177,17,572.062904
-4.219491,17,572.118939
-4.007408,17,572.175105
-4.121439,17,572.231222
-4.414808,17,572.28748
-4.192143,17,572.343814
-4.10444,17,572.400213
-4.148376,17,572.456427
-4.241118,17,572.513012
-4.099635,17,572.56936
-3.954451,17,572.625454
-4.174377,17,572.68159
-3.966978,17,572.737683
-4.658294,17,572.793607
-4.195423,17,572.849966
-3.959442,17,572.907037
-4.017121,17,572.963557
-4.139095,17,573.01947
-4.325025,17,573.075795
-4.309568,17,573.131898
-3.943287,17,573.187807
-4.084373,17,573.243927
-4.054101,17,573.300248
-4.077071,17,573.356339
-4.322762,17,573.412704
-4.293965,17,573.468722
-4.934193,18,573.528718
-4.189948,17,573.584543
-4.285923,17,574.337173
-4.621266,17,574.389888
-4.110787,17,574.442757
-4.217451,17,574.495998
-3.891686,17,574.973217
-4.199638,17,575.026581
-4.153315,17,575.078925
-4.281469,17,575.131774
-4.646413,17,575.188021
-4.204533,17,575.243876
-4.034275,17,575.297596
-4.751881,17,575.351331
-4.165671,17,575.404866
-4.196273,17,575.458368
-4.4325,17,575.51253
-3.975918,17,575.566146
-4.132554,17,575.620687
-4.206762,17,575.674232
-5.012647,17,575.729703
-5.038785,17,575.786346
-4.468518,17,575.840574
-4.248078,17,575.893873
-4.125442,17,575.947266
-4.429757,17,575.999777
-4.22904,17,576.052317
-4.222265,17,576.104988
-4.195967,17,576.158723
-4.055459,17,576.212329
-4.035699,17,576.264796
-3.943745,17,576.317019
-4.146389,17,576.36928
-4.060547,17,576.421579
-4.344703,17,576.474048
-4.029754,17,576.526282
-4.740524,17,576.578353
-4.153669,17,576.63194
-4.307505,17,576.684585
-4.387213,17,576.737021
-3.913298,17,576.789012
-3.979601,17,576.841242
-4.037903,17,576.893785
-4.128417,17,577.260996
-4.191378,17,577.317175
-4.384982,17,577.374423
-4.160882,17,577.433474
-4.5362,17,577.492538
-4.258238,17,577.549702
-4.347981,17,577.605332
-4.107138,17,577.661139
-4.015274,17,577.71665
-4.229442,17,577.77175
-4.311772,17,577.825905
-3.984642,17,577.880951
-4.25241,17,577.935812
-4.288246,17,577.992066
-4.134927,17,578.048309
-4.443358,17,578.103968
-4.413492,17,578.158812
-4.348192,17,578.214205
-4.032527,17,578.26981
